"Binary","Component","Version","Prio","Published","Branch","Article","Title","Link","LDROnlyKB","LDROnlyTitle","LDROnlyLink","Comment","RollupInfo"
"Ntoskrnl.exe","Core_Kernel","6.2.17763.1999","0","20-May-21","GDR","5003646","June 8, 2021-K5003646 (OS Build 17763.1999)","http://support.microsoft.com/kb/5003646","KB only","KB only","KB only"," ","21-06Rollup"
"Crashdmp.sys","Core_Kernel","6.2.17763.771","0","8-Oct-19","GDR","5003646","June 8, 2021-K5003646 (OS Build 17763.1999)","http://support.microsoft.com/kb/5003646","KB only","KB only","KB only"," ","21-06Rollup"
"Ntdll.dll","Core_Kernel","6.2.17763.1999","0","22-Apr-21","GDR","5003646","June 8, 2021-K5003646 (OS Build 17763.1999)","http://support.microsoft.com/kb/5003646","KB only","KB only","KB only"," ","21-06Rollup"
"Hal.dll","Core_Kernel","6.2.17763.1971","0","20-May-21","GDR","5003646","June 8, 2021-K5003646 (OS Build 17763.1999)","http://support.microsoft.com/kb/5003646","KB only","KB only","KB only"," ","21-06Rollup"
"Fltmgr.sys","Core_Kernel","6.2.17763.1999","0","15-Oct-19","GDR","5003646","June 8, 2021-K5003646 (OS Build 17763.1999)","http://support.microsoft.com/kb/5003646","KB only","KB only","KB only"," ","21-06Rollup"
"win32k.sys","Core_Kernel","6.2.17763.557","0","11-Jun-19","GDR","5003646","June 8, 2021-K5003646 (OS Build 17763.1999)","http://support.microsoft.com/kb/5003646","KB only","KB only","KB only"," ","21-06Rollup"
"Ntfs.sys","Core_FileSystem","6.2.17763.1999","0","20-May-21","GDR","5003646","June 8, 2021-K5003646 (OS Build 17763.1999)","http://support.microsoft.com/kb/5003646","KB only","KB only","KB only"," ","21-06Rollup"
"dedup.sys","Core_FileSystem","6.2.17763.1554","0","13-Oct-20","GDR","5003646","June 8, 2021-K5003646 (OS Build 17763.1999)","http://support.microsoft.com/kb/5003646","KB only","KB only","KB only"," ","21-06Rollup"
"Msiscsi.sys","Core_DiskSystem","6.2.17763.1728","0","22-Jan-21","GDR","5003646","June 8, 2021-K5003646 (OS Build 17763.1999)","http://support.microsoft.com/kb/5003646","KB only","KB only","KB only"," ","21-06Rollup"
"Iscsitgt.dll","Core_DiskSystem","6.2.17763.1697","0","12-Jan-21","GDR","5003646","June 8, 2021-K5003646 (OS Build 17763.1999)","http://support.microsoft.com/kb/5003646","KB only","KB only","KB only"," ","21-06Rollup"
"Storport.sys","Core_DiskSystem","6.2.17763.1911","0","22-Apr-21","GDR","5003646","June 8, 2021-K5003646 (OS Build 17763.1999)","http://support.microsoft.com/kb/5003646","KB only","KB only","KB only"," ","21-06Rollup"
"Repdrvfs.dll","Core_WMI","6.2.17763.1","0","17-Jan-20","GDR","5003646","June 8, 2021-K5003646 (OS Build 17763.1999)","http://support.microsoft.com/kb/5003646","KB only","KB only","KB only"," ","21-06Rollup"
"Mpio.sys","Core_MPIO","6.2.17763.1554","0","2-Nov-20","GDR","5003646","June 8, 2021-K5003646 (OS Build 17763.1999)","http://support.microsoft.com/kb/5003646","KB only","KB only","KB only"," ","21-06Rollup"
"Msdsm.sys","Core_MPIO","6.2.17763.652","0","8-Oct-19","GDR","5003646","June 8, 2021-K5003646 (OS Build 17763.1999)","http://support.microsoft.com/kb/5003646","KB only","KB only","KB only"," ","21-06Rollup"
"Vsstrace.dll","Core_VSS","6.2.17763.1","1","17-Jan-20","GDR","5003646","June 8, 2021-K5003646 (OS Build 17763.1999)","http://support.microsoft.com/kb/5003646","KB only","KB only","KB only"," ","21-06Rollup"
"Swprv.dll","Core_VSS","6.2.17763.1697","1","12-Jan-21","GDR","5003646","June 8, 2021-K5003646 (OS Build 17763.1999)","http://support.microsoft.com/kb/5003646","KB only","KB only","KB only"," ","21-06Rollup"
"spp.dll","Core_VSS","6.2.17763.1697","1","8-Jan-21","GDR","5003646","June 8, 2021-K5003646 (OS Build 17763.1999)","http://support.microsoft.com/kb/5003646","KB only","KB only","KB only"," ","21-06Rollup"
"wbengine.exe","Core_VSS","6.2.17763.1697","1","8-Jan-21","GDR","5003646","June 8, 2021-K5003646 (OS Build 17763.1999)","http://support.microsoft.com/kb/5003646","KB only","KB only","KB only"," ","21-06Rollup"
"blbsrv.dll","Core_VSS","6.2.17763.1697","1","8-Jan-21","GDR","5003646","June 8, 2021-K5003646 (OS Build 17763.1999)","http://support.microsoft.com/kb/5003646","KB only","KB only","KB only"," ","21-06Rollup"
"pci.sys","Core_Sys","6.2.17763.1852","1","25-Mar-21","GDR","5003646","June 8, 2021-K5003646 (OS Build 17763.1999)","http://support.microsoft.com/kb/5003646","KB only","KB only","KB only"," ","21-06Rollup"
"Volmgr.sys","Core_Sys","6.2.17763.1879","1","13-Apr-21","GDR","5003646","June 8, 2021-K5003646 (OS Build 17763.1999)","http://support.microsoft.com/kb/5003646","KB only","KB only","KB only"," ","21-06Rollup"
"Advapi32.dll","Core_Apps","6.2.17763.1999","0","17-Mar-20","GDR","5003646","June 8, 2021-K5003646 (OS Build 17763.1999)","http://support.microsoft.com/kb/5003646","KB only","KB only","KB only"," ","21-06Rollup"
"Tzres.dll","Core_TimeZone","6.2.17763.831","1","15-Oct-19","GDR","5003646","June 8, 2021-K5003646 (OS Build 17763.1999)","http://support.microsoft.com/kb/5003646","KB only","KB only","KB only"," ","21-06Rollup"
"Clussvc.exe","Cluster_Core","6.2.17763.1879","0","13-Apr-21","GDR","5003646","June 8, 2021-K5003646 (OS Build 17763.1999)","http://support.microsoft.com/kb/5003646","KB only","KB only","KB only"," ","21-06Rollup"
"ClusWMI.dll","Cluster_Core","6.2.17763.1971","0","8-Jan-21","GDR","5003646","June 8, 2021-K5003646 (OS Build 17763.1999)","http://support.microsoft.com/kb/5003646","KB only","KB only","KB only"," ","21-06Rollup"
"Rhs.exe","Cluster_Core","6.2.17763.1971","0","19-Nov-20","GDR","5003646","June 8, 2021-K5003646 (OS Build 17763.1999)","http://support.microsoft.com/kb/5003646","KB only","KB only","KB only"," ","21-06Rollup"
"Clusres.dll","Cluster_Core","6.2.17763.1971","0","16-Feb-21","GDR","5003646","June 8, 2021-K5003646 (OS Build 17763.1999)","http://support.microsoft.com/kb/5003646","KB only","KB only","KB only"," ","21-06Rollup"
"Clusres2.dll","Cluster_Core","6.2.17763.1971","0","19-Nov-20","GDR","5003646","June 8, 2021-K5003646 (OS Build 17763.1999)","http://support.microsoft.com/kb/5003646","KB only","KB only","KB only"," ","21-06Rollup"
"Csvflt.sys","Cluster_CSV","6.2.17763.529","0","21-May-19","GDR","5003646","June 8, 2021-K5003646 (OS Build 17763.1999)","http://support.microsoft.com/kb/5003646","KB only","KB only","KB only"," ","21-06Rollup"
"Csvfs.sys","Cluster_CSV","6.2.17763.1490","0","16-Sep-20","GDR","5003646","June 8, 2021-K5003646 (OS Build 17763.1999)","http://support.microsoft.com/kb/5003646","KB only","KB only","KB only"," ","21-06Rollup"
"Vhdmp.sys","Cluster_CSV","6.2.17763.1554","0","20-Oct-20","GDR","5003646","June 8, 2021-K5003646 (OS Build 17763.1999)","http://support.microsoft.com/kb/5003646","KB only","KB only","KB only"," ","21-06Rollup"
"Volsnap.sys","Cluster_Volsnap","6.2.17763.831","0","8-Oct-19","GDR","5003646","June 8, 2021-K5003646 (OS Build 17763.1999)","http://support.microsoft.com/kb/5003646","KB only","KB only","KB only"," ","21-06Rollup"
"Cprepsrv.exe","Cluster_Validation","6.2.17763.1971","1","8-Jan-21","GDR","5003646","June 8, 2021-K5003646 (OS Build 17763.1999)","http://support.microsoft.com/kb/5003646","KB only","KB only","KB only"," ","21-06Rollup"
"Failoverclusters.agent.interop.dll","Cluster_Validation","6.2.17763.1","1","17-Jan-20","GDR","5003646","June 8, 2021-K5003646 (OS Build 17763.1999)","http://support.microsoft.com/kb/5003646","KB only","KB only","KB only"," ","21-06Rollup"
"Vmswitch.sys","Hyper-V_Net","6.2.17763.1879","1","13-Apr-21","GDR","5003646","June 8, 2021-K5003646 (OS Build 17763.1999)","http://support.microsoft.com/kb/5003646","KB only","KB only","KB only"," ","21-06Rollup"
"Wnv.sys","Hyper-V_Net","6.2.17763.1790","1","09-Feb-21","GDR","5003646","June 8, 2021-K5003646 (OS Build 17763.1999)","http://support.microsoft.com/kb/5003646","KB only","KB only","KB only"," ","21-06Rollup"
"Ndisimplatform.sys","Hyper-V_Net","6.2.17763.1","1","17-Jan-20","GDR","5003646","June 8, 2021-K5003646 (OS Build 17763.1999)","http://support.microsoft.com/kb/5003646","KB only","KB only","KB only"," ","21-06Rollup"
"Vmms.exe","Hyper-V_Net","6.2.17763.1911","1","22-Apr-21","GDR","5003646","June 8, 2021-K5003646 (OS Build 17763.1999)","http://support.microsoft.com/kb/5003646","KB only","KB only","KB only"," ","21-06Rollup"
"Winnat.sys","Hyper-V_Net","6.2.17763.1817","1","09-Mar-21","GDR","5003646","June 8, 2021-K5003646 (OS Build 17763.1999)","http://support.microsoft.com/kb/5003646","KB only","KB only","KB only"," ","21-06Rollup"
"pvhdparser.sys","Hyper-V_Net","6.2.17763.1554","1","2-Nov-20","GDR","5003646","June 8, 2021-K5003646 (OS Build 17763.1999)","http://support.microsoft.com/kb/5003646","KB only","KB only","KB only"," ","21-06Rollup"
"Wmisvc.dll","Hyper-V_Net","6.2.17763.1790","1","16-Feb-21","GDR","5003646","June 8, 2021-K5003646 (OS Build 17763.1999)","http://support.microsoft.com/kb/5003646","KB only","KB only","KB only"," ","21-06Rollup"
"Vmbus.sys","Hyper-V_Net","6.2.17763.1728","1","22-Jan-21","GDR","5003646","June 8, 2021-K5003646 (OS Build 17763.1999)","http://support.microsoft.com/kb/5003646","KB only","KB only","KB only"," ","21-06Rollup"
"Rasapi32.dll","HNV_Net","6.2.17763.1817","1","09-Mar-21","GDR","5003646","June 8, 2021-K5003646 (OS Build 17763.1999)","http://support.microsoft.com/kb/5003646","KB only","KB only","KB only"," ","21-06Rollup"
"Vmwp.exe","Hyper-V_app","6.2.17763.1879","1","13-Apr-21","GDR","5003646","June 8, 2021-K5003646 (OS Build 17763.1999)","http://support.microsoft.com/kb/5003646","KB only","KB only","KB only"," ","21-06Rollup"
"Tcpip.sys","Net_Protocol","6.2.17763.1999","0","11-May-21","GDR","5003646","June 8, 2021-K5003646 (OS Build 17763.1999)","http://support.microsoft.com/kb/5003646","KB only","KB only","KB only"," ","21-06Rollup"
"Afd.sys","Net_Protocol","6.2.17763.1971","0","20-May-21","GDR","5003646","June 8, 2021-K5003646 (OS Build 17763.1999)","http://support.microsoft.com/kb/5003646","KB only","KB only","KB only"," ","21-06Rollup"
"Netio.sys","Net_Protocol","6.2.17763.1852","0","25-Mar-21","GDR","5003646","June 8, 2021-K5003646 (OS Build 17763.1999)","http://support.microsoft.com/kb/5003646","KB only","KB only","KB only"," ","21-06Rollup"
"Ndis.sys","Net_Protocol","6.2.17763.1852","0","25-Mar-21","GDR","5003646","June 8, 2021-K5003646 (OS Build 17763.1999)","http://support.microsoft.com/kb/5003646","KB only","KB only","KB only"," ","21-06Rollup"
"Netiohlp.dll","Net_Protocol","6.2.17763.292","0","12-Feb-19","GDR","5003646","June 8, 2021-K5003646 (OS Build 17763.1999)","http://support.microsoft.com/kb/5003646","KB only","KB only","KB only"," ","21-06Rollup"
"Iphlpapi.dll","Net_Protocol","6.2.17763.615","0","9-Jul-19","GDR","5003646","June 8, 2021-K5003646 (OS Build 17763.1999)","http://support.microsoft.com/kb/5003646","KB only","KB only","KB only"," ","21-06Rollup"
"srv.sys","Net_SMB_Server","6.2.17763.1935","0","20-May-21","GDR","5003646","June 8, 2021-K5003646 (OS Build 17763.1999)","http://support.microsoft.com/kb/5003646","KB only","KB only","KB only"," ","21-06Rollup"
"srv2.sys","Net_SMB_Server","6.2.17763.1935","0","11-May-21","GDR","5003646","June 8, 2021-K5003646 (OS Build 17763.1999)","http://support.microsoft.com/kb/5003646","KB only","KB only","KB only"," ","21-06Rollup"
"srvnet.sys","Net_SMB_Server","6.2.17763.1075","0","23-Jan-20","GDR","5003646","June 8, 2021-K5003646 (OS Build 17763.1999)","http://support.microsoft.com/kb/5003646","KB only","KB only","KB only"," ","21-06Rollup"
"Srvsvc.dll","Net_SMB_Server","6.2.17763.529","0","21-May-19","GDR","5003646","June 8, 2021-K5003646 (OS Build 17763.1999)","http://support.microsoft.com/kb/5003646","KB only","KB only","KB only"," ","21-06Rollup"
"Mrxsmb.sys","Net_SMB_Client","6.2.17763.1369","0","21-Jul-20","GDR","5003646","June 8, 2021-K5003646 (OS Build 17763.1999)","http://support.microsoft.com/kb/5003646","KB only","KB only","KB only"," ","21-06Rollup"
"Mrxsmb10.sys","Net_SMB_Client","6.2.17763.379","0","12-Mar-19","GDR","5003646","June 8, 2021-K5003646 (OS Build 17763.1999)","http://support.microsoft.com/kb/5003646","KB only","KB only","KB only"," ","21-06Rollup"
"Mrxsmb20.sys","Net_SMB_Client","6.2.17763.1432","0","20-Aug-20","GDR","5003646","June 8, 2021-K5003646 (OS Build 17763.1999)","http://support.microsoft.com/kb/5003646","KB only","KB only","KB only"," ","21-06Rollup"
"Rdbss.sys","Net_SMB_Client","6.2.17763.1369","0","21-Jul-20","GDR","5003646","June 8, 2021-K5003646 (OS Build 17763.1999)","http://support.microsoft.com/kb/5003646","KB only","KB only","KB only"," ","21-06Rollup"
"Netbt.sys","Net_SMB_Client","6.2.17763.1518","0","13-Oct-20","GDR","5003646","June 8, 2021-K5003646 (OS Build 17763.1999)","http://support.microsoft.com/kb/5003646","KB only","KB only","KB only"," ","21-06Rollup"
"Mup.sys","Net_SMB_Client","6.2.17763.1","0","17-Jan-20","GDR","5003646","June 8, 2021-K5003646 (OS Build 17763.1999)","http://support.microsoft.com/kb/5003646","KB only","KB only","KB only"," ","21-06Rollup"
"wkssvc.dll","Net_SMB_Client","6.2.17763.1911","0","22-Apr-21","GDR","5003646","June 8, 2021-K5003646 (OS Build 17763.1999)","http://support.microsoft.com/kb/5003646","KB only","KB only","KB only"," ","21-06Rollup"
"5003243","Win2016RS5_21_05_SSU_KB"," ","0","11-May-2021","GDR","5003243","KB5003243: Servicing stack update for Windows 10, version 1809: May 11, 2021","http://support.microsoft.com/kb/5003243","KB only","KB only","KB Only"," ","No Rollup"
"5003646","Win2016RS5_21-06_B_rollup_KB"," ","0","08-Jun-2021","GDR","5003646","June 8, 2021-K5003646 (OS Build 17763.1999)","http://support.microsoft.com/kb/5003646","KB only","KB only","KB only"," ","21-06Rollup"
