"Binary","Component","Version","Prio","Published","Branch","Article","Title","Link","LDROnlyKB","LDROnlyTitle","LDROnlyLink","Comment","RollupInfo"
"Robocopy.exe","Net_Applications","6.2.19041.1023","1","25-May-21","GDR","5003637","June 8, 2021-KB5003637 (OS Builds 19041.1052, 19042.1052, and 19043.1052)","http://support.microsoft.com/kb/5003637","KB only","KB only","KB only"," ","21-06Rollup"
"srv.sys","Net_SMB_Server","6.2.19041.985","0","11-May-21","GDR","5003637","June 8, 2021-KB5003637 (OS Builds 19041.1052, 19042.1052, and 19043.1052)","http://support.microsoft.com/kb/5003637","KB only","KB only","KB only"," ","21-06Rollup"
"srv2.sys","Net_SMB_Server","6.2.19041.985","0","11-May-21","GDR","5003637","June 8, 2021-KB5003637 (OS Builds 19041.1052, 19042.1052, and 19043.1052)","http://support.microsoft.com/kb/5003637","KB only","KB only","KB only"," ","21-06Rollup"
"srvnet.sys","Net_SMB_Server","6.2.19041.1052","0","08-Jun-21","GDR","5003637","June 8, 2021-KB5003637 (OS Builds 19041.1052, 19042.1052, and 19043.1052)","http://support.microsoft.com/kb/5003637","KB only","KB only","KB only"," ","21-06Rollup"
"Srvsvc.dll","Net_SMB_Server","6.2.19041.1","0","06-May-20","GDR","5003637","June 8, 2021-KB5003637 (OS Builds 19041.1052, 19042.1052, and 19043.1052)","http://support.microsoft.com/kb/5003637","KB only","KB only","KB only"," ","21-06Rollup"
"Mrxsmb.sys","Net_SMB_Client","6.2.19041.985","0","11-May-21","GDR","5003637","June 8, 2021-KB5003637 (OS Builds 19041.1052, 19042.1052, and 19043.1052)","http://support.microsoft.com/kb/5003637","KB only","KB only","KB only"," ","21-06Rollup"
"Mrxsmb10.sys","Net_SMB_Client","6.2.19041.488","0","09-Jun-20","GDR","5003637","June 8, 2021-KB5003637 (OS Builds 19041.1052, 19042.1052, and 19043.1052)","http://support.microsoft.com/kb/5003637","KB only","KB only","KB only"," ","21-06Rollup"
"Mrxsmb20.sys","Net_SMB_Client","6.2.19041.906","0","29-Mar-21","GDR","5003637","June 8, 2021-KB5003637 (OS Builds 19041.1052, 19042.1052, and 19043.1052)","http://support.microsoft.com/kb/5003637","KB only","KB only","KB only"," ","21-06Rollup"
"Rdbss.sys","Net_SMB_Client","6.2.19041.906","0","29-Mar-21","GDR","5003637","June 8, 2021-KB5003637 (OS Builds 19041.1052, 19042.1052, and 19043.1052)","http://support.microsoft.com/kb/5003637","KB only","KB only","KB only"," ","21-06Rollup"
"Netbt.sys","Net_SMB_Client","6.2.19041.572","0","13-Oct-20","GDR","5003637","June 8, 2021-KB5003637 (OS Builds 19041.1052, 19042.1052, and 19043.1052)","http://support.microsoft.com/kb/5003637","KB only","KB only","KB only"," ","21-06Rollup"
"Mup.sys","Net_SMB_Client","6.2.19041.844","0","24-Feb-21","GDR","5003637","June 8, 2021-KB5003637 (OS Builds 19041.1052, 19042.1052, and 19043.1052)","http://support.microsoft.com/kb/5003637","KB only","KB only","KB only"," ","21-06Rollup"
"wkssvc.dll","Net_SMB_Client","6.2.19041.964","0","28-Apr-21","GDR","5003637","June 8, 2021-KB5003637 (OS Builds 19041.1052, 19042.1052, and 19043.1052)","http://support.microsoft.com/kb/5003637","KB only","KB only","KB only"," ","21-06Rollup"
"Tcpip.sys","Net_Protocol","6.2.19041.1052","0","08-Jun-21","GDR","5003637","June 8, 2021-KB5003637 (OS Builds 19041.1052, 19042.1052, and 19043.1052)","http://support.microsoft.com/kb/5003637","KB only","KB only","KB only"," ","21-06Rollup"
"Afd.sys","Net_Protocol","6.2.19041.1023","0","25-May-21","GDR","5003637","June 8, 2021-KB5003637 (OS Builds 19041.1052, 19042.1052, and 19043.1052)","http://support.microsoft.com/kb/5003637","KB only","KB only","KB only"," ","21-06Rollup"
"Netio.sys","Net_Protocol","6.2.19041.1052","0","08-Jun-21","GDR","5003637","June 8, 2021-KB5003637 (OS Builds 19041.1052, 19042.1052, and 19043.1052)","http://support.microsoft.com/kb/5003637","KB only","KB only","KB only"," ","21-06Rollup"
"Ndis.sys","Net_Protocol","6.2.19041.1052","0","08-Jun-21","GDR","5003637","June 8, 2021-KB5003637 (OS Builds 19041.1052, 19042.1052, and 19043.1052)","http://support.microsoft.com/kb/5003637","KB only","KB only","KB only"," ","21-06Rollup"
"Netiohlp.dll","Net_Protocol","6.2.19041.1","0","06-May-20","GDR","5003637","June 8, 2021-KB5003637 (OS Builds 19041.1052, 19042.1052, and 19043.1052)","http://support.microsoft.com/kb/5003637","KB only","KB only","KB only"," ","21-06Rollup"
"Tdx.sys","Net_Protocol","6.2.19041.1","0","06-May-20","GDR","5003637","June 8, 2021-KB5003637 (OS Builds 19041.1052, 19042.1052, and 19043.1052)","http://support.microsoft.com/kb/5003637","KB only","KB only","KB only"," ","21-06Rollup"
"Iphlpapi.dll","Net_Protocol","6.2.19041.546","0","01-Oct-20","GDR","5003637","June 8, 2021-KB5003637 (OS Builds 19041.1052, 19042.1052, and 19043.1052)","http://support.microsoft.com/kb/5003637","KB only","KB only","KB only"," ","21-06Rollup"
"Tunnel.sys","Net_IPv6","6.2.19041.1","1","06-May-20","GDR","5003637","June 8, 2021-KB5003637 (OS Builds 19041.1052, 19042.1052, and 19043.1052)","http://support.microsoft.com/kb/5003637","KB only","KB only","KB only"," ","21-06Rollup"
"Dhcpcore6.dll","Net_IPv6","6.2.19041.546","1","01-Oct-20","GDR","5003637","June 8, 2021-KB5003637 (OS Builds 19041.1052, 19042.1052, and 19043.1052)","http://support.microsoft.com/kb/5003637","KB only","KB only","KB only"," ","21-06Rollup"
"Dhcpcsvc6.dll","Net_IPv6","6.2.19041.546","1","01-Oct-20","GDR","5003637","June 8, 2021-KB5003637 (OS Builds 19041.1052, 19042.1052, and 19043.1052)","http://support.microsoft.com/kb/5003637","KB only","KB only","KB only"," ","21-06Rollup"
"Nlasvc.dll","Net_NLA","6.2.19041.1023","0","25-May-21","GDR","5003637","June 8, 2021-KB5003637 (OS Builds 19041.1052, 19042.1052, and 19043.1052)","http://support.microsoft.com/kb/5003637","KB only","KB only","KB only"," ","21-06Rollup"
"Ncsi.dll","Net_NLA","6.2.19041.1023","0","25-May-21","GDR","5003637","June 8, 2021-KB5003637 (OS Builds 19041.1052, 19042.1052, and 19043.1052)","http://support.microsoft.com/kb/5003637","KB only","KB only","KB only"," ","21-06Rollup"
"Nlaapi.dll","Net_NLA","6.2.19041.1023","0","25-May-21","GDR","5003637","June 8, 2021-KB5003637 (OS Builds 19041.1052, 19042.1052, and 19043.1052)","http://support.microsoft.com/kb/5003637","KB only","KB only","KB only"," ","21-06Rollup"
"Dns.exe","Net_DNS_Srv","6.2.19041.1","0","06-May-20","GDR","5003637","June 8, 2021-KB5003637 (OS Builds 19041.1052, 19042.1052, and 19043.1052)","http://support.microsoft.com/kb/5003637","KB only","KB only","KB only"," ","21-06Rollup"
"Dhcpssvc.dll","Net_DHCP_Srv","6.2.19041.1","0","06-May-20","GDR","5003637","June 8, 2021-KB5003637 (OS Builds 19041.1052, 19042.1052, and 19043.1052)","http://support.microsoft.com/kb/5003637","KB only","KB only","KB only"," ","21-06Rollup"
"Dfssvc.exe","Net_DFS-N_Srv","6.2.19041.1","0","06-May-20","GDR","5003637","June 8, 2021-KB5003637 (OS Builds 19041.1052, 19042.1052, and 19043.1052)","http://support.microsoft.com/kb/5003637","KB only","KB only","KB only"," ","21-06Rollup"
"Nfssvc.exe","Net_NFS_Srv","6.2.19041.1","0","06-May-20","GDR","5003637","June 8, 2021-KB5003637 (OS Builds 19041.1052, 19042.1052, and 19043.1052)","http://support.microsoft.com/kb/5003637","KB only","KB only","KB only"," ","21-06Rollup"
"Nfssvr.sys","Net_NFS_Srv","6.2.19041.1","0","06-May-20","GDR","5003637","June 8, 2021-KB5003637 (OS Builds 19041.1052, 19042.1052, and 19043.1052)","http://support.microsoft.com/kb/5003637","KB only","KB only","KB only"," ","21-06Rollup"
"Msnfsflt.sys","Net_NFS_Srv","6.2.19041.1","0","06-May-20","GDR","5003637","June 8, 2021-KB5003637 (OS Builds 19041.1052, 19042.1052, and 19043.1052)","http://support.microsoft.com/kb/5003637","KB only","KB only","KB only"," ","21-06Rollup"
"portmap.sys","Net_NFS_Srv","6.2.19041.1","0","06-May-20","GDR","5003637","June 8, 2021-KB5003637 (OS Builds 19041.1052, 19042.1052, and 19043.1052)","http://support.microsoft.com/kb/5003637","KB only","KB only","KB only"," ","21-06Rollup"
"rpcxdr.sys","Net_NFS_Srv","6.2.19041.630","0","01-Oct-20","GDR","5003637","June 8, 2021-KB5003637 (OS Builds 19041.1052, 19042.1052, and 19043.1052)","http://support.microsoft.com/kb/5003637","KB only","KB only","KB only"," ","21-06Rollup"
"Nlb.sys","Net_NLB_Srv","6.2.19041.1","0","06-May-20","GDR","5003637","June 8, 2021-KB5003637 (OS Builds 19041.1052, 19042.1052, and 19043.1052)","http://support.microsoft.com/kb/5003637","KB only","KB only","KB only"," ","21-06Rollup"
"Csc.sys","Net_CSC_Offline","6.2.19041.546","1","01-Oct-20","GDR","5003637","June 8, 2021-KB5003637 (OS Builds 19041.1052, 19042.1052, and 19043.1052)","http://support.microsoft.com/kb/5003637","KB only","KB only","KB only"," ","21-06Rollup"
"Cscapi.dll","Net_CSC_Offline","6.2.19041.546","1","01-Oct-20","GDR","5003637","June 8, 2021-KB5003637 (OS Builds 19041.1052, 19042.1052, and 19043.1052)","http://support.microsoft.com/kb/5003637","KB only","KB only","KB only"," ","21-06Rollup"
"Cscdll.dll","Net_CSC_Offline","6.2.19041.546","1","01-Oct-20","GDR","5003637","June 8, 2021-KB5003637 (OS Builds 19041.1052, 19042.1052, and 19043.1052)","http://support.microsoft.com/kb/5003637","KB only","KB only","KB only"," ","21-06Rollup"
"Cscsvc.dll","Net_CSC_Offline","6.2.19041.985","1","11-Aug-20","GDR","5003637","June 8, 2021-KB5003637 (OS Builds 19041.1052, 19042.1052, and 19043.1052)","http://support.microsoft.com/kb/5003637","KB only","KB only","KB only"," ","21-06Rollup"
"Cscmig.dll","Net_CSC_Offline","6.2.19041.746","1","01-Oct-20","GDR","5003637","June 8, 2021-KB5003637 (OS Builds 19041.1052, 19042.1052, and 19043.1052)","http://support.microsoft.com/kb/5003637","KB only","KB only","KB only"," ","21-06Rollup"
"Cscui.dll","Net_CSC_Offline","6.2.19041.1","1","06-May-20","GDR","5003637","June 8, 2021-KB5003637 (OS Builds 19041.1052, 19042.1052, and 19043.1052)","http://support.microsoft.com/kb/5003637","KB only","KB only","KB only"," ","21-06Rollup"
"Mrxdav.sys","Net_WebDAV","6.2.19041.1","1","06-May-20","GDR","5003637","June 8, 2021-KB5003637 (OS Builds 19041.1052, 19042.1052, and 19043.1052)","http://support.microsoft.com/kb/5003637","KB only","KB only","KB only"," ","21-06Rollup"
"Webclnt.dll","Net_WebDAV","6.2.19041.1","1","06-May-20","GDR","5003637","June 8, 2021-KB5003637 (OS Builds 19041.1052, 19042.1052, and 19043.1052)","http://support.microsoft.com/kb/5003637","KB only","KB only","KB only"," ","21-06Rollup"
"Davclnt.dll","Net_WebDAV","6.2.19041.546","1","01-Oct-20","GDR","5003637","June 8, 2021-KB5003637 (OS Builds 19041.1052, 19042.1052, and 19043.1052)","http://support.microsoft.com/kb/5003637","KB only","KB only","KB only"," ","21-06Rollup"
"Shell32.dll","Net_WebDAV","6.2.19041.1023","1","25-May-21","GDR","5003637","June 8, 2021-KB5003637 (OS Builds 19041.1052, 19042.1052, and 19043.1052)","http://support.microsoft.com/kb/5003637","KB only","KB only","KB only"," ","21-06Rollup"
"Winhttp.dll","Net_WebDAV","6.2.19041.1023","1","25-May-21","GDR","5003637","June 8, 2021-KB5003637 (OS Builds 19041.1052, 19042.1052, and 19043.1052)","http://support.microsoft.com/kb/5003637","KB only","KB only","KB only"," ","21-06Rollup"
"Dfsc.sys","Net_DFS-N_Client","6.2.19041.844","0","24-Feb-21","GDR","5003637","June 8, 2021-KB5003637 (OS Builds 19041.1052, 19042.1052, and 19043.1052)","http://support.microsoft.com/kb/5003637","KB only","KB only","KB only"," ","21-06Rollup"
"Dhcpcore.dll","Net_DHCP_Client","6.2.19041.546","1","01-Oct-20","GDR","5003637","June 8, 2021-KB5003637 (OS Builds 19041.1052, 19042.1052, and 19043.1052)","http://support.microsoft.com/kb/5003637","KB only","KB only","KB only"," ","21-06Rollup"
"Dhcpcsvc.dll","Net_DHCP_Client","6.2.19041.546","1","01-Oct-20","GDR","5003637","June 8, 2021-KB5003637 (OS Builds 19041.1052, 19042.1052, and 19043.1052)","http://support.microsoft.com/kb/5003637","KB only","KB only","KB only"," ","21-06Rollup"
"Nfsclnt.exe","Net_NFS_Client","6.2.19041.662","1","30-Nov-20","GDR","5003637","June 8, 2021-KB5003637 (OS Builds 19041.1052, 19042.1052, and 19043.1052)","http://support.microsoft.com/kb/5003637","KB only","KB only","KB only"," ","21-06Rollup"
"Nfsnp.dll","Net_NFS_Client","6.2.19041.1","1","06-May-20","GDR","5003637","June 8, 2021-KB5003637 (OS Builds 19041.1052, 19042.1052, and 19043.1052)","http://support.microsoft.com/kb/5003637","KB only","KB only","KB only"," ","21-06Rollup"
"Nfsrdr.sys","Net_NFS_Client","6.2.19041.662","1","30-Nov-20","GDR","5003637","June 8, 2021-KB5003637 (OS Builds 19041.1052, 19042.1052, and 19043.1052)","http://support.microsoft.com/kb/5003637","KB only","KB only","KB only"," ","21-06Rollup"
"Psxdll.dll","Net_Posix","6.2.19041.1","1","06-May-20","GDR","5003637","June 8, 2021-KB5003637 (OS Builds 19041.1052, 19042.1052, and 19043.1052)","http://support.microsoft.com/kb/5003637","KB only","KB only","KB only"," ","21-06Rollup"
"Psxdllsvr.dll","Net_Posix","6.2.19041.1","1","06-May-20","GDR","5003637","June 8, 2021-KB5003637 (OS Builds 19041.1052, 19042.1052, and 19043.1052)","http://support.microsoft.com/kb/5003637","KB only","KB only","KB only"," ","21-06Rollup"
"Psxss.exe","Net_Posix","6.2.19041.1","1","06-May-20","GDR","5003637","June 8, 2021-KB5003637 (OS Builds 19041.1052, 19042.1052, and 19043.1052)","http://support.microsoft.com/kb/5003637","KB only","KB only","KB only"," ","21-06Rollup"
"Posix.exe","Net_Posix","6.2.19041.1","1","06-May-20","GDR","5003637","June 8, 2021-KB5003637 (OS Builds 19041.1052, 19042.1052, and 19043.1052)","http://support.microsoft.com/kb/5003637","KB only","KB only","KB only"," ","21-06Rollup"
"dnsapi.dll","Net_DNS_Client","6.2.19041.1023","1","25-May-21","GDR","5003637","June 8, 2021-KB5003637 (OS Builds 19041.1052, 19042.1052, and 19043.1052)","http://support.microsoft.com/kb/5003637","KB only","KB only","KB only"," ","21-06Rollup"
"dnsrslvr.dll","Net_DNS_Client","6.2.19041.1023","1","25-May-21","GDR","5003637","June 8, 2021-KB5003637 (OS Builds 19041.1052, 19042.1052, and 19043.1052)","http://support.microsoft.com/kb/5003637","KB only","KB only","KB only"," ","21-06Rollup"
"Dnscacheugc.exe","Net_DNS_Client","6.2.19041.572","1","13-Oct-20","GDR","5003637","June 8, 2021-KB5003637 (OS Builds 19041.1052, 19042.1052, and 19043.1052)","http://support.microsoft.com/kb/5003637","KB only","KB only","KB only"," ","21-06Rollup"
"Rpcss.dll","Net_RPC","6.2.19041.1052","1","08-Jun-21","GDR","5003637","June 8, 2021-KB5003637 (OS Builds 19041.1052, 19042.1052, and 19043.1052)","http://support.microsoft.com/kb/5003637","KB only","KB only","KB only"," ","21-06Rollup"
"Rpchttp.dll","Net_RPC","6.2.19041.1","1","06-May-20","GDR","5003637","June 8, 2021-KB5003637 (OS Builds 19041.1052, 19042.1052, and 19043.1052)","http://support.microsoft.com/kb/5003637","KB only","KB only","KB only"," ","21-06Rollup"
"Rpcrt4.dll","Net_RPC","6.2.19041.1052","1","08-Jun-21","GDR","5003637","June 8, 2021-KB5003637 (OS Builds 19041.1052, 19042.1052, and 19043.1052)","http://support.microsoft.com/kb/5003637","KB only","KB only","KB only"," ","21-06Rollup"
"Bfe.dll","Net_Ipsec_BFE","6.2.19041.964","1","28-Apr-21","GDR","5003637","June 8, 2021-KB5003637 (OS Builds 19041.1052, 19042.1052, and 19043.1052)","http://support.microsoft.com/kb/5003637","KB only","KB only","KB only"," ","21-06Rollup"
"Ikeext.dll","Net_Ipsec_BFE","6.2.19041.964","1","28-Apr-21","GDR","5003637","June 8, 2021-KB5003637 (OS Builds 19041.1052, 19042.1052, and 19043.1052)","http://support.microsoft.com/kb/5003637","KB only","KB only","KB only"," ","21-06Rollup"
"Fwpuclnt.dll","Net_Ipsec_BFE","6.2.19041.964","1","28-Apr-21","GDR","5003637","June 8, 2021-KB5003637 (OS Builds 19041.1052, 19042.1052, and 19043.1052)","http://support.microsoft.com/kb/5003637","KB only","KB only","KB only"," ","21-06Rollup"
"Iphlpsvc.dll","Net_DirectAccess_Client","6.2.19041.1023","1","25-May-21","GDR","5003637","June 8, 2021-KB5003637 (OS Builds 19041.1052, 19042.1052, and 19043.1052)","http://support.microsoft.com/kb/5003637","KB only","KB only","KB only"," ","21-06Rollup"
"Iphlpsvcmigplugin.dll","Net_DirectAccess_Client","6.2.19041.1","1","06-May-20","GDR","5003637","June 8, 2021-KB5003637 (OS Builds 19041.1052, 19042.1052, and 19043.1052)","http://support.microsoft.com/kb/5003637","KB only","KB only","KB only"," ","21-06Rollup"
"Netcorehc.dll","Net_DirectAccess_Client","6.2.19041.746","1","06-May-20","GDR","5003637","June 8, 2021-KB5003637 (OS Builds 19041.1052, 19042.1052, and 19043.1052)","http://support.microsoft.com/kb/5003637","KB only","KB only","KB only"," ","21-06Rollup"
"Daotpcredentialprovider.dll","Net_DirectAccess_Client","6.2.19041.1","1","06-May-20","GDR","5003637","June 8, 2021-KB5003637 (OS Builds 19041.1052, 19042.1052, and 19043.1052)","http://support.microsoft.com/kb/5003637","KB only","KB only","KB only"," ","21-06Rollup"
"Rdpcore.dll","Net_DirectAccess_Client","6.2.19041.746","1","30-Nov-20","GDR","5003637","June 8, 2021-KB5003637 (OS Builds 19041.1052, 19042.1052, and 19043.1052)","http://support.microsoft.com/kb/5003637","KB only","KB only","KB only"," ","21-06Rollup"
"Damgmt.dll","Net_DirectAccess_Srv","6.2.19041.1","1","06-May-20","GDR","5003637","June 8, 2021-KB5003637 (OS Builds 19041.1052, 19042.1052, and 19043.1052)","http://support.microsoft.com/kb/5003637","KB only","KB only","KB only"," ","21-06Rollup"
"Ramgmtui.exe","Net_DirectAccess_Srv","6.2.19041.1","1","06-May-20","GDR","5003637","June 8, 2021-KB5003637 (OS Builds 19041.1052, 19042.1052, and 19043.1052)","http://support.microsoft.com/kb/5003637","KB only","KB only","KB only"," ","21-06Rollup"
"Ramgmtsvc.dll","Net_DirectAccess_Srv","6.2.19041.1","1","06-May-20","GDR","5003637","June 8, 2021-KB5003637 (OS Builds 19041.1052, 19042.1052, and 19043.1052)","http://support.microsoft.com/kb/5003637","KB only","KB only","KB only"," ","21-06Rollup"
"Rasclusterres.dll","Net_DirectAccess_Srv","6.2.19041.1","1","06-May-20","GDR","5003637","June 8, 2021-KB5003637 (OS Builds 19041.1052, 19042.1052, and 19043.1052)","http://support.microsoft.com/kb/5003637","KB only","KB only","KB only"," ","21-06Rollup"
"Raserverpsprovider.dll","Net_DirectAccess_Srv","6.2.19041.1","1","06-May-20","GDR","5003637","June 8, 2021-KB5003637 (OS Builds 19041.1052, 19042.1052, and 19043.1052)","http://support.microsoft.com/kb/5003637","KB only","KB only","KB only"," ","21-06Rollup"
"dot3svc.dll","Net_IEEE802.1x","6.2.19041.789","1","02-Feb-21","GDR","5003637","June 8, 2021-KB5003637 (OS Builds 19041.1052, 19042.1052, and 19043.1052)","http://support.microsoft.com/kb/5003637","KB only","KB only","KB only"," ","21-06Rollup"
"Rastls.dll","Net_IEEE802.1x","6.2.19041.546","1","01-Oct-20","GDR","5003637","June 8, 2021-KB5003637 (OS Builds 19041.1052, 19042.1052, and 19043.1052)","http://support.microsoft.com/kb/5003637","KB only","KB only","KB only"," ","21-06Rollup"
"wlansvc.dll","Net_WLAN_Client","6.2.19041.1023","1","25-May-21","GDR","5003637","June 8, 2021-KB5003637 (OS Builds 19041.1052, 19042.1052, and 19043.1052)","http://support.microsoft.com/kb/5003637","KB only","KB only","KB only"," ","21-06Rollup"
"wlanmsm.dll","Net_WLAN_Client","6.2.19041.1023","1","25-May-21","GDR","5003637","June 8, 2021-KB5003637 (OS Builds 19041.1052, 19042.1052, and 19043.1052)","http://support.microsoft.com/kb/5003637","KB only","KB only","KB only"," ","21-06Rollup"
"wlanapi.dll","Net_WLAN_Client","6.2.19041.1023","1","25-May-21","GDR","5003637","June 8, 2021-KB5003637 (OS Builds 19041.1052, 19042.1052, and 19043.1052)","http://support.microsoft.com/kb/5003637","KB only","KB only","KB only"," ","21-06Rollup"
"wlansec.dll","Net_WLAN_Client","6.2.19041.1023","1","25-May-21","GDR","5003637","June 8, 2021-KB5003637 (OS Builds 19041.1052, 19042.1052, and 19043.1052)","http://support.microsoft.com/kb/5003637","KB only","KB only","KB only"," ","21-06Rollup"
"wlansvcpal.dll","Net_WLAN_Client","6.2.19041.1023","1","25-May-21","GDR","5003637","June 8, 2021-KB5003637 (OS Builds 19041.1052, 19042.1052, and 19043.1052)","http://support.microsoft.com/kb/5003637","KB only","KB only","KB only"," ","21-06Rollup"
"wlanhlp.dll","Net_WLAN_Client","6.2.19041.1023","1","25-May-21","GDR","5003637","June 8, 2021-KB5003637 (OS Builds 19041.1052, 19042.1052, and 19043.1052)","http://support.microsoft.com/kb/5003637","KB only","KB only","KB only"," ","21-06Rollup"
"Netcfgx.dll","Net_Config","6.2.19041.746","1","30-Nov-20","GDR","5003637","June 8, 2021-KB5003637 (OS Builds 19041.1052, 19042.1052, and 19043.1052)","http://support.microsoft.com/kb/5003637","KB only","KB only","KB only"," ","21-06Rollup"
"WorkFolders.exe","Net_WorkFolders","6.2.19041.844","1","24-Feb-21","GDR","5003637","June 8, 2021-KB5003637 (OS Builds 19041.1052, 19042.1052, and 19043.1052)","http://support.microsoft.com/kb/5003637","KB only","KB only","KB only"," ","21-06Rollup"
"WorkFoldersshell.dll","Net_WorkFolders","6.2.19041.844","1","24-Feb-21","GDR","5003637","June 8, 2021-KB5003637 (OS Builds 19041.1052, 19042.1052, and 19043.1052)","http://support.microsoft.com/kb/5003637","KB only","KB only","KB only"," ","21-06Rollup"
"WorkFolderssvc.dll","Net_WorkFolders","6.2.19041.844","1","24-Feb-21","GDR","5003637","June 8, 2021-KB5003637 (OS Builds 19041.1052, 19042.1052, and 19043.1052)","http://support.microsoft.com/kb/5003637","KB only","KB only","KB only"," ","21-06Rollup"
"WorkFolderscontrol.dll","Net_WorkFolders","6.2.19041.844","1","24-Feb-21","GDR","5003637","June 8, 2021-KB5003637 (OS Builds 19041.1052, 19042.1052, and 19043.1052)","http://support.microsoft.com/kb/5003637","KB only","KB only","KB only"," ","21-06Rollup"
"WorkFoldersGPExt.dll","Net_WorkFolders","6.2.19041.1","1","06-May-20","GDR","5003637","June 8, 2021-KB5003637 (OS Builds 19041.1052, 19042.1052, and 19043.1052)","http://support.microsoft.com/kb/5003637","KB only","KB only","KB only"," ","21-06Rollup"
"Syncsharesvc.dll","Net_WorkFolders","6.2.19041.1","1","06-May-20","GDR","5003637","June 8, 2021-KB5003637 (OS Builds 19041.1052, 19042.1052, and 19043.1052)","http://support.microsoft.com/kb/5003637","KB only","KB only","KB only"," ","21-06Rollup"
"Syncsharesrv.dll","Net_WorkFolders","6.2.19041.1","1","06-May-20","GDR","5003637","June 8, 2021-KB5003637 (OS Builds 19041.1052, 19042.1052, and 19043.1052)","http://support.microsoft.com/kb/5003637","KB only","KB only","KB only"," ","21-06Rollup"
"Syncsharettlib.dll","Net_WorkFolders","6.2.19041.1","1","06-May-20","GDR","5003637","June 8, 2021-KB5003637 (OS Builds 19041.1052, 19042.1052, and 19043.1052)","http://support.microsoft.com/kb/5003637","KB only","KB only","KB only"," ","21-06Rollup"
"Syncsharettsvc.exe","Net_WorkFolders","6.2.19041.1","1","06-May-20","GDR","5003637","June 8, 2021-KB5003637 (OS Builds 19041.1052, 19042.1052, and 19043.1052)","http://support.microsoft.com/kb/5003637","KB only","KB only","KB only"," ","21-06Rollup"
"WebIo.dll","Net_BranchCache","6.2.19041.1023","1","25-May-21","GDR","5003637","June 8, 2021-KB5003637 (OS Builds 19041.1052, 19042.1052, and 19043.1052)","http://support.microsoft.com/kb/5003637","KB only","KB only","KB only"," ","21-06Rollup"
"Smbhash.exe","Net_BranchCache","6.2.19041.1","1","06-May-20","GDR","5003637","June 8, 2021-KB5003637 (OS Builds 19041.1052, 19042.1052, and 19043.1052)","http://support.microsoft.com/kb/5003637","KB only","KB only","KB only"," ","21-06Rollup"
"Pacer.sys","Net_QoS","6.2.19041.546","1","01-Oct-20","GDR","5003637","June 8, 2021-KB5003637 (OS Builds 19041.1052, 19042.1052, and 19043.1052)","http://support.microsoft.com/kb/5003637","KB only","KB only","KB only"," ","21-06Rollup"
"Mpsdrv.sys","Net_Firewall","6.2.19041.1","1","06-May-20","GDR","5003637","June 8, 2021-KB5003637 (OS Builds 19041.1052, 19042.1052, and 19043.1052)","http://support.microsoft.com/kb/5003637","KB only","KB only","KB only"," ","21-06Rollup"
"MpsSvc.dll","Net_Firewall","6.2.19041.1023","1","25-May-21","GDR","5003637","June 8, 2021-KB5003637 (OS Builds 19041.1052, 19042.1052, and 19043.1052)","http://support.microsoft.com/kb/5003637","KB only","KB only","KB only"," ","21-06Rollup"
"qmgr.dll","Net_BiTS","7.8.19041.746","1","29-Oct-20","GDR","5003637","June 8, 2021-KB5003637 (OS Builds 19041.1052, 19042.1052, and 19043.1052)","http://support.microsoft.com/kb/5003637","KB only","KB only","KB only"," ","21-06Rollup"
"Netlogon.dll","Dom_NETLOGON","6.2.19041.804","0","09-Feb-21","GDR","5003637","June 8, 2021-KB5003637 (OS Builds 19041.1052, 19042.1052, and 19043.1052)","http://support.microsoft.com/kb/5003637","KB only","KB only","KB only"," ","21-06Rollup"
"LogonCli.dll","Dom_NETLOGON","6.2.19041.610","0","29-Oct-20","GDR","5003637","June 8, 2021-KB5003637 (OS Builds 19041.1052, 19042.1052, and 19043.1052)","http://support.microsoft.com/kb/5003637","KB only","KB only","KB only"," ","21-06Rollup"
"Winlogon.exe","Dom_WINLOGON","6.2.19041.906","0","29-Mar-21","GDR","5003637","June 8, 2021-KB5003637 (OS Builds 19041.1052, 19042.1052, and 19043.1052)","http://support.microsoft.com/kb/5003637","KB only","KB only","KB only"," ","21-06Rollup"
"Kerberos.dll","Dom_KERBEROS","6.2.19041.1052","0","08-Jun-21","GDR","5003637","June 8, 2021-KB5003637 (OS Builds 19041.1052, 19042.1052, and 19043.1052)","http://support.microsoft.com/kb/5003637","KB only","KB only","KB only"," ","21-06Rollup"
"Msv1_0.dll","Dom_NTLM","6.2.19041.1023","1","25-May-21","GDR","5003637","June 8, 2021-KB5003637 (OS Builds 19041.1052, 19042.1052, and 19043.1052)","http://support.microsoft.com/kb/5003637","KB only","KB only","KB only"," ","21-06Rollup"
"Wldap32.dll","Dom_LDAPClient","6.2.19041.546","0","01-Oct-20","GDR","5003637","June 8, 2021-KB5003637 (OS Builds 19041.1052, 19042.1052, and 19043.1052)","http://support.microsoft.com/kb/5003637","KB only","KB only","KB only"," ","21-06Rollup"
"Lsass.exe","Dom_LSA","6.2.19041.906","0","29-Mar-21","GDR","5003637","June 8, 2021-KB5003637 (OS Builds 19041.1052, 19042.1052, and 19043.1052)","http://support.microsoft.com/kb/5003637","KB only","KB only","KB only"," ","21-06Rollup"
"Lsasrv.dll","Dom_LSA","6.2.19041.1023","0","25-May-21","GDR","5003637","June 8, 2021-KB5003637 (OS Builds 19041.1052, 19042.1052, and 19043.1052)","http://support.microsoft.com/kb/5003637","KB only","KB only","KB only"," ","21-06Rollup"
"Ksecdd.sys","Dom_LSA","6.2.19041.906","0","29-Mar-21","GDR","5003637","June 8, 2021-KB5003637 (OS Builds 19041.1052, 19042.1052, and 19043.1052)","http://support.microsoft.com/kb/5003637","KB only","KB only","KB only"," ","21-06Rollup"
"Ksecpkg.sys","Dom_LSA","6.2.19041.1023","0","25-May-21","GDR","5003637","June 8, 2021-KB5003637 (OS Builds 19041.1052, 19042.1052, and 19043.1052)","http://support.microsoft.com/kb/5003637","KB only","KB only","KB only"," ","21-06Rollup"
"Secur32.dll","Dom_LSA","6.2.19041.546","0","01-Oct-20","GDR","5003637","June 8, 2021-KB5003637 (OS Builds 19041.1052, 19042.1052, and 19043.1052)","http://support.microsoft.com/kb/5003637","KB only","KB only","KB only"," ","21-06Rollup"
"Sspicli.dll","Dom_LSA","6.2.19041.906","0","29-Mar-21","GDR","5003637","June 8, 2021-KB5003637 (OS Builds 19041.1052, 19042.1052, and 19043.1052)","http://support.microsoft.com/kb/5003637","KB only","KB only","KB only"," ","21-06Rollup"
"Sspisrv.dll","Dom_LSA","6.2.19041.906","0","29-Mar-21","GDR","5003637","June 8, 2021-KB5003637 (OS Builds 19041.1052, 19042.1052, and 19043.1052)","http://support.microsoft.com/kb/5003637","KB only","KB only","KB only"," ","21-06Rollup"
"Schannel.dll","Dom_LSA","6.2.19041.789","0","02-Feb-21","GDR","5003637","June 8, 2021-KB5003637 (OS Builds 19041.1052, 19042.1052, and 19043.1052)","http://support.microsoft.com/kb/5003637","KB only","KB only","KB only"," ","21-06Rollup"
"dpapisvr.dll","Dom_LSA","6.2.19041.1","0","06-May-20","GDR","5003637","June 8, 2021-KB5003637 (OS Builds 19041.1052, 19042.1052, and 19043.1052)","http://support.microsoft.com/kb/5003637","KB only","KB only","KB only"," ","21-06Rollup"
"Scesrv.dll","Dom_SecAuditAndConfig","6.2.19041.488","1","06-May-20","GDR","5003637","June 8, 2021-KB5003637 (OS Builds 19041.1052, 19042.1052, and 19043.1052)","http://support.microsoft.com/kb/5003637","KB only","KB only","KB only"," ","21-06Rollup"
"AclUI.dll","Dom_SecAuditAndConfig","6.2.19041.1","1","06-May-20","GDR","5003637","June 8, 2021-KB5003637 (OS Builds 19041.1052, 19042.1052, and 19043.1052)","http://support.microsoft.com/kb/5003637","KB only","KB only","KB only"," ","21-06Rollup"
"Winscard.dll","Dom_SC_Provider","6.2.19041.844","1","24-Feb-21","GDR","5003637","June 8, 2021-KB5003637 (OS Builds 19041.1052, 19042.1052, and 19043.1052)","http://support.microsoft.com/kb/5003637","KB only","KB only","KB only"," ","21-06Rollup"
"Basecsp.dll","Dom_SC_Provider","6.2.19041.1","1","06-May-20","GDR","5003637","June 8, 2021-KB5003637 (OS Builds 19041.1052, 19042.1052, and 19043.1052)","http://support.microsoft.com/kb/5003637","KB only","KB only","KB only"," ","21-06Rollup"
"Scksp.dll","Dom_SC_Provider","6.2.19041.1","1","06-May-20","GDR","5003637","June 8, 2021-KB5003637 (OS Builds 19041.1052, 19042.1052, and 19043.1052)","http://support.microsoft.com/kb/5003637","KB only","KB only","KB only"," ","21-06Rollup"
"ScardSvr.dll","Dom_SC_Srv","6.2.19041.844","1","24-Feb-21","GDR","5003637","June 8, 2021-KB5003637 (OS Builds 19041.1052, 19042.1052, and 19043.1052)","http://support.microsoft.com/kb/5003637","KB only","KB only","KB only"," ","21-06Rollup"
"Scfilter.sys","Dom_SC_Srv","6.2.19041.844","1","24-Feb-21","GDR","5003637","June 8, 2021-KB5003637 (OS Builds 19041.1052, 19042.1052, and 19043.1052)","http://support.microsoft.com/kb/5003637","KB only","KB only","KB only"," ","21-06Rollup"
"Certprop.dll","Dom_SC_Srv","6.2.19041.844","1","24-Feb-21","GDR","5003637","June 8, 2021-KB5003637 (OS Builds 19041.1052, 19042.1052, and 19043.1052)","http://support.microsoft.com/kb/5003637","KB only","KB only","KB only"," ","21-06Rollup"
"Crypt32.dll","Dom_CRYPTO","6.2.19041.844","1","24-Feb-21","GDR","5003637","June 8, 2021-KB5003637 (OS Builds 19041.1052, 19042.1052, and 19043.1052)","http://support.microsoft.com/kb/5003637","KB only","KB only","KB only"," ","21-06Rollup"
"Cryptsvc.dll","Dom_CRYPTO","6.2.19041.1","1","06-May-20","GDR","5003637","June 8, 2021-KB5003637 (OS Builds 19041.1052, 19042.1052, and 19043.1052)","http://support.microsoft.com/kb/5003637","KB only","KB only","KB only"," ","21-06Rollup"
"Cryptnet.dll","Dom_CRYPTO","6.2.19041.906","1","29-Mar-21","GDR","5003637","June 8, 2021-KB5003637 (OS Builds 19041.1052, 19042.1052, and 19043.1052)","http://support.microsoft.com/kb/5003637","KB only","KB only","KB only"," ","21-06Rollup"
"Wintrust.dll","Dom_CRYPTO","6.2.19041.1052","1","08-Jun-21","GDR","5003637","June 8, 2021-KB5003637 (OS Builds 19041.1052, 19042.1052, and 19043.1052)","http://support.microsoft.com/kb/5003637","KB only","KB only","KB only"," ","21-06Rollup"
"Cryptdll.dll","Dom_CRYPTO","6.2.19041.546","1","01-Oct-20","GDR","5003637","June 8, 2021-KB5003637 (OS Builds 19041.1052, 19042.1052, and 19043.1052)","http://support.microsoft.com/kb/5003637","KB only","KB only","KB only"," ","21-06Rollup"
"Cryptcatsvc.dll","Dom_CRYPTO","6.2.19041.508","1","14-Jul-20","GDR","5003637","June 8, 2021-KB5003637 (OS Builds 19041.1052, 19042.1052, and 19043.1052)","http://support.microsoft.com/kb/5003637","KB only","KB only","KB only"," ","21-06Rollup"
"Dimsroam.dll","Dom_DIMS","6.2.19041.906","1","29-Mar-21","GDR","5003637","June 8, 2021-KB5003637 (OS Builds 19041.1052, 19042.1052, and 19043.1052)","http://support.microsoft.com/kb/5003637","KB only","KB only","KB only"," ","21-06Rollup"
"Dimsjob.dll","Dom_DIMS","6.2.19041.1","1","06-May-20","GDR","5003637","June 8, 2021-KB5003637 (OS Builds 19041.1052, 19042.1052, and 19043.1052)","http://support.microsoft.com/kb/5003637","KB only","KB only","KB only"," ","21-06Rollup"
"Adprovider.dll","Dom_DIMS","6.2.19041.906","1","29-Mar-21","GDR","5003637","June 8, 2021-KB5003637 (OS Builds 19041.1052, 19042.1052, and 19043.1052)","http://support.microsoft.com/kb/5003637","KB only","KB only","KB only"," ","21-06Rollup"
"Capiprovider.dll","Dom_DIMS","6.2.19041.906","1","29-Mar-21","GDR","5003637","June 8, 2021-KB5003637 (OS Builds 19041.1052, 19042.1052, and 19043.1052)","http://support.microsoft.com/kb/5003637","KB only","KB only","KB only"," ","21-06Rollup"
"Cngprovider.dll","Dom_DIMS","6.2.19041.906","1","29-Mar-21","GDR","5003637","June 8, 2021-KB5003637 (OS Builds 19041.1052, 19042.1052, and 19043.1052)","http://support.microsoft.com/kb/5003637","KB only","KB only","KB only"," ","21-06Rollup"
"Dpapiprovider.dll","Dom_DIMS","6.2.19041.906","1","29-Mar-21","GDR","5003637","June 8, 2021-KB5003637 (OS Builds 19041.1052, 19042.1052, and 19043.1052)","http://support.microsoft.com/kb/5003637","KB only","KB only","KB only"," ","21-06Rollup"
"Wincredprovider.dll","Dom_DIMS","6.2.19041.906","1","29-Mar-21","GDR","5003637","June 8, 2021-KB5003637 (OS Builds 19041.1052, 19042.1052, and 19043.1052)","http://support.microsoft.com/kb/5003637","KB only","KB only","KB only"," ","21-06Rollup"
"Gpapi.dll","Dom_GPSVC","6.2.19041.1052","1","08-Jun-21","GDR","5003637","June 8, 2021-KB5003637 (OS Builds 19041.1052, 19042.1052, and 19043.1052)","http://support.microsoft.com/kb/5003637","KB only","KB only","KB only"," ","21-06Rollup"
"Gpsvc.dll","Dom_GPSVC","6.2.19041.1052","1","08-Jun-21","GDR","5003637","June 8, 2021-KB5003637 (OS Builds 19041.1052, 19042.1052, and 19043.1052)","http://support.microsoft.com/kb/5003637","KB only","KB only","KB only"," ","21-06Rollup"
"Gpmgmt.dll","Dom_GPSVC","6.2.19041.746","1","08-Dec-20","GDR","5003637","June 8, 2021-KB5003637 (OS Builds 19041.1052, 19042.1052, and 19043.1052)","http://support.microsoft.com/kb/5003637","KB only","KB only","KB only"," ","21-06Rollup"
"Gprsop.dll","Dom_GPSVC","6.2.19041.572","1","13-Oct-20","GDR","5003637","June 8, 2021-KB5003637 (OS Builds 19041.1052, 19042.1052, and 19043.1052)","http://support.microsoft.com/kb/5003637","KB only","KB only","KB only"," ","21-06Rollup"
"Userenv.dll","Dom_GPSVC","6.2.19041.572","1","13-Oct-20","GDR","5003637","June 8, 2021-KB5003637 (OS Builds 19041.1052, 19042.1052, and 19043.1052)","http://support.microsoft.com/kb/5003637","KB only","KB only","KB only"," ","21-06Rollup"
"Gpprnext.dll","Dom_GPExt","6.2.19041.1","1","06-May-20","GDR","5003637","June 8, 2021-KB5003637 (OS Builds 19041.1052, 19042.1052, and 19043.1052)","http://support.microsoft.com/kb/5003637","KB only","KB only","KB only"," ","21-06Rollup"
"Appmgmts.dll","Dom_GPExt","6.2.19041.572","1","13-Oct-20","GDR","5003637","June 8, 2021-KB5003637 (OS Builds 19041.1052, 19042.1052, and 19043.1052)","http://support.microsoft.com/kb/5003637","KB only","KB only","KB only"," ","21-06Rollup"
"Gpprefcl.dll","Dom_GPP","6.2.19041.388","1","11-Aug-20","GDR","5003637","June 8, 2021-KB5003637 (OS Builds 19041.1052, 19042.1052, and 19043.1052)","http://support.microsoft.com/kb/5003637","KB only","KB only","KB only"," ","21-06Rollup"
"Gpme.dll","Dom_GPP","6.2.19041.572","1","13-Oct-20","GDR","5003637","June 8, 2021-KB5003637 (OS Builds 19041.1052, 19042.1052, and 19043.1052)","http://support.microsoft.com/kb/5003637","KB only","KB only","KB only"," ","21-06Rollup"
"Gppref.dll","Dom_GPP","6.2.19041.746","1","08-Dec-20","GDR","5003637","June 8, 2021-KB5003637 (OS Builds 19041.1052, 19042.1052, and 19043.1052)","http://support.microsoft.com/kb/5003637","KB only","KB only","KB only"," ","21-06Rollup"
"Gpprefbr.dll","Dom_GPP","6.2.19041.746","1","08-Dec-20","GDR","5003637","June 8, 2021-KB5003637 (OS Builds 19041.1052, 19042.1052, and 19043.1052)","http://support.microsoft.com/kb/5003637","KB only","KB only","KB only"," ","21-06Rollup"
"Gpprefcn.dll","Dom_GPP","6.2.19041.746","1","08-Dec-20","GDR","5003637","June 8, 2021-KB5003637 (OS Builds 19041.1052, 19042.1052, and 19043.1052)","http://support.microsoft.com/kb/5003637","KB only","KB only","KB only"," ","21-06Rollup"
"Gpregistrybrowser.dll","Dom_GPP","6.2.19041.746","1","08-Dec-20","GDR","5003637","June 8, 2021-KB5003637 (OS Builds 19041.1052, 19042.1052, and 19043.1052)","http://support.microsoft.com/kb/5003637","KB only","KB only","KB only"," ","21-06Rollup"
"Propshts.dll","Dom_GPP","6.2.19041.746","1","08-Dec-20","GDR","5003637","June 8, 2021-KB5003637 (OS Builds 19041.1052, 19042.1052, and 19043.1052)","http://support.microsoft.com/kb/5003637","KB only","KB only","KB only"," ","21-06Rollup"
"Profprov.dll","Dom_ProfProc","6.2.19041.1","1","06-May-20","GDR","5003637","June 8, 2021-KB5003637 (OS Builds 19041.1052, 19042.1052, and 19043.1052)","http://support.microsoft.com/kb/5003637","KB only","KB only","KB only"," ","21-06Rollup"
"Profsvc.dll","Dom_ProfProc","6.2.19041.1023","1","25-May-21","GDR","5003637","June 8, 2021-KB5003637 (OS Builds 19041.1052, 19042.1052, and 19043.1052)","http://support.microsoft.com/kb/5003637","KB only","KB only","KB only"," ","21-06Rollup"
"Fdeploy.dll","Dom_FolderRedir","6.2.19041.1","1","06-May-20","GDR","5003637","June 8, 2021-KB5003637 (OS Builds 19041.1052, 19042.1052, and 19043.1052)","http://support.microsoft.com/kb/5003637","KB only","KB only","KB only"," ","21-06Rollup"
"Esent.dll","Dom_ESENT","6.2.19041.1023","0","25-May-21","GDR","5003637","June 8, 2021-KB5003637 (OS Builds 19041.1052, 19042.1052, and 19043.1052)","http://support.microsoft.com/kb/5003637","KB only","KB only","KB only"," ","21-06Rollup"
"Ntdsai.dll","Dom_NTDSAI","6.2.19041.844","0","24-Feb-21","GDR","5003637","June 8, 2021-KB5003637 (OS Builds 19041.1052, 19042.1052, and 19043.1052)","http://support.microsoft.com/kb/5003637","KB only","KB only","KB only"," ","21-06Rollup"
"Ntdsutil.exe","Dom_NTDSAI","6.2.19041.844","0","24-Feb-21","GDR","5003637","June 8, 2021-KB5003637 (OS Builds 19041.1052, 19042.1052, and 19043.1052)","http://support.microsoft.com/kb/5003637","KB only","KB only","KB only"," ","21-06Rollup"
"Samsrv.dll","Dom_SAMSRV","6.2.19041.906","0","29-Mar-21","GDR","5003637","June 8, 2021-KB5003637 (OS Builds 19041.1052, 19042.1052, and 19043.1052)","http://support.microsoft.com/kb/5003637","KB only","KB only","KB only"," ","21-06Rollup"
"Samlib.dll","Dom_SAMSRV","6.2.19041.906","0","29-Mar-21","GDR","5003637","June 8, 2021-KB5003637 (OS Builds 19041.1052, 19042.1052, and 19043.1052)","http://support.microsoft.com/kb/5003637","KB only","KB only","KB only"," ","21-06Rollup"
"Kdcsvc.dll","Dom_KDCSVC","6.2.19041.630","0","01-Oct-20","GDR","5003637","June 8, 2021-KB5003637 (OS Builds 19041.1052, 19042.1052, and 19043.1052)","http://support.microsoft.com/kb/5003637","KB only","KB only","KB only"," ","21-06Rollup"
"Dfsrs.exe","Dom_DFS-R","6.2.19041.630","0","01-Oct-20","GDR","5003637","June 8, 2021-KB5003637 (OS Builds 19041.1052, 19042.1052, and 19043.1052)","http://support.microsoft.com/kb/5003637","KB only","KB only","KB only"," ","21-06Rollup"
"Dfsrress.dll","Dom_DFS-R","6.2.19041.488","0","03-Sep-20","GDR","5003637","June 8, 2021-KB5003637 (OS Builds 19041.1052, 19042.1052, and 19043.1052)","http://support.microsoft.com/kb/5003637","KB only","KB only","KB only"," ","21-06Rollup"
"Dfsrro.sys","Dom_DFS-R","6.2.19041.1","0","06-May-20","GDR","5003637","June 8, 2021-KB5003637 (OS Builds 19041.1052, 19042.1052, and 19043.1052)","http://support.microsoft.com/kb/5003637","KB only","KB only","KB only"," ","21-06Rollup"
"Microsoft.identityserver.service.dll","Dom_ADFS","6.2.19041.1","0","06-May-20","GDR","5003637","June 8, 2021-KB5003637 (OS Builds 19041.1052, 19042.1052, and 19043.1052)","http://support.microsoft.com/kb/5003637","KB only","KB only","KB only"," ","21-06Rollup"
"Microsoft.identityserver.webhost.dll","Dom_ADFS","6.2.19041.1","0","06-May-20","GDR","5003637","June 8, 2021-KB5003637 (OS Builds 19041.1052, 19042.1052, and 19043.1052)","http://support.microsoft.com/kb/5003637","KB only","KB only","KB only"," ","21-06Rollup"
"Microsoft.identityserver.web.dll","Dom_ADFS","6.2.19041.1","0","06-May-20","GDR","5003637","June 8, 2021-KB5003637 (OS Builds 19041.1052, 19042.1052, and 19043.1052)","http://support.microsoft.com/kb/5003637","KB only","KB only","KB only"," ","21-06Rollup"
"Microsoft.identityserver.dll","Dom_ADFS","6.2.19041.1","0","06-May-20","GDR","5003637","June 8, 2021-KB5003637 (OS Builds 19041.1052, 19042.1052, and 19043.1052)","http://support.microsoft.com/kb/5003637","KB only","KB only","KB only"," ","21-06Rollup"
"Microsoft.identityserver.proxyservice.exe","Dom_ADFS","6.2.19041.1","0","06-May-20","GDR","5003637","June 8, 2021-KB5003637 (OS Builds 19041.1052, 19042.1052, and 19043.1052)","http://support.microsoft.com/kb/5003637","KB only","KB only","KB only"," ","21-06Rollup"
"Clussvc.exe","Cluster_Core","6.2.19041.1","0","06-May-20","GDR","5003637","June 8, 2021-KB5003637 (OS Builds 19041.1052, 19042.1052, and 19043.1052)","http://support.microsoft.com/kb/5003637","KB only","KB only","KB only"," ","21-06Rollup"
"ClusWMI.dll","Cluster_Core","6.2.19041.1","0","06-May-20","GDR","5003637","June 8, 2021-KB5003637 (OS Builds 19041.1052, 19042.1052, and 19043.1052)","http://support.microsoft.com/kb/5003637","KB only","KB only","KB only"," ","21-06Rollup"
"Rhs.exe","Cluster_Core","6.2.19041.1","0","06-May-20","GDR","5003637","June 8, 2021-KB5003637 (OS Builds 19041.1052, 19042.1052, and 19043.1052)","http://support.microsoft.com/kb/5003637","KB only","KB only","KB only"," ","21-06Rollup"
"Clusres.dll","Cluster_Core","6.2.19041.1","0","06-May-20","GDR","5003637","June 8, 2021-KB5003637 (OS Builds 19041.1052, 19042.1052, and 19043.1052)","http://support.microsoft.com/kb/5003637","KB only","KB only","KB only"," ","21-06Rollup"
"Clusres2.dll","Cluster_Core","6.2.19041.1","0","06-May-20","GDR","5003637","June 8, 2021-KB5003637 (OS Builds 19041.1052, 19042.1052, and 19043.1052)","http://support.microsoft.com/kb/5003637","KB only","KB only","KB only"," ","21-06Rollup"
"Netft.sys","Cluster_Core","6.2.19041.1","0","06-May-20","GDR","5003637","June 8, 2021-KB5003637 (OS Builds 19041.1052, 19042.1052, and 19043.1052)","http://support.microsoft.com/kb/5003637","KB only","KB only","KB only"," ","21-06Rollup"
"Clusauthmgr.dll","Cluster_Core","6.2.19041.1","0","06-May-20","GDR","5003637","June 8, 2021-KB5003637 (OS Builds 19041.1052, 19042.1052, and 19043.1052)","http://support.microsoft.com/kb/5003637","KB only","KB only","KB only"," ","21-06Rollup"
"Witness.dll","Cluster_Core","6.2.19041.1","0","06-May-20","GDR","5003637","June 8, 2021-KB5003637 (OS Builds 19041.1052, 19042.1052, and 19043.1052)","http://support.microsoft.com/kb/5003637","KB only","KB only","KB only"," ","21-06Rollup"
"Csvflt.sys","Cluster_CSV","6.2.19041.1","0","06-May-20","GDR","5003637","June 8, 2021-KB5003637 (OS Builds 19041.1052, 19042.1052, and 19043.1052)","http://support.microsoft.com/kb/5003637","KB only","KB only","KB only"," ","21-06Rollup"
"Csvfs.sys","Cluster_CSV","6.2.19041.1","0","06-May-20","GDR","5003637","June 8, 2021-KB5003637 (OS Builds 19041.1052, 19042.1052, and 19043.1052)","http://support.microsoft.com/kb/5003637","KB only","KB only","KB only"," ","21-06Rollup"
"Csvfilter.sys","Cluster_CSV","6.2.19041.1","0","06-May-20","GDR","5003637","June 8, 2021-KB5003637 (OS Builds 19041.1052, 19042.1052, and 19043.1052)","http://support.microsoft.com/kb/5003637","KB only","KB only","KB only"," ","21-06Rollup"
"Vhdmp.sys","Cluster_CSV","6.2.19041.906","0","29-Mar-21","GDR","5003637","June 8, 2021-KB5003637 (OS Builds 19041.1052, 19042.1052, and 19043.1052)","http://support.microsoft.com/kb/5003637","KB only","KB only","KB only"," ","21-06Rollup"
"Svhdxflt.sys","Cluster_CSV","6.2.19041.1","0","06-May-20","GDR","5003637","June 8, 2021-KB5003637 (OS Builds 19041.1052, 19042.1052, and 19043.1052)","http://support.microsoft.com/kb/5003637","KB only","KB only","KB only"," ","21-06Rollup"
"Clusdisk.sys","Cluster_Disk","6.2.19041.1","0","06-May-20","GDR","5003637","June 8, 2021-KB5003637 (OS Builds 19041.1052, 19042.1052, and 19043.1052)","http://support.microsoft.com/kb/5003637","KB only","KB only","KB only"," ","21-06Rollup"
"Volsnap.sys","Cluster_Volsnap","6.2.19041.488","0","06-May-20","GDR","5003637","June 8, 2021-KB5003637 (OS Builds 19041.1052, 19042.1052, and 19043.1052)","http://support.microsoft.com/kb/5003637","KB only","KB only","KB only"," ","21-06Rollup"
"Cprepsrv.exe","Cluster_Validation","6.2.19041.1","1","06-May-20","GDR","5003637","June 8, 2021-KB5003637 (OS Builds 19041.1052, 19042.1052, and 19043.1052)","http://support.microsoft.com/kb/5003637","KB only","KB only","KB only"," ","21-06Rollup"
"Failoverclusters.agent.interop.dll","Cluster_Validation","6.2.19041.662","1","06-May-20","GDR","5003637","June 8, 2021-KB5003637 (OS Builds 19041.1052, 19042.1052, and 19043.1052)","http://support.microsoft.com/kb/5003637","KB only","KB only","KB only"," ","21-06Rollup"
"Microsoft.failoverclusters.framework.dll","Cluster_Validation","6.2.19041.1","1","06-May-20","GDR","5003637","June 8, 2021-KB5003637 (OS Builds 19041.1052, 19042.1052, and 19043.1052)","http://support.microsoft.com/kb/5003637","KB only","KB only","KB only"," ","21-06Rollup"
"Ntoskrnl.exe","Core_Kernel","6.2.19041.1052","0","08-Jun-21","GDR","5003637","June 8, 2021-KB5003637 (OS Builds 19041.1052, 19042.1052, and 19043.1052)","http://support.microsoft.com/kb/5003637","KB only","KB only","KB only"," ","21-06Rollup"
"Ntkrnlpa.exe","Core_Kernel","6.2.19041.1","0","06-May-20","GDR","5003637","June 8, 2021-KB5003637 (OS Builds 19041.1052, 19042.1052, and 19043.1052)","http://support.microsoft.com/kb/5003637","KB only","KB only","KB only"," ","21-06Rollup"
"Crashdmp.sys","Core_Kernel","6.2.19041.1","0","06-May-20","GDR","5003637","June 8, 2021-KB5003637 (OS Builds 19041.1052, 19042.1052, and 19043.1052)","http://support.microsoft.com/kb/5003637","KB only","KB only","KB only"," ","21-06Rollup"
"Ntdll.dll","Core_Kernel","6.2.19041.1023","0","25-May-21","GDR","5003637","June 8, 2021-KB5003637 (OS Builds 19041.1052, 19042.1052, and 19043.1052)","http://support.microsoft.com/kb/5003637","KB only","KB only","KB only"," ","21-06Rollup"
"Hal.dll","Core_Kernel","6.2.19041.964","0","28-Apr-21","GDR","5003637","June 8, 2021-KB5003637 (OS Builds 19041.1052, 19042.1052, and 19043.1052)","http://support.microsoft.com/kb/5003637","KB only","KB only","KB only"," ","21-06Rollup"
"Fltmgr.sys","Core_Kernel","6.2.19041.264","0","06-May-20","GDR","5003637","June 8, 2021-KB5003637 (OS Builds 19041.1052, 19042.1052, and 19043.1052)","http://support.microsoft.com/kb/5003637","KB only","KB only","KB only"," ","21-06Rollup"
"win32k.sys","Core_Kernel","6.2.19041.1052","0","08-Jun-21","GDR","5003637","June 8, 2021-KB5003637 (OS Builds 19041.1052, 19042.1052, and 19043.1052)","http://support.microsoft.com/kb/5003637","KB only","KB only","KB only"," ","21-06Rollup"
"Ntfs.sys","Core_FileSystem","6.2.19041.1052","0","08-Jun-21","GDR","5003637","June 8, 2021-KB5003637 (OS Builds 19041.1052, 19042.1052, and 19043.1052)","http://support.microsoft.com/kb/5003637","KB only","KB only","KB only"," ","21-06Rollup"
"dedup.sys","Core_FileSystem","6.2.19041.1","0","06-May-20","GDR","5003637","June 8, 2021-KB5003637 (OS Builds 19041.1052, 19042.1052, and 19043.1052)","http://support.microsoft.com/kb/5003637","KB only","KB only","KB only"," ","21-06Rollup"
"Msiscsi.sys","Core_DiskSystem","6.2.19041.789","0","02-Feb-21","GDR","5003637","June 8, 2021-KB5003637 (OS Builds 19041.1052, 19042.1052, and 19043.1052)","http://support.microsoft.com/kb/5003637","KB only","KB only","KB only"," ","21-06Rollup"
"Iscsitgt.dll","Core_DiskSystem","6.2.19041.1","0","06-May-20","GDR","5003637","June 8, 2021-KB5003637 (OS Builds 19041.1052, 19042.1052, and 19043.1052)","http://support.microsoft.com/kb/5003637","KB only","KB only","KB only"," ","21-06Rollup"
"Storport.sys","Core_DiskSystem","6.2.19041.964","0","28-Apr-21","GDR","5003637","June 8, 2021-KB5003637 (OS Builds 19041.1052, 19042.1052, and 19043.1052)","http://support.microsoft.com/kb/5003637","KB only","KB only","KB only"," ","21-06Rollup"
"Repdrvfs.dll","Core_WMI","6.2.19041.1","0","06-May-20","GDR","5003637","June 8, 2021-KB5003637 (OS Builds 19041.1052, 19042.1052, and 19043.1052)","http://support.microsoft.com/kb/5003637","KB only","KB only","KB only"," ","21-06Rollup"
"Mpio.sys","Core_MPIO","6.2.19041.1","0","06-May-20","GDR","5003637","June 8, 2021-KB5003637 (OS Builds 19041.1052, 19042.1052, and 19043.1052)","http://support.microsoft.com/kb/5003637","KB only","KB only","KB only"," ","21-06Rollup"
"Msdsm.sys","Core_MPIO","6.2.19041.1","0","06-May-20","GDR","5003637","June 8, 2021-KB5003637 (OS Builds 19041.1052, 19042.1052, and 19043.1052)","http://support.microsoft.com/kb/5003637","KB only","KB only","KB only"," ","21-06Rollup"
"Advapi32.dll","Core_Apps","6.2.19041.1052","0","08-Jun-21","GDR","5003637","June 8, 2021-KB5003637 (OS Builds 19041.1052, 19042.1052, and 19043.1052)","http://support.microsoft.com/kb/5003637","KB only","KB only","KB only"," ","21-06Rollup"
"Vssapi.dll","Core_VSS","6.2.19041.746","1","01-Oct-20","GDR","5003637","June 8, 2021-KB5003637 (OS Builds 19041.1052, 19042.1052, and 19043.1052)","http://support.microsoft.com/kb/5003637","KB only","KB only","KB only"," ","21-06Rollup"
"Vsstrace.dll","Core_VSS","6.2.19041.546","1","01-Oct-20","GDR","5003637","June 8, 2021-KB5003637 (OS Builds 19041.1052, 19042.1052, and 19043.1052)","http://support.microsoft.com/kb/5003637","KB only","KB only","KB only"," ","21-06Rollup"
"vsssvc.exe","Core_VSS","6.2.19041.1","1","06-May-20","GDR","5003637","June 8, 2021-KB5003637 (OS Builds 19041.1052, 19042.1052, and 19043.1052)","http://support.microsoft.com/kb/5003637","KB only","KB only","KB only"," ","21-06Rollup"
"Swprv.dll","Core_VSS","6.2.19041.746","1","09-Jun-20","GDR","5003637","June 8, 2021-KB5003637 (OS Builds 19041.1052, 19042.1052, and 19043.1052)","http://support.microsoft.com/kb/5003637","KB only","KB only","KB only"," ","21-06Rollup"
"spp.dll","Core_VSS","6.2.19041.746","1","06-May-20","GDR","5003637","June 8, 2021-KB5003637 (OS Builds 19041.1052, 19042.1052, and 19043.1052)","http://support.microsoft.com/kb/5003637","KB only","KB only","KB only"," ","21-06Rollup"
"wbengine.exe","Core_VSS","6.2.19041.746","1","09-Jun-20","GDR","5003637","June 8, 2021-KB5003637 (OS Builds 19041.1052, 19042.1052, and 19043.1052)","http://support.microsoft.com/kb/5003637","KB only","KB only","KB only"," ","21-06Rollup"
"blbsrv.dll","Core_VSS","6.2.19041.1","1","06-May-20","GDR","5003637","June 8, 2021-KB5003637 (OS Builds 19041.1052, 19042.1052, and 19043.1052)","http://support.microsoft.com/kb/5003637","KB only","KB only","KB only"," ","21-06Rollup"
"pci.sys","Core_Sys","6.2.19041.964","1","28-Apr-21","GDR","5003637","June 8, 2021-KB5003637 (OS Builds 19041.1052, 19042.1052, and 19043.1052)","http://support.microsoft.com/kb/5003637","KB only","KB only","KB only"," ","21-06Rollup"
"Termdd.sys","Core_Sys","6.2.19041.1","1","06-May-20","GDR","5003637","June 8, 2021-KB5003637 (OS Builds 19041.1052, 19042.1052, and 19043.1052)","http://support.microsoft.com/kb/5003637","KB only","KB only","KB only"," ","21-06Rollup"
"Volmgr.sys","Core_Sys","6.2.19041.928","1","13-Apr-21","GDR","5003637","June 8, 2021-KB5003637 (OS Builds 19041.1052, 19042.1052, and 19043.1052)","http://support.microsoft.com/kb/5003637","KB only","KB only","KB only"," ","21-06Rollup"
"Tzres.dll","Core_TimeZone","6.2.19041.1","1","06-May-20","GDR","5003637","June 8, 2021-KB5003637 (OS Builds 19041.1052, 19042.1052, and 19043.1052)","http://support.microsoft.com/kb/5003637","KB only","KB only","KB only"," ","21-06Rollup"
"Vmswitch.sys","Hyper-V_Net","6.2.19041.1052","1","08-Jun-21","GDR","5003637","June 8, 2021-KB5003637 (OS Builds 19041.1052, 19042.1052, and 19043.1052)","http://support.microsoft.com/kb/5003637","KB only","KB only","KB only"," ","21-06Rollup"
"Mslbfoprovider.sys","Hyper-V_Net","6.2.19041.1","1","06-May-20","GDR","5003637","June 8, 2021-KB5003637 (OS Builds 19041.1052, 19042.1052, and 19043.1052)","http://support.microsoft.com/kb/5003637","KB only","KB only","KB only"," ","21-06Rollup"
"Wnv.sys","Hyper-V_Net","6.2.19041.1","1","06-May-20","GDR","5003637","June 8, 2021-KB5003637 (OS Builds 19041.1052, 19042.1052, and 19043.1052)","http://support.microsoft.com/kb/5003637","KB only","KB only","KB only"," ","21-06Rollup"
"Vmsntfy.dll","Hyper-V_Net","6.2.19041.1","1","06-May-20","GDR","5003637","June 8, 2021-KB5003637 (OS Builds 19041.1052, 19042.1052, and 19043.1052)","http://support.microsoft.com/kb/5003637","KB only","KB only","KB only"," ","21-06Rollup"
"Ndisimplatform.sys","Hyper-V_Net","6.2.19041.546","1","01-Oct-20","GDR","5003637","June 8, 2021-KB5003637 (OS Builds 19041.1052, 19042.1052, and 19043.1052)","http://support.microsoft.com/kb/5003637","KB only","KB only","KB only"," ","21-06Rollup"
"Vmms.exe","Hyper-V_Net","6.2.19041.1052","1","08-Jun-21","GDR","5003637","June 8, 2021-KB5003637 (OS Builds 19041.1052, 19042.1052, and 19043.1052)","http://support.microsoft.com/kb/5003637","KB only","KB only","KB only"," ","21-06Rollup"
"Winnat.sys","Hyper-V_Net","6.2.19041.867","1","09-Mar-21","GDR","5003637","June 8, 2021-KB5003637 (OS Builds 19041.1052, 19042.1052, and 19043.1052)","http://support.microsoft.com/kb/5003637","KB only","KB only","KB only"," ","21-06Rollup"
"pvhdparser.sys","Hyper-V_Net","6.2.19041.1","1","06-May-20","GDR","5003637","June 8, 2021-KB5003637 (OS Builds 19041.1052, 19042.1052, and 19043.1052)","http://support.microsoft.com/kb/5003637","KB only","KB only","KB only"," ","21-06Rollup"
"Wmisvc.dll","Hyper-V_Net","6.2.19041.844","1","24-Feb-21","GDR","5003637","June 8, 2021-KB5003637 (OS Builds 19041.1052, 19042.1052, and 19043.1052)","http://support.microsoft.com/kb/5003637","KB only","KB only","KB only"," ","21-06Rollup"
"Vmbus.sys","Hyper-V_Net","6.2.19041.662","1","30-Nov-20","GDR","5003637","June 8, 2021-KB5003637 (OS Builds 19041.1052, 19042.1052, and 19043.1052)","http://support.microsoft.com/kb/5003637","KB only","KB only","KB only"," ","21-06Rollup"
"Rasapi32.dll","HNV_Net","6.2.19041.964","1","28-Apr-21","GDR","5003637","June 8, 2021-KB5003637 (OS Builds 19041.1052, 19042.1052, and 19043.1052)","http://support.microsoft.com/kb/5003637","KB only","KB only","KB only"," ","21-06Rollup"
"Mprapi.dll","HNV_Net","6.2.19041.1","1","06-May-20","GDR","5003637","June 8, 2021-KB5003637 (OS Builds 19041.1052, 19042.1052, and 19043.1052)","http://support.microsoft.com/kb/5003637","KB only","KB only","KB only"," ","21-06Rollup"
"Vmwp.exe","Hyper-V_app","6.2.19041.1052","1","08-Jun-21","GDR","5003637","June 8, 2021-KB5003637 (OS Builds 19041.1052, 19042.1052, and 19043.1052)","http://support.microsoft.com/kb/5003637","KB only","KB only","KB only"," ","21-06Rollup"
"Rdpshell.exe","RDS_remote_App","6.2.19041.844","0","24-Feb-21","GDR","5003637","June 8, 2021-KB5003637 (OS Builds 19041.1052, 19042.1052, and 19043.1052)","http://support.microsoft.com/kb/5003637","KB only","KB only","KB only"," ","21-06Rollup"
"Rdsdwmdr.dll","RDS_remote_App","6.2.19041.1023","0","25-May-21","GDR","5003637","June 8, 2021-KB5003637 (OS Builds 19041.1052, 19042.1052, and 19043.1052)","http://support.microsoft.com/kb/5003637","KB only","KB only","KB only"," ","21-06Rollup"
"Tscfgwmi.dll","RDS_remote_App","6.2.19041.964","0","28-Apr-21","GDR","5003637","June 8, 2021-KB5003637 (OS Builds 19041.1052, 19042.1052, and 19043.1052)","http://support.microsoft.com/kb/5003637","KB only","KB only","KB only"," ","21-06Rollup"
"Audioeng.dll","RDS_devRdr","6.2.19041.1023","1","25-May-21","GDR","5003637","June 8, 2021-KB5003637 (OS Builds 19041.1052, 19042.1052, and 19043.1052)","http://support.microsoft.com/kb/5003637","KB only","KB only","KB only"," ","21-06Rollup"
"Audiokse.dll","RDS_devRdr","6.2.19041.1023","1","25-May-21","GDR","5003637","June 8, 2021-KB5003637 (OS Builds 19041.1052, 19042.1052, and 19043.1052)","http://support.microsoft.com/kb/5003637","KB only","KB only","KB only"," ","21-06Rollup"
"Audioses.dll","RDS_devRdr","6.2.19041.1023","1","25-May-21","GDR","5003637","June 8, 2021-KB5003637 (OS Builds 19041.1052, 19042.1052, and 19043.1052)","http://support.microsoft.com/kb/5003637","KB only","KB only","KB only"," ","21-06Rollup"
"Audiosrv.dll","RDS_devRdr","6.2.19041.1023","1","25-May-21","GDR","5003637","June 8, 2021-KB5003637 (OS Builds 19041.1052, 19042.1052, and 19043.1052)","http://support.microsoft.com/kb/5003637","KB only","KB only","KB only"," ","21-06Rollup"
"Wsepno.dll","RDS_msTsc","7.0.19041.1","1","06-May-20","GDR","5003637","June 8, 2021-KB5003637 (OS Builds 19041.1052, 19042.1052, and 19043.1052)","http://support.microsoft.com/kb/5003637","KB only","KB only","KB only"," ","21-06Rollup"
"Xpsgdiconverter.dll","RDS_msTsc","6.2.19041.1","1","06-May-20","GDR","5003637","June 8, 2021-KB5003637 (OS Builds 19041.1052, 19042.1052, and 19043.1052)","http://support.microsoft.com/kb/5003637","KB only","KB only","KB only"," ","21-06Rollup"
"Vmrdvcore.dll","RDS_vHost","6.2.19041.964","0","28-Apr-21","GDR","5003637","June 8, 2021-KB5003637 (OS Builds 19041.1052, 19042.1052, and 19043.1052)","http://support.microsoft.com/kb/5003637","KB only","KB only","KB only"," ","21-06Rollup"
"Tsvmhasvc.dll","RDS_vHost","6.2.19041.1","0","06-May-20","GDR","5003637","June 8, 2021-KB5003637 (OS Builds 19041.1052, 19042.1052, and 19043.1052)","http://support.microsoft.com/kb/5003637","KB only","KB only","KB only"," ","21-06Rollup"
"Tssdis.exe","RDS_vHost","6.2.19041.1","0","06-May-20","GDR","5003637","June 8, 2021-KB5003637 (OS Builds 19041.1052, 19042.1052, and 19043.1052)","http://support.microsoft.com/kb/5003637","KB only","KB only","KB only"," ","21-06Rollup"
"aaedge.dll","RDS_gateway","6.2.19041.1","1","06-May-20","GDR","5003637","June 8, 2021-KB5003637 (OS Builds 19041.1052, 19042.1052, and 19043.1052)","http://support.microsoft.com/kb/5003637","KB only","KB only","KB only"," ","21-06Rollup"
"lserver.dll","RDS_license","6.2.19041.1","1","06-May-20","GDR","5003637","June 8, 2021-KB5003637 (OS Builds 19041.1052, 19042.1052, and 19043.1052)","http://support.microsoft.com/kb/5003637","KB only","KB only","KB only"," ","21-06Rollup"
"licmgr.exe","RDS_license","6.2.19041.1","1","06-May-20","GDR","5003637","June 8, 2021-KB5003637 (OS Builds 19041.1052, 19042.1052, and 19043.1052)","http://support.microsoft.com/kb/5003637","KB only","KB only","KB only"," ","21-06Rollup"
"dxgkrnl.sys","RDS_host","6.2.19041.1023","1","25-May-21","GDR","5003637","June 8, 2021-KB5003637 (OS Builds 19041.1052, 19042.1052, and 19043.1052)","http://support.microsoft.com/kb/5003637","KB only","KB only","KB only"," ","21-06Rollup"
"sessenv.dll","RDS_host","6.2.19041.964","1","28-Apr-21","GDR","5003637","June 8, 2021-KB5003637 (OS Builds 19041.1052, 19042.1052, and 19043.1052)","http://support.microsoft.com/kb/5003637","KB only","KB only","KB only"," ","21-06Rollup"
"Localspl.dll","Print_Spool","6.2.19041.1052","0","08-Jun-21","GDR","5003637","June 8, 2021-KB5003637 (OS Builds 19041.1052, 19042.1052, and 19043.1052)","http://support.microsoft.com/kb/5003637","KB only","KB only","KB only"," ","21-06Rollup"
"Win32spl.dll","Print_Spool","6.2.19041.746","0","13-Oct-20","GDR","5003637","June 8, 2021-KB5003637 (OS Builds 19041.1052, 19042.1052, and 19043.1052)","http://support.microsoft.com/kb/5003637","KB only","KB only","KB only"," ","21-06Rollup"
"Spoolss.dll","Print_Spool","6.2.19041.1","0","06-May-20","GDR","5003637","June 8, 2021-KB5003637 (OS Builds 19041.1052, 19042.1052, and 19043.1052)","http://support.microsoft.com/kb/5003637","KB only","KB only","KB only"," ","21-06Rollup"
"Spoolsv.exe","Print_Spool","6.2.19041.1052","0","08-Jun-21","GDR","5003637","June 8, 2021-KB5003637 (OS Builds 19041.1052, 19042.1052, and 19043.1052)","http://support.microsoft.com/kb/5003637","KB only","KB only","KB only"," ","21-06Rollup"
"Winspool.drv","Print_Spool","6.2.19041.1023","0","25-May-21","GDR","5003637","June 8, 2021-KB5003637 (OS Builds 19041.1052, 19042.1052, and 19043.1052)","http://support.microsoft.com/kb/5003637","KB only","KB only","KB only"," ","21-06Rollup"
"Ntprint.exe","Print_App","6.2.19041.1023","0","25-May-21","GDR","5003637","June 8, 2021-KB5003637 (OS Builds 19041.1052, 19042.1052, and 19043.1052)","http://support.microsoft.com/kb/5003637","KB only","KB only","KB only"," ","21-06Rollup"
"Printui.dll","Print_App","6.2.19041.1","0","06-May-20","GDR","5003637","June 8, 2021-KB5003637 (OS Builds 19041.1052, 19042.1052, and 19043.1052)","http://support.microsoft.com/kb/5003637","KB only","KB only","KB only"," ","21-06Rollup"
"Printcom.dll","Print_App","6.2.19041.1","0","06-May-20","GDR","5003637","June 8, 2021-KB5003637 (OS Builds 19041.1052, 19042.1052, and 19043.1052)","http://support.microsoft.com/kb/5003637","KB only","KB only","KB only"," ","21-06Rollup"
"Printfilterpipelineprxy.dll","Print_App","6.2.19041.867","0","09-Mar-21","GDR","5003637","June 8, 2021-KB5003637 (OS Builds 19041.1052, 19042.1052, and 19043.1052)","http://support.microsoft.com/kb/5003637","KB only","KB only","KB only"," ","21-06Rollup"
"Printfilterpipelinesvc.exe","Print_App","6.2.19041.867","0","09-Mar-21","GDR","5003637","June 8, 2021-KB5003637 (OS Builds 19041.1052, 19042.1052, and 19043.1052)","http://support.microsoft.com/kb/5003637","KB only","KB only","KB only"," ","21-06Rollup"
"Printbrm.exe","Print_App","6.2.19041.450","0","11-Aug-20","GDR","5003637","June 8, 2021-KB5003637 (OS Builds 19041.1052, 19042.1052, and 19043.1052)","http://support.microsoft.com/kb/5003637","KB only","KB only","KB only"," ","21-06Rollup"
"splwow64.exe","Print_App","6.2.19041.746","0","08-Dec-20","GDR","5003637","June 8, 2021-KB5003637 (OS Builds 19041.1052, 19042.1052, and 19043.1052)","http://support.microsoft.com/kb/5003637","KB only","KB only","KB only"," ","21-06Rollup"
"Mxdwdrv.dll","Print_Driver","6.2.19041.1","1","6-Sep-20","GDR","5003637","June 8, 2021-KB5003637 (OS Builds 19041.1052, 19042.1052, and 19043.1052)","http://support.microsoft.com/kb/5003637","KB only","KB only","KB only"," ","21-06Rollup"
"Pcl4res.dll","Print_Driver","6.2.19041.1","1","6-Sep-20","GDR","5003637","June 8, 2021-KB5003637 (OS Builds 19041.1052, 19042.1052, and 19043.1052)","http://support.microsoft.com/kb/5003637","KB only","KB only","KB only"," ","21-06Rollup"
"Pscript5.dll","Print_Driver","6.2.19041.1","1","6-Sep-20","GDR","5003637","June 8, 2021-KB5003637 (OS Builds 19041.1052, 19042.1052, and 19043.1052)","http://support.microsoft.com/kb/5003637","KB only","KB only","KB only"," ","21-06Rollup"
"Unidrv.dll","Print_Driver","6.2.19041.1","1","6-Sep-20","GDR","5003637","June 8, 2021-KB5003637 (OS Builds 19041.1052, 19042.1052, and 19043.1052)","http://support.microsoft.com/kb/5003637","KB only","KB only","KB only"," ","21-06Rollup"
"Unires.dll","Print_Driver","6.2.19041.1","1","6-Sep-20","GDR","5003637","June 8, 2021-KB5003637 (OS Builds 19041.1052, 19042.1052, and 19043.1052)","http://support.microsoft.com/kb/5003637","KB only","KB only","KB only"," ","21-06Rollup"
"Xpssvcs.dll","Print_Driver","6.2.19041.1","1","06-May-20","GDR","5003637","June 8, 2021-KB5003637 (OS Builds 19041.1052, 19042.1052, and 19043.1052)","http://support.microsoft.com/kb/5003637","KB only","KB only","KB only"," ","21-06Rollup"
"Mshtml.dll","IE_Client","11.0.19041.1052","0","08-Jun-21","GDR","5003637","June 8, 2021-KB5003637 (OS Builds 19041.1052, 19042.1052, and 19043.1052)","http://support.microsoft.com/kb/5003637","KB only","KB only","KB only"," ","21-06Rollup"
"4598481","Win2016_2004_21-01_SSU_KB"," ","0","12-Jan-2021","GDR","4598481","Servicing stack update for Windows 10, version 2004 and 20H2: January 12, 2021","http://support.microsoft.com/kb/4598481","KB only","KB only","KB Only"," ","No Rollup"
"5003637","Win20162004_21-06_B_rollup_KB"," ","0","08-Jun-2021","GDR","5003637","June 8, 2021-KB5003637 (OS Builds 19041.1052, 19042.1052, and 19043.1052)","http://support.microsoft.com/kb/5003637","KB only","KB only","KB only"," ","21-06Rollup"
