"Binary","Component","Version","Prio","Published","Branch","Article","Title","Link","LDROnlyKB","LDROnlyTitle","LDROnlyLink","Comment","RollupInfo"
"Localspl.dll","Print_Spool","6.0.6003.21027","0","10-Nov-20","GDR","5003661","June 8, 2021-KB5003661 (Monthly Rollup)","http://support.microsoft.com/kb/5003661","KB only","KB only","KB only"," ","21-06Rollup"
"win32spl.dll","Print_Spool","6.0.6003.21027","0","12-Sep-2017","LDRGDR","3170455","MS16-087: Description of the security update for Windows print spooler components: July 12, 2016","http://support.microsoft.com/kb/3170455","2748246 (v1.0)","""The Specified port is unknown"" error message when you use GPP to deploy printers to a computer that is running Windows 7 or Windows Server 2008 R2","http://support.microsoft.com/kb/2748246","rEX","No Rollup"
"spoolss.dll","Print_Spool","6.0.6002.22628","0","21.04.2011","LDRGDR","2540589 (v1.0)","Wrong print output when you print content that contains fonts that have obfuscated names by using Internet Explorer 9 in Windows Vista or in Windows Server 2008","http://support.microsoft.com/kb/2540589","2532459 (v1.0)","Print queue does not work if the queue is not one of the first 100 queues installed in a Windows Server 2008 or Windows Server 2008 R2 Terminal Services session","http://support.microsoft.com/kb/2532459"," ","No Rollup"
"spoolsv.exe","Print_Spool","6.0.6002.21027","0","11.12.2010","LDRGDR","2480118","You cannot print results to files by using web applications in Windows Server 2003, Windows Vista, Windows Server 2008, Windows 7, or Windows Server 2008 R2 after you install security update MS10-061","http://support.microsoft.com/kb/2480118","No LDR Only available","No LDR Only available","No LDR Only available","rEX","No Rollup"
"winspool.drv","Print_Spool","6.0.6002.24561","0","30-Apr-20","GDR","5003661","June 8, 2021-KB5003661 (Monthly Rollup)","http://support.microsoft.com/kb/5003661","KB only","KB only","KB only"," ","21-06Rollup"
"Ntprint.exe","Print_App","6.0.6003.21027","0","10-Nov-20","GDR","5003661","June 8, 2021-KB5003661 (Monthly Rollup)","http://support.microsoft.com/kb/5003661","KB only","KB only","KB only"," ","21-06Rollup"
"Printui.dll","Print_App","6.0.6003.21027","0","10-Nov-20","GDR","5003661","June 8, 2021-KB5003661 (Monthly Rollup)","http://support.microsoft.com/kb/5003661","KB only","KB only","KB only"," ","21-06Rollup"
"Printcom.dll","Print_App","6.0.6003.21027","0","30-Apr-20","GDR","5003661","June 8, 2021-KB5003661 (Monthly Rollup)","http://support.microsoft.com/kb/5003661","KB only","KB only","KB only"," ","21-06Rollup"
"Printfilterpipelineprxy.dll","Print_App","6.0.6003.21027","0","14-Nov-19","GDR","5003661","June 8, 2021-KB5003661 (Monthly Rollup)","http://support.microsoft.com/kb/5003661","KB only","KB only","KB only"," ","21-06Rollup"
"Printfilterpipelinesvc.exe","Print_App","6.0.6003.21027","0","11-Apr-20","GDR","5003661","June 8, 2021-KB5003661 (Monthly Rollup)","http://support.microsoft.com/kb/5003661","KB only","KB only","KB only"," ","21-06Rollup"
"Printbrm.exe","Print_App","6.0.6003.20898","0","11-Jul-20","GDR","5003661","June 8, 2021-KB5003661 (Monthly Rollup)","http://support.microsoft.com/kb/5003661","KB only","KB only","KB only"," ","21-06Rollup"
"splwow64.exe","Print_App","6.0.6002.24561","0","14-Feb-19","GDR","5003661","June 8, 2021-KB5003661 (Monthly Rollup)","http://support.microsoft.com/kb/5003661","KB only","KB only","KB only"," ","21-06Rollup"
"Mxdwdrv.dll","Print_Driver","0.3.7601.21760","1","21-Apr-20","GDR","5003661","June 8, 2021-KB5003661 (Monthly Rollup)","http://support.microsoft.com/kb/5003661","KB only","KB only","KB only"," ","21-06Rollup"
"Pcl4res.dll","Print_Driver","0.3.5479.0","1","21-Nov-17","GDR","5003661","June 8, 2021-KB5003661 (Monthly Rollup)","http://support.microsoft.com/kb/5003661","KB only","KB only","KB only"," ","21-06Rollup"
"Pscript5.dll","Print_Driver","0.3.9600.19869","1","10-Nov-20","GDR","5003661","June 8, 2021-KB5003661 (Monthly Rollup)","http://support.microsoft.com/kb/5003661","KB only","KB only","KB only"," ","21-06Rollup"
"Unidrv.dll","Print_Driver","0.3.9600.19697","1","21-Apr-20","GDR","5003661","June 8, 2021-KB5003661 (Monthly Rollup)","http://support.microsoft.com/kb/5003661","KB only","KB only","KB only"," ","21-06Rollup"
"Unires.dll","Print_Driver","0.3.7601.17514","1","21-Nov-17","GDR","5003661","June 8, 2021-KB5003661 (Monthly Rollup)","http://support.microsoft.com/kb/5003661","KB only","KB only","KB only"," ","21-06Rollup"
"Xpssvcs.dll","Print_Driver","6.1.7601.21760","1","21-Apr-20","GDR","5003661","June 8, 2021-KB5003661 (Monthly Rollup)","http://support.microsoft.com/kb/5003661","KB only","KB only","KB only"," ","21-06Rollup"
"4493730","Win2008_19_04_SSU_KB"," ","0","09-Apr-2020","LDR","4493730","Servicing stack update for Windows Server 2008 SP2: April 9, 2019","http://support.microsoft.com/kb/4493730","KB only","KB only","KB Only"," ","No Rollup"
"4474419","Win2008_19_09_SHA_KB"," ","0","23-Sep-2019","LDR","4474419","SHA-2 code signing support update for Windows Server 2008 R2, Windows 7, and Windows Server 2008: September 23, 2019","http://support.microsoft.com/kb/4474419","KB only","KB only","KB Only"," ","No Rollup"
"4534303","Win2008_20-01_B_last-non-ESU"," ","0","14-Jan-2020","GDR","4534303","January 14, 2020-KB4534303 (Monthly Rollup)","http://support.microsoft.com/kb/4534303","KB only","KB only","KB only"," ","20-01Rollup"
"4580971","Win2008_20_10_SSU_KB"," ","0","13-Oct-2020","LDR","4580971","Servicing stack update for Windows Server 2008 SP2: October 13, 2020","http://support.microsoft.com/kb/4580971","KB only","KB only","KB Only"," ","No Rollup"
"4538484","Win2008_20_02_ESU_KB"," ","0","11-Feb-2020","LDR","4538484","Extended Security Updates (ESU) Licensing Preparation Package for Windows Server 2008 SP2","http://support.microsoft.com/kb/4538484","KB only","KB only","KB Only"," ","No Rollup"
"4575904","Win2008_21_02_ESU_KB"," ","0","09-Feb-2021","LDR","4575904","Update for the Extended Security Updates (ESU) Licensing Preparation Package for Windows Server 2008 SP2","http://support.microsoft.com/kb/4575904","KB only","KB only","KB Only"," ","No Rollup"
"5003661","Win2008_21-06_B_rollup_KB"," ","0","08-Jun-2021","GDR","5003661","June 8, 2021-KB5003661 (Monthly Rollup)","http://support.microsoft.com/kb/5003661","KB only","KB only","KB only"," ","21-06Rollup"
