"Binary","Component","Version","Prio","Published","Branch","Article","Title","Link","LDROnlyKB","LDROnlyTitle","LDROnlyLink","Comment","RollupInfo"
"Localspl.dll","Print_Spool","6.2.14393.5648","0","05-Jan-2023","GDR","5022838","February 14, 2023-KB5022838 (OS Build 14393.5717)","http://support.microsoft.com/kb/5022838","No LDR Only available","No LDR Only available","No LDR Only available"," ","23-02Rollup"
"Win32spl.dll","Print_Spool","6.2.14393.5582","0","01-Dec-2022","GDR","5022838","February 14, 2023-KB5022838 (OS Build 14393.5717)","http://support.microsoft.com/kb/5022838","No LDR Only available","No LDR Only available","No LDR Only available"," ","23-02Rollup"
"Spoolss.dll","Print_Spool","6.2.14393.5066","0","02-Apr-2022","GDR","5022838","February 14, 2023-KB5022838 (OS Build 14393.5717)","http://support.microsoft.com/kb/5022838","No LDR Only available","No LDR Only available","No LDR Only available"," ","23-02Rollup"
"Spoolsv.exe","Print_Spool","6.2.14393.5648","0","05-Jan-2023","GDR","5022838","February 14, 2023-KB5022838 (OS Build 14393.5717)","http://support.microsoft.com/kb/5022838","No LDR Only available","No LDR Only available","No LDR Only available"," ","23-02Rollup"
"Winspool.drv","Print_Spool","6.2.14393.5582","0","01-Dec-2022","GDR","5022838","February 14, 2023-KB5022838 (OS Build 14393.5717)","http://support.microsoft.com/kb/5022838","No LDR Only available","No LDR Only available","No LDR Only available"," ","23-02Rollup"
"Ntprint.exe","Print_App","6.2.14393.4704","0","04-Oct-2021","GDR","5022838","February 14, 2023-KB5022838 (OS Build 14393.5717)","http://support.microsoft.com/kb/5022838","No LDR Only available","No LDR Only available","No LDR Only available"," ","23-02Rollup"
"Printui.dll","Print_App","6.2.14393.4651","0","11-Sep-2021","GDR","5022838","February 14, 2023-KB5022838 (OS Build 14393.5717)","http://support.microsoft.com/kb/5022838","No LDR Only available","No LDR Only available","No LDR Only available"," ","23-02Rollup"
"Printcom.dll","Print_App","6.2.14393.0","0","","RTM","5022838","","","","","","",""
"Printfilterpipelineprxy.dll","Print_App","6.2.14393.4169","0","07-Jan-2021","GDR","5022838","February 14, 2023-KB5022838 (OS Build 14393.5717)","http://support.microsoft.com/kb/5022838","No LDR Only available","No LDR Only available","No LDR Only available"," ","23-02Rollup"
"Printfilterpipelinesvc.exe","Print_App","6.2.14393.5648","0","10-Jan-2023","GDR","5022838","February 14, 2023-KB5022838 (OS Build 14393.5717)","http://support.microsoft.com/kb/5022838","No LDR Only available","No LDR Only available","No LDR Only available","rEX","23-02Rollup"
"Printbrm.exe","Print_App","6.2.14393.4169","0","07-Jan-2021","GDR","5022838","February 14, 2023-KB5022838 (OS Build 14393.5717)","http://support.microsoft.com/kb/5022838","No LDR Only available","No LDR Only available","No LDR Only available"," ","23-02Rollup"
"splwow64.exe","Print_App","6.2.14393.5648","0","05-Jan-2023","GDR","5022838","February 14, 2023-KB5022838 (OS Build 14393.5717)","http://support.microsoft.com/kb/5022838","No LDR Only available","No LDR Only available","No LDR Only available"," ","23-02Rollup"
"Mxdwdrv.dll","Print_Driver","0.3.14393.5648","1","10-Jan-2023","GDR","5022838","February 14, 2023-KB5022838 (OS Build 14393.5717)","http://support.microsoft.com/kb/5022838","No LDR Only available","No LDR Only available","No LDR Only available","rEX","23-02Rollup"
"Pcl4res.dll","Print_Driver","0.3.5479.0","1","13-Sep-2022","GDR","5022838","February 14, 2023-KB5022838 (OS Build 14393.5717)","http://support.microsoft.com/kb/5022838","No LDR Only available","No LDR Only available","No LDR Only available","rEX","23-02Rollup"
"Pscript5.dll","Print_Driver","0.3.14393.5648","1","10-Jan-2023","GDR","5022838","February 14, 2023-KB5022838 (OS Build 14393.5717)","http://support.microsoft.com/kb/5022838","No LDR Only available","No LDR Only available","No LDR Only available","rEX","23-02Rollup"
"Unidrv.dll","Print_Driver","0.3.14393.5291","1","13-Sep-2022","GDR","5022838","February 14, 2023-KB5022838 (OS Build 14393.5717)","http://support.microsoft.com/kb/5022838","No LDR Only available","No LDR Only available","No LDR Only available","rEX","23-02Rollup"
"Unires.dll","Print_Driver","0.3.14393.5291","1","13-Sep-2022","GDR","5022838","February 14, 2023-KB5022838 (OS Build 14393.5717)","http://support.microsoft.com/kb/5022838","No LDR Only available","No LDR Only available","No LDR Only available","rEX","23-02Rollup"
"Xpssvcs.dll","Print_Driver","0.3.14393.5291","1","13-Sep-2022","GDR","5022838","February 14, 2023-KB5022838 (OS Build 14393.5717)","http://support.microsoft.com/kb/5022838","No LDR Only available","No LDR Only available","No LDR Only available","rEX","23-02Rollup"
"5005698","Win2016RS1_21_09_SSU_KB"," ","0","14-Sep-2021","GDR","5005698","KB5005698: Servicing stack update for Windows 10, version 1607: September 14, 2021","http://support.microsoft.com/kb/5005698","No LDR Only available","No LDR Only available","No LDR Only available"," ","No Rollup"
"5022838","Win2016RS1_23-02_B_rollup_KB"," ","0","14-Feb-2023","GDR","5022838","February 14, 2023-KB5022838 (OS Build 14393.5717)","http://support.microsoft.com/kb/5022838","No LDR Only available","No LDR Only available","No LDR Only available"," ","23-02Rollup"
