"Binary","Component","Version","Prio","Published","Branch","Article","Title","Link","LDROnlyKB","LDROnlyTitle","LDROnlyLink","Comment","RollupInfo"
"Fltmgr.sys","Core_Kernel","6.2.16299.1868","0","5-May-20","GDR","4580328","October 13, 2020-KB4580328 (OS Build 16299.2166)","http://support.microsoft.com/kb/4580328","No LDR Only available","No LDR Only available","No LDR Only available","rEX","20-10Rollup"
"win32k.sys","Core_Kernel","6.2.16299.15","0","29-Sep-17","GDR","4580328","October 13, 2020-KB4580328 (OS Build 16299.2166)","http://support.microsoft.com/kb/4580328","No LDR Only available","No LDR Only available","No LDR Only available","rEX","20-10Rollup"
"Msiscsi.sys","Core_DiskSystem","6.2.16299.1268","0","5-Jul-19","GDR","4580328","October 13, 2020-KB4580328 (OS Build 16299.2166)","http://support.microsoft.com/kb/4580328","No LDR Only available","No LDR Only available","No LDR Only available","rEX","20-10Rollup"
"Mpio.sys","Core_MPIO","6.2.16299.334","0","13-Mar-18","GDR","4580328","October 13, 2020-KB4580328 (OS Build 16299.2166)","http://support.microsoft.com/kb/4580328","No LDR Only available","No LDR Only available","No LDR Only available","rEX","20-10Rollup"
"Msdsm.sys","Core_MPIO","6.2.16299.579","0","18-Jul-18","GDR","4580328","October 13, 2020-KB4580328 (OS Build 16299.2166)","http://support.microsoft.com/kb/4580328","No LDR Only available","No LDR Only available","No LDR Only available","rEX","20-10Rollup"
"Swprv.dll","Core_VSS","6.2.16299.1932","1","2-Jun-20","GDR","4580328","October 13, 2020-KB4580328 (OS Build 16299.2166)","http://support.microsoft.com/kb/4580328","No LDR Only available","No LDR Only available","No LDR Only available","rEX","20-10Rollup"
"pci.sys","Core_Sys","6.2.16299.820","1","7-Nov-18","GDR","4580328","October 13, 2020-KB4580328 (OS Build 16299.2166)","http://support.microsoft.com/kb/4580328","No LDR Only available","No LDR Only available","No LDR Only available","rEX","20-10Rollup"
"Volmgr.sys","Core_Sys","6.2.16299.2166","1","30-Sep-20","GDR","4580328","October 13, 2020-KB4580328 (OS Build 16299.2166)","http://support.microsoft.com/kb/4580328","No LDR Only available","No LDR Only available","No LDR Only available","rEX","20-10Rollup"
"Advapi32.dll","Core_Apps","6.2.16299.696","0","31-Aug-18","GDR","4580328","October 13, 2020-KB4580328 (OS Build 16299.2166)","http://support.microsoft.com/kb/4580328","No LDR Only available","No LDR Only available","No LDR Only available","rEX","20-10Rollup"
"Clussvc.exe","Cluster_Core","6.2.16299.1932","0","2-Jun-20","GDR","4580328","October 13, 2020-KB4580328 (OS Build 16299.2166)","http://support.microsoft.com/kb/4580328","No LDR Only available","No LDR Only available","No LDR Only available","rEX","20-10Rollup"
"Vhdmp.sys","Cluster_CSV","6.2.16299.1387","0","4-Sep-19","GDR","4580328","October 13, 2020-KB4580328 (OS Build 16299.2166)","http://support.microsoft.com/kb/4580328","No LDR Only available","No LDR Only available","No LDR Only available","rEX","20-10Rollup"
"Volsnap.sys","Cluster_Volsnap","6.2.16299.125","0","7-Dec-17","GDR","4580328","October 13, 2020-KB4580328 (OS Build 16299.2166)","http://support.microsoft.com/kb/4580328","No LDR Only available","No LDR Only available","No LDR Only available","rEX","20-10Rollup"
"Vmswitch.sys","Hyper-V_Net","6.2.16299.2166","1","30-Sep-20","GDR","4580328","October 13, 2020-KB4580328 (OS Build 16299.2166)","http://support.microsoft.com/kb/4580328","No LDR Only available","No LDR Only available","No LDR Only available","rEX","20-10Rollup"
"Wnv.sys","Hyper-V_Net","6.2.16299.2166","1","30-Sep-20","GDR","4580328","October 13, 2020-KB4580328 (OS Build 16299.2166)","http://support.microsoft.com/kb/4580328","No LDR Only available","No LDR Only available","No LDR Only available","rEX","20-10Rollup"
"Vmms.exe","Hyper-V_Net","6.2.16299.1331","1","7-Aug-19","GDR","4580328","October 13, 2020-KB4580328 (OS Build 16299.2166)","http://support.microsoft.com/kb/4580328","No LDR Only available","No LDR Only available","No LDR Only available","rEX","20-10Rollup"
"pvhdparser.sys","Hyper-V_Net","6.2.16299.371","1","30-Mar-18","GDR","4580328","October 13, 2020-KB4580328 (OS Build 16299.2166)","http://support.microsoft.com/kb/4580328","No LDR Only available","No LDR Only available","No LDR Only available","rEX","20-10Rollup"
"Tcpip.sys","Net_Protocol","6.2.16299.2166","0","30-Sep-20","GDR","4580328","October 13, 2020-KB4580328 (OS Build 16299.2166)","http://support.microsoft.com/kb/4580328","No LDR Only available","No LDR Only available","No LDR Only available","rEX","20-10Rollup"
"srv.sys","Net_SMB_Server","6.2.16299.1932","0","2-Jun-20","GDR","4580328","October 13, 2020-KB4580328 (OS Build 16299.2166)","http://support.microsoft.com/kb/4580328","No LDR Only available","No LDR Only available","No LDR Only available","rEX","20-10Rollup"
"Mrxsmb.sys","Net_SMB_Client","6.2.16299.1387","0","4-Sep-19","GDR","4580328","October 13, 2020-KB4580328 (OS Build 16299.2166)","http://support.microsoft.com/kb/4580328","No LDR Only available","No LDR Only available","No LDR Only available","rEX","20-10Rollup"
"4565553","Win2016RS3_20_07_SSU_KB"," ","0","14-Jul-2020","GDR","4565553","Servicing stack update for Windows 10, version 1709: July 14, 2020","http://support.microsoft.com/kb/4565553","KB only","KB only","KB Only"," ","No Rollup"
"4580328","Win2016RS3_20-10_B_rollup_KB"," ","0","13-Oct-2020","GDR","4580328 (v1.0)","October 13, 2020-KB4580328 (OS Build 16299.2166)","http://support.microsoft.com/kb/4580328","KB only","KB only","KB only"," ","20-10Rollup"
