"Binary","Component","Version","Prio","Published","Branch","Article","Title","Link","LDROnlyKB","LDROnlyTitle","LDROnlyLink","Comment","RollupInfo"
"Ntoskrnl.exe","Core_Kernel","6.1.7601.25920","0","16-Mar-2022","LDR","5012626","April 12, 2022-KB5012626 (Monthly Rollup)","http://support.microsoft.com/kb/5012626","No LDR Only available","No LDR Only available","No LDR Only available"," ","22-04Rollup"
"Ntkrnlpa.exe","Core_Kernel","6.1.7601.25920","0","16-Mar-2022","LDR","5012626","April 12, 2022-KB5012626 (Monthly Rollup)","http://support.microsoft.com/kb/5012626","No LDR Only available","No LDR Only available","No LDR Only available"," ","22-04Rollup"
"crashdmp.sys","Core_Kernel","6.1.7601.22277","0","12.03.2013","LDRGDR","2826910 (v1.0)","Secondary dump data is limited to 256 MB in Windows 7 and Windows Server 2008 R2","http://support.microsoft.com/kb/2826910","No LDR Only available","No LDR Only available","No LDR Only available"," ","16-04Rollup"
"Ntdll.dll","Core_Kernel","6.1.7601.25920","0","16-Mar-2022","LDR","5012626","April 12, 2022-KB5012626 (Monthly Rollup)","http://support.microsoft.com/kb/5012626","No LDR Only available","No LDR Only available","No LDR Only available"," ","22-04Rollup"
"Hal.dll","Core_Kernel","6.1.7601.25920","0","16-Mar-2022","LDR","5012626","April 12, 2022-KB5012626 (Monthly Rollup)","http://support.microsoft.com/kb/5012626","No LDR Only available","No LDR Only available","No LDR Only available"," ","22-04Rollup"
"Fltmgr.sys","Core_Kernel","6.1.7601.25628","0","12-May-2021","LDR","5012626","April 12, 2022-KB5012626 (Monthly Rollup)","http://support.microsoft.com/kb/5012626","No LDR Only available","No LDR Only available","No LDR Only available"," ","22-04Rollup"
"win32k.sys","Core_Kernel","6.1.7601.25919","0","09-Mar-2022","LDR","5012626","April 12, 2022-KB5012626 (Monthly Rollup)","http://support.microsoft.com/kb/5012626","No LDR Only available","No LDR Only available","No LDR Only available"," ","22-04Rollup"
"Ntfs.sys","Core_FileSystem","6.1.7601.25920","0","16-Mar-2022","LDR","5012626","April 12, 2022-KB5012626 (Monthly Rollup)","http://support.microsoft.com/kb/5012626","No LDR Only available","No LDR Only available","No LDR Only available"," ","22-04Rollup"
"msiscsi.sys","Core_DiskSystem","6.1.7601.22647","0","04.04.2014","LDR","2957560 (v1.0)","Computer that is running Windows freezes after stress testing in iSCSI initiator for many hours","http://support.microsoft.com/kb/2957560","2957560 (v1.0)","Computer that is running Windows freezes after stress testing in iSCSI initiator for many hours","http://support.microsoft.com/kb/2957560"," ","16-04Rollup"
"Storport.sys","Core_DiskSystem","6.1.7601.25735","0","15-Sep-2021","LDR","5012626","April 12, 2022-KB5012626 (Monthly Rollup)","http://support.microsoft.com/kb/5012626","No LDR Only available","No LDR Only available","No LDR Only available"," ","22-04Rollup"
"Repdrvfs.dll","Core_WMI","6.1.7601.24551","0","12-Mar-2020","LDR","5012626","April 12, 2022-KB5012626 (Monthly Rollup)","http://support.microsoft.com/kb/5012626","No LDR Only available","No LDR Only available","No LDR Only available"," ","22-04Rollup"
"mpio.sys","Core_MPIO","6.1.7601.23103","0","20.06.2015","LDR","3070714 (v3.0)","I/O failure during MPIO path failover in Windows Server 2008 R2 SP1","http://support.microsoft.com/kb/3070714","3070714 (v3.0)","I/O failure during MPIO path failover in Windows Server 2008 R2 SP1","http://support.microsoft.com/kb/3070714"," ","16-04Rollup"
"msdsm.sys","Core_MPIO","6.1.7601.23103","0","20.06.2015","LDR","3070714 (v3.0)","I/O failure during MPIO path failover in Windows Server 2008 R2 SP1","http://support.microsoft.com/kb/3070714","3070714 (v3.0)","I/O failure during MPIO path failover in Windows Server 2008 R2 SP1","http://support.microsoft.com/kb/3070714"," ","16-04Rollup"
"Advapi32.dll","Core_Apps","6.1.7601.25920","0","16-Mar-2022","LDR","5012626","April 12, 2022-KB5012626 (Monthly Rollup)","http://support.microsoft.com/kb/5012626","No LDR Only available","No LDR Only available","No LDR Only available"," ","22-04Rollup"
"vssapi.dll","Core_VSS","6.1.7601.22828","1","07.10.2014","LDR","2996928 (v2.0)","Backup task fails with a time-out error in Window","http://support.microsoft.com/kb/2996928","2996928 (v2.0)","Backup task fails with a time-out error in Window","http://support.microsoft.com/kb/2996928"," ","16-04Rollup"
"vsstrace.dll","Core_VSS","6.1.7601.22828","1","07.10.2014","LDR","2996928 (v2.0)","Backup task fails with a time-out error in Window","http://support.microsoft.com/kb/2996928","2996928 (v2.0)","Backup task fails with a time-out error in Window","http://support.microsoft.com/kb/2996928"," ","16-04Rollup"
"swprv.dll","Core_VSS","6.1.7601.22179","1","05.12.2012","LDR","2767652 (v1.0)","Shadow copy storage area is created on the wrong disk when you create a volume snapshot of a CSV by using VSS in Windows Server 2008 R2","http://support.microsoft.com/kb/2767652","2767652 (v1.0)","Shadow copy storage area is created on the wrong disk when you create a volume snapshot of a CSV by using VSS in Windows Server 2008 R2","http://support.microsoft.com/kb/2767652"," ","16-04Rollup"
"spp.dll","Core_VSS","6.1.7601.21637","1","10.01.2011","LDR","2457458 (v1.0)","Windows backup fails when you back up data from the root folder of a mount point","http://support.microsoft.com/kb/2457458","2457458 (v1.0)","Windows backup fails when you back up data from the root folder of a mount point","http://support.microsoft.com/kb/2457458"," ","16-04Rollup"
"wbengine.exe","Core_VSS","6.1.7601.24576","1","11-Mar-2021","LDR","5012626","April 12, 2022-KB5012626 (Monthly Rollup)","http://support.microsoft.com/kb/5012626","No LDR Only available","No LDR Only available","No LDR Only available"," ","22-04Rollup"
"blbsrv.dll","Core_VSS","6.1.7601.21667","1","25.02.2011","LDR","2512352 (v1.0)","Windows Server Backup utility does not back up some newly created files in Windows 7 or in Windows Server 2008 R2","http://support.microsoft.com/kb/2512352","2512352 (v1.0)","Windows Server Backup utility does not back up some newly created files in Windows 7 or in Windows Server 2008 R2","http://support.microsoft.com/kb/2512352"," ","16-04Rollup"
"volsnap.sys","Cluster_Volsnap","6.1.7601.23033","0","11.04.2015","LDR","3056066 (v1.0)","Backups fail for VMs with pre-existing software snapshots that use shadow storage set to a different drive in Windows 7 and Windows Server 2008 R2","http://support.microsoft.com/kb/3056066","3056066 (v1.0)","Backups fail for VMs with pre-existing software snapshots that use shadow storage set to a different drive in Windows 7 and Windows Server 2008 R2","http://support.microsoft.com/kb/3056066"," ","16-04Rollup"
"pci.sys","Core_Sys","6.1.7601.25824","1","20-Dec-2021","LDR","5012626","April 12, 2022-KB5012626 (Monthly Rollup)","http://support.microsoft.com/kb/5012626","No LDR Only available","No LDR Only available","No LDR Only available"," ","22-04Rollup"
"Termdd.sys","Core_Sys","6.1.7601.25824","1","20-Dec-2021","LDR","5012626","April 12, 2022-KB5012626 (Monthly Rollup)","http://support.microsoft.com/kb/5012626","No LDR Only available","No LDR Only available","No LDR Only available"," ","22-04Rollup"
"Volmgr.sys","Core_Sys","6.1.7601.25824","1","20-Dec-2021","LDR","5012626","April 12, 2022-KB5012626 (Monthly Rollup)","http://support.microsoft.com/kb/5012626","No LDR Only available","No LDR Only available","No LDR Only available"," ","22-04Rollup"
"Crypt32.dll","Dom_CRYPTO","6.1.7601.25757","1","11-Oct-2021","LDR","5012626","April 12, 2022-KB5012626 (Monthly Rollup)","http://support.microsoft.com/kb/5012626","No LDR Only available","No LDR Only available","No LDR Only available"," ","22-04Rollup"
"Cryptsvc.dll","Dom_CRYPTO","6.1.7601.25757","1","11-Oct-2021","LDR","5012626","April 12, 2022-KB5012626 (Monthly Rollup)","http://support.microsoft.com/kb/5012626","No LDR Only available","No LDR Only available","No LDR Only available"," ","22-04Rollup"
"Cryptnet.dll","Dom_CRYPTO","6.1.7601.25757","1","11-Oct-2021","LDR","5012626","April 12, 2022-KB5012626 (Monthly Rollup)","http://support.microsoft.com/kb/5012626","No LDR Only available","No LDR Only available","No LDR Only available"," ","22-04Rollup"
"Wintrust.dll","Dom_CRYPTO","6.1.7601.25757","1","11-Oct-2021","LDR","5012626","April 12, 2022-KB5012626 (Monthly Rollup)","http://support.microsoft.com/kb/5012626","No LDR Only available","No LDR Only available","No LDR Only available"," ","22-04Rollup"
"Cryptdll.dll","Dom_CRYPTO","6.1.7601.24432","1","04-Apr-2019","LDR","5012626","April 12, 2022-KB5012626 (Monthly Rollup)","http://support.microsoft.com/kb/5012626","No LDR Only available","No LDR Only available","No LDR Only available"," ","22-04Rollup"
"Tzres.dll","Core_TimeZone","6.1.7601.25854","1","12-Jan-2022","LDR","5012626","April 12, 2022-KB5012626 (Monthly Rollup)","http://support.microsoft.com/kb/5012626","No LDR Only available","No LDR Only available","No LDR Only available"," ","22-04Rollup"
"3125574","Win2008R2_16_04B_rollup_KB"," ","0","07-May-2016","LDR","3125574","Convenience roll-up update for Windows 7 SP1 and Windows Server 2008 R2 SP1","http://support.microsoft.com/kb/3125574","No LDR Only available","No LDR Only available","No LDR Only available"," ","No Rollup"
"4490628","Win2008R2_19_03_SSU_KB"," ","0","12-Mar-2020","LDR","4490628","Servicing stack update for Windows 7 SP1 and Windows Server 2008 R2 SP1: March 12, 2019","http://support.microsoft.com/kb/4490628","No LDR Only available","No LDR Only available","No LDR Only available"," ","No Rollup"
"4474419","Win2008R2_19_09_SHA_KB"," ","0","23-Sep-2019","LDR","4474419","SHA-2 code signing support update for Windows Server 2008 R2, Windows 7, and Windows Server 2008: September 23, 2019","http://support.microsoft.com/kb/4474419","No LDR Only available","No LDR Only available","No LDR Only available"," ","No Rollup"
"4534310","Win2008R2_20-01_B_last-non-ESU"," ","0","14-Jan-2020","GDR","4534310 (v1.0)","January 14, 2020-KB4534310 (Monthly Rollup)","http://support.microsoft.com/kb/4534310","No LDR Only available","No LDR Only available","No LDR Only available"," ","20-01Rollup"
"4592510","Win2008R2_20_12_SSU_KB"," ","0","08-Dec-2020","LDR","4592510","Servicing stack update for Windows 7 SP1 and Server 2008 R2 SP1: December 8, 2020","http://support.microsoft.com/kb/4592510","No LDR Only available","No LDR Only available","No LDR Only available"," ","No Rollup"
"4538483","Win2008R2_20_02_ESU_KB"," ","0","11-Feb-2020","LDR","4538483","Extended Security Updates (ESU) Licensing Preparation Package for Windows 7 SP1 and Windows Server 2008 R2 SP1","http://support.microsoft.com/kb/4538483","No LDR Only available","No LDR Only available","No LDR Only available"," ","No Rollup"
"4575903","Win2008R2_21_02_ESU_KB"," ","0","09-Feb-2021","LDR","4575903","Update for the Extended Security Updates (ESU) Licensing Preparation Package for Windows 7 SP1 and Windows Server 2008 R2 SP1","http://support.microsoft.com/kb/4575903","No LDR Only available","No LDR Only available","No LDR Only available"," ","No Rollup"
"5010451","Win2008R2_22_02_SSU_KB"," ","0","08-Feb-2022","LDR","5010451","KB5010451: Servicing stack update for Windows 7 SP1 and Server 2008 R2 SP1: February 8, 2022","http://support.microsoft.com/kb/5010451","No LDR Only available","No LDR Only available","No LDR Only available"," ","No Rollup"
"5012626","Win2008R2_22-04_B_rollup_KB"," ","0","12-Apr-2022","GDR","5012626","April 12, 2022-KB5012626 (Monthly Rollup)","http://support.microsoft.com/kb/5012626","No LDR Only available","No LDR Only available","No LDR Only available"," ","22-04Rollup"
