"Binary","Component","Version","Prio","Published","Branch","Article","Title","Link","LDROnlyKB","LDROnlyTitle","LDROnlyLink","Comment","RollupInfo"
"Ntoskrnl.exe","Core_Kernel","6.2.17134.2208","0","11-May-21","GDR","5003174","May 11, 2021-KB5003174 (OS Build 17134.2208)","http://support.microsoft.com/kb/5003174","KB only","KB only","KB only"," ","21-05Rollup"
"Fltmgr.sys","Core_Kernel","6.2.17134.1456","0","7-Apr-20","GDR","5003174","May 11, 2021-KB5003174 (OS Build 17134.2208)","http://support.microsoft.com/kb/5003174","KB only","KB only","KB only"," ","21-05Rollup"
"Storport.sys","Core_DiskSystem","6.2.17134.1456","0","7-Apr-20","GDR","5003174","May 11, 2021-KB5003174 (OS Build 17134.2208)","http://support.microsoft.com/kb/5003174","KB only","KB only","KB only"," ","21-05Rollup"
"pci.sys","Core_Sys","6.2.17134.1276","1","7-Jan-20","GDR","5003174","May 11, 2021-KB5003174 (OS Build 17134.2208)","http://support.microsoft.com/kb/5003174","KB only","KB only","KB only"," ","21-05Rollup"
"Volmgr.sys","Core_Sys","6.2.17134.2145","1","12-Jan-21","GDR","5003174","May 11, 2021-KB5003174 (OS Build 17134.2208)","http://support.microsoft.com/kb/5003174","KB only","KB only","KB only"," ","21-05Rollup"
"Vmswitch.sys","Hyper-V_Net","6.2.17134.1845","1","4-Mar-20","GDR","5003174","May 11, 2021-KB5003174 (OS Build 17134.2208)","http://support.microsoft.com/kb/5003174","KB only","KB only","KB only"," ","21-05Rollup"
"Wnv.sys","Hyper-V_Net","6.2.17134.1967","1","6-May-20","GDR","5003174","May 11, 2021-KB5003174 (OS Build 17134.2208)","http://support.microsoft.com/kb/5003174","KB only","KB only","KB only"," ","21-05Rollup"
"Vmms.exe","Hyper-V_Net","6.2.17134.1967","1","7-Jan-20","GDR","5003174","May 11, 2021-KB5003174 (OS Build 17134.2208)","http://support.microsoft.com/kb/5003174","KB only","KB only","KB only"," ","21-05Rollup"
"Vmbus.sys","Hyper-V_Net","6.2.17134.228","1","3-Aug-18","GDR","5003174","May 11, 2021-KB5003174 (OS Build 17134.2208)","http://support.microsoft.com/kb/5003174","KB only","KB only","KB only"," ","21-05Rollup"
"Rasapi32.dll","HNV_Net","6.2.17134.2087","1","11-May-21","GDR","5003174","May 11, 2021-KB5003174 (OS Build 17134.2208)","http://support.microsoft.com/kb/5003174","KB only","KB only","KB only"," ","21-05Rollup"
"Vmwp.exe","Hyper-V_app","6.2.17134.1967","1","5-Feb-20","GDR","5003174","May 11, 2021-KB5003174 (OS Build 17134.2208)","http://support.microsoft.com/kb/5003174","KB only","KB only","KB only"," ","21-05Rollup"
"srv.sys","Net_SMB_Server","6.2.17134.1550","0","2-Jun-20","GDR","5003174","May 11, 2021-KB5003174 (OS Build 17134.2208)","http://support.microsoft.com/kb/5003174","KB only","KB only","KB only"," ","21-05Rollup"
"srv2.sys","Net_SMB_Server","6.2.17134.2145","0","11-May-21","GDR","5003174","May 11, 2021-KB5003174 (OS Build 17134.2208)","http://support.microsoft.com/kb/5003174","KB only","KB only","KB only"," ","21-05Rollup"
"Mup.sys","Net_SMB_Client","6.2.17134.1","0","11-Apr-18","GDR","5003174","May 11, 2021-KB5003174 (OS Build 17134.2208)","http://support.microsoft.com/kb/5003174","KB only","KB only","KB only"," ","21-05Rollup"
"5003364","Win2016RS4_21_05_SSU_KB"," ","0","11-May-2021","GDR","5003364","KB5003364: Servicing stack update for Windows 10, version 1803: May 11, 2021","http://support.microsoft.com/kb/5003364","KB only","KB only","KB Only"," ","No Rollup"
"5003174","Win2016RS4_21-05_B_rollup_KB"," ","0","11-May-2021","GDR","5003174","May 11, 2021-KB5003174 (OS Build 17134.2208)","http://support.microsoft.com/kb/5003174","KB only","KB only","KB only"," ","21-05Rollup"
