"Binary","Component","Version","Prio","Published","Branch","Article","Title","Link","LDROnlyKB","LDROnlyTitle","LDROnlyLink","Comment","RollupInfo"
"Ntoskrnl.exe","Core_Kernel","6.2.9200.24075","0","10-Jan-2023","GDR","5022903","February 14, 2023-KB5022903 (Monthly Rollup)","http://support.microsoft.com/kb/5022903","No LDR Only available","No LDR Only available","No LDR Only available","rEX","23-02Rollup"
"Ntkrnlpa.exe","Core_Kernel","6.2.9200.1","0","08-Nov-2022","GDR","5022348","January 10, 2023-KB5022348 (Monthly Rollup)","http://support.microsoft.com/kb/5022348","No LDR Only available","No LDR Only available","No LDR Only available"," ","23-01Rollup"
"Crashdmp.sys","Core_Kernel","6.2.9200.16703","0","11-Oct-2022","GDR","5022903","February 14, 2023-KB5022903 (Monthly Rollup)","http://support.microsoft.com/kb/5022903","No LDR Only available","No LDR Only available","No LDR Only available","rEX","23-02Rollup"
"vssapi.dll","Core_VSS","6.2.9200.21257","1","10.10.2014","LDR","2996928 (v2.0)","Backup task fails with a time-out error in Window","http://support.microsoft.com/kb/2996928","2996928 (v2.0)","Backup task fails with a time-out error in Window","http://support.microsoft.com/kb/2996928","rEX","No Rollup"
"vsstrace.dll","Core_VSS","6.2.9200.20521","1","23.09.2012","LDR","2756872 (v1.0)","Windows 8 Client and Windows Server 2012 General Availability Cumulative Update","http://support.microsoft.com/kb/2756872","No LDR Only available","No LDR Only available","No LDR Only available","rEX","12-10Rollup"
"vsssvc.exe","Core_VSS","6.2.9200.1","1","08-Nov-2022","GDR","5022348","January 10, 2023-KB5022348 (Monthly Rollup)","http://support.microsoft.com/kb/5022348","No LDR Only available","No LDR Only available","No LDR Only available"," ","23-01Rollup"
"Swprv.dll","Core_VSS","6.2.9200.16384","1","11-Oct-2022","GDR","5022903","February 14, 2023-KB5022903 (Monthly Rollup)","http://support.microsoft.com/kb/5022903","No LDR Only available","No LDR Only available","No LDR Only available","rEX","23-02Rollup"
"spp.dll","Core_VSS","6.2.9200.16384","1","18-Oct-2022","GDR","5022903","February 14, 2023-KB5022903 (Monthly Rollup)","http://support.microsoft.com/kb/5022903","No LDR Only available","No LDR Only available","No LDR Only available","rEX","23-02Rollup"
"wbengine.exe","Core_VSS","6.2.9200.23031","1","04-Apr-2020","GDR","5022903","February 14, 2023-KB5022903 (Monthly Rollup)","http://support.microsoft.com/kb/5022903","No LDR Only available","No LDR Only available","No LDR Only available"," ","23-02Rollup"
"blbsrv.dll","Core_VSS","6.2.9200.16384","1","18-Oct-2022","GDR","5022903","February 14, 2023-KB5022903 (Monthly Rollup)","http://support.microsoft.com/kb/5022903","No LDR Only available","No LDR Only available","No LDR Only available","rEX","23-02Rollup"
"Volsnap.sys","Cluster_Volsnap","6.2.9200.17047","0","11-Oct-2022","GDR","5022903","February 14, 2023-KB5022903 (Monthly Rollup)","http://support.microsoft.com/kb/5022903","No LDR Only available","No LDR Only available","No LDR Only available","rEX","23-02Rollup"
"pci.sys","Core_Sys","6.2.9200.22372","1","12-Feb-2018","GDR","5022903","February 14, 2023-KB5022903 (Monthly Rollup)","http://support.microsoft.com/kb/5022903","No LDR Only available","No LDR Only available","No LDR Only available"," ","23-02Rollup"
"Termdd.sys","Core_Sys","6.2.9200.1","1","08-Nov-2022","GDR","5022348","January 10, 2023-KB5022348 (Monthly Rollup)","http://support.microsoft.com/kb/5022348","No LDR Only available","No LDR Only available","No LDR Only available"," ","23-01Rollup"
"Volmgr.sys","Core_Sys","6.2.9200.23580","1","22-Dec-2021","GDR","5022903","February 14, 2023-KB5022903 (Monthly Rollup)","http://support.microsoft.com/kb/5022903","No LDR Only available","No LDR Only available","No LDR Only available"," ","23-02Rollup"
"Crypt32.dll","Dom_CRYPTO","6.2.9200.23809","1","05-Jul-2022","GDR","5022903","February 14, 2023-KB5022903 (Monthly Rollup)","http://support.microsoft.com/kb/5022903","No LDR Only available","No LDR Only available","No LDR Only available"," ","23-02Rollup"
"Cryptsvc.dll","Dom_CRYPTO","6.2.9200.16666","1","11-Oct-2022","GDR","5022903","February 14, 2023-KB5022903 (Monthly Rollup)","http://support.microsoft.com/kb/5022903","No LDR Only available","No LDR Only available","No LDR Only available","rEX","23-02Rollup"
"Cryptnet.dll","Dom_CRYPTO","6.2.9200.16592","1","11-Oct-2022","GDR","5022903","February 14, 2023-KB5022903 (Monthly Rollup)","http://support.microsoft.com/kb/5022903","No LDR Only available","No LDR Only available","No LDR Only available","rEX","23-02Rollup"
"Wintrust.dll","Dom_CRYPTO","6.2.9200.23711","1","27-Apr-2022","GDR","5022903","February 14, 2023-KB5022903 (Monthly Rollup)","http://support.microsoft.com/kb/5022903","No LDR Only available","No LDR Only available","No LDR Only available"," ","23-02Rollup"
"Cryptdll.dll","Dom_CRYPTO","6.2.9200.22739","1","04-Apr-2019","GDR","5022903","February 14, 2023-KB5022903 (Monthly Rollup)","http://support.microsoft.com/kb/5022903","No LDR Only available","No LDR Only available","No LDR Only available"," ","23-02Rollup"
"Cryptcatsvc.dll","Dom_CRYPTO","6.2.9200.23144","1","14-Aug-2020","GDR","5022903","February 14, 2023-KB5022903 (Monthly Rollup)","http://support.microsoft.com/kb/5022903","No LDR Only available","No LDR Only available","No LDR Only available"," ","23-02Rollup"
"5001401","Win2012_21_04_SSU_KB","KBOnlyVersion","0","13-Apr-2021","GDR","5001401","KB5001401: Servicing stack update for Windows Server 2012: April 13, 2021","http://support.microsoft.com/kb/5001401","No LDR Only available","No LDR Only available","No LDR Only available"," ","No Rollup"
"2756872","Win2012_12_10_rollup_KB"," ","0","23.09.2012","GDR","2756872 (v1.0)","Windows 8 Client and Windows Server 2012 General Availability Update Rollup","http://support.microsoft.com/kb/2756872","No LDR Only available","No LDR Only available","No LDR Only available"," ","12-10Rollup"
"2770917","Win2012_12_11_rollup_KB"," ","0","14.10.2012","GDR","2770917 (v1.0)","Windows 8 and Windows Server 2012 update rollup: November 2012","http://support.microsoft.com/kb/2770917","No LDR Only available","No LDR Only available","No LDR Only available"," ","12-11Rollup"
"2779768","Win2012_12_12_rollup_KB"," ","0","09.11.2012","GDR","2779768 (v1.1)","Windows 8 and Windows Server 2012 update rollup: December 2012","http://support.microsoft.com/kb/2779768","No LDR Only available","No LDR Only available","No LDR Only available"," ","12-12Rollup"
"2785094","Win2012_13_01_rollup_KB"," ","0","29.11.2012","GDR","2785094 (v1.2)","Windows 8 and Windows Server 2012 update rollup: January 2013","http://support.microsoft.com/kb/2785094","No LDR Only available","No LDR Only available","No LDR Only available"," ","13-01Rollup"
"2795944","Win2012_13_02_rollup_KB"," ","0","11.01.2013","GDR","2795944 (v1.1)","Windows 8 and Windows Server 2012 update rollup: February 2013","http://support.microsoft.com/kb/2795944","No LDR Only available","No LDR Only available","No LDR Only available"," ","13-02Rollup"
"2811660","Win2012_13_03_rollup_KB"," ","0","04.02.2013","GDR","2811660 (v1.0)","Windows 8 and Windows Server 2012 update rollup: March 2013","http://support.microsoft.com/kb/2811660","No LDR Only available","No LDR Only available","No LDR Only available"," ","13-03Rollup"
"2822241","Win2012_13_04_rollup_KB"," ","0","05.03.2013","GDR","2822241 (v1.0)","Windows 8 and Windows Server 2012 update rollup: April 2013","http://support.microsoft.com/kb/2822241","No LDR Only available","No LDR Only available","No LDR Only available"," ","13-04Rollup"
"2836988","Win2012_13_05_rollup_KB"," ","0","11.04.2013","GDR","2836988 (v1.0)","Windows 8 and Windows Server 2012 update rollup: May 2013","http://support.microsoft.com/kb/2836988","No LDR Only available","No LDR Only available","No LDR Only available"," ","13-05Rollup"
"2845533","Win2012_13_06_rollup_KB"," ","0","07.05.2013","GDR","2845533 (v1.2)","Windows RT, Windows 8, and Windows Server 2012 update rollup: June 2013","http://support.microsoft.com/kb/2845533","No LDR Only available","No LDR Only available","No LDR Only available"," ","13-06Rollup"
"2855336","Win2012_13_07_rollup_KB"," ","0","02.06.2013","GDR","2855336 (v1.0)","Windows RT, Windows 8, and Windows Server 2012 update rollup: July 2013","http://support.microsoft.com/kb/2855336","No LDR Only available","No LDR Only available","No LDR Only available"," ","13-07Rollup"
"2862768","Win2012_13_08_rollup_KB"," ","0","02.07.2013","GDR","2862768 (v1.0)","Windows RT, Windows 8, and Windows Server 2012 update rollup: August 2013","http://support.microsoft.com/kb/2862768","No LDR Only available","No LDR Only available","No LDR Only available"," ","13-08Rollup"
"2876415","Win2012_13_09_rollup_KB"," ","0","02.08.2013","GDR","2876415 (v1.0)","Windows RT, Windows 8, and Windows Server 2012 update rollup: September 2013","http://support.microsoft.com/kb/2876415","No LDR Only available","No LDR Only available","No LDR Only available"," ","13-09Rollup"
"2883201","Win2012_13_10_rollup_KB"," ","0","02.09.2013","GDR","2883201 (v1.0)","Windows RT, Windows 8, and Windows Server 2012 update rollup: October 2013","http://support.microsoft.com/kb/2883201","No LDR Only available","No LDR Only available","No LDR Only available"," ","13-10Rollup"
"2889784","Win2012_13_11_rollup_KB"," ","0","02.10.2013","GDR","2889784 (v1.0)","Windows RT, Windows 8, and Windows Server 2012 update rollup: November 2013","http://support.microsoft.com/kb/2889784","No LDR Only available","No LDR Only available","No LDR Only available"," ","13-11Rollup"
"2903938","Win2012_13_12_rollup_KB"," ","0","02.11.2013","GDR","2903938 (v1.0)","Windows RT, Windows 8, and Windows Server 2012 update rollup: December 2013","http://support.microsoft.com/kb/2903938","No LDR Only available","No LDR Only available","No LDR Only available"," ","13-12Rollup"
"2911101","Win2012_14_01_rollup_KB"," ","0","02.12.2013","GDR","2911101 (v1.0)","Windows RT, Windows 8, and Windows Server 2012 update rollup: January 2014","http://support.microsoft.com/kb/2911101","No LDR Only available","No LDR Only available","No LDR Only available"," ","14-01Rollup"
"2919393","Win2012_14_02_rollup_KB"," ","0","02.01.2014","GDR","2919393 (v1.0)","Windows RT, Windows 8, and Windows Server 2012 update rollup: February 2014","http://support.microsoft.com/kb/2919393","No LDR Only available","No LDR Only available","No LDR Only available"," ","14-02Rollup"
"2928678","Win2012_14_03_rollup_KB"," ","0","02.02.2014","GDR","2928678 (v1.0)","Windows RT, Windows 8, and Windows Server 2012 update rollup: March 2014","http://support.microsoft.com/kb/2928678","No LDR Only available","No LDR Only available","No LDR Only available"," ","14-03Rollup"
"2934016","Win2012_14_04_rollup_KB"," ","0","02.03.2014","GDR","2934016 (v1.0)","Windows RT, Windows 8, and Windows Server 2012 update rollup: April 2014","http://support.microsoft.com/kb/2934016","No LDR Only available","No LDR Only available","No LDR Only available"," ","14-04Rollup"
"2955163","Win2012_14_05_rollup_KB"," ","0","02.04.2014","GDR","2955163 (v1.0)","Windows RT, Windows 8, and Windows Server 2012 update rollup: May 2014","http://support.microsoft.com/kb/2955163","No LDR Only available","No LDR Only available","No LDR Only available"," ","14-05Rollup"
"2962407","Win2012_14_06_rollup_KB"," ","0","02.05.2014","GDR","2962407 (v1.0)","Windows RT, Windows 8, and Windows Server 2012 update rollup: June 2014","http://support.microsoft.com/kb/2962407","No LDR Only available","No LDR Only available","No LDR Only available"," ","14-06Rollup"
"2967916","Win2012_14_07_rollup_KB"," ","0","02.06.2014","GDR","2967916 (v1.0)","July 2014 update rollup for Windows RT, Windows 8, and Windows Server 2012","http://support.microsoft.com/kb/2967916","No LDR Only available","No LDR Only available","No LDR Only available"," ","14-07Rollup"
"2975331","Win2012_14_08_rollup_KB"," ","0","12.08.2014","GDR","2975331 (v1.0)","August 2014 update rollup for Windows RT, Windows 8, and Windows Server 2012","http://support.microsoft.com/kb/2975331","No LDR Only available","No LDR Only available","No LDR Only available"," ","14-08Rollup"
"2984005","Win2012_14_09_rollup_KB"," ","0","10.09.2014","GDR","2984005 (v2.0)","September 2014 update rollup for Windows RT, Windows 8, and Windows Server 2012","http://support.microsoft.com/kb/2984005","No LDR Only available","No LDR Only available","No LDR Only available"," ","14-09Rollup"
"2995387","Win2012_14_10_rollup_KB"," ","0","15.10.2014","GDR","2995387 (v2.0)","October 2014 update rollup for Windows RT, Windows 8, and Windows Server 2012","http://support.microsoft.com/kb/2995387","No LDR Only available","No LDR Only available","No LDR Only available"," ","14-10Rollup"
"3000853","Win2012_14_11_rollup_KB"," ","0","15.11.2014","GDR","3000853 (v2.0)","November 2014 update rollup for Windows RT, Windows 8, and Windows Server 2012","http://support.microsoft.com/kb/3000853","No LDR Only available","No LDR Only available","No LDR Only available"," ","14-11Rollup"
"3013767","Win2012_14_12_rollup_KB"," ","0","10.12.2014","GDR","3013767 (v2.0)","December 2014 update rollup for Windows RT, Windows 8, and Windows Server 2012","http://support.microsoft.com/kb/3013767","No LDR Only available","No LDR Only available","No LDR Only available"," ","14-12Rollup"
"3156416","Win2012_16_05_rollup_KB"," ","0","17.05.2016","GDR","3156416 (v1.0)","May 2016 update rollup for Windows Server 2012","http://support.microsoft.com/kb/3156416","No LDR Only available","No LDR Only available","No LDR Only available"," ","16-05Rollup"
"3161609","Win2012_16_06_rollup_KB"," ","0","21.06.2016","GDR","3161609 (v1.0)","June 2016 update rollup for Windows Server 2012","http://support.microsoft.com/kb/3161609","No LDR Only available","No LDR Only available","No LDR Only available"," ","16-06Rollup"
"3172615","Win2012_16_07_rollup_KB"," ","0","19.07.2016","GDR","3172615 (v1.0)","July 2016 update rollup for Windows Server 2012","http://support.microsoft.com/kb/3172615","No LDR Only available","No LDR Only available","No LDR Only available"," ","16-07Rollup"
"3179575","Win2012_16_08_rollup_KB"," ","0","16.08.2016","GDR","3179575 (v1.0)","August 2016 update rollup for Windows Server 2012","http://support.microsoft.com/kb/3179575","No LDR Only available","No LDR Only available","No LDR Only available"," ","16-08Rollup"
"5022903","Win2012_23-02_B_rollup_KB"," ","0","14-Feb-2023","GDR","5022903","February 14, 2023-KB5022903 (Monthly Rollup)","http://support.microsoft.com/kb/5022903","No LDR Only available","No LDR Only available","No LDR Only available"," ","23-02Rollup"
