"Binary","Component","Version","Prio","Published","Branch","Article","Title","Link","LDROnlyKB","LDROnlyTitle","LDROnlyLink","Comment","RollupInfo"
"Ntoskrnl.exe","Core_Kernel","6.2.14393.5921","0","04-May-2023","GDR","5026363","May 9, 2023-KB5026363 (OS Build 14393.5921)","http://support.microsoft.com/kb/5026363","No LDR Only available","No LDR Only available","No LDR Only available"," ","23-05Rollup"
"Ntkrnlpa.exe","Core_Kernel","6.2.14393.0","0","","RTM","5026363","","","","","","",""
"Crashdmp.sys","Core_Kernel","6.2.14393.351","0","14-Oct-2016","GDR","5026363","May 9, 2023-KB5026363 (OS Build 14393.5921)","http://support.microsoft.com/kb/5026363","No LDR Only available","No LDR Only available","No LDR Only available"," ","23-05Rollup"
"Ntdll.dll","Core_Kernel","6.2.14393.5427","0","30-Sep-2022","GDR","5026363","May 9, 2023-KB5026363 (OS Build 14393.5921)","http://support.microsoft.com/kb/5026363","No LDR Only available","No LDR Only available","No LDR Only available"," ","23-05Rollup"
"Hal.dll","Core_Kernel","6.2.14393.5786","0","14-Mar-2023","GDR","5025228","April 11, 2023-KB5025228 (OS Build 14393.5850)","http://support.microsoft.com/kb/5025228","No LDR Only available","No LDR Only available","No LDR Only available","rEX","23-04Rollup"
"Fltmgr.sys","Core_Kernel","6.2.14393.5192","0","11-Jun-2022","GDR","5026363","May 9, 2023-KB5026363 (OS Build 14393.5921)","http://support.microsoft.com/kb/5026363","No LDR Only available","No LDR Only available","No LDR Only available"," ","23-05Rollup"
"win32k.sys","Core_Kernel","6.2.14393.4169","0","08-Nov-2022","GDR","5025228","April 11, 2023-KB5025228 (OS Build 14393.5850)","http://support.microsoft.com/kb/5025228","No LDR Only available","No LDR Only available","No LDR Only available","rEX","23-04Rollup"
"Ntfs.sys","Core_FileSystem","6.2.14393.5501","0","04-Nov-2022","GDR","5026363","May 9, 2023-KB5026363 (OS Build 14393.5921)","http://support.microsoft.com/kb/5026363","No LDR Only available","No LDR Only available","No LDR Only available"," ","23-05Rollup"
"dedup.sys","Core_FileSystem","6.2.14393.2828","0","16-Feb-2019","GDR","5026363","May 9, 2023-KB5026363 (OS Build 14393.5921)","http://support.microsoft.com/kb/5026363","No LDR Only available","No LDR Only available","No LDR Only available"," ","23-05Rollup"
"Msiscsi.sys","Core_DiskSystem","6.2.14393.5921","0","04-May-2023","GDR","5026363","May 9, 2023-KB5026363 (OS Build 14393.5921)","http://support.microsoft.com/kb/5026363","No LDR Only available","No LDR Only available","No LDR Only available"," ","23-05Rollup"
"Iscsitgt.dll","Core_DiskSystem","6.2.14393.4169","0","07-Jan-2021","GDR","5026363","May 9, 2023-KB5026363 (OS Build 14393.5921)","http://support.microsoft.com/kb/5026363","No LDR Only available","No LDR Only available","No LDR Only available"," ","23-05Rollup"
"Storport.sys","Core_DiskSystem","6.2.14393.4825","0","03-Dec-2021","GDR","5026363","May 9, 2023-KB5026363 (OS Build 14393.5921)","http://support.microsoft.com/kb/5026363","No LDR Only available","No LDR Only available","No LDR Only available"," ","23-05Rollup"
"Repdrvfs.dll","Core_WMI","6.2.14393.5127","0","15-May-2022","GDR","5026363","May 9, 2023-KB5026363 (OS Build 14393.5921)","http://support.microsoft.com/kb/5026363","No LDR Only available","No LDR Only available","No LDR Only available"," ","23-05Rollup"
"Mpio.sys","Core_MPIO","6.2.14393.4169","0","07-Jan-2021","GDR","5026363","May 9, 2023-KB5026363 (OS Build 14393.5921)","http://support.microsoft.com/kb/5026363","No LDR Only available","No LDR Only available","No LDR Only available"," ","23-05Rollup"
"Msdsm.sys","Core_MPIO","6.2.14393.4169","0","07-Jan-2021","GDR","5026363","May 9, 2023-KB5026363 (OS Build 14393.5921)","http://support.microsoft.com/kb/5026363","No LDR Only available","No LDR Only available","No LDR Only available"," ","23-05Rollup"
"Vssapi.dll","Core_VSS","6.2.14393.4169","1","07-Jan-2021","GDR","5026363","May 9, 2023-KB5026363 (OS Build 14393.5921)","http://support.microsoft.com/kb/5026363","No LDR Only available","No LDR Only available","No LDR Only available"," ","23-05Rollup"
"Vsstrace.dll","Core_VSS","6.2.14393.4169","1","07-Jan-2021","GDR","5026363","May 9, 2023-KB5026363 (OS Build 14393.5921)","http://support.microsoft.com/kb/5026363","No LDR Only available","No LDR Only available","No LDR Only available"," ","23-05Rollup"
"vsssvc.exe","Core_VSS","6.2.14393.0","1","","RTM","5026363","","","","","","",""
"Swprv.dll","Core_VSS","6.2.14393.4651","1","11-Sep-2021","GDR","5026363","May 9, 2023-KB5026363 (OS Build 14393.5921)","http://support.microsoft.com/kb/5026363","No LDR Only available","No LDR Only available","No LDR Only available"," ","23-05Rollup"
"spp.dll","Core_VSS","6.2.14393.4169","1","07-Jan-2021","GDR","5026363","May 9, 2023-KB5026363 (OS Build 14393.5921)","http://support.microsoft.com/kb/5026363","No LDR Only available","No LDR Only available","No LDR Only available"," ","23-05Rollup"
"wbengine.exe","Core_VSS","6.2.14393.4169","1","07-Jan-2021","GDR","5026363","May 9, 2023-KB5026363 (OS Build 14393.5921)","http://support.microsoft.com/kb/5026363","No LDR Only available","No LDR Only available","No LDR Only available"," ","23-05Rollup"
"blbsrv.dll","Core_VSS","6.2.14393.4169","1","07-Jan-2021","GDR","5026363","May 9, 2023-KB5026363 (OS Build 14393.5921)","http://support.microsoft.com/kb/5026363","No LDR Only available","No LDR Only available","No LDR Only available"," ","23-05Rollup"
"pci.sys","Core_Sys","6.2.14393.4530","1","05-Jul-2021","GDR","5026363","May 9, 2023-KB5026363 (OS Build 14393.5921)","http://support.microsoft.com/kb/5026363","No LDR Only available","No LDR Only available","No LDR Only available"," ","23-05Rollup"
"Termdd.sys","Core_Sys","6.2.14393.0","1","","RTM","5026363","","","","","","",""
"Volmgr.sys","Core_Sys","6.2.14393.4350","1","08-Apr-2021","GDR","5026363","May 9, 2023-KB5026363 (OS Build 14393.5921)","http://support.microsoft.com/kb/5026363","No LDR Only available","No LDR Only available","No LDR Only available"," ","23-05Rollup"
"Advapi32.dll","Core_Apps","6.2.14393.5850","0","11-Apr-2023","GDR","5025228","April 11, 2023-KB5025228 (OS Build 14393.5850)","http://support.microsoft.com/kb/5025228","No LDR Only available","No LDR Only available","No LDR Only available","rEX","23-04Rollup"
"Tzres.dll","Core_TimeZone","6.2.14393.5921","1","04-May-2023","GDR","5026363","May 9, 2023-KB5026363 (OS Build 14393.5921)","http://support.microsoft.com/kb/5026363","No LDR Only available","No LDR Only available","No LDR Only available"," ","23-05Rollup"
"Clussvc.exe","Cluster_Core","6.2.14393.5127","0","15-May-2022","GDR","5026363","May 9, 2023-KB5026363 (OS Build 14393.5921)","http://support.microsoft.com/kb/5026363","No LDR Only available","No LDR Only available","No LDR Only available"," ","23-05Rollup"
"ClusWMI.dll","Cluster_Core","6.2.14393.5127","0","15-May-2022","GDR","5026363","May 9, 2023-KB5026363 (OS Build 14393.5921)","http://support.microsoft.com/kb/5026363","No LDR Only available","No LDR Only available","No LDR Only available"," ","23-05Rollup"
"Rhs.exe","Cluster_Core","6.2.14393.3659","0","10-Apr-2020","GDR","5026363","May 9, 2023-KB5026363 (OS Build 14393.5921)","http://support.microsoft.com/kb/5026363","No LDR Only available","No LDR Only available","No LDR Only available"," ","23-05Rollup"
"Clusres.dll","Cluster_Core","6.2.14393.5850","0","30-Mar-2023","GDR","5026363","May 9, 2023-KB5026363 (OS Build 14393.5921)","http://support.microsoft.com/kb/5026363","No LDR Only available","No LDR Only available","No LDR Only available"," ","23-05Rollup"
"Clusres2.dll","Cluster_Core","6.2.14393.5127","0","15-May-2022","GDR","5026363","May 9, 2023-KB5026363 (OS Build 14393.5921)","http://support.microsoft.com/kb/5026363","No LDR Only available","No LDR Only available","No LDR Only available"," ","23-05Rollup"
"Netft.sys","Cluster_Core","6.2.14393.2155","0","05-Mar-2018","GDR","5026363","May 9, 2023-KB5026363 (OS Build 14393.5921)","http://support.microsoft.com/kb/5026363","No LDR Only available","No LDR Only available","No LDR Only available"," ","23-05Rollup"
"Clusauthmgr.dll","Cluster_Core","6.2.14393.0","0","","RTM","5026363","","","","","","",""
"Witness.dll","Cluster_Core","6.2.14393.0","0","","RTM","5026363","","","","","","",""
"Csvflt.sys","Cluster_CSV","6.2.14393.5125","0","30-Apr-2022","GDR","5026363","May 9, 2023-KB5026363 (OS Build 14393.5921)","http://support.microsoft.com/kb/5026363","No LDR Only available","No LDR Only available","No LDR Only available"," ","23-05Rollup"
"Csvfs.sys","Cluster_CSV","6.2.14393.5125","0","30-Apr-2022","GDR","5026363","May 9, 2023-KB5026363 (OS Build 14393.5921)","http://support.microsoft.com/kb/5026363","No LDR Only available","No LDR Only available","No LDR Only available"," ","23-05Rollup"
"Csvfilter.sys","Cluster_CSV","6.2.14393.0","0","","RTM","5026363","","","","","","",""
"Vhdmp.sys","Cluster_CSV","6.2.14393.5291","0","06-Aug-2022","GDR","5026363","May 9, 2023-KB5026363 (OS Build 14393.5921)","http://support.microsoft.com/kb/5026363","No LDR Only available","No LDR Only available","No LDR Only available"," ","23-05Rollup"
"Svhdxflt.sys","Cluster_CSV","6.2.14393.5125","0","30-Apr-2022","GDR","5026363","May 9, 2023-KB5026363 (OS Build 14393.5921)","http://support.microsoft.com/kb/5026363","No LDR Only available","No LDR Only available","No LDR Only available"," ","23-05Rollup"
"Clusdisk.sys","Cluster_Disk","6.2.14393.5125","0","30-Apr-2022","GDR","5026363","May 9, 2023-KB5026363 (OS Build 14393.5921)","http://support.microsoft.com/kb/5026363","No LDR Only available","No LDR Only available","No LDR Only available"," ","23-05Rollup"
"Volsnap.sys","Cluster_Volsnap","6.2.14393.1794","0","08-Oct-2017","GDR","5026363","May 9, 2023-KB5026363 (OS Build 14393.5921)","http://support.microsoft.com/kb/5026363","No LDR Only available","No LDR Only available","No LDR Only available"," ","23-05Rollup"
"Cprepsrv.exe","Cluster_Validation","6.2.14393.5127","1","15-May-2022","GDR","5026363","May 9, 2023-KB5026363 (OS Build 14393.5921)","http://support.microsoft.com/kb/5026363","No LDR Only available","No LDR Only available","No LDR Only available"," ","23-05Rollup"
"Failoverclusters.agent.interop.dll","Cluster_Validation","6.2.14393.206","1","15-Sep-2016","GDR","5026363","May 9, 2023-KB5026363 (OS Build 14393.5921)","http://support.microsoft.com/kb/5026363","No LDR Only available","No LDR Only available","No LDR Only available"," ","23-05Rollup"
"Microsoft.failoverclusters.framework.dll","Cluster_Validation","6.2.14393.4046","1","28-Oct-2020","GDR","5026363","May 9, 2023-KB5026363 (OS Build 14393.5921)","http://support.microsoft.com/kb/5026363","No LDR Only available","No LDR Only available","No LDR Only available"," ","23-05Rollup"
"Vmswitch.sys","Hyper-V_Net","6.2.14393.5427","1","30-Sep-2022","GDR","5026363","May 9, 2023-KB5026363 (OS Build 14393.5921)","http://support.microsoft.com/kb/5026363","No LDR Only available","No LDR Only available","No LDR Only available"," ","23-05Rollup"
"Mslbfoprovider.sys","Hyper-V_Net","6.2.14393.185","1","13-Sep-2022","GDR","5025228","April 11, 2023-KB5025228 (OS Build 14393.5850)","http://support.microsoft.com/kb/5025228","No LDR Only available","No LDR Only available","No LDR Only available","rEX","23-04Rollup"
"Wnv.sys","Hyper-V_Net","6.2.14393.5921","1","04-May-2023","GDR","5026363","May 9, 2023-KB5026363 (OS Build 14393.5921)","http://support.microsoft.com/kb/5026363","No LDR Only available","No LDR Only available","No LDR Only available"," ","23-05Rollup"
"Vmsntfy.dll","Hyper-V_Net","6.2.14393.0","1","","RTM","5026363","","","","","","",""
"Ndisimplatform.sys","Hyper-V_Net","6.2.14393.2608","1","09-Aug-2022","GDR","5025228","April 11, 2023-KB5025228 (OS Build 14393.5850)","http://support.microsoft.com/kb/5025228","No LDR Only available","No LDR Only available","No LDR Only available","rEX","23-04Rollup"
"Vmms.exe","Hyper-V_Net","6.2.14393.5850","1","30-Mar-2023","GDR","5026363","May 9, 2023-KB5026363 (OS Build 14393.5921)","http://support.microsoft.com/kb/5026363","No LDR Only available","No LDR Only available","No LDR Only available"," ","23-05Rollup"
"Winnat.sys","Hyper-V_Net","6.2.14393.4704","1","04-Oct-2021","GDR","5026363","May 9, 2023-KB5026363 (OS Build 14393.5921)","http://support.microsoft.com/kb/5026363","No LDR Only available","No LDR Only available","No LDR Only available"," ","23-05Rollup"
"pvhdparser.sys","Hyper-V_Net","6.2.14393.5921","1","04-May-2023","GDR","5026363","May 9, 2023-KB5026363 (OS Build 14393.5921)","http://support.microsoft.com/kb/5026363","No LDR Only available","No LDR Only available","No LDR Only available"," ","23-05Rollup"
"Wmisvc.dll","Hyper-V_Net","6.2.14393.3866","1","06-Aug-2020","GDR","5026363","May 9, 2023-KB5026363 (OS Build 14393.5921)","http://support.microsoft.com/kb/5026363","No LDR Only available","No LDR Only available","No LDR Only available"," ","23-05Rollup"
"Vmbus.sys","Hyper-V_Net","6.2.14393.2007","1","31-Dec-2017","GDR","5026363","May 9, 2023-KB5026363 (OS Build 14393.5921)","http://support.microsoft.com/kb/5026363","No LDR Only available","No LDR Only available","No LDR Only available"," ","23-05Rollup"
"Rasapi32.dll","HNV_Net","6.2.14393.4283","1","03-Mar-2021","GDR","5026363","May 9, 2023-KB5026363 (OS Build 14393.5921)","http://support.microsoft.com/kb/5026363","No LDR Only available","No LDR Only available","No LDR Only available"," ","23-05Rollup"
"Mprapi.dll","HNV_Net","6.2.14393.206","1","15-Sep-2016","GDR","5026363","May 9, 2023-KB5026363 (OS Build 14393.5921)","http://support.microsoft.com/kb/5026363","No LDR Only available","No LDR Only available","No LDR Only available"," ","23-05Rollup"
"Vmwp.exe","Hyper-V_app","6.2.14393.5850","1","30-Mar-2023","GDR","5026363","May 9, 2023-KB5026363 (OS Build 14393.5921)","http://support.microsoft.com/kb/5026363","No LDR Only available","No LDR Only available","No LDR Only available"," ","23-05Rollup"
"Tcpip.sys","Net_Protocol","6.2.14393.5921","0","04-May-2023","GDR","5026363","May 9, 2023-KB5026363 (OS Build 14393.5921)","http://support.microsoft.com/kb/5026363","No LDR Only available","No LDR Only available","No LDR Only available"," ","23-05Rollup"
"Afd.sys","Net_Protocol","6.2.14393.5850","0","30-Mar-2023","GDR","5026363","May 9, 2023-KB5026363 (OS Build 14393.5921)","http://support.microsoft.com/kb/5026363","No LDR Only available","No LDR Only available","No LDR Only available"," ","23-05Rollup"
"Netio.sys","Net_Protocol","6.2.14393.4530","0","05-Jul-2021","GDR","5026363","May 9, 2023-KB5026363 (OS Build 14393.5921)","http://support.microsoft.com/kb/5026363","No LDR Only available","No LDR Only available","No LDR Only available"," ","23-05Rollup"
"Ndis.sys","Net_Protocol","6.2.14393.4046","0","28-Oct-2020","GDR","5026363","May 9, 2023-KB5026363 (OS Build 14393.5921)","http://support.microsoft.com/kb/5026363","No LDR Only available","No LDR Only available","No LDR Only available"," ","23-05Rollup"
"Netiohlp.dll","Net_Protocol","6.2.14393.2515","0","30-Aug-2018","GDR","5026363","May 9, 2023-KB5026363 (OS Build 14393.5921)","http://support.microsoft.com/kb/5026363","No LDR Only available","No LDR Only available","No LDR Only available"," ","23-05Rollup"
"Tdx.sys","Net_Protocol","6.2.14393.4651","0","11-Sep-2021","GDR","5026363","May 9, 2023-KB5026363 (OS Build 14393.5921)","http://support.microsoft.com/kb/5026363","No LDR Only available","No LDR Only available","No LDR Only available"," ","23-05Rollup"
"Iphlpapi.dll","Net_Protocol","6.2.14393.2339","0","11-Jun-2018","GDR","5026363","May 9, 2023-KB5026363 (OS Build 14393.5921)","http://support.microsoft.com/kb/5026363","No LDR Only available","No LDR Only available","No LDR Only available"," ","23-05Rollup"
"srv.sys","Net_SMB_Server","6.2.14393.5717","0","03-Feb-2023","GDR","5026363","May 9, 2023-KB5026363 (OS Build 14393.5921)","http://support.microsoft.com/kb/5026363","No LDR Only available","No LDR Only available","No LDR Only available"," ","23-05Rollup"
"srv2.sys","Net_SMB_Server","6.2.14393.5717","0","03-Feb-2023","GDR","5026363","May 9, 2023-KB5026363 (OS Build 14393.5921)","http://support.microsoft.com/kb/5026363","No LDR Only available","No LDR Only available","No LDR Only available"," ","23-05Rollup"
"srvnet.sys","Net_SMB_Server","6.2.14393.5125","0","30-Apr-2022","GDR","5026363","May 9, 2023-KB5026363 (OS Build 14393.5921)","http://support.microsoft.com/kb/5026363","No LDR Only available","No LDR Only available","No LDR Only available"," ","23-05Rollup"
"Srvsvc.dll","Net_SMB_Server","6.2.14393.5427","0","30-Sep-2022","GDR","5026363","May 9, 2023-KB5026363 (OS Build 14393.5921)","http://support.microsoft.com/kb/5026363","No LDR Only available","No LDR Only available","No LDR Only available"," ","23-05Rollup"
"Mrxsmb.sys","Net_SMB_Client","6.2.14393.5921","0","04-May-2023","GDR","5026363","May 9, 2023-KB5026363 (OS Build 14393.5921)","http://support.microsoft.com/kb/5026363","No LDR Only available","No LDR Only available","No LDR Only available"," ","23-05Rollup"
"Mrxsmb10.sys","Net_SMB_Client","6.2.14393.5066","0","02-Apr-2022","GDR","5026363","May 9, 2023-KB5026363 (OS Build 14393.5921)","http://support.microsoft.com/kb/5026363","No LDR Only available","No LDR Only available","No LDR Only available"," ","23-05Rollup"
"Mrxsmb20.sys","Net_SMB_Client","6.2.14393.5427","0","30-Sep-2022","GDR","5026363","May 9, 2023-KB5026363 (OS Build 14393.5921)","http://support.microsoft.com/kb/5026363","No LDR Only available","No LDR Only available","No LDR Only available"," ","23-05Rollup"
"Rdbss.sys","Net_SMB_Client","6.2.14393.4651","0","11-Sep-2021","GDR","5026363","May 9, 2023-KB5026363 (OS Build 14393.5921)","http://support.microsoft.com/kb/5026363","No LDR Only available","No LDR Only available","No LDR Only available"," ","23-05Rollup"
"Netbt.sys","Net_SMB_Client","6.2.14393.3986","0","02-Oct-2020","GDR","5026363","May 9, 2023-KB5026363 (OS Build 14393.5921)","http://support.microsoft.com/kb/5026363","No LDR Only available","No LDR Only available","No LDR Only available"," ","23-05Rollup"
"Mup.sys","Net_SMB_Client","6.2.14393.4169","0","07-Jan-2021","GDR","5026363","May 9, 2023-KB5026363 (OS Build 14393.5921)","http://support.microsoft.com/kb/5026363","No LDR Only available","No LDR Only available","No LDR Only available"," ","23-05Rollup"
"wkssvc.dll","Net_SMB_Client","6.2.14393.5427","0","30-Sep-2022","GDR","5026363","May 9, 2023-KB5026363 (OS Build 14393.5921)","http://support.microsoft.com/kb/5026363","No LDR Only available","No LDR Only available","No LDR Only available"," ","23-05Rollup"
"Mpr.dll","Net_SMB_Client","6.2.14393.2879","0","13-Mar-2019","GDR","5026363","May 9, 2023-KB5026363 (OS Build 14393.5921)","http://support.microsoft.com/kb/5026363","No LDR Only available","No LDR Only available","No LDR Only available"," ","23-05Rollup"
"NtLanman.dll","Net_SMB_Client","6.2.14393.2879","0","13-Mar-2019","GDR","5026363","May 9, 2023-KB5026363 (OS Build 14393.5921)","http://support.microsoft.com/kb/5026363","No LDR Only available","No LDR Only available","No LDR Only available"," ","23-05Rollup"
"5005698","Win2016RS1_21_09_SSU_KB"," ","0","14-Sep-2021","GDR","5005698","KB5005698: Servicing stack update for Windows 10, version 1607: September 14, 2021","http://support.microsoft.com/kb/5005698","No LDR Only available","No LDR Only available","No LDR Only available"," ","No Rollup"
"5026363","Win2016RS1_23-05_B_rollup_KB"," ","0","09-May-2023","GDR","5026363","May 9, 2023-KB5026363 (OS Build 14393.5921)","http://support.microsoft.com/kb/5026363","No LDR Only available","No LDR Only available","No LDR Only available"," ","23-05Rollup"
