"Binary","Component","Version","Prio","Published","Branch","Article","Title","Link","LDROnlyKB","LDROnlyTitle","LDROnlyLink","Comment","RollupInfo"
"Volsnap.sys","Cluster_Volsnap","6.2.14393.1794","0","08-Oct-2017","GDR","5022838","February 14, 2023-KB5022838 (OS Build 14393.5717)","http://support.microsoft.com/kb/5022838","No LDR Only available","No LDR Only available","No LDR Only available"," ","23-02Rollup"
"Csvflt.sys","Cluster_CSV","6.2.14393.5125","0","30-Apr-2022","GDR","5022838","February 14, 2023-KB5022838 (OS Build 14393.5717)","http://support.microsoft.com/kb/5022838","No LDR Only available","No LDR Only available","No LDR Only available"," ","23-02Rollup"
"Csvfs.sys","Cluster_CSV","6.2.14393.5125","0","30-Apr-2022","GDR","5022838","February 14, 2023-KB5022838 (OS Build 14393.5717)","http://support.microsoft.com/kb/5022838","No LDR Only available","No LDR Only available","No LDR Only available"," ","23-02Rollup"
"Vmswitch.sys","Hyper-V_Net","6.2.14393.5427","1","30-Sep-2022","GDR","5022838","February 14, 2023-KB5022838 (OS Build 14393.5717)","http://support.microsoft.com/kb/5022838","No LDR Only available","No LDR Only available","No LDR Only available"," ","23-02Rollup"
"Mslbfoprovider.sys","Hyper-V_Net","6.2.14393.185","1","13-Sep-2022","GDR","5022838","February 14, 2023-KB5022838 (OS Build 14393.5717)","http://support.microsoft.com/kb/5022838","No LDR Only available","No LDR Only available","No LDR Only available","rEX","23-02Rollup"
"Wnv.sys","Hyper-V_Net","6.2.14393.5582","1","01-Dec-2022","GDR","5022838","February 14, 2023-KB5022838 (OS Build 14393.5717)","http://support.microsoft.com/kb/5022838","No LDR Only available","No LDR Only available","No LDR Only available"," ","23-02Rollup"
"Vmsntfy.dll","Hyper-V_Net","6.2.14393.0","1","","RTM","5022838","","","","","","",""
"Ndisimplatform.sys","Hyper-V_Net","6.2.14393.2608","1","09-Aug-2022","GDR","5022838","February 14, 2023-KB5022838 (OS Build 14393.5717)","http://support.microsoft.com/kb/5022838","No LDR Only available","No LDR Only available","No LDR Only available","rEX","23-02Rollup"
"Vmms.exe","Hyper-V_Net","6.2.14393.5717","1","03-Feb-2023","GDR","5022838","February 14, 2023-KB5022838 (OS Build 14393.5717)","http://support.microsoft.com/kb/5022838","No LDR Only available","No LDR Only available","No LDR Only available"," ","23-02Rollup"
"Winnat.sys","Hyper-V_Net","6.2.14393.4704","1","04-Oct-2021","GDR","5022838","February 14, 2023-KB5022838 (OS Build 14393.5717)","http://support.microsoft.com/kb/5022838","No LDR Only available","No LDR Only available","No LDR Only available"," ","23-02Rollup"
"pvhdparser.sys","Hyper-V_Net","6.2.14393.5582","1","01-Dec-2022","GDR","5022838","February 14, 2023-KB5022838 (OS Build 14393.5717)","http://support.microsoft.com/kb/5022838","No LDR Only available","No LDR Only available","No LDR Only available"," ","23-02Rollup"
"Wmisvc.dll","Hyper-V_Net","6.2.14393.3866","1","06-Aug-2020","GDR","5022838","February 14, 2023-KB5022838 (OS Build 14393.5717)","http://support.microsoft.com/kb/5022838","No LDR Only available","No LDR Only available","No LDR Only available"," ","23-02Rollup"
"Vmbus.sys","Hyper-V_Net","6.2.14393.2007","1","31-Dec-2017","GDR","5022838","February 14, 2023-KB5022838 (OS Build 14393.5717)","http://support.microsoft.com/kb/5022838","No LDR Only available","No LDR Only available","No LDR Only available"," ","23-02Rollup"
"Rasapi32.dll","HNV_Net","6.2.14393.4283","1","03-Mar-2021","GDR","5022838","February 14, 2023-KB5022838 (OS Build 14393.5717)","http://support.microsoft.com/kb/5022838","No LDR Only available","No LDR Only available","No LDR Only available"," ","23-02Rollup"
"Mprapi.dll","HNV_Net","6.2.14393.206","1","15-Sep-2016","GDR","5022838","February 14, 2023-KB5022838 (OS Build 14393.5717)","http://support.microsoft.com/kb/5022838","No LDR Only available","No LDR Only available","No LDR Only available"," ","23-02Rollup"
"Vmwp.exe","Hyper-V_app","6.2.14393.5582","1","01-Dec-2022","GDR","5022838","February 14, 2023-KB5022838 (OS Build 14393.5717)","http://support.microsoft.com/kb/5022838","No LDR Only available","No LDR Only available","No LDR Only available"," ","23-02Rollup"
"5005698","Win2016RS1_21_09_SSU_KB"," ","0","14-Sep-2021","GDR","5005698","KB5005698: Servicing stack update for Windows 10, version 1607: September 14, 2021","http://support.microsoft.com/kb/5005698","No LDR Only available","No LDR Only available","No LDR Only available"," ","No Rollup"
"5022838","Win2016RS1_23-02_B_rollup_KB"," ","0","14-Feb-2023","GDR","5022838","February 14, 2023-KB5022838 (OS Build 14393.5717)","http://support.microsoft.com/kb/5022838","No LDR Only available","No LDR Only available","No LDR Only available"," ","23-02Rollup"
