"Binary","Component","Version","Prio","Published","Branch","Article","Title","Link","LDROnlyKB","LDROnlyTitle","LDROnlyLink","Comment","RollupInfo"
"Ntoskrnl.exe","Core_Kernel","6.2.22000.376","0","2-Dec-2021","GDR","5008215","December 14, 2021-KB5008215 (OS Build 22000.376)","http://support.microsoft.com/kb/5008215","No LDR Only available","No LDR Only available","No LDR Only available"," ","21-12Rollup"
"Crashdmp.sys","Core_Kernel","6.2.22000.282","0","6-Oct-2021","GDR","5008215","December 14, 2021-KB5008215 (OS Build 22000.376)","http://support.microsoft.com/kb/5008215","No LDR Only available","No LDR Only available","No LDR Only available"," ","21-12Rollup"
"Vssapi.dll","Core_VSS","6.2.22000.51","1","18-Jun-2021","GDR","5008215","December 14, 2021-KB5008215 (OS Build 22000.376)","http://support.microsoft.com/kb/5008215","No LDR Only available","No LDR Only available","No LDR Only available"," ","21-12Rollup"
"Vsstrace.dll","Core_VSS","6.2.22000.376","1","6-Dec-2021","GDR","5008215","December 14, 2021-KB5008215 (OS Build 22000.376)","http://support.microsoft.com/kb/5008215","No LDR Only available","No LDR Only available","No LDR Only available"," ","21-12Rollup"
"Swprv.dll","Core_VSS","6.2.22000.282","1","7-Oct-2021","GDR","5008215","December 14, 2021-KB5008215 (OS Build 22000.376)","http://support.microsoft.com/kb/5008215","No LDR Only available","No LDR Only available","No LDR Only available"," ","21-12Rollup"
"spp.dll","Core_VSS","6.2.22000.51","1","18-Jun-2021","GDR","5008215","December 14, 2021-KB5008215 (OS Build 22000.376)","http://support.microsoft.com/kb/5008215","No LDR Only available","No LDR Only available","No LDR Only available"," ","21-12Rollup"
"pci.sys","Core_Sys","6.2.22000.348","1","16-Nov-2021","GDR","5008215","December 14, 2021-KB5008215 (OS Build 22000.376)","http://support.microsoft.com/kb/5008215","No LDR Only available","No LDR Only available","No LDR Only available"," ","21-12Rollup"
"Volmgr.sys","Core_Sys","6.2.22000.348","1","16-Nov-2021","GDR","5008215","December 14, 2021-KB5008215 (OS Build 22000.376)","http://support.microsoft.com/kb/5008215","No LDR Only available","No LDR Only available","No LDR Only available"," ","21-12Rollup"
"Crypt32.dll","Dom_CRYPTO","6.2.22000.348","1","16-Nov-2021","GDR","5008215","December 14, 2021-KB5008215 (OS Build 22000.376)","http://support.microsoft.com/kb/5008215","No LDR Only available","No LDR Only available","No LDR Only available"," ","21-12Rollup"
"Cryptsvc.dll","Dom_CRYPTO","6.2.22000.348","1","16-Nov-2021","GDR","5008215","December 14, 2021-KB5008215 (OS Build 22000.376)","http://support.microsoft.com/kb/5008215","No LDR Only available","No LDR Only available","No LDR Only available"," ","21-12Rollup"
"Cryptnet.dll","Dom_CRYPTO","6.2.22000.376","1","6-Dec-2021","GDR","5008215","December 14, 2021-KB5008215 (OS Build 22000.376)","http://support.microsoft.com/kb/5008215","No LDR Only available","No LDR Only available","No LDR Only available"," ","21-12Rollup"
"Wintrust.dll","Dom_CRYPTO","6.2.22000.194","1","11-Sep-2021","GDR","5008215","December 14, 2021-KB5008215 (OS Build 22000.376)","http://support.microsoft.com/kb/5008215","No LDR Only available","No LDR Only available","No LDR Only available"," ","21-12Rollup"
"Cryptdll.dll","Dom_CRYPTO","6.2.22000.282","1","6-Oct-2021","GDR","5008215","December 14, 2021-KB5008215 (OS Build 22000.376)","http://support.microsoft.com/kb/5008215","No LDR Only available","No LDR Only available","No LDR Only available"," ","21-12Rollup"
"Cryptcatsvc.dll","Dom_CRYPTO","6.2.22000.376","1","6-Dec-2021","GDR","5008215","December 14, 2021-KB5008215 (OS Build 22000.376)","http://support.microsoft.com/kb/5008215","No LDR Only available","No LDR Only available","No LDR Only available"," ","21-12Rollup"
"5008215","WinWin11_21-12_B_rollup_KB"," ","0","14-Dec-2021","GDR","5008215","December 14, 2021-KB5008215 (OS Build 22000.376)","http://support.microsoft.com/kb/5008215","KB only","KB only","KB only"," ","21-12Rollup"
