"Binary","Component","Version","Prio","Published","Branch","Article","Title","Link","LDROnlyKB","LDROnlyTitle","LDROnlyLink","Comment","RollupInfo"
"Netlogon.dll","Dom_NETLOGON","6.2.22621.1105","0","31-Jan-2023","GDR","5022845","February 14, 2023-KB5022845 (OS Build 22621.1265)","http://support.microsoft.com/kb/5022845","No LDR Only available","No LDR Only available","No LDR Only available"," ","23-02Rollup"
"LogonCli.dll","Dom_NETLOGON","6.2.22621.674","0","31-Jan-2023","GDR","5022845","February 14, 2023-KB5022845 (OS Build 22621.1265)","http://support.microsoft.com/kb/5022845","No LDR Only available","No LDR Only available","No LDR Only available"," ","23-02Rollup"
"Winlogon.exe","Dom_WINLOGON","6.2.22621.675","0","31-Jan-2023","GDR","5022845","February 14, 2023-KB5022845 (OS Build 22621.1265)","http://support.microsoft.com/kb/5022845","No LDR Only available","No LDR Only available","No LDR Only available"," ","23-02Rollup"
"Kerberos.dll","Dom_KERBEROS","6.2.22621.1265","0","30-Jan-2023","GDR","5022845","February 14, 2023-KB5022845 (OS Build 22621.1265)","http://support.microsoft.com/kb/5022845","No LDR Only available","No LDR Only available","No LDR Only available"," ","23-02Rollup"
"Msv1_0.dll","Dom_NTLM","6.2.22621.1105","1","10-Jan-2023","GDR","5022845","February 14, 2023-KB5022845 (OS Build 22621.1265)","http://support.microsoft.com/kb/5022845","No LDR Only available","No LDR Only available","No LDR Only available","rEX","23-02Rollup"
"Wldap32.dll","Dom_LDAPClient","6.2.22621.1194","0","31-Jan-2023","GDR","5022845","February 14, 2023-KB5022845 (OS Build 22621.1265)","http://support.microsoft.com/kb/5022845","No LDR Only available","No LDR Only available","No LDR Only available"," ","23-02Rollup"
"Lsass.exe","Dom_LSA","6.2.22621.674","0","31-Jan-2023","GDR","5022845","February 14, 2023-KB5022845 (OS Build 22621.1265)","http://support.microsoft.com/kb/5022845","No LDR Only available","No LDR Only available","No LDR Only available"," ","23-02Rollup"
"Lsasrv.dll","Dom_LSA","6.2.22621.1194","0","31-Jan-2023","GDR","5022845","February 14, 2023-KB5022845 (OS Build 22621.1265)","http://support.microsoft.com/kb/5022845","No LDR Only available","No LDR Only available","No LDR Only available"," ","23-02Rollup"
"Ksecdd.sys","Dom_LSA","6.2.22621.674","0","31-Jan-2023","GDR","5022845","February 14, 2023-KB5022845 (OS Build 22621.1265)","http://support.microsoft.com/kb/5022845","No LDR Only available","No LDR Only available","No LDR Only available"," ","23-02Rollup"
"Ksecpkg.sys","Dom_LSA","6.2.22621.1194","0","31-Jan-2023","GDR","5022845","February 14, 2023-KB5022845 (OS Build 22621.1265)","http://support.microsoft.com/kb/5022845","No LDR Only available","No LDR Only available","No LDR Only available"," ","23-02Rollup"
"Secur32.dll","Dom_LSA","6.2.22621.1","0","","RTM","5022845","","","","","","",""
"Sspicli.dll","Dom_LSA","6.2.22621.674","0","31-Jan-2023","GDR","5022845","February 14, 2023-KB5022845 (OS Build 22621.1265)","http://support.microsoft.com/kb/5022845","No LDR Only available","No LDR Only available","No LDR Only available"," ","23-02Rollup"
"Sspisrv.dll","Dom_LSA","6.2.22621.674","0","31-Jan-2023","GDR","5022845","February 14, 2023-KB5022845 (OS Build 22621.1265)","http://support.microsoft.com/kb/5022845","No LDR Only available","No LDR Only available","No LDR Only available"," ","23-02Rollup"
"Schannel.dll","Dom_LSA","6.2.22621.1265","0","30-Jan-2023","GDR","5022845","February 14, 2023-KB5022845 (OS Build 22621.1265)","http://support.microsoft.com/kb/5022845","No LDR Only available","No LDR Only available","No LDR Only available"," ","23-02Rollup"
"dpapisvr.dll","Dom_LSA","6.2.22621.1","0","","RTM","5022845","","","","","","",""
"Scesrv.dll","Dom_SecAuditAndConfig","6.2.22621.1","1","","RTM","5022845","","","","","","",""
"AclUI.dll","Dom_SecAuditAndConfig","6.2.22621.608","1","31-Jan-2023","GDR","5022845","February 14, 2023-KB5022845 (OS Build 22621.1265)","http://support.microsoft.com/kb/5022845","No LDR Only available","No LDR Only available","No LDR Only available"," ","23-02Rollup"
"Winscard.dll","Dom_SC_Provider","6.2.22621.1","1","","RTM","5022845","","","","","","",""
"Basecsp.dll","Dom_SC_Provider","6.2.22621.1","1","","RTM","5022845","","","","","","",""
"Scksp.dll","Dom_SC_Provider","6.2.22621.1105","1","31-Jan-2023","GDR","5022845","February 14, 2023-KB5022845 (OS Build 22621.1265)","http://support.microsoft.com/kb/5022845","No LDR Only available","No LDR Only available","No LDR Only available"," ","23-02Rollup"
"ScardSvr.dll","Dom_SC_Srv","6.2.22621.1105","1","31-Jan-2023","GDR","5022845","February 14, 2023-KB5022845 (OS Build 22621.1265)","http://support.microsoft.com/kb/5022845","No LDR Only available","No LDR Only available","No LDR Only available"," ","23-02Rollup"
"Scfilter.sys","Dom_SC_Srv","6.2.22621.1","1","","RTM","5022845","","","","","","",""
"Certprop.dll","Dom_SC_Srv","6.2.22621.1","1","","RTM","5022845","","","","","","",""
"Crypt32.dll","Dom_CRYPTO","6.2.22621.674","1","31-Jan-2023","GDR","5022845","February 14, 2023-KB5022845 (OS Build 22621.1265)","http://support.microsoft.com/kb/5022845","No LDR Only available","No LDR Only available","No LDR Only available"," ","23-02Rollup"
"Cryptsvc.dll","Dom_CRYPTO","6.2.22621.755","1","31-Jan-2023","GDR","5022845","February 14, 2023-KB5022845 (OS Build 22621.1265)","http://support.microsoft.com/kb/5022845","No LDR Only available","No LDR Only available","No LDR Only available"," ","23-02Rollup"
"Cryptnet.dll","Dom_CRYPTO","6.2.22621.1","1","","RTM","5022845","","","","","","",""
"Wintrust.dll","Dom_CRYPTO","6.2.22621.1194","1","31-Jan-2023","GDR","5022845","February 14, 2023-KB5022845 (OS Build 22621.1265)","http://support.microsoft.com/kb/5022845","No LDR Only available","No LDR Only available","No LDR Only available"," ","23-02Rollup"
"Cryptdll.dll","Dom_CRYPTO","6.2.22621.1","1","","RTM","5022845","","","","","","",""
"Cryptcatsvc.dll","Dom_CRYPTO","6.2.22621.1194","1","31-Jan-2023","GDR","5022845","February 14, 2023-KB5022845 (OS Build 22621.1265)","http://support.microsoft.com/kb/5022845","No LDR Only available","No LDR Only available","No LDR Only available"," ","23-02Rollup"
"Dimsroam.dll","Dom_DIMS","6.2.22621.608","0","31-Jan-2023","GDR","5022845","February 14, 2023-KB5022845 (OS Build 22621.1265)","http://support.microsoft.com/kb/5022845","No LDR Only available","No LDR Only available","No LDR Only available"," ","23-02Rollup"
"Dimsjob.dll","Dom_DIMS","6.2.22621.1","0","","RTM","5022845","","","","","","",""
"Adprovider.dll","Dom_DIMS","6.2.22621.608","0","31-Jan-2023","GDR","5022845","February 14, 2023-KB5022845 (OS Build 22621.1265)","http://support.microsoft.com/kb/5022845","No LDR Only available","No LDR Only available","No LDR Only available"," ","23-02Rollup"
"Capiprovider.dll","Dom_DIMS","6.2.22621.608","0","31-Jan-2023","GDR","5022845","February 14, 2023-KB5022845 (OS Build 22621.1265)","http://support.microsoft.com/kb/5022845","No LDR Only available","No LDR Only available","No LDR Only available"," ","23-02Rollup"
"Cngprovider.dll","Dom_DIMS","6.2.22621.608","0","31-Jan-2023","GDR","5022845","February 14, 2023-KB5022845 (OS Build 22621.1265)","http://support.microsoft.com/kb/5022845","No LDR Only available","No LDR Only available","No LDR Only available"," ","23-02Rollup"
"Dpapiprovider.dll","Dom_DIMS","6.2.22621.608","0","31-Jan-2023","GDR","5022845","February 14, 2023-KB5022845 (OS Build 22621.1265)","http://support.microsoft.com/kb/5022845","No LDR Only available","No LDR Only available","No LDR Only available"," ","23-02Rollup"
"Wincredprovider.dll","Dom_DIMS","6.2.22621.608","0","31-Jan-2023","GDR","5022845","February 14, 2023-KB5022845 (OS Build 22621.1265)","http://support.microsoft.com/kb/5022845","No LDR Only available","No LDR Only available","No LDR Only available"," ","23-02Rollup"
"Gpapi.dll","Dom_GPSVC","6.2.22621.608","0","31-Jan-2023","GDR","5022845","February 14, 2023-KB5022845 (OS Build 22621.1265)","http://support.microsoft.com/kb/5022845","No LDR Only available","No LDR Only available","No LDR Only available"," ","23-02Rollup"
"Gpsvc.dll","Dom_GPSVC","6.2.22621.608","0","31-Jan-2023","GDR","5022845","February 14, 2023-KB5022845 (OS Build 22621.1265)","http://support.microsoft.com/kb/5022845","No LDR Only available","No LDR Only available","No LDR Only available"," ","23-02Rollup"
"Gpmgmt.dll","Dom_GPSVC","6.2.22621.1","0","","RTM","5022845","","","","","","",""
"Gprsop.dll","Dom_GPSVC","6.2.22621.1","0","","RTM","5022845","","","","","","",""
"Userenv.dll","Dom_GPSVC","6.2.22621.755","0","31-Jan-2023","GDR","5022845","February 14, 2023-KB5022845 (OS Build 22621.1265)","http://support.microsoft.com/kb/5022845","No LDR Only available","No LDR Only available","No LDR Only available"," ","23-02Rollup"
"Gpprnext.dll","Dom_GPExt","6.2.22621.1","0","","RTM","5022845","","","","","","",""
"Appmgmts.dll","Dom_GPExt","6.2.22621.755","0","31-Jan-2023","GDR","5022845","February 14, 2023-KB5022845 (OS Build 22621.1265)","http://support.microsoft.com/kb/5022845","No LDR Only available","No LDR Only available","No LDR Only available"," ","23-02Rollup"
"Gpprefcl.dll","Dom_GPP","6.2.22621.819","0","31-Jan-2023","GDR","5022845","February 14, 2023-KB5022845 (OS Build 22621.1265)","http://support.microsoft.com/kb/5022845","No LDR Only available","No LDR Only available","No LDR Only available"," ","23-02Rollup"
"Gpme.dll","Dom_GPP","6.2.22621.1","0","","RTM","5022845","","","","","","",""
"Gppref.dll","Dom_GPP","6.2.22621.963","0","10-Jan-2023","GDR","5022845","February 14, 2023-KB5022845 (OS Build 22621.1265)","http://support.microsoft.com/kb/5022845","No LDR Only available","No LDR Only available","No LDR Only available","rEX","23-02Rollup"
"Gpprefbr.dll","Dom_GPP","6.2.22621.674","0","31-Jan-2023","GDR","5022845","February 14, 2023-KB5022845 (OS Build 22621.1265)","http://support.microsoft.com/kb/5022845","No LDR Only available","No LDR Only available","No LDR Only available"," ","23-02Rollup"
"Gpprefcn.dll","Dom_GPP","6.2.22621.674","0","31-Jan-2023","GDR","5022845","February 14, 2023-KB5022845 (OS Build 22621.1265)","http://support.microsoft.com/kb/5022845","No LDR Only available","No LDR Only available","No LDR Only available"," ","23-02Rollup"
"Gpregistrybrowser.dll","Dom_GPP","6.2.22621.1","0","","RTM","5022845","","","","","","",""
"Propshts.dll","Dom_GPP","6.2.22621.674","0","31-Jan-2023","GDR","5022845","February 14, 2023-KB5022845 (OS Build 22621.1265)","http://support.microsoft.com/kb/5022845","No LDR Only available","No LDR Only available","No LDR Only available"," ","23-02Rollup"
"Profprov.dll","Dom_ProfProc","6.2.22621.1","0","","RTM","5022845","","","","","","",""
"Profsvc.dll","Dom_ProfProc","6.2.22621.608","0","31-Jan-2023","GDR","5022845","February 14, 2023-KB5022845 (OS Build 22621.1265)","http://support.microsoft.com/kb/5022845","No LDR Only available","No LDR Only available","No LDR Only available"," ","23-02Rollup"
"Fdeploy.dll","Dom_FolderRedir","6.2.22621.1","0","","RTM","5022845","","","","","","",""
"Esent.dll","Dom_ESENT","6.2.22621.755","0","31-Jan-2023","GDR","5022845","February 14, 2023-KB5022845 (OS Build 22621.1265)","http://support.microsoft.com/kb/5022845","No LDR Only available","No LDR Only available","No LDR Only available"," ","23-02Rollup"
"Ntdsai.dll","Dom_NTDSAI","6.2.22621.1265","0","31-Jan-2023","GDR","5022845","February 14, 2023-KB5022845 (OS Build 22621.1265)","http://support.microsoft.com/kb/5022845","No LDR Only available","No LDR Only available","No LDR Only available"," ","23-02Rollup"
"Ntdsutil.exe","Dom_NTDSAI","6.2.22621.1105","0","31-Jan-2023","GDR","5022845","February 14, 2023-KB5022845 (OS Build 22621.1265)","http://support.microsoft.com/kb/5022845","No LDR Only available","No LDR Only available","No LDR Only available"," ","23-02Rollup"
"Samsrv.dll","Dom_SAMSRV","6.2.22621.1265","0","30-Jan-2023","GDR","5022845","February 14, 2023-KB5022845 (OS Build 22621.1265)","http://support.microsoft.com/kb/5022845","No LDR Only available","No LDR Only available","No LDR Only available"," ","23-02Rollup"
"Samlib.dll","Dom_SAMSRV","6.2.22621.900","0","10-Jan-2023","GDR","5022845","February 14, 2023-KB5022845 (OS Build 22621.1265)","http://support.microsoft.com/kb/5022845","No LDR Only available","No LDR Only available","No LDR Only available","rEX","23-02Rollup"
"Mrxsmb.sys","Net_SMB_Client","6.2.22621.1194","0","31-Jan-2023","GDR","5022845","February 14, 2023-KB5022845 (OS Build 22621.1265)","http://support.microsoft.com/kb/5022845","No LDR Only available","No LDR Only available","No LDR Only available"," ","23-02Rollup"
"Mrxsmb10.sys","Net_SMB_Client","6.2.22621.900","0","31-Jan-2023","GDR","5022845","February 14, 2023-KB5022845 (OS Build 22621.1265)","http://support.microsoft.com/kb/5022845","No LDR Only available","No LDR Only available","No LDR Only available"," ","23-02Rollup"
"Mrxsmb20.sys","Net_SMB_Client","6.2.22621.1194","0","31-Jan-2023","GDR","5022845","February 14, 2023-KB5022845 (OS Build 22621.1265)","http://support.microsoft.com/kb/5022845","No LDR Only available","No LDR Only available","No LDR Only available"," ","23-02Rollup"
"Rdbss.sys","Net_SMB_Client","6.2.22621.608","0","31-Jan-2023","GDR","5022845","February 14, 2023-KB5022845 (OS Build 22621.1265)","http://support.microsoft.com/kb/5022845","No LDR Only available","No LDR Only available","No LDR Only available"," ","23-02Rollup"
"Netbt.sys","Net_SMB_Client","6.2.22621.608","0","31-Jan-2023","GDR","5022845","February 14, 2023-KB5022845 (OS Build 22621.1265)","http://support.microsoft.com/kb/5022845","No LDR Only available","No LDR Only available","No LDR Only available"," ","23-02Rollup"
"Mup.sys","Net_SMB_Client","6.2.22621.608","0","31-Jan-2023","GDR","5022845","February 14, 2023-KB5022845 (OS Build 22621.1265)","http://support.microsoft.com/kb/5022845","No LDR Only available","No LDR Only available","No LDR Only available"," ","23-02Rollup"
"wkssvc.dll","Net_SMB_Client","6.2.22621.1194","0","31-Jan-2023","GDR","5022845","February 14, 2023-KB5022845 (OS Build 22621.1265)","http://support.microsoft.com/kb/5022845","No LDR Only available","No LDR Only available","No LDR Only available"," ","23-02Rollup"
"Mpr.dll","Net_SMB_Client","6.2.22621.1","0","","RTM","5022845","","","","","","",""
"NtLanman.dll","Net_SMB_Client","6.2.22621.674","0","31-Jan-2023","GDR","5022845","February 14, 2023-KB5022845 (OS Build 22621.1265)","http://support.microsoft.com/kb/5022845","No LDR Only available","No LDR Only available","No LDR Only available"," ","23-02Rollup"
"Tcpip.sys","Net_Protocol","6.2.22621.1105","0","10-Jan-2023","GDR","5022845","February 14, 2023-KB5022845 (OS Build 22621.1265)","http://support.microsoft.com/kb/5022845","No LDR Only available","No LDR Only available","No LDR Only available","rEX","23-02Rollup"
"Afd.sys","Net_Protocol","6.2.22621.1105","0","31-Jan-2023","GDR","5022845","February 14, 2023-KB5022845 (OS Build 22621.1265)","http://support.microsoft.com/kb/5022845","No LDR Only available","No LDR Only available","No LDR Only available"," ","23-02Rollup"
"Netio.sys","Net_Protocol","6.2.22621.674","0","31-Jan-2023","GDR","5022845","February 14, 2023-KB5022845 (OS Build 22621.1265)","http://support.microsoft.com/kb/5022845","No LDR Only available","No LDR Only available","No LDR Only available"," ","23-02Rollup"
"Ndis.sys","Net_Protocol","6.2.22621.1105","0","10-Jan-2023","GDR","5022845","February 14, 2023-KB5022845 (OS Build 22621.1265)","http://support.microsoft.com/kb/5022845","No LDR Only available","No LDR Only available","No LDR Only available","rEX","23-02Rollup"
"Netiohlp.dll","Net_Protocol","6.2.22621.674","0","31-Jan-2023","GDR","5022845","February 14, 2023-KB5022845 (OS Build 22621.1265)","http://support.microsoft.com/kb/5022845","No LDR Only available","No LDR Only available","No LDR Only available"," ","23-02Rollup"
"Tdx.sys","Net_Protocol","6.2.22621.608","0","31-Jan-2023","GDR","5022845","February 14, 2023-KB5022845 (OS Build 22621.1265)","http://support.microsoft.com/kb/5022845","No LDR Only available","No LDR Only available","No LDR Only available"," ","23-02Rollup"
"Iphlpapi.dll","Net_Protocol","6.2.22621.1","0","","RTM","5022845","","","","","","",""
"Dfsc.sys","Net_DFS-N_Client","6.2.22621.1265","0","30-Jan-2023","GDR","5022845","February 14, 2023-KB5022845 (OS Build 22621.1265)","http://support.microsoft.com/kb/5022845","No LDR Only available","No LDR Only available","No LDR Only available"," ","23-02Rollup"
"Csc.sys","Net_CSC_Offline","6.2.22621.1","0","","RTM","5022845","","","","","","",""
"Cscapi.dll","Net_CSC_Offline","6.2.22621.1","0","","RTM","5022845","","","","","","",""
"Cscdll.dll","Net_CSC_Offline","6.2.22621.1","0","","RTM","5022845","","","","","","",""
"Cscsvc.dll","Net_CSC_Offline","6.2.22621.1","0","","RTM","5022845","","","","","","",""
"Cscmig.dll","Net_CSC_Offline","6.2.22621.1","0","","RTM","5022845","","","","","","",""
"Cscui.dll","Net_CSC_Offline","6.2.22621.608","0","31-Jan-2023","GDR","5022845","February 14, 2023-KB5022845 (OS Build 22621.1265)","http://support.microsoft.com/kb/5022845","No LDR Only available","No LDR Only available","No LDR Only available"," ","23-02Rollup"
"Mrxdav.sys","Net_WebDAV","6.2.22621.1","0","","RTM","5022845","","","","","","",""
"Webclnt.dll","Net_WebDAV","6.2.22621.674","0","31-Jan-2023","GDR","5022845","February 14, 2023-KB5022845 (OS Build 22621.1265)","http://support.microsoft.com/kb/5022845","No LDR Only available","No LDR Only available","No LDR Only available"," ","23-02Rollup"
"Davclnt.dll","Net_WebDAV","6.2.22621.1","0","","RTM","5022845","","","","","","",""
"Shell32.dll","Net_WebDAV","6.2.22621.1265","0","31-Jan-2023","GDR","5022845","February 14, 2023-KB5022845 (OS Build 22621.1265)","http://support.microsoft.com/kb/5022845","No LDR Only available","No LDR Only available","No LDR Only available"," ","23-02Rollup"
"Winhttp.dll","Net_WebDAV","6.2.22621.755","0","31-Jan-2023","GDR","5022845","February 14, 2023-KB5022845 (OS Build 22621.1265)","http://support.microsoft.com/kb/5022845","No LDR Only available","No LDR Only available","No LDR Only available"," ","23-02Rollup"
"Dhcpcore.dll","Net_DHCP_Client","6.2.22621.674","0","31-Jan-2023","GDR","5022845","February 14, 2023-KB5022845 (OS Build 22621.1265)","http://support.microsoft.com/kb/5022845","No LDR Only available","No LDR Only available","No LDR Only available"," ","23-02Rollup"
"Dhcpcsvc.dll","Net_DHCP_Client","6.2.22621.674","0","31-Jan-2023","GDR","5022845","February 14, 2023-KB5022845 (OS Build 22621.1265)","http://support.microsoft.com/kb/5022845","No LDR Only available","No LDR Only available","No LDR Only available"," ","23-02Rollup"
"dnsapi.dll","Net_DNS_Client","6.2.22621.1194","0","31-Jan-2023","GDR","5022845","February 14, 2023-KB5022845 (OS Build 22621.1265)","http://support.microsoft.com/kb/5022845","No LDR Only available","No LDR Only available","No LDR Only available"," ","23-02Rollup"
"dnsrslvr.dll","Net_DNS_Client","6.2.22621.1194","0","31-Jan-2023","GDR","5022845","February 14, 2023-KB5022845 (OS Build 22621.1265)","http://support.microsoft.com/kb/5022845","No LDR Only available","No LDR Only available","No LDR Only available"," ","23-02Rollup"
"Dnscacheugc.exe","Net_DNS_Client","6.2.22621.1","0","","RTM","5022845","","","","","","",""
"Rpcss.dll","Net_RPC","6.2.22621.1194","1","31-Jan-2023","GDR","5022845","February 14, 2023-KB5022845 (OS Build 22621.1265)","http://support.microsoft.com/kb/5022845","No LDR Only available","No LDR Only available","No LDR Only available"," ","23-02Rollup"
"Rpchttp.dll","Net_RPC","6.2.22621.1","1","","RTM","5022845","","","","","","",""
"Rpcrt4.dll","Net_RPC","6.2.22621.1105","1","31-Jan-2023","GDR","5022845","February 14, 2023-KB5022845 (OS Build 22621.1265)","http://support.microsoft.com/kb/5022845","No LDR Only available","No LDR Only available","No LDR Only available"," ","23-02Rollup"
"Bfe.dll","Net_Ipsec_BFE","6.2.22621.1105","1","31-Jan-2023","GDR","5022845","February 14, 2023-KB5022845 (OS Build 22621.1265)","http://support.microsoft.com/kb/5022845","No LDR Only available","No LDR Only available","No LDR Only available"," ","23-02Rollup"
"Ikeext.dll","Net_Ipsec_BFE","6.2.22621.1105","1","31-Jan-2023","GDR","5022845","February 14, 2023-KB5022845 (OS Build 22621.1265)","http://support.microsoft.com/kb/5022845","No LDR Only available","No LDR Only available","No LDR Only available"," ","23-02Rollup"
"Fwpuclnt.dll","Net_Ipsec_BFE","6.2.22621.1105","1","10-Jan-2023","GDR","5022845","February 14, 2023-KB5022845 (OS Build 22621.1265)","http://support.microsoft.com/kb/5022845","No LDR Only available","No LDR Only available","No LDR Only available","rEX","23-02Rollup"
"Iphlpsvc.dll","Net_DirectAccess_Client","6.2.22621.608","1","31-Jan-2023","GDR","5022845","February 14, 2023-KB5022845 (OS Build 22621.1265)","http://support.microsoft.com/kb/5022845","No LDR Only available","No LDR Only available","No LDR Only available"," ","23-02Rollup"
"Iphlpsvcmigplugin.dll","Net_DirectAccess_Client","6.2.22621.1","1","","RTM","5022845","","","","","","",""
"Netcorehc.dll","Net_DirectAccess_Client","6.2.22621.1","1","","RTM","5022845","","","","","","",""
"Daotpcredentialprovider.dll","Net_DirectAccess_Client","6.2.22621.1","1","","RTM","5022845","","","","","","",""
"Rdpcore.dll","Net_DirectAccess_Client","6.2.22621.1","1","","RTM","5022845","","","","","","",""
"dot3svc.dll","Net_IEEE802.1x","6.2.22621.608","1","31-Jan-2023","GDR","5022845","February 14, 2023-KB5022845 (OS Build 22621.1265)","http://support.microsoft.com/kb/5022845","No LDR Only available","No LDR Only available","No LDR Only available"," ","23-02Rollup"
"Rastls.dll","Net_IEEE802.1x","6.2.22621.1265","1","30-Jan-2023","GDR","5022845","February 14, 2023-KB5022845 (OS Build 22621.1265)","http://support.microsoft.com/kb/5022845","No LDR Only available","No LDR Only available","No LDR Only available"," ","23-02Rollup"
"wlansvc.dll","Net_WLAN_Client","6.2.22621.900","1","31-Jan-2023","GDR","5022845","February 14, 2023-KB5022845 (OS Build 22621.1265)","http://support.microsoft.com/kb/5022845","No LDR Only available","No LDR Only available","No LDR Only available"," ","23-02Rollup"
"wlanmsm.dll","Net_WLAN_Client","6.2.22621.900","1","31-Jan-2023","GDR","5022845","February 14, 2023-KB5022845 (OS Build 22621.1265)","http://support.microsoft.com/kb/5022845","No LDR Only available","No LDR Only available","No LDR Only available"," ","23-02Rollup"
"wlanapi.dll","Net_WLAN_Client","6.2.22621.900","1","13-Dec-2022","GDR","5022845","February 14, 2023-KB5022845 (OS Build 22621.1265)","http://support.microsoft.com/kb/5022845","No LDR Only available","No LDR Only available","No LDR Only available","rEX","23-02Rollup"
"wlansec.dll","Net_WLAN_Client","6.2.22621.900","1","31-Jan-2023","GDR","5022845","February 14, 2023-KB5022845 (OS Build 22621.1265)","http://support.microsoft.com/kb/5022845","No LDR Only available","No LDR Only available","No LDR Only available"," ","23-02Rollup"
"wlansvcpal.dll","Net_WLAN_Client","6.2.22621.900","1","31-Jan-2023","GDR","5022845","February 14, 2023-KB5022845 (OS Build 22621.1265)","http://support.microsoft.com/kb/5022845","No LDR Only available","No LDR Only available","No LDR Only available"," ","23-02Rollup"
"wlanhlp.dll","Net_WLAN_Client","6.2.22621.900","1","13-Dec-2022","GDR","5022845","February 14, 2023-KB5022845 (OS Build 22621.1265)","http://support.microsoft.com/kb/5022845","No LDR Only available","No LDR Only available","No LDR Only available","rEX","23-02Rollup"
"Netcfgx.dll","Net_Config","6.2.22621.1","1","","RTM","5022845","","","","","","",""
"Rasapi32.dll","HNV_Net","6.2.22621.608","1","31-Jan-2023","GDR","5022845","February 14, 2023-KB5022845 (OS Build 22621.1265)","http://support.microsoft.com/kb/5022845","No LDR Only available","No LDR Only available","No LDR Only available"," ","23-02Rollup"
"Mprapi.dll","HNV_Net","6.2.22621.1","1","","RTM","5022845","","","","","","",""
"Tunnel.sys","Net_IPv6","6.2.22621.674","1","31-Jan-2023","GDR","5022845","February 14, 2023-KB5022845 (OS Build 22621.1265)","http://support.microsoft.com/kb/5022845","No LDR Only available","No LDR Only available","No LDR Only available"," ","23-02Rollup"
"Dhcpcore6.dll","Net_IPv6","6.2.22621.674","1","31-Jan-2023","GDR","5022845","February 14, 2023-KB5022845 (OS Build 22621.1265)","http://support.microsoft.com/kb/5022845","No LDR Only available","No LDR Only available","No LDR Only available"," ","23-02Rollup"
"Dhcpcsvc6.dll","Net_IPv6","6.2.22621.674","1","31-Jan-2023","GDR","5022845","February 14, 2023-KB5022845 (OS Build 22621.1265)","http://support.microsoft.com/kb/5022845","No LDR Only available","No LDR Only available","No LDR Only available"," ","23-02Rollup"
"WebIo.dll","Net_BranchCache","6.2.22621.1194","1","31-Jan-2023","GDR","5022845","February 14, 2023-KB5022845 (OS Build 22621.1265)","http://support.microsoft.com/kb/5022845","No LDR Only available","No LDR Only available","No LDR Only available"," ","23-02Rollup"
"Smbhash.exe","Net_BranchCache","6.2.22621.1","1","","RTM","5022845","","","","","","",""
"Pacer.sys","Net_QoS","6.2.22621.608","1","31-Jan-2023","GDR","5022845","February 14, 2023-KB5022845 (OS Build 22621.1265)","http://support.microsoft.com/kb/5022845","No LDR Only available","No LDR Only available","No LDR Only available"," ","23-02Rollup"
"Mpsdrv.sys","Net_Firewall","6.2.22621.608","1","31-Jan-2023","GDR","5022845","February 14, 2023-KB5022845 (OS Build 22621.1265)","http://support.microsoft.com/kb/5022845","No LDR Only available","No LDR Only available","No LDR Only available"," ","23-02Rollup"
"MpsSvc.dll","Net_Firewall","6.2.22621.1194","1","31-Jan-2023","GDR","5022845","February 14, 2023-KB5022845 (OS Build 22621.1265)","http://support.microsoft.com/kb/5022845","No LDR Only available","No LDR Only available","No LDR Only available"," ","23-02Rollup"
"Ntoskrnl.exe","Core_Kernel","6.2.22621.1265","0","30-Jan-2023","GDR","5022845","February 14, 2023-KB5022845 (OS Build 22621.1265)","http://support.microsoft.com/kb/5022845","No LDR Only available","No LDR Only available","No LDR Only available"," ","23-02Rollup"
"Ntkrnlpa.exe","Core_Kernel","6.2.22621.1","0","","RTM","5022845","","","","","","",""
"Crashdmp.sys","Core_Kernel","6.2.22621.608","0","31-Jan-2023","GDR","5022845","February 14, 2023-KB5022845 (OS Build 22621.1265)","http://support.microsoft.com/kb/5022845","No LDR Only available","No LDR Only available","No LDR Only available"," ","23-02Rollup"
"Ntdll.dll","Core_Kernel","6.2.22621.1105","0","31-Jan-2023","GDR","5022845","February 14, 2023-KB5022845 (OS Build 22621.1265)","http://support.microsoft.com/kb/5022845","No LDR Only available","No LDR Only available","No LDR Only available"," ","23-02Rollup"
"Hal.dll","Core_Kernel","6.2.22621.819","0","31-Jan-2023","GDR","5022845","February 14, 2023-KB5022845 (OS Build 22621.1265)","http://support.microsoft.com/kb/5022845","No LDR Only available","No LDR Only available","No LDR Only available"," ","23-02Rollup"
"Fltmgr.sys","Core_Kernel","6.2.22621.608","0","31-Jan-2023","GDR","5022845","February 14, 2023-KB5022845 (OS Build 22621.1265)","http://support.microsoft.com/kb/5022845","No LDR Only available","No LDR Only available","No LDR Only available"," ","23-02Rollup"
"win32k.sys","Core_Kernel","6.2.22621.1265","0","30-Jan-2023","GDR","5022845","February 14, 2023-KB5022845 (OS Build 22621.1265)","http://support.microsoft.com/kb/5022845","No LDR Only available","No LDR Only available","No LDR Only available"," ","23-02Rollup"
"Ntfs.sys","Core_FileSystem","6.2.22621.1194","0","31-Jan-2023","GDR","5022845","February 14, 2023-KB5022845 (OS Build 22621.1265)","http://support.microsoft.com/kb/5022845","No LDR Only available","No LDR Only available","No LDR Only available"," ","23-02Rollup"
"dedup.sys","Core_FileSystem","6.2.22621.1","0","","RTM","5022845","","","","","","",""
"Msiscsi.sys","Core_DiskSystem","6.2.22621.1","0","","RTM","5022845","","","","","","",""
"Iscsitgt.dll","Core_DiskSystem","6.2.22621.1","0","","RTM","5022845","","","","","","",""
"Storport.sys","Core_DiskSystem","6.2.22621.900","0","13-Dec-2022","GDR","5022845","February 14, 2023-KB5022845 (OS Build 22621.1265)","http://support.microsoft.com/kb/5022845","No LDR Only available","No LDR Only available","No LDR Only available","rEX","23-02Rollup"
"Repdrvfs.dll","Core_WMI","6.2.22621.608","0","31-Jan-2023","GDR","5022845","February 14, 2023-KB5022845 (OS Build 22621.1265)","http://support.microsoft.com/kb/5022845","No LDR Only available","No LDR Only available","No LDR Only available"," ","23-02Rollup"
"Advapi32.dll","Core_Apps","6.2.22621.608","0","31-Jan-2023","GDR","5022845","February 14, 2023-KB5022845 (OS Build 22621.1265)","http://support.microsoft.com/kb/5022845","No LDR Only available","No LDR Only available","No LDR Only available"," ","23-02Rollup"
"Mshtml.dll","IE_Client","11.0.22621.1265","0","31-Jan-2023","GDR","5022845","February 14, 2023-KB5022845 (OS Build 22621.1265)","http://support.microsoft.com/kb/5022845","No LDR Only available","No LDR Only available","No LDR Only available"," ","23-02Rollup"
"5022845","Win1122H2_23-02_B_rollup_KB"," ","0","14-Feb-2023","GDR","5022845","February 14, 2023-KB5022845 (OS Build 22621.1265)","http://support.microsoft.com/kb/5022845","No LDR Only available","No LDR Only available","No LDR Only available"," ","23-02Rollup"
