"Binary","Component","Version","Prio","Published","Branch","Article","Title","Link","LDROnlyKB","LDROnlyTitle","LDROnlyLink","Comment","RollupInfo"
"Ntoskrnl.exe","Core_Kernel","6.2.17763.3887","0","05-Jan-2023","GDR","5022286","January 10, 2023-KB5022286 (OS Build 17763.3887)","http://support.microsoft.com/kb/5022286","No LDR Only available","No LDR Only available","No LDR Only available"," ","23-01Rollup"
"Ntkrnlpa.exe","Core_Kernel","6.2.17763.1","0","","RTM","5022286","","","","","","",""
"Crashdmp.sys","Core_Kernel","6.2.17763.771","0","12-Sep-2019","GDR","5022286","January 10, 2023-KB5022286 (OS Build 17763.3887)","http://support.microsoft.com/kb/5022286","No LDR Only available","No LDR Only available","No LDR Only available"," ","23-01Rollup"
"Vssapi.dll","Core_VSS","6.2.17763.2268","1","07-Oct-2021","GDR","5022286","January 10, 2023-KB5022286 (OS Build 17763.3887)","http://support.microsoft.com/kb/5022286","No LDR Only available","No LDR Only available","No LDR Only available"," ","23-01Rollup"
"Vsstrace.dll","Core_VSS","6.2.17763.592","1","15-Jun-2019","GDR","5022286","January 10, 2023-KB5022286 (OS Build 17763.3887)","http://support.microsoft.com/kb/5022286","No LDR Only available","No LDR Only available","No LDR Only available"," ","23-01Rollup"
"vsssvc.exe","Core_VSS","6.2.17763.1","1","","RTM","5022286","","","","","","",""
"Swprv.dll","Core_VSS","6.2.17763.2989","1","14-May-2022","GDR","5022286","January 10, 2023-KB5022286 (OS Build 17763.3887)","http://support.microsoft.com/kb/5022286","No LDR Only available","No LDR Only available","No LDR Only available"," ","23-01Rollup"
"spp.dll","Core_VSS","6.2.17763.3532","1","06-Oct-2022","GDR","5022286","January 10, 2023-KB5022286 (OS Build 17763.3887)","http://support.microsoft.com/kb/5022286","No LDR Only available","No LDR Only available","No LDR Only available"," ","23-01Rollup"
"wbengine.exe","Core_VSS","6.2.17763.1697","1","07-Jan-2021","GDR","5022286","January 10, 2023-KB5022286 (OS Build 17763.3887)","http://support.microsoft.com/kb/5022286","No LDR Only available","No LDR Only available","No LDR Only available"," ","23-01Rollup"
"blbsrv.dll","Core_VSS","6.2.17763.1697","1","07-Jan-2021","GDR","5022286","January 10, 2023-KB5022286 (OS Build 17763.3887)","http://support.microsoft.com/kb/5022286","No LDR Only available","No LDR Only available","No LDR Only available"," ","23-01Rollup"
"Volsnap.sys","Cluster_Volsnap","6.2.17763.831","0","03-Oct-2019","GDR","5022286","January 10, 2023-KB5022286 (OS Build 17763.3887)","http://support.microsoft.com/kb/5022286","No LDR Only available","No LDR Only available","No LDR Only available"," ","23-01Rollup"
"pci.sys","Core_Sys","6.2.17763.2867","1","06-Apr-2022","GDR","5022286","January 10, 2023-KB5022286 (OS Build 17763.3887)","http://support.microsoft.com/kb/5022286","No LDR Only available","No LDR Only available","No LDR Only available"," ","23-01Rollup"
"Termdd.sys","Core_Sys","6.2.17763.1","1","","RTM","5022286","","","","","","",""
"Volmgr.sys","Core_Sys","6.2.17763.1879","1","08-Apr-2021","GDR","5022286","January 10, 2023-KB5022286 (OS Build 17763.3887)","http://support.microsoft.com/kb/5022286","No LDR Only available","No LDR Only available","No LDR Only available"," ","23-01Rollup"
"Crypt32.dll","Dom_CRYPTO","6.2.17763.3650","1","03-Nov-2022","GDR","5022286","January 10, 2023-KB5022286 (OS Build 17763.3887)","http://support.microsoft.com/kb/5022286","No LDR Only available","No LDR Only available","No LDR Only available"," ","23-01Rollup"
"Cryptsvc.dll","Dom_CRYPTO","6.2.17763.1","1","","RTM","5022286","","","","","","",""
"Cryptnet.dll","Dom_CRYPTO","6.2.17763.1911","1","15-Apr-2021","GDR","5022286","January 10, 2023-KB5022286 (OS Build 17763.3887)","http://support.microsoft.com/kb/5022286","No LDR Only available","No LDR Only available","No LDR Only available"," ","23-01Rollup"
"Wintrust.dll","Dom_CRYPTO","6.2.17763.3887","1","10-Jan-2023","GDR","5022286","January 10, 2023-KB5022286 (OS Build 17763.3887)","http://support.microsoft.com/kb/5022286","No LDR Only available","No LDR Only available","No LDR Only available","rEX","23-01Rollup"
"Cryptdll.dll","Dom_CRYPTO","6.2.17763.503","1","11-May-2019","GDR","5022286","January 10, 2023-KB5022286 (OS Build 17763.3887)","http://support.microsoft.com/kb/5022286","No LDR Only available","No LDR Only available","No LDR Only available"," ","23-01Rollup"
"Cryptcatsvc.dll","Dom_CRYPTO","6.2.17763.1457","1","01-Sep-2020","GDR","5022286","January 10, 2023-KB5022286 (OS Build 17763.3887)","http://support.microsoft.com/kb/5022286","No LDR Only available","No LDR Only available","No LDR Only available"," ","23-01Rollup"
"5005112","Win2016RS5_21_08_SSU_KB"," ","0","08-Jun-2021","GDR","5005112","KB5005112: Servicing stack update for Windows 10, version 1809: August 10, 2021","http://support.microsoft.com/kb/5005112","No LDR Only available","No LDR Only available","No LDR Only available"," ","No Rollup"
"5022286","Win2016RS5_23-01_B_rollup_KB"," ","0","10-Jan-2023","GDR","5022286","January 10, 2023-KB5022286 (OS Build 17763.3887)","http://support.microsoft.com/kb/5022286","No LDR Only available","No LDR Only available","No LDR Only available"," ","23-01Rollup"
