"Binary","Component","Version","Prio","Published","Branch","Article","Title","Link","LDROnlyKB","LDROnlyTitle","LDROnlyLink","Comment","RollupInfo"
"Localspl.dll","Print_Spool","6.2.19041.2486","0","31-Jan-2023","GDR","5022834","February 14, 2023-KB5022834 (OS Builds 19042.2604, 19044.2604, and 19045.2604)","http://support.microsoft.com/kb/5022834","No LDR Only available","No LDR Only available","No LDR Only available"," ","23-02Rollup"
"Win32spl.dll","Print_Spool","6.2.19041.2311","0","31-Jan-2023","GDR","5022834","February 14, 2023-KB5022834 (OS Builds 19042.2604, 19044.2604, and 19045.2604)","http://support.microsoft.com/kb/5022834","No LDR Only available","No LDR Only available","No LDR Only available"," ","23-02Rollup"
"Spoolss.dll","Print_Spool","6.2.19041.1806","0","31-Jan-2023","GDR","5022834","February 14, 2023-KB5022834 (OS Builds 19042.2604, 19044.2604, and 19045.2604)","http://support.microsoft.com/kb/5022834","No LDR Only available","No LDR Only available","No LDR Only available"," ","23-02Rollup"
"Spoolsv.exe","Print_Spool","6.2.19041.2546","0","31-Jan-2023","GDR","5022834","February 14, 2023-KB5022834 (OS Builds 19042.2604, 19044.2604, and 19045.2604)","http://support.microsoft.com/kb/5022834","No LDR Only available","No LDR Only available","No LDR Only available"," ","23-02Rollup"
"Winspool.drv","Print_Spool","6.2.19041.2311","0","31-Jan-2023","GDR","5022834","February 14, 2023-KB5022834 (OS Builds 19042.2604, 19044.2604, and 19045.2604)","http://support.microsoft.com/kb/5022834","No LDR Only available","No LDR Only available","No LDR Only available"," ","23-02Rollup"
"Ntprint.exe","Print_App","6.2.19041.1806","0","31-Jan-2023","GDR","5022834","February 14, 2023-KB5022834 (OS Builds 19042.2604, 19044.2604, and 19045.2604)","http://support.microsoft.com/kb/5022834","No LDR Only available","No LDR Only available","No LDR Only available"," ","23-02Rollup"
"Printui.dll","Print_App","6.2.19041.1806","0","31-Jan-2023","GDR","5022834","February 14, 2023-KB5022834 (OS Builds 19042.2604, 19044.2604, and 19045.2604)","http://support.microsoft.com/kb/5022834","No LDR Only available","No LDR Only available","No LDR Only available"," ","23-02Rollup"
"Printcom.dll","Print_App","6.2.19045.1","0","","RTM","5022834","","","","","","",""
"Printfilterpipelineprxy.dll","Print_App","6.2.19041.2486","0","31-Jan-2023","GDR","5022834","February 14, 2023-KB5022834 (OS Builds 19042.2604, 19044.2604, and 19045.2604)","http://support.microsoft.com/kb/5022834","No LDR Only available","No LDR Only available","No LDR Only available"," ","23-02Rollup"
"Printfilterpipelinesvc.exe","Print_App","6.2.19041.2486","0","31-Jan-2023","GDR","5022834","February 14, 2023-KB5022834 (OS Builds 19042.2604, 19044.2604, and 19045.2604)","http://support.microsoft.com/kb/5022834","No LDR Only available","No LDR Only available","No LDR Only available"," ","23-02Rollup"
"Printbrm.exe","Print_App","6.2.19041.1806","0","31-Jan-2023","GDR","5022834","February 14, 2023-KB5022834 (OS Builds 19042.2604, 19044.2604, and 19045.2604)","http://support.microsoft.com/kb/5022834","No LDR Only available","No LDR Only available","No LDR Only available"," ","23-02Rollup"
"splwow64.exe","Print_App","6.2.19041.2546","0","31-Jan-2023","GDR","5022834","February 14, 2023-KB5022834 (OS Builds 19042.2604, 19044.2604, and 19045.2604)","http://support.microsoft.com/kb/5022834","No LDR Only available","No LDR Only available","No LDR Only available"," ","23-02Rollup"
"Mxdwdrv.dll","Print_Driver","0.3.19041.2486","1","10-Jan-2023","GDR","5022834","February 14, 2023-KB5022834 (OS Builds 19042.2604, 19044.2604, and 19045.2604)","http://support.microsoft.com/kb/5022834","No LDR Only available","No LDR Only available","No LDR Only available","rEX","23-02Rollup"
"Pcl4res.dll","Print_Driver","0.3.5479.0","1","13-Sep-2022","GDR","5022834","February 14, 2023-KB5022834 (OS Builds 19042.2604, 19044.2604, and 19045.2604)","http://support.microsoft.com/kb/5022834","No LDR Only available","No LDR Only available","No LDR Only available","rEX","23-02Rollup"
"Pscript5.dll","Print_Driver","0.3.19041.2486","1","10-Jan-2023","GDR","5022834","February 14, 2023-KB5022834 (OS Builds 19042.2604, 19044.2604, and 19045.2604)","http://support.microsoft.com/kb/5022834","No LDR Only available","No LDR Only available","No LDR Only available","rEX","23-02Rollup"
"Unidrv.dll","Print_Driver","0.3.19041.1889","1","13-Sep-2022","GDR","5022834","February 14, 2023-KB5022834 (OS Builds 19042.2604, 19044.2604, and 19045.2604)","http://support.microsoft.com/kb/5022834","No LDR Only available","No LDR Only available","No LDR Only available","rEX","23-02Rollup"
"Unires.dll","Print_Driver","0.3.19041.1889","1","13-Sep-2022","GDR","5022834","February 14, 2023-KB5022834 (OS Builds 19042.2604, 19044.2604, and 19045.2604)","http://support.microsoft.com/kb/5022834","No LDR Only available","No LDR Only available","No LDR Only available","rEX","23-02Rollup"
"Xpssvcs.dll","Print_Driver","0.3.19041.1889","1","13-Sep-2022","GDR","5022834","February 14, 2023-KB5022834 (OS Builds 19042.2604, 19044.2604, and 19045.2604)","http://support.microsoft.com/kb/5022834","No LDR Only available","No LDR Only available","No LDR Only available","rEX","23-02Rollup"
"5022834","Win201622H2_23-02_B_rollup_KB"," ","0","14-Feb-2023","GDR","5022834","February 14, 2023-KB5022834 (OS Builds 19042.2604, 19044.2604, and 19045.2604)","http://support.microsoft.com/kb/5022834","No LDR Only available","No LDR Only available","No LDR Only available"," ","23-02Rollup"
