"Binary","Component","Version","Prio","Published","Branch","Article","Title","Link","LDROnlyKB","LDROnlyTitle","LDROnlyLink","Comment","RollupInfo"
"Localspl.dll","Print_Spool","6.2.22000.282","0","7-Oct-2021","GDR","5007215","November 9, 2021-KB5007215 (OS Build 22000.318)","http://support.microsoft.com/kb/5007215","KB only","KB only","KB only"," ","21-11Rollup"
"Win32spl.dll","Print_Spool","6.2.22000.282","0","7-Oct-2021","GDR","5007215","November 9, 2021-KB5007215 (OS Build 22000.318)","http://support.microsoft.com/kb/5007215","KB only","KB only","KB only"," ","21-11Rollup"
"Spoolss.dll","Print_Spool","6.2.22000.282","0","7-Oct-2021","GDR","5007215","November 9, 2021-KB5007215 (OS Build 22000.318)","http://support.microsoft.com/kb/5007215","KB only","KB only","KB only"," ","21-11Rollup"
"Spoolsv.exe","Print_Spool","6.2.22000.282","0","7-Oct-2021","GDR","5007215","November 9, 2021-KB5007215 (OS Build 22000.318)","http://support.microsoft.com/kb/5007215","KB only","KB only","KB only"," ","21-11Rollup"
"Winspool.drv","Print_Spool","6.2.22000.282","0","7-Oct-2021","GDR","5007215","November 9, 2021-KB5007215 (OS Build 22000.318)","http://support.microsoft.com/kb/5007215","KB only","KB only","KB only"," ","21-11Rollup"
"Ntprint.exe","Print_App","6.2.22000.282","0","7-Oct-2021","GDR","5007215","November 9, 2021-KB5007215 (OS Build 22000.318)","http://support.microsoft.com/kb/5007215","KB only","KB only","KB only"," ","21-11Rollup"
"Printui.dll","Print_App","6.2.22000.194","0","11-Sep-2021","GDR","5007215","November 9, 2021-KB5007215 (OS Build 22000.318)","http://support.microsoft.com/kb/5007215","KB only","KB only","KB only"," ","21-11Rollup"
"Printcom.dll","Print_App","6.2.22000.1","0","21-Oct-2021","GDR","5007215","November 9, 2021-KB5007215 (OS Build 22000.318)","http://support.microsoft.com/kb/5007215","KB only","KB only","KB only"," ","21-11Rollup"
"Printfilterpipelineprxy.dll","Print_App","6.2.22000.1","0","21-Oct-2021","GDR","5007215","November 9, 2021-KB5007215 (OS Build 22000.318)","http://support.microsoft.com/kb/5007215","KB only","KB only","KB only"," ","21-11Rollup"
"Printfilterpipelinesvc.exe","Print_App","6.2.22000.1","0","21-Oct-2021","GDR","5007215","November 9, 2021-KB5007215 (OS Build 22000.318)","http://support.microsoft.com/kb/5007215","KB only","KB only","KB only"," ","21-11Rollup"
"Printbrm.exe","Print_App","6.2.22000.1","0","21-Oct-2021","GDR","5007215","November 9, 2021-KB5007215 (OS Build 22000.318)","http://support.microsoft.com/kb/5007215","KB only","KB only","KB only"," ","21-11Rollup"
"splwow64.exe","Print_App","6.2.22000.282","0","7-Oct-2021","GDR","5007215","November 9, 2021-KB5007215 (OS Build 22000.318)","http://support.microsoft.com/kb/5007215","KB only","KB only","KB only"," ","21-11Rollup"
"Mxdwdrv.dll","Print_Driver","6.2.22000.1","1","21-Oct-2021","GDR","5007215","November 9, 2021-KB5007215 (OS Build 22000.318)","http://support.microsoft.com/kb/5007215","KB only","KB only","KB only"," ","21-11Rollup"
"Pcl4res.dll","Print_Driver","6.2.22000.1","1","21-Oct-2021","GDR","5007215","November 9, 2021-KB5007215 (OS Build 22000.318)","http://support.microsoft.com/kb/5007215","KB only","KB only","KB only"," ","21-11Rollup"
"Pscript5.dll","Print_Driver","6.2.22000.1","1","21-Oct-2021","GDR","5007215","November 9, 2021-KB5007215 (OS Build 22000.318)","http://support.microsoft.com/kb/5007215","KB only","KB only","KB only"," ","21-11Rollup"
"Unidrv.dll","Print_Driver","6.2.22000.1","1","21-Oct-2021","GDR","5007215","November 9, 2021-KB5007215 (OS Build 22000.318)","http://support.microsoft.com/kb/5007215","KB only","KB only","KB only"," ","21-11Rollup"
"Unires.dll","Print_Driver","6.2.22000.1","1","21-Oct-2021","GDR","5007215","November 9, 2021-KB5007215 (OS Build 22000.318)","http://support.microsoft.com/kb/5007215","KB only","KB only","KB only"," ","21-11Rollup"
"Xpssvcs.dll","Print_Driver","6.2.22000.1","1","21-Oct-2021","GDR","5007215","November 9, 2021-KB5007215 (OS Build 22000.318)","http://support.microsoft.com/kb/5007215","KB only","KB only","KB only"," ","21-11Rollup"
"5007215","Win11_21-11_B_rollup_KB"," ","0","09-Nov-2021","GDR","5007215","November 9, 2021-KB5007215 (OS Build 22000.318)","http://support.microsoft.com/kb/5007215","KB only","KB only","KB only"," ","21-11Rollup"
