"Binary","Component","Version","Prio","Published","Branch","Article","Title","Link","LDROnlyKB","LDROnlyTitle","LDROnlyLink","Comment","RollupInfo"
"Ntoskrnl.exe","Core_Kernel","6.2.10240.19567","0","03-Nov-2022","GDR","5019970","November 8, 2022-KB5019970 (OS Build 10240.19567)","http://support.microsoft.com/kb/5019970","No LDR Only available","No LDR Only available","No LDR Only available"," ","22-11Rollup"
"Ntkrnlpa.exe","Core_Kernel","6.2.10240.0","0","08-Nov-2022","GDR","5019970","November 8, 2022-KB5019970 (OS Build 10240.19567)","http://support.microsoft.com/kb/5019970","No LDR Only available","No LDR Only available","No LDR Only available"," ","22-11Rollup"
"Crashdmp.sys","Core_Kernel","6.2.10240.0","0","08-Nov-2022","GDR","5019970","November 8, 2022-KB5019970 (OS Build 10240.19567)","http://support.microsoft.com/kb/5019970","No LDR Only available","No LDR Only available","No LDR Only available"," ","22-11Rollup"
"Vssapi.dll","Core_VSS","6.2.10240.18818","1","07-Jan-2021","GDR","5019970","November 8, 2022-KB5019970 (OS Build 10240.19567)","http://support.microsoft.com/kb/5019970","No LDR Only available","No LDR Only available","No LDR Only available"," ","22-11Rollup"
"Vsstrace.dll","Core_VSS","6.2.10240.18818","1","07-Jan-2021","GDR","5019970","November 8, 2022-KB5019970 (OS Build 10240.19567)","http://support.microsoft.com/kb/5019970","No LDR Only available","No LDR Only available","No LDR Only available"," ","22-11Rollup"
"vsssvc.exe","Core_VSS","6.2.10240.0","1","08-Nov-2022","GDR","5019970","November 8, 2022-KB5019970 (OS Build 10240.19567)","http://support.microsoft.com/kb/5019970","No LDR Only available","No LDR Only available","No LDR Only available"," ","22-11Rollup"
"Swprv.dll","Core_VSS","6.2.10240.18818","1","07-Jan-2021","GDR","5019970","November 8, 2022-KB5019970 (OS Build 10240.19567)","http://support.microsoft.com/kb/5019970","No LDR Only available","No LDR Only available","No LDR Only available"," ","22-11Rollup"
"spp.dll","Core_VSS","6.2.10240.18818","1","07-Jan-2021","GDR","5019970","November 8, 2022-KB5019970 (OS Build 10240.19567)","http://support.microsoft.com/kb/5019970","No LDR Only available","No LDR Only available","No LDR Only available"," ","22-11Rollup"
"wbengine.exe","Core_VSS","6.2.10240.18818","1","07-Jan-2021","GDR","5019970","November 8, 2022-KB5019970 (OS Build 10240.19567)","http://support.microsoft.com/kb/5019970","No LDR Only available","No LDR Only available","No LDR Only available"," ","22-11Rollup"
"blbsrv.dll","Core_VSS","6.2.10240.0","1","08-Nov-2022","GDR","5019970","November 8, 2022-KB5019970 (OS Build 10240.19567)","http://support.microsoft.com/kb/5019970","No LDR Only available","No LDR Only available","No LDR Only available"," ","22-11Rollup"
"Volsnap.sys","Cluster_Volsnap","6.2.10240.0","0","08-Nov-2022","GDR","5019970","November 8, 2022-KB5019970 (OS Build 10240.19567)","http://support.microsoft.com/kb/5019970","No LDR Only available","No LDR Only available","No LDR Only available"," ","22-11Rollup"
"pci.sys","Core_Sys","6.2.10240.19003","1","05-Jul-2021","GDR","5019970","November 8, 2022-KB5019970 (OS Build 10240.19567)","http://support.microsoft.com/kb/5019970","No LDR Only available","No LDR Only available","No LDR Only available"," ","22-11Rollup"
"Termdd.sys","Core_Sys","6.2.10240.0","1","08-Nov-2022","GDR","5019970","November 8, 2022-KB5019970 (OS Build 10240.19567)","http://support.microsoft.com/kb/5019970","No LDR Only available","No LDR Only available","No LDR Only available"," ","22-11Rollup"
"Volmgr.sys","Core_Sys","6.2.10240.18906","1","08-Apr-2021","GDR","5019970","November 8, 2022-KB5019970 (OS Build 10240.19567)","http://support.microsoft.com/kb/5019970","No LDR Only available","No LDR Only available","No LDR Only available"," ","22-11Rollup"
"Crypt32.dll","Dom_CRYPTO","6.2.10240.19507","1","03-Oct-2022","GDR","5019970","November 8, 2022-KB5019970 (OS Build 10240.19567)","http://support.microsoft.com/kb/5019970","No LDR Only available","No LDR Only available","No LDR Only available"," ","22-11Rollup"
"Cryptsvc.dll","Dom_CRYPTO","6.2.10240.16942","1","27-May-2016","GDR","5019970","November 8, 2022-KB5019970 (OS Build 10240.19567)","http://support.microsoft.com/kb/5019970","No LDR Only available","No LDR Only available","No LDR Only available"," ","22-11Rollup"
"Cryptnet.dll","Dom_CRYPTO","6.2.10240.0","1","08-Nov-2022","GDR","5019970","November 8, 2022-KB5019970 (OS Build 10240.19567)","http://support.microsoft.com/kb/5019970","No LDR Only available","No LDR Only available","No LDR Only available"," ","22-11Rollup"
"Wintrust.dll","Dom_CRYPTO","6.2.10240.19507","1","03-Oct-2022","GDR","5019970","November 8, 2022-KB5019970 (OS Build 10240.19567)","http://support.microsoft.com/kb/5019970","No LDR Only available","No LDR Only available","No LDR Only available"," ","22-11Rollup"
"Cryptdll.dll","Dom_CRYPTO","6.2.10240.18215","1","03-May-2019","GDR","5019970","November 8, 2022-KB5019970 (OS Build 10240.19567)","http://support.microsoft.com/kb/5019970","No LDR Only available","No LDR Only available","No LDR Only available"," ","22-11Rollup"
"Cryptcatsvc.dll","Dom_CRYPTO","6.2.10240.18696","1","01-Sep-2020","GDR","5019970","November 8, 2022-KB5019970 (OS Build 10240.19567)","http://support.microsoft.com/kb/5019970","No LDR Only available","No LDR Only available","No LDR Only available"," ","22-11Rollup"
"5001399","Win2016_21_04_SSU_KB"," ","0","13-Apr-2021","GDR","5001399","KB5001399: Servicing stack update for Windows 10: April 13, 2021","http://support.microsoft.com/kb/5001399","No LDR Only available","No LDR Only available","No LDR Only available"," ","No Rollup"
"5019970","Win2016_22-11_B_rollup_KB"," ","0","08-Nov-2022","GDR","5019970","November 8, 2022-KB5019970 (OS Build 10240.19567)","http://support.microsoft.com/kb/5019970","No LDR Only available","No LDR Only available","No LDR Only available"," ","22-11Rollup"
