"Binary","Component","Version","Prio","Published","Branch","Article","Title","Link","LDROnlyKB","LDROnlyTitle","LDROnlyLink","Comment","RollupInfo"
"Ntoskrnl.exe","Core_Kernel","6.2.10240.19747","0","31-Jan-2023","GDR","5022858","February 14, 2023-KB5022858 (OS Build 10240.19747)","http://support.microsoft.com/kb/5022858","No LDR Only available","No LDR Only available","No LDR Only available"," ","23-02Rollup"
"Ntkrnlpa.exe","Core_Kernel","6.2.10240.0","0","","RTM","5022858","","","","","","",""
"Crashdmp.sys","Core_Kernel","6.2.10240.0","0","","RTM","5022858","","","","","","",""
"win32k.sys","Core_Kernel","6.2.10240.16384","0","09-Jul-2015","GDR","5022858","February 14, 2023-KB5022858 (OS Build 10240.19747)","http://support.microsoft.com/kb/5022858","No LDR Only available","No LDR Only available","No LDR Only available"," ","23-02Rollup"
"Rdpshell.exe","RDS_remote_App","6.2.10240.19235","0","01-Mar-2022","GDR","5022858","February 14, 2023-KB5022858 (OS Build 10240.19747)","http://support.microsoft.com/kb/5022858","No LDR Only available","No LDR Only available","No LDR Only available"," ","23-02Rollup"
"Rdsdwmdr.dll","RDS_remote_App","6.2.10240.18485","0","27-Jan-2020","GDR","5022858","February 14, 2023-KB5022858 (OS Build 10240.19747)","http://support.microsoft.com/kb/5022858","No LDR Only available","No LDR Only available","No LDR Only available"," ","23-02Rollup"
"Tscfgwmi.dll","RDS_remote_App","6.2.10240.0","0","","RTM","5022858","","","","","","",""
"Audioeng.dll","RDS_devRdr","6.2.10240.18818","1","07-Jan-2021","GDR","5022858","February 14, 2023-KB5022858 (OS Build 10240.19747)","http://support.microsoft.com/kb/5022858","No LDR Only available","No LDR Only available","No LDR Only available"," ","23-02Rollup"
"Audiokse.dll","RDS_devRdr","6.2.10240.18818","1","07-Jan-2021","GDR","5022858","February 14, 2023-KB5022858 (OS Build 10240.19747)","http://support.microsoft.com/kb/5022858","No LDR Only available","No LDR Only available","No LDR Only available"," ","23-02Rollup"
"Audioses.dll","RDS_devRdr","6.2.10240.18818","1","07-Jan-2021","GDR","5022858","February 14, 2023-KB5022858 (OS Build 10240.19747)","http://support.microsoft.com/kb/5022858","No LDR Only available","No LDR Only available","No LDR Only available"," ","23-02Rollup"
"Audiosrv.dll","RDS_devRdr","6.2.10240.18818","1","07-Jan-2021","GDR","5022858","February 14, 2023-KB5022858 (OS Build 10240.19747)","http://support.microsoft.com/kb/5022858","No LDR Only available","No LDR Only available","No LDR Only available"," ","23-02Rollup"
"Wsepno.dll","RDS_msTsc","6.2.10240.0","1","","RTM","5022858","","","","","","",""
"Xpsgdiconverter.dll","RDS_msTsc","6.2.10240.0","1","","RTM","5022858","","","","","","",""
"Vmrdvcore.dll","RDS_vHost","6.2.10240.18036","0","24-Oct-2018","GDR","5022858","February 14, 2023-KB5022858 (OS Build 10240.19747)","http://support.microsoft.com/kb/5022858","No LDR Only available","No LDR Only available","No LDR Only available"," ","23-02Rollup"
"Tsvmhasvc.dll","RDS_vHost","6.2.10240.0","0","","RTM","5022858","","","","","","",""
"Tssdis.exe","RDS_vHost","6.2.10240.0","0","","RTM","5022858","","","","","","",""
"aaedge.dll","RDS_gateway","6.2.10240.0","1","","RTM","5022858","","","","","","",""
"lserver.dll","RDS_license","6.2.10240.0","1","","RTM","5022858","","","","","","",""
"licmgr.exe","RDS_license","6.2.10240.0","1","","RTM","5022858","","","","","","",""
"dxgkrnl.sys","RDS_host","6.2.10240.19235","1","01-Mar-2022","GDR","5022858","February 14, 2023-KB5022858 (OS Build 10240.19747)","http://support.microsoft.com/kb/5022858","No LDR Only available","No LDR Only available","No LDR Only available"," ","23-02Rollup"
"sessenv.dll","RDS_host","6.2.10240.18036","1","24-Oct-2018","GDR","5022858","February 14, 2023-KB5022858 (OS Build 10240.19747)","http://support.microsoft.com/kb/5022858","No LDR Only available","No LDR Only available","No LDR Only available"," ","23-02Rollup"
"Profprov.dll","Dom_ProfProc","6.2.10240.0","1","","RTM","5022858","","","","","","",""
"Profsvc.dll","Dom_ProfProc","6.2.10240.19177","1","04-Jan-2022","GDR","5022858","February 14, 2023-KB5022858 (OS Build 10240.19747)","http://support.microsoft.com/kb/5022858","No LDR Only available","No LDR Only available","No LDR Only available"," ","23-02Rollup"
"5001399","Win2016_21_04_SSU_KB"," ","0","13-Apr-2021","GDR","5001399","KB5001399: Servicing stack update for Windows 10: April 13, 2021","http://support.microsoft.com/kb/5001399","No LDR Only available","No LDR Only available","No LDR Only available"," ","No Rollup"
"5022858","Win2016_23-02_B_rollup_KB"," ","0","14-Feb-2023","GDR","5022858","February 14, 2023-KB5022858 (OS Build 10240.19747)","http://support.microsoft.com/kb/5022858","No LDR Only available","No LDR Only available","No LDR Only available"," ","23-02Rollup"
