"Binary","Component","Version","Prio","Published","Branch","Article","Title","Link","LDROnlyKB","LDROnlyTitle","LDROnlyLink","Comment","RollupInfo"
"Volsnap.sys","Cluster_Volsnap","6.2.10240.0","0","","RTM","5022858","","","","","","",""
"Csvflt.sys","Cluster_CSV","6.2.10240.0","0","","RTM","5022858","","","","","","",""
"Csvfs.sys","Cluster_CSV","6.2.10240.0","0","","RTM","5022858","","","","","","",""
"Vmswitch.sys","Hyper-V_Net","6.2.10240.19507","1","03-Oct-2022","GDR","5022858","February 14, 2023-KB5022858 (OS Build 10240.19747)","http://support.microsoft.com/kb/5022858","No LDR Only available","No LDR Only available","No LDR Only available"," ","23-02Rollup"
"Mslbfoprovider.sys","Hyper-V_Net","6.2.10240.0","1","","RTM","5022858","","","","","","",""
"Wnv.sys","Hyper-V_Net","6.2.10240.19507","1","03-Oct-2022","GDR","5022858","February 14, 2023-KB5022858 (OS Build 10240.19747)","http://support.microsoft.com/kb/5022858","No LDR Only available","No LDR Only available","No LDR Only available"," ","23-02Rollup"
"Vmsntfy.dll","Hyper-V_Net","6.2.10240.18818","1","07-Jan-2021","GDR","5022858","February 14, 2023-KB5022858 (OS Build 10240.19747)","http://support.microsoft.com/kb/5022858","No LDR Only available","No LDR Only available","No LDR Only available"," ","23-02Rollup"
"Ndisimplatform.sys","Hyper-V_Net","6.2.10240.18818","1","07-Jan-2021","GDR","5022858","February 14, 2023-KB5022858 (OS Build 10240.19747)","http://support.microsoft.com/kb/5022858","No LDR Only available","No LDR Only available","No LDR Only available"," ","23-02Rollup"
"Vmms.exe","Hyper-V_Net","6.2.10240.19624","1","30-Nov-2022","GDR","5022858","February 14, 2023-KB5022858 (OS Build 10240.19747)","http://support.microsoft.com/kb/5022858","No LDR Only available","No LDR Only available","No LDR Only available"," ","23-02Rollup"
"Winnat.sys","Hyper-V_Net","6.2.10240.19086","1","04-Oct-2021","GDR","5022858","February 14, 2023-KB5022858 (OS Build 10240.19747)","http://support.microsoft.com/kb/5022858","No LDR Only available","No LDR Only available","No LDR Only available"," ","23-02Rollup"
"pvhdparser.sys","Hyper-V_Net","6.2.10240.17738","1","01-Jan-2018","GDR","5022858","February 14, 2023-KB5022858 (OS Build 10240.19747)","http://support.microsoft.com/kb/5022858","No LDR Only available","No LDR Only available","No LDR Only available"," ","23-02Rollup"
"Wmisvc.dll","Hyper-V_Net","6.2.10240.18666","1","05-Aug-2020","GDR","5022858","February 14, 2023-KB5022858 (OS Build 10240.19747)","http://support.microsoft.com/kb/5022858","No LDR Only available","No LDR Only available","No LDR Only available"," ","23-02Rollup"
"Vmbus.sys","Hyper-V_Net","6.2.10240.17738","1","01-Jan-2018","GDR","5022858","February 14, 2023-KB5022858 (OS Build 10240.19747)","http://support.microsoft.com/kb/5022858","No LDR Only available","No LDR Only available","No LDR Only available"," ","23-02Rollup"
"Rasapi32.dll","HNV_Net","6.2.10240.18874","1","26-Feb-2021","GDR","5022858","February 14, 2023-KB5022858 (OS Build 10240.19747)","http://support.microsoft.com/kb/5022858","No LDR Only available","No LDR Only available","No LDR Only available"," ","23-02Rollup"
"Mprapi.dll","HNV_Net","6.2.10240.19235","1","01-Mar-2022","GDR","5022858","February 14, 2023-KB5022858 (OS Build 10240.19747)","http://support.microsoft.com/kb/5022858","No LDR Only available","No LDR Only available","No LDR Only available"," ","23-02Rollup"
"Vmwp.exe","Hyper-V_app","6.2.10240.19235","1","01-Mar-2022","GDR","5022858","February 14, 2023-KB5022858 (OS Build 10240.19747)","http://support.microsoft.com/kb/5022858","No LDR Only available","No LDR Only available","No LDR Only available"," ","23-02Rollup"
"5001399","Win2016_21_04_SSU_KB"," ","0","13-Apr-2021","GDR","5001399","KB5001399: Servicing stack update for Windows 10: April 13, 2021","http://support.microsoft.com/kb/5001399","No LDR Only available","No LDR Only available","No LDR Only available"," ","No Rollup"
"5022858","Win2016_23-02_B_rollup_KB"," ","0","14-Feb-2023","GDR","5022858","February 14, 2023-KB5022858 (OS Build 10240.19747)","http://support.microsoft.com/kb/5022858","No LDR Only available","No LDR Only available","No LDR Only available"," ","23-02Rollup"
