"Binary","Component","Version","Prio","Published","Branch","Article","Title","Link","LDROnlyKB","LDROnlyTitle","LDROnlyLink","Comment","RollupInfo"
"Ntoskrnl.exe","Core_Kernel","6.2.22621.1265","0","30-Jan-2023","GDR","5022845","February 14, 2023-KB5022845 (OS Build 22621.1265)","http://support.microsoft.com/kb/5022845","No LDR Only available","No LDR Only available","No LDR Only available"," ","23-02Rollup"
"Ntkrnlpa.exe","Core_Kernel","6.2.22621.1","0","","RTM","5022845","","","","","","",""
"Crashdmp.sys","Core_Kernel","6.2.22621.608","0","31-Jan-2023","GDR","5022845","February 14, 2023-KB5022845 (OS Build 22621.1265)","http://support.microsoft.com/kb/5022845","No LDR Only available","No LDR Only available","No LDR Only available"," ","23-02Rollup"
"Ntdll.dll","Core_Kernel","6.2.22621.1105","0","31-Jan-2023","GDR","5022845","February 14, 2023-KB5022845 (OS Build 22621.1265)","http://support.microsoft.com/kb/5022845","No LDR Only available","No LDR Only available","No LDR Only available"," ","23-02Rollup"
"Hal.dll","Core_Kernel","6.2.22621.819","0","31-Jan-2023","GDR","5022845","February 14, 2023-KB5022845 (OS Build 22621.1265)","http://support.microsoft.com/kb/5022845","No LDR Only available","No LDR Only available","No LDR Only available"," ","23-02Rollup"
"Fltmgr.sys","Core_Kernel","6.2.22621.608","0","31-Jan-2023","GDR","5022845","February 14, 2023-KB5022845 (OS Build 22621.1265)","http://support.microsoft.com/kb/5022845","No LDR Only available","No LDR Only available","No LDR Only available"," ","23-02Rollup"
"win32k.sys","Core_Kernel","6.2.22621.1265","0","30-Jan-2023","GDR","5022845","February 14, 2023-KB5022845 (OS Build 22621.1265)","http://support.microsoft.com/kb/5022845","No LDR Only available","No LDR Only available","No LDR Only available"," ","23-02Rollup"
"Ntfs.sys","Core_FileSystem","6.2.22621.1194","0","31-Jan-2023","GDR","5022845","February 14, 2023-KB5022845 (OS Build 22621.1265)","http://support.microsoft.com/kb/5022845","No LDR Only available","No LDR Only available","No LDR Only available"," ","23-02Rollup"
"dedup.sys","Core_FileSystem","6.2.22621.1","0","","RTM","5022845","","","","","","",""
"Msiscsi.sys","Core_DiskSystem","6.2.22621.1","0","","RTM","5022845","","","","","","",""
"Iscsitgt.dll","Core_DiskSystem","6.2.22621.1","0","","RTM","5022845","","","","","","",""
"Storport.sys","Core_DiskSystem","6.2.22621.900","0","13-Dec-2022","GDR","5022845","February 14, 2023-KB5022845 (OS Build 22621.1265)","http://support.microsoft.com/kb/5022845","No LDR Only available","No LDR Only available","No LDR Only available","rEX","23-02Rollup"
"Repdrvfs.dll","Core_WMI","6.2.22621.608","0","31-Jan-2023","GDR","5022845","February 14, 2023-KB5022845 (OS Build 22621.1265)","http://support.microsoft.com/kb/5022845","No LDR Only available","No LDR Only available","No LDR Only available"," ","23-02Rollup"
"Mpio.sys","Core_MPIO","6.2.22621.1","0","","RTM","5022845","","","","","","",""
"Msdsm.sys","Core_MPIO","6.2.22621.1","0","","RTM","5022845","","","","","","",""
"Advapi32.dll","Core_Apps","6.2.22621.608","0","31-Jan-2023","GDR","5022845","February 14, 2023-KB5022845 (OS Build 22621.1265)","http://support.microsoft.com/kb/5022845","No LDR Only available","No LDR Only available","No LDR Only available"," ","23-02Rollup"
"Vssapi.dll","Core_VSS","6.2.22621.1","1","","RTM","5022845","","","","","","",""
"Vsstrace.dll","Core_VSS","6.2.22621.1","1","","RTM","5022845","","","","","","",""
"vsssvc.exe","Core_VSS","6.2.22621.1","1","","RTM","5022845","","","","","","",""
"Swprv.dll","Core_VSS","6.2.22621.1","1","","RTM","5022845","","","","","","",""
"spp.dll","Core_VSS","6.2.22621.1","1","","RTM","5022845","","","","","","",""
"wbengine.exe","Core_VSS","6.2.22621.1","1","","RTM","5022845","","","","","","",""
"blbsrv.dll","Core_VSS","6.2.22621.1","1","","RTM","5022845","","","","","","",""
"Volsnap.sys","Cluster_Volsnap","6.2.22621.1","0","","RTM","5022845","","","","","","",""
"pci.sys","Core_Sys","6.2.22621.900","1","31-Jan-2023","GDR","5022845","February 14, 2023-KB5022845 (OS Build 22621.1265)","http://support.microsoft.com/kb/5022845","No LDR Only available","No LDR Only available","No LDR Only available"," ","23-02Rollup"
"Termdd.sys","Core_Sys","6.2.22621.1","1","","RTM","5022845","","","","","","",""
"Volmgr.sys","Core_Sys","6.2.22621.608","1","31-Jan-2023","GDR","5022845","February 14, 2023-KB5022845 (OS Build 22621.1265)","http://support.microsoft.com/kb/5022845","No LDR Only available","No LDR Only available","No LDR Only available"," ","23-02Rollup"
"Crypt32.dll","Dom_CRYPTO","6.2.22621.674","1","31-Jan-2023","GDR","5022845","February 14, 2023-KB5022845 (OS Build 22621.1265)","http://support.microsoft.com/kb/5022845","No LDR Only available","No LDR Only available","No LDR Only available"," ","23-02Rollup"
"Cryptsvc.dll","Dom_CRYPTO","6.2.22621.755","1","31-Jan-2023","GDR","5022845","February 14, 2023-KB5022845 (OS Build 22621.1265)","http://support.microsoft.com/kb/5022845","No LDR Only available","No LDR Only available","No LDR Only available"," ","23-02Rollup"
"Cryptnet.dll","Dom_CRYPTO","6.2.22621.1","1","","RTM","5022845","","","","","","",""
"Wintrust.dll","Dom_CRYPTO","6.2.22621.1194","1","31-Jan-2023","GDR","5022845","February 14, 2023-KB5022845 (OS Build 22621.1265)","http://support.microsoft.com/kb/5022845","No LDR Only available","No LDR Only available","No LDR Only available"," ","23-02Rollup"
"Cryptdll.dll","Dom_CRYPTO","6.2.22621.1","1","","RTM","5022845","","","","","","",""
"Cryptcatsvc.dll","Dom_CRYPTO","6.2.22621.1194","1","31-Jan-2023","GDR","5022845","February 14, 2023-KB5022845 (OS Build 22621.1265)","http://support.microsoft.com/kb/5022845","No LDR Only available","No LDR Only available","No LDR Only available"," ","23-02Rollup"
"Tzres.dll","Core_TimeZone","6.2.22621.900","1","31-Jan-2023","GDR","5022845","February 14, 2023-KB5022845 (OS Build 22621.1265)","http://support.microsoft.com/kb/5022845","No LDR Only available","No LDR Only available","No LDR Only available"," ","23-02Rollup"
"5022845","Win1122H2_23-02_B_rollup_KB"," ","0","14-Feb-2023","GDR","5022845","February 14, 2023-KB5022845 (OS Build 22621.1265)","http://support.microsoft.com/kb/5022845","No LDR Only available","No LDR Only available","No LDR Only available"," ","23-02Rollup"
