"Binary","Component","Version","Prio","Published","Branch","Article","Title","Link","LDROnlyKB","LDROnlyTitle","LDROnlyLink","Comment","RollupInfo"
"Ntoskrnl.exe","Core_Kernel","6.2.20344.1","0","06-Jul-21","GDR","5004945","July 6, 2021-KB5004945 (OS Builds 19041.1083, 19042.1083, and 19043.1083) out-of-band","http://support.microsoft.com/kb/5004945","KB only","KB only","KB only"," ","21-07Rollup"
"Ntkrnlpa.exe","Core_Kernel","6.2.20344.1","0","06-Jul-21","GDR","5004945","July 6, 2021-KB5004945 (OS Builds 19041.1083, 19042.1083, and 19043.1083) out-of-band","http://support.microsoft.com/kb/5004945","KB only","KB only","KB only"," ","21-07Rollup"
"Crashdmp.sys","Core_Kernel","6.2.20344.1","0","06-Jul-21","GDR","5004945","July 6, 2021-KB5004945 (OS Builds 19041.1083, 19042.1083, and 19043.1083) out-of-band","http://support.microsoft.com/kb/5004945","KB only","KB only","KB only"," ","21-07Rollup"
"Vssapi.dll","Core_VSS","6.2.20344.1","1","06-Jul-21","GDR","5004945","July 6, 2021-KB5004945 (OS Builds 19041.1083, 19042.1083, and 19043.1083) out-of-band","http://support.microsoft.com/kb/5004945","KB only","KB only","KB only"," ","21-07Rollup"
"Vsstrace.dll","Core_VSS","6.2.20344.1","1","06-Jul-21","GDR","5004945","July 6, 2021-KB5004945 (OS Builds 19041.1083, 19042.1083, and 19043.1083) out-of-band","http://support.microsoft.com/kb/5004945","KB only","KB only","KB only"," ","21-07Rollup"
"vsssvc.exe","Core_VSS","6.2.20344.1","1","06-Jul-21","GDR","5004945","July 6, 2021-KB5004945 (OS Builds 19041.1083, 19042.1083, and 19043.1083) out-of-band","http://support.microsoft.com/kb/5004945","KB only","KB only","KB only"," ","21-07Rollup"
"Swprv.dll","Core_VSS","6.2.20344.1","1","06-Jul-21","GDR","5004945","July 6, 2021-KB5004945 (OS Builds 19041.1083, 19042.1083, and 19043.1083) out-of-band","http://support.microsoft.com/kb/5004945","KB only","KB only","KB only"," ","21-07Rollup"
"spp.dll","Core_VSS","6.2.20344.1","1","06-Jul-21","GDR","5004945","July 6, 2021-KB5004945 (OS Builds 19041.1083, 19042.1083, and 19043.1083) out-of-band","http://support.microsoft.com/kb/5004945","KB only","KB only","KB only"," ","21-07Rollup"
"wbengine.exe","Core_VSS","6.2.20344.1","1","06-Jul-21","GDR","5004945","July 6, 2021-KB5004945 (OS Builds 19041.1083, 19042.1083, and 19043.1083) out-of-band","http://support.microsoft.com/kb/5004945","KB only","KB only","KB only"," ","21-07Rollup"
"blbsrv.dll","Core_VSS","6.2.20344.1","1","06-Jul-21","GDR","5004945","July 6, 2021-KB5004945 (OS Builds 19041.1083, 19042.1083, and 19043.1083) out-of-band","http://support.microsoft.com/kb/5004945","KB only","KB only","KB only"," ","21-07Rollup"
"Volsnap.sys","Cluster_Volsnap","6.2.20344.1","0","06-Jul-21","GDR","5004945","July 6, 2021-KB5004945 (OS Builds 19041.1083, 19042.1083, and 19043.1083) out-of-band","http://support.microsoft.com/kb/5004945","KB only","KB only","KB only"," ","21-07Rollup"
"pci.sys","Core_Sys","6.2.20344.1","1","06-Jul-21","GDR","5004945","July 6, 2021-KB5004945 (OS Builds 19041.1083, 19042.1083, and 19043.1083) out-of-band","http://support.microsoft.com/kb/5004945","KB only","KB only","KB only"," ","21-07Rollup"
"Termdd.sys","Core_Sys","6.2.20344.1","1","06-Jul-21","GDR","5004945","July 6, 2021-KB5004945 (OS Builds 19041.1083, 19042.1083, and 19043.1083) out-of-band","http://support.microsoft.com/kb/5004945","KB only","KB only","KB only"," ","21-07Rollup"
"Volmgr.sys","Core_Sys","6.2.20344.1","1","06-Jul-21","GDR","5004945","July 6, 2021-KB5004945 (OS Builds 19041.1083, 19042.1083, and 19043.1083) out-of-band","http://support.microsoft.com/kb/5004945","KB only","KB only","KB only"," ","21-07Rollup"
"Crypt32.dll","Dom_CRYPTO","6.2.20344.1","1","06-Jul-21","GDR","5004945","July 6, 2021-KB5004945 (OS Builds 19041.1083, 19042.1083, and 19043.1083) out-of-band","http://support.microsoft.com/kb/5004945","KB only","KB only","KB only"," ","21-07Rollup"
"Cryptsvc.dll","Dom_CRYPTO","6.2.20344.1","1","06-Jul-21","GDR","5004945","July 6, 2021-KB5004945 (OS Builds 19041.1083, 19042.1083, and 19043.1083) out-of-band","http://support.microsoft.com/kb/5004945","KB only","KB only","KB only"," ","21-07Rollup"
"Cryptnet.dll","Dom_CRYPTO","6.2.20344.1","1","06-Jul-21","GDR","5004945","July 6, 2021-KB5004945 (OS Builds 19041.1083, 19042.1083, and 19043.1083) out-of-band","http://support.microsoft.com/kb/5004945","KB only","KB only","KB only"," ","21-07Rollup"
"Wintrust.dll","Dom_CRYPTO","6.2.20344.1","1","06-Jul-21","GDR","5004945","July 6, 2021-KB5004945 (OS Builds 19041.1083, 19042.1083, and 19043.1083) out-of-band","http://support.microsoft.com/kb/5004945","KB only","KB only","KB only"," ","21-07Rollup"
"Cryptdll.dll","Dom_CRYPTO","6.2.20344.1","1","06-Jul-21","GDR","5004945","July 6, 2021-KB5004945 (OS Builds 19041.1083, 19042.1083, and 19043.1083) out-of-band","http://support.microsoft.com/kb/5004945","KB only","KB only","KB only"," ","21-07Rollup"
"Cryptcatsvc.dll","Dom_CRYPTO","6.2.20344.1","1","06-Jul-21","GDR","5004945","July 6, 2021-KB5004945 (OS Builds 19041.1083, 19042.1083, and 19043.1083) out-of-band","http://support.microsoft.com/kb/5004945","KB only","KB only","KB only"," ","21-07Rollup"
"4598481","Win2022_21-01_SSU_KB"," ","0","12-Jan-2021","GDR","4598481","Servicing stack update for Windows 10, version 2004 and 20H2: January 12, 2021","http://support.microsoft.com/kb/4598481","KB only","KB only","KB Only"," ","No Rollup"
"5004945","Win2022_21-07_A_rollup_KB"," ","0","06-Jul-2021","GDR","5004945","July 6, 2021-KB5004945 (OS Builds 19041.1083, 19042.1083, and 19043.1083) out-of-band","http://support.microsoft.com/kb/5004945","KB only","KB only","KB only"," ","21-07Rollup"
