"Binary","Component","Version","Prio","Published","Branch","Article","Title","Link","LDROnlyKB","LDROnlyTitle","LDROnlyLink","Comment","RollupInfo"
"Ntoskrnl.exe","Core_Kernel","6.2.17134.2208","0","11-May-21","GDR","5003174","May 11, 2021-KB5003174 (OS Build 17134.2208)","http://support.microsoft.com/kb/5003174","KB only","KB only","KB only"," ","21-05Rollup"
"srv.sys","Net_SMB_Server","6.2.17134.1550","0","2-Jun-20","GDR","5003174","May 11, 2021-KB5003174 (OS Build 17134.2208)","http://support.microsoft.com/kb/5003174","KB only","KB only","KB only"," ","21-05Rollup"
"srv2.sys","Net_SMB_Server","6.2.17134.2145","0","11-May-21","GDR","5003174","May 11, 2021-KB5003174 (OS Build 17134.2208)","http://support.microsoft.com/kb/5003174","KB only","KB only","KB only"," ","21-05Rollup"
"Mup.sys","Net_SMB_Client","6.2.17134.1","0","11-Apr-18","GDR","5003174","May 11, 2021-KB5003174 (OS Build 17134.2208)","http://support.microsoft.com/kb/5003174","KB only","KB only","KB only"," ","21-05Rollup"
"Nlasvc.dll","Net_NLA","6.2.17134.1610","0","7-Jul-20","GDR","5003174","May 11, 2021-KB5003174 (OS Build 17134.2208)","http://support.microsoft.com/kb/5003174","KB only","KB only","KB only"," ","21-05Rollup"
"Cscsvc.dll","Net_CSC_Offline","6.2.17134.2208","1","11-May-21","GDR","5003174","May 11, 2021-KB5003174 (OS Build 17134.2208)","http://support.microsoft.com/kb/5003174","KB only","KB only","KB only"," ","21-05Rollup"
"Cscmig.dll","Net_CSC_Offline","6.2.17134.1967","1","12-Jan-21","GDR","5003174","May 11, 2021-KB5003174 (OS Build 17134.2208)","http://support.microsoft.com/kb/5003174","KB only","KB only","KB only"," ","21-05Rollup"
"Shell32.dll","Net_WebDAV","6.2.17134.2208","1","11-May-21","GDR","5003174","May 11, 2021-KB5003174 (OS Build 17134.2208)","http://support.microsoft.com/kb/5003174","KB only","KB only","KB only"," ","21-05Rollup"
"Dfsc.sys","Net_DFS-N_Client","6.2.17134.137","0","15-Jun-18","GDR","5003174","May 11, 2021-KB5003174 (OS Build 17134.2208)","http://support.microsoft.com/kb/5003174","KB only","KB only","KB only"," ","21-05Rollup"
"Profsvc.dll","Dom_ProfProc","6.2.17134.1792","1","12-Jan-21","GDR","5003174","May 11, 2021-KB5003174 (OS Build 17134.2208)","http://support.microsoft.com/kb/5003174","KB only","KB only","KB only"," ","21-05Rollup"
"Kerberos.dll","Dom_KERBEROS","6.2.17134.1667","0","5-Aug-20","GDR","5003174","May 11, 2021-KB5003174 (OS Build 17134.2208)","http://support.microsoft.com/kb/5003174","KB only","KB only","KB only"," ","21-05Rollup"
"Iphlpsvc.dll","Net_DirectAccess_Client","6.2.17134.1967","1","12-Jan-21","GDR","5003174","May 11, 2021-KB5003174 (OS Build 17134.2208)","http://support.microsoft.com/kb/5003174","KB only","KB only","KB only"," ","21-05Rollup"
"Rdpcore.dll","Net_DirectAccess_Client","6.2.17134.1967","1","12-Jan-21","GDR","5003174","May 11, 2021-KB5003174 (OS Build 17134.2208)","http://support.microsoft.com/kb/5003174","KB only","KB only","KB only"," ","21-05Rollup"
"Rastls.dll","Net_IEEE802.1x","6.2.17134.858","1","13-Jun-19","GDR","5003174","May 11, 2021-KB5003174 (OS Build 17134.2208)","http://support.microsoft.com/kb/5003174","KB only","KB only","KB only"," ","21-05Rollup"
"wlansvc.dll","Net_WLAN_Client","6.2.17134.2145","1","11-May-21","GDR","5003174","May 11, 2021-KB5003174 (OS Build 17134.2208)","http://support.microsoft.com/kb/5003174","KB only","KB only","KB only"," ","21-05Rollup"
"wlanmsm.dll","Net_WLAN_Client","6.2.17134.2145","1","11-May-21","GDR","5003174","May 11, 2021-KB5003174 (OS Build 17134.2208)","http://support.microsoft.com/kb/5003174","KB only","KB only","KB only"," ","21-05Rollup"
"wlansvcpal.dll","Net_WLAN_Client","6.2.17134.137","1","15-Jun-18","GDR","5003174","May 11, 2021-KB5003174 (OS Build 17134.2208)","http://support.microsoft.com/kb/5003174","KB only","KB only","KB only"," ","21-05Rollup"
"Rasapi32.dll","HNV_Net","6.2.17134.2087","1","11-May-21","GDR","5003174","May 11, 2021-KB5003174 (OS Build 17134.2208)","http://support.microsoft.com/kb/5003174","KB only","KB only","KB only"," ","21-05Rollup"
"Mpsdrv.sys","Net_Firewall","6.2.17134.285","1","31-Aug-18","GDR","5003174","May 11, 2021-KB5003174 (OS Build 17134.2208)","http://support.microsoft.com/kb/5003174","KB only","KB only","KB only"," ","21-05Rollup"
"Vmswitch.sys","Hyper-V_Net","6.2.17134.1845","1","4-Mar-20","GDR","5003174","May 11, 2021-KB5003174 (OS Build 17134.2208)","http://support.microsoft.com/kb/5003174","KB only","KB only","KB only"," ","21-05Rollup"
"Wnv.sys","Hyper-V_Net","6.2.17134.1967","1","6-May-20","GDR","5003174","May 11, 2021-KB5003174 (OS Build 17134.2208)","http://support.microsoft.com/kb/5003174","KB only","KB only","KB only"," ","21-05Rollup"
"Vmms.exe","Hyper-V_Net","6.2.17134.1967","1","7-Jan-20","GDR","5003174","May 11, 2021-KB5003174 (OS Build 17134.2208)","http://support.microsoft.com/kb/5003174","KB only","KB only","KB only"," ","21-05Rollup"
"Vmbus.sys","Hyper-V_Net","6.2.17134.228","1","3-Aug-18","GDR","5003174","May 11, 2021-KB5003174 (OS Build 17134.2208)","http://support.microsoft.com/kb/5003174","KB only","KB only","KB only"," ","21-05Rollup"
"WorkFolders.exe","Net_WorkFolders","6.2.17134.1","1","11-Apr-18","GDR","5003174","May 11, 2021-KB5003174 (OS Build 17134.2208)","http://support.microsoft.com/kb/5003174","KB only","KB only","KB only"," ","21-05Rollup"
"WorkFoldersshell.dll","Net_WorkFolders","6.2.17134.1967","1","12-Jan-21","GDR","5003174","May 11, 2021-KB5003174 (OS Build 17134.2208)","http://support.microsoft.com/kb/5003174","KB only","KB only","KB only"," ","21-05Rollup"
"WorkFolderssvc.dll","Net_WorkFolders","6.2.17134.1967","1","12-Jan-21","GDR","5003174","May 11, 2021-KB5003174 (OS Build 17134.2208)","http://support.microsoft.com/kb/5003174","KB only","KB only","KB only"," ","21-05Rollup"
"5003364","Win2016RS4_21_05_SSU_KB"," ","0","11-May-2021","GDR","5003364","KB5003364: Servicing stack update for Windows 10, version 1803: May 11, 2021","http://support.microsoft.com/kb/5003364","KB only","KB only","KB Only"," ","No Rollup"
"5003174","Win2016RS4_21-05_B_rollup_KB"," ","0","11-May-2021","GDR","5003174","May 11, 2021-KB5003174 (OS Build 17134.2208)","http://support.microsoft.com/kb/5003174","KB only","KB only","KB only"," ","21-05Rollup"
