"Binary","Component","Version","Prio","Published","Branch","Article","Title","Link","LDROnlyKB","LDROnlyTitle","LDROnlyLink","Comment","RollupInfo"
"Netlogon.dll","Dom_NETLOGON","6.2.10240.19685","0","05-Jan-2023","GDR","5022858","February 14, 2023-KB5022858 (OS Build 10240.19747)","http://support.microsoft.com/kb/5022858","No LDR Only available","No LDR Only available","No LDR Only available"," ","23-02Rollup"
"LogonCli.dll","Dom_NETLOGON","6.2.10240.19507","0","03-Oct-2022","GDR","5022858","February 14, 2023-KB5022858 (OS Build 10240.19747)","http://support.microsoft.com/kb/5022858","No LDR Only available","No LDR Only available","No LDR Only available"," ","23-02Rollup"
"Winlogon.exe","Dom_WINLOGON","6.2.10240.18333","0","28-Aug-2019","GDR","5022858","February 14, 2023-KB5022858 (OS Build 10240.19747)","http://support.microsoft.com/kb/5022858","No LDR Only available","No LDR Only available","No LDR Only available"," ","23-02Rollup"
"Kerberos.dll","Dom_KERBEROS","6.2.10240.19747","0","30-Jan-2023","GDR","5022858","February 14, 2023-KB5022858 (OS Build 10240.19747)","http://support.microsoft.com/kb/5022858","No LDR Only available","No LDR Only available","No LDR Only available"," ","23-02Rollup"
"Msv1_0.dll","Dom_NTLM","6.2.10240.19685","1","05-Jan-2023","GDR","5022858","February 14, 2023-KB5022858 (OS Build 10240.19747)","http://support.microsoft.com/kb/5022858","No LDR Only available","No LDR Only available","No LDR Only available"," ","23-02Rollup"
"Wldap32.dll","Dom_LDAPClient","6.2.10240.19444","0","06-Sep-2022","GDR","5022858","February 14, 2023-KB5022858 (OS Build 10240.19747)","http://support.microsoft.com/kb/5022858","No LDR Only available","No LDR Only available","No LDR Only available"," ","23-02Rollup"
"Lsass.exe","Dom_LSA","6.2.10240.17643","0","18-Sep-2017","GDR","5022858","February 14, 2023-KB5022858 (OS Build 10240.19747)","http://support.microsoft.com/kb/5022858","No LDR Only available","No LDR Only available","No LDR Only available"," ","23-02Rollup"
"Lsasrv.dll","Dom_LSA","6.2.10240.19685","0","05-Jan-2023","GDR","5022858","February 14, 2023-KB5022858 (OS Build 10240.19747)","http://support.microsoft.com/kb/5022858","No LDR Only available","No LDR Only available","No LDR Only available"," ","23-02Rollup"
"Ksecdd.sys","Dom_LSA","6.2.10240.19507","0","03-Oct-2022","GDR","5022858","February 14, 2023-KB5022858 (OS Build 10240.19747)","http://support.microsoft.com/kb/5022858","No LDR Only available","No LDR Only available","No LDR Only available"," ","23-02Rollup"
"Ksecpkg.sys","Dom_LSA","6.2.10240.18215","0","03-May-2019","GDR","5022858","February 14, 2023-KB5022858 (OS Build 10240.19747)","http://support.microsoft.com/kb/5022858","No LDR Only available","No LDR Only available","No LDR Only available"," ","23-02Rollup"
"Secur32.dll","Dom_LSA","6.2.10240.0","0","","RTM","5022858","","","","","","",""
"Sspicli.dll","Dom_LSA","6.2.10240.19507","0","03-Oct-2022","GDR","5022858","February 14, 2023-KB5022858 (OS Build 10240.19747)","http://support.microsoft.com/kb/5022858","No LDR Only available","No LDR Only available","No LDR Only available"," ","23-02Rollup"
"Sspisrv.dll","Dom_LSA","6.2.10240.17643","0","18-Sep-2017","GDR","5022858","February 14, 2023-KB5022858 (OS Build 10240.19747)","http://support.microsoft.com/kb/5022858","No LDR Only available","No LDR Only available","No LDR Only available"," ","23-02Rollup"
"Schannel.dll","Dom_LSA","6.2.10240.19747","0","30-Jan-2023","GDR","5022858","February 14, 2023-KB5022858 (OS Build 10240.19747)","http://support.microsoft.com/kb/5022858","No LDR Only available","No LDR Only available","No LDR Only available"," ","23-02Rollup"
"dpapisvr.dll","Dom_LSA","6.2.10240.0","0","","RTM","5022858","","","","","","",""
"Scesrv.dll","Dom_SecAuditAndConfig","6.2.10240.19507","1","03-Oct-2022","GDR","5022858","February 14, 2023-KB5022858 (OS Build 10240.19747)","http://support.microsoft.com/kb/5022858","No LDR Only available","No LDR Only available","No LDR Only available"," ","23-02Rollup"
"AclUI.dll","Dom_SecAuditAndConfig","6.2.10240.18036","1","24-Oct-2018","GDR","5022858","February 14, 2023-KB5022858 (OS Build 10240.19747)","http://support.microsoft.com/kb/5022858","No LDR Only available","No LDR Only available","No LDR Only available"," ","23-02Rollup"
"Winscard.dll","Dom_SC_Provider","6.2.10240.18036","1","24-Oct-2018","GDR","5022858","February 14, 2023-KB5022858 (OS Build 10240.19747)","http://support.microsoft.com/kb/5022858","No LDR Only available","No LDR Only available","No LDR Only available"," ","23-02Rollup"
"Basecsp.dll","Dom_SC_Provider","6.2.10240.17831","1","24-Mar-2018","GDR","5022858","February 14, 2023-KB5022858 (OS Build 10240.19747)","http://support.microsoft.com/kb/5022858","No LDR Only available","No LDR Only available","No LDR Only available"," ","23-02Rollup"
"Scksp.dll","Dom_SC_Provider","6.2.10240.17831","1","23-Mar-2018","GDR","5022858","February 14, 2023-KB5022858 (OS Build 10240.19747)","http://support.microsoft.com/kb/5022858","No LDR Only available","No LDR Only available","No LDR Only available"," ","23-02Rollup"
"ScardSvr.dll","Dom_SC_Srv","6.2.10240.17738","1","01-Jan-2018","GDR","5022858","February 14, 2023-KB5022858 (OS Build 10240.19747)","http://support.microsoft.com/kb/5022858","No LDR Only available","No LDR Only available","No LDR Only available"," ","23-02Rollup"
"Scfilter.sys","Dom_SC_Srv","6.2.10240.19747","1","30-Jan-2023","GDR","5022858","February 14, 2023-KB5022858 (OS Build 10240.19747)","http://support.microsoft.com/kb/5022858","No LDR Only available","No LDR Only available","No LDR Only available"," ","23-02Rollup"
"Certprop.dll","Dom_SC_Srv","6.2.10240.17831","1","23-Mar-2018","GDR","5022858","February 14, 2023-KB5022858 (OS Build 10240.19747)","http://support.microsoft.com/kb/5022858","No LDR Only available","No LDR Only available","No LDR Only available"," ","23-02Rollup"
"Crypt32.dll","Dom_CRYPTO","6.2.10240.19507","1","03-Oct-2022","GDR","5022858","February 14, 2023-KB5022858 (OS Build 10240.19747)","http://support.microsoft.com/kb/5022858","No LDR Only available","No LDR Only available","No LDR Only available"," ","23-02Rollup"
"Cryptsvc.dll","Dom_CRYPTO","6.2.10240.16942","1","27-May-2016","GDR","5022858","February 14, 2023-KB5022858 (OS Build 10240.19747)","http://support.microsoft.com/kb/5022858","No LDR Only available","No LDR Only available","No LDR Only available"," ","23-02Rollup"
"Cryptnet.dll","Dom_CRYPTO","6.2.10240.0","1","","RTM","5022858","","","","","","",""
"Wintrust.dll","Dom_CRYPTO","6.2.10240.19507","1","03-Oct-2022","GDR","5022858","February 14, 2023-KB5022858 (OS Build 10240.19747)","http://support.microsoft.com/kb/5022858","No LDR Only available","No LDR Only available","No LDR Only available"," ","23-02Rollup"
"Cryptdll.dll","Dom_CRYPTO","6.2.10240.18215","1","03-May-2019","GDR","5022858","February 14, 2023-KB5022858 (OS Build 10240.19747)","http://support.microsoft.com/kb/5022858","No LDR Only available","No LDR Only available","No LDR Only available"," ","23-02Rollup"
"Cryptcatsvc.dll","Dom_CRYPTO","6.2.10240.18696","1","01-Sep-2020","GDR","5022858","February 14, 2023-KB5022858 (OS Build 10240.19747)","http://support.microsoft.com/kb/5022858","No LDR Only available","No LDR Only available","No LDR Only available"," ","23-02Rollup"
"Dimsroam.dll","Dom_DIMS","6.2.10240.18818","0","07-Jan-2021","GDR","5022858","February 14, 2023-KB5022858 (OS Build 10240.19747)","http://support.microsoft.com/kb/5022858","No LDR Only available","No LDR Only available","No LDR Only available"," ","23-02Rollup"
"Dimsjob.dll","Dom_DIMS","6.2.10240.0","0","","RTM","5022858","","","","","","",""
"Adprovider.dll","Dom_DIMS","6.2.10240.18818","0","07-Jan-2021","GDR","5022858","February 14, 2023-KB5022858 (OS Build 10240.19747)","http://support.microsoft.com/kb/5022858","No LDR Only available","No LDR Only available","No LDR Only available"," ","23-02Rollup"
"Capiprovider.dll","Dom_DIMS","6.2.10240.19444","0","06-Sep-2022","GDR","5022858","February 14, 2023-KB5022858 (OS Build 10240.19747)","http://support.microsoft.com/kb/5022858","No LDR Only available","No LDR Only available","No LDR Only available"," ","23-02Rollup"
"Cngprovider.dll","Dom_DIMS","6.2.10240.19444","0","06-Sep-2022","GDR","5022858","February 14, 2023-KB5022858 (OS Build 10240.19747)","http://support.microsoft.com/kb/5022858","No LDR Only available","No LDR Only available","No LDR Only available"," ","23-02Rollup"
"Dpapiprovider.dll","Dom_DIMS","6.2.10240.19444","0","06-Sep-2022","GDR","5022858","February 14, 2023-KB5022858 (OS Build 10240.19747)","http://support.microsoft.com/kb/5022858","No LDR Only available","No LDR Only available","No LDR Only available"," ","23-02Rollup"
"Wincredprovider.dll","Dom_DIMS","6.2.10240.18818","0","07-Jan-2021","GDR","5022858","February 14, 2023-KB5022858 (OS Build 10240.19747)","http://support.microsoft.com/kb/5022858","No LDR Only available","No LDR Only available","No LDR Only available"," ","23-02Rollup"
"Gpapi.dll","Dom_GPSVC","6.2.10240.18725","0","29-Sep-2020","GDR","5022858","February 14, 2023-KB5022858 (OS Build 10240.19747)","http://support.microsoft.com/kb/5022858","No LDR Only available","No LDR Only available","No LDR Only available"," ","23-02Rollup"
"Gpsvc.dll","Dom_GPSVC","6.2.10240.19444","0","06-Sep-2022","GDR","5022858","February 14, 2023-KB5022858 (OS Build 10240.19747)","http://support.microsoft.com/kb/5022858","No LDR Only available","No LDR Only available","No LDR Only available"," ","23-02Rollup"
"Gpmgmt.dll","Dom_GPSVC","6.2.10240.0","0","","RTM","5022858","","","","","","",""
"Gprsop.dll","Dom_GPSVC","6.2.10240.0","0","","RTM","5022858","","","","","","",""
"Userenv.dll","Dom_GPSVC","6.2.10240.18725","0","29-Sep-2020","GDR","5022858","February 14, 2023-KB5022858 (OS Build 10240.19747)","http://support.microsoft.com/kb/5022858","No LDR Only available","No LDR Only available","No LDR Only available"," ","23-02Rollup"
"Gpprnext.dll","Dom_GPExt","6.2.10240.0","0","","RTM","5022858","","","","","","",""
"Appmgmts.dll","Dom_GPExt","6.2.10240.18725","0","29-Sep-2020","GDR","5022858","February 14, 2023-KB5022858 (OS Build 10240.19747)","http://support.microsoft.com/kb/5022858","No LDR Only available","No LDR Only available","No LDR Only available"," ","23-02Rollup"
"Gpprefcl.dll","Dom_GPP","6.2.10240.19567","0","03-Nov-2022","GDR","5022858","February 14, 2023-KB5022858 (OS Build 10240.19747)","http://support.microsoft.com/kb/5022858","No LDR Only available","No LDR Only available","No LDR Only available"," ","23-02Rollup"
"Gpme.dll","Dom_GPP","6.2.10240.0","0","","RTM","5022858","","","","","","",""
"Gppref.dll","Dom_GPP","6.2.10240.0","0","","RTM","5022858","","","","","","",""
"Gpprefbr.dll","Dom_GPP","6.2.10240.0","0","","RTM","5022858","","","","","","",""
"Gpprefcn.dll","Dom_GPP","6.2.10240.0","0","","RTM","5022858","","","","","","",""
"Gpregistrybrowser.dll","Dom_GPP","6.2.10240.0","0","","RTM","5022858","","","","","","",""
"Propshts.dll","Dom_GPP","6.2.10240.0","0","","RTM","5022858","","","","","","",""
"Profprov.dll","Dom_ProfProc","6.2.10240.0","0","","RTM","5022858","","","","","","",""
"Profsvc.dll","Dom_ProfProc","6.2.10240.19177","0","04-Jan-2022","GDR","5022858","February 14, 2023-KB5022858 (OS Build 10240.19747)","http://support.microsoft.com/kb/5022858","No LDR Only available","No LDR Only available","No LDR Only available"," ","23-02Rollup"
"Fdeploy.dll","Dom_FolderRedir","6.2.10240.0","0","","RTM","5022858","","","","","","",""
"Esent.dll","Dom_ESENT","6.2.10240.19235","0","01-Mar-2022","GDR","5022858","February 14, 2023-KB5022858 (OS Build 10240.19747)","http://support.microsoft.com/kb/5022858","No LDR Only available","No LDR Only available","No LDR Only available"," ","23-02Rollup"
"Ntdsai.dll","Dom_NTDSAI","6.2.10240.19747","0","30-Jan-2023","GDR","5022858","February 14, 2023-KB5022858 (OS Build 10240.19747)","http://support.microsoft.com/kb/5022858","No LDR Only available","No LDR Only available","No LDR Only available"," ","23-02Rollup"
"Ntdsutil.exe","Dom_NTDSAI","6.2.10240.0","0","","RTM","5022858","","","","","","",""
"Samsrv.dll","Dom_SAMSRV","6.2.10240.19507","0","03-Oct-2022","GDR","5022858","February 14, 2023-KB5022858 (OS Build 10240.19747)","http://support.microsoft.com/kb/5022858","No LDR Only available","No LDR Only available","No LDR Only available"," ","23-02Rollup"
"Samlib.dll","Dom_SAMSRV","6.2.10240.19003","0","05-Jul-2021","GDR","5022858","February 14, 2023-KB5022858 (OS Build 10240.19747)","http://support.microsoft.com/kb/5022858","No LDR Only available","No LDR Only available","No LDR Only available"," ","23-02Rollup"
"Mrxsmb.sys","Net_SMB_Client","6.2.10240.19265","0","30-Mar-2022","GDR","5022858","February 14, 2023-KB5022858 (OS Build 10240.19747)","http://support.microsoft.com/kb/5022858","No LDR Only available","No LDR Only available","No LDR Only available"," ","23-02Rollup"
"Mrxsmb10.sys","Net_SMB_Client","6.2.10240.19265","0","30-Mar-2022","GDR","5022858","February 14, 2023-KB5022858 (OS Build 10240.19747)","http://support.microsoft.com/kb/5022858","No LDR Only available","No LDR Only available","No LDR Only available"," ","23-02Rollup"
"Mrxsmb20.sys","Net_SMB_Client","6.2.10240.19265","0","30-Mar-2022","GDR","5022858","February 14, 2023-KB5022858 (OS Build 10240.19747)","http://support.microsoft.com/kb/5022858","No LDR Only available","No LDR Only available","No LDR Only available"," ","23-02Rollup"
"Rdbss.sys","Net_SMB_Client","6.2.10240.19060","0","11-Sep-2021","GDR","5022858","February 14, 2023-KB5022858 (OS Build 10240.19747)","http://support.microsoft.com/kb/5022858","No LDR Only available","No LDR Only available","No LDR Only available"," ","23-02Rollup"
"Netbt.sys","Net_SMB_Client","6.2.10240.18725","0","29-Sep-2020","GDR","5022858","February 14, 2023-KB5022858 (OS Build 10240.19747)","http://support.microsoft.com/kb/5022858","No LDR Only available","No LDR Only available","No LDR Only available"," ","23-02Rollup"
"Mup.sys","Net_SMB_Client","6.2.10240.0","0","","RTM","5022858","","","","","","",""
"wkssvc.dll","Net_SMB_Client","6.2.10240.19507","0","03-Oct-2022","GDR","5022858","February 14, 2023-KB5022858 (OS Build 10240.19747)","http://support.microsoft.com/kb/5022858","No LDR Only available","No LDR Only available","No LDR Only available"," ","23-02Rollup"
"Mpr.dll","Net_SMB_Client","6.2.10240.18158","0","06-Mar-2019","GDR","5022858","February 14, 2023-KB5022858 (OS Build 10240.19747)","http://support.microsoft.com/kb/5022858","No LDR Only available","No LDR Only available","No LDR Only available"," ","23-02Rollup"
"NtLanman.dll","Net_SMB_Client","6.2.10240.18158","0","05-Mar-2019","GDR","5022858","February 14, 2023-KB5022858 (OS Build 10240.19747)","http://support.microsoft.com/kb/5022858","No LDR Only available","No LDR Only available","No LDR Only available"," ","23-02Rollup"
"Tcpip.sys","Net_Protocol","6.2.10240.19507","0","03-Oct-2022","GDR","5022858","February 14, 2023-KB5022858 (OS Build 10240.19747)","http://support.microsoft.com/kb/5022858","No LDR Only available","No LDR Only available","No LDR Only available"," ","23-02Rollup"
"Afd.sys","Net_Protocol","6.2.10240.19325","0","08-Jun-2022","GDR","5022858","February 14, 2023-KB5022858 (OS Build 10240.19747)","http://support.microsoft.com/kb/5022858","No LDR Only available","No LDR Only available","No LDR Only available"," ","23-02Rollup"
"Netio.sys","Net_Protocol","6.2.10240.19003","0","05-Jul-2021","GDR","5022858","February 14, 2023-KB5022858 (OS Build 10240.19747)","http://support.microsoft.com/kb/5022858","No LDR Only available","No LDR Only available","No LDR Only available"," ","23-02Rollup"
"Ndis.sys","Net_Protocol","6.2.10240.19235","0","01-Mar-2022","GDR","5022858","February 14, 2023-KB5022858 (OS Build 10240.19747)","http://support.microsoft.com/kb/5022858","No LDR Only available","No LDR Only available","No LDR Only available"," ","23-02Rollup"
"Netiohlp.dll","Net_Protocol","6.2.10240.0","0","","RTM","5022858","","","","","","",""
"Tdx.sys","Net_Protocol","6.2.10240.19060","0","11-Sep-2021","GDR","5022858","February 14, 2023-KB5022858 (OS Build 10240.19747)","http://support.microsoft.com/kb/5022858","No LDR Only available","No LDR Only available","No LDR Only available"," ","23-02Rollup"
"Iphlpapi.dll","Net_Protocol","6.2.10240.0","0","","RTM","5022858","","","","","","",""
"Dfsc.sys","Net_DFS-N_Client","6.2.10240.19747","0","30-Jan-2023","GDR","5022858","February 14, 2023-KB5022858 (OS Build 10240.19747)","http://support.microsoft.com/kb/5022858","No LDR Only available","No LDR Only available","No LDR Only available"," ","23-02Rollup"
"Csc.sys","Net_CSC_Offline","6.2.10240.17946","0","07-Aug-2018","GDR","5022858","February 14, 2023-KB5022858 (OS Build 10240.19747)","http://support.microsoft.com/kb/5022858","No LDR Only available","No LDR Only available","No LDR Only available"," ","23-02Rollup"
"Cscapi.dll","Net_CSC_Offline","6.2.10240.0","0","","RTM","5022858","","","","","","",""
"Cscdll.dll","Net_CSC_Offline","6.2.10240.0","0","","RTM","5022858","","","","","","",""
"Cscsvc.dll","Net_CSC_Offline","6.2.10240.19235","0","01-Mar-2022","GDR","5022858","February 14, 2023-KB5022858 (OS Build 10240.19747)","http://support.microsoft.com/kb/5022858","No LDR Only available","No LDR Only available","No LDR Only available"," ","23-02Rollup"
"Cscmig.dll","Net_CSC_Offline","6.2.10240.18818","0","07-Jan-2021","GDR","5022858","February 14, 2023-KB5022858 (OS Build 10240.19747)","http://support.microsoft.com/kb/5022858","No LDR Only available","No LDR Only available","No LDR Only available"," ","23-02Rollup"
"Cscui.dll","Net_CSC_Offline","6.2.10240.19235","0","01-Mar-2022","GDR","5022858","February 14, 2023-KB5022858 (OS Build 10240.19747)","http://support.microsoft.com/kb/5022858","No LDR Only available","No LDR Only available","No LDR Only available"," ","23-02Rollup"
"Mrxdav.sys","Net_WebDAV","6.2.10240.17146","0","29-Sep-2016","GDR","5022858","February 14, 2023-KB5022858 (OS Build 10240.19747)","http://support.microsoft.com/kb/5022858","No LDR Only available","No LDR Only available","No LDR Only available"," ","23-02Rollup"
"Webclnt.dll","Net_WebDAV","6.2.10240.0","0","","RTM","5022858","","","","","","",""
"Davclnt.dll","Net_WebDAV","6.2.10240.0","0","","RTM","5022858","","","","","","",""
"Shell32.dll","Net_WebDAV","6.2.10240.19747","0","30-Jan-2023","GDR","5022858","February 14, 2023-KB5022858 (OS Build 10240.19747)","http://support.microsoft.com/kb/5022858","No LDR Only available","No LDR Only available","No LDR Only available"," ","23-02Rollup"
"Winhttp.dll","Net_WebDAV","6.2.10240.18132","0","05-Feb-2019","GDR","5022858","February 14, 2023-KB5022858 (OS Build 10240.19747)","http://support.microsoft.com/kb/5022858","No LDR Only available","No LDR Only available","No LDR Only available"," ","23-02Rollup"
"Dhcpcore.dll","Net_DHCP_Client","6.2.10240.19507","0","03-Oct-2022","GDR","5022858","February 14, 2023-KB5022858 (OS Build 10240.19747)","http://support.microsoft.com/kb/5022858","No LDR Only available","No LDR Only available","No LDR Only available"," ","23-02Rollup"
"Dhcpcsvc.dll","Net_DHCP_Client","6.2.10240.19507","0","03-Oct-2022","GDR","5022858","February 14, 2023-KB5022858 (OS Build 10240.19747)","http://support.microsoft.com/kb/5022858","No LDR Only available","No LDR Only available","No LDR Only available"," ","23-02Rollup"
"dnsapi.dll","Net_DNS_Client","6.2.10240.18906","0","08-Apr-2021","GDR","5022858","February 14, 2023-KB5022858 (OS Build 10240.19747)","http://support.microsoft.com/kb/5022858","No LDR Only available","No LDR Only available","No LDR Only available"," ","23-02Rollup"
"dnsrslvr.dll","Net_DNS_Client","6.2.10240.18906","0","08-Apr-2021","GDR","5022858","February 14, 2023-KB5022858 (OS Build 10240.19747)","http://support.microsoft.com/kb/5022858","No LDR Only available","No LDR Only available","No LDR Only available"," ","23-02Rollup"
"Dnscacheugc.exe","Net_DNS_Client","6.2.10240.0","0","","RTM","5022858","","","","","","",""
"Rpcss.dll","Net_RPC","6.2.10240.19685","1","05-Jan-2023","GDR","5022858","February 14, 2023-KB5022858 (OS Build 10240.19747)","http://support.microsoft.com/kb/5022858","No LDR Only available","No LDR Only available","No LDR Only available"," ","23-02Rollup"
"Rpchttp.dll","Net_RPC","6.2.10240.17643","1","18-Sep-2017","GDR","5022858","February 14, 2023-KB5022858 (OS Build 10240.19747)","http://support.microsoft.com/kb/5022858","No LDR Only available","No LDR Only available","No LDR Only available"," ","23-02Rollup"
"Rpcrt4.dll","Net_RPC","6.2.10240.19685","1","05-Jan-2023","GDR","5022858","February 14, 2023-KB5022858 (OS Build 10240.19747)","http://support.microsoft.com/kb/5022858","No LDR Only available","No LDR Only available","No LDR Only available"," ","23-02Rollup"
"Bfe.dll","Net_Ipsec_BFE","6.2.10240.18394","1","23-Oct-2019","GDR","5022858","February 14, 2023-KB5022858 (OS Build 10240.19747)","http://support.microsoft.com/kb/5022858","No LDR Only available","No LDR Only available","No LDR Only available"," ","23-02Rollup"
"Ikeext.dll","Net_Ipsec_BFE","6.2.10240.19747","1","30-Jan-2023","GDR","5022858","February 14, 2023-KB5022858 (OS Build 10240.19747)","http://support.microsoft.com/kb/5022858","No LDR Only available","No LDR Only available","No LDR Only available"," ","23-02Rollup"
"Fwpuclnt.dll","Net_Ipsec_BFE","6.2.10240.18394","1","23-Oct-2019","GDR","5022858","February 14, 2023-KB5022858 (OS Build 10240.19747)","http://support.microsoft.com/kb/5022858","No LDR Only available","No LDR Only available","No LDR Only available"," ","23-02Rollup"
"Iphlpsvc.dll","Net_DirectAccess_Client","6.2.10240.19119","1","01-Nov-2021","GDR","5022858","February 14, 2023-KB5022858 (OS Build 10240.19747)","http://support.microsoft.com/kb/5022858","No LDR Only available","No LDR Only available","No LDR Only available"," ","23-02Rollup"
"Iphlpsvcmigplugin.dll","Net_DirectAccess_Client","6.2.10240.18818","1","07-Jan-2021","GDR","5022858","February 14, 2023-KB5022858 (OS Build 10240.19747)","http://support.microsoft.com/kb/5022858","No LDR Only available","No LDR Only available","No LDR Only available"," ","23-02Rollup"
"Netcorehc.dll","Net_DirectAccess_Client","6.2.10240.18818","1","07-Jan-2021","GDR","5022858","February 14, 2023-KB5022858 (OS Build 10240.19747)","http://support.microsoft.com/kb/5022858","No LDR Only available","No LDR Only available","No LDR Only available"," ","23-02Rollup"
"Daotpcredentialprovider.dll","Net_DirectAccess_Client","6.2.10240.17073","1","16-Aug-2016","GDR","5022858","February 14, 2023-KB5022858 (OS Build 10240.19747)","http://support.microsoft.com/kb/5022858","No LDR Only available","No LDR Only available","No LDR Only available"," ","23-02Rollup"
"Rdpcore.dll","Net_DirectAccess_Client","6.2.10240.19235","1","01-Mar-2022","GDR","5022858","February 14, 2023-KB5022858 (OS Build 10240.19747)","http://support.microsoft.com/kb/5022858","No LDR Only available","No LDR Only available","No LDR Only available"," ","23-02Rollup"
"dot3svc.dll","Net_IEEE802.1x","6.2.10240.17738","1","01-Jan-2018","GDR","5022858","February 14, 2023-KB5022858 (OS Build 10240.19747)","http://support.microsoft.com/kb/5022858","No LDR Only available","No LDR Only available","No LDR Only available"," ","23-02Rollup"
"Rastls.dll","Net_IEEE802.1x","6.2.10240.19747","1","30-Jan-2023","GDR","5022858","February 14, 2023-KB5022858 (OS Build 10240.19747)","http://support.microsoft.com/kb/5022858","No LDR Only available","No LDR Only available","No LDR Only available"," ","23-02Rollup"
"wlansvc.dll","Net_WLAN_Client","6.2.10240.19507","1","03-Oct-2022","GDR","5022858","February 14, 2023-KB5022858 (OS Build 10240.19747)","http://support.microsoft.com/kb/5022858","No LDR Only available","No LDR Only available","No LDR Only available"," ","23-02Rollup"
"wlanmsm.dll","Net_WLAN_Client","6.2.10240.19297","1","02-May-2022","GDR","5022858","February 14, 2023-KB5022858 (OS Build 10240.19747)","http://support.microsoft.com/kb/5022858","No LDR Only available","No LDR Only available","No LDR Only available"," ","23-02Rollup"
"wlanapi.dll","Net_WLAN_Client","6.2.10240.19060","1","11-Sep-2021","GDR","5022858","February 14, 2023-KB5022858 (OS Build 10240.19747)","http://support.microsoft.com/kb/5022858","No LDR Only available","No LDR Only available","No LDR Only available"," ","23-02Rollup"
"wlansec.dll","Net_WLAN_Client","6.2.10240.19297","1","02-May-2022","GDR","5022858","February 14, 2023-KB5022858 (OS Build 10240.19747)","http://support.microsoft.com/kb/5022858","No LDR Only available","No LDR Only available","No LDR Only available"," ","23-02Rollup"
"wlansvcpal.dll","Net_WLAN_Client","6.2.10240.16384","1","09-Jul-2015","GDR","5022858","February 14, 2023-KB5022858 (OS Build 10240.19747)","http://support.microsoft.com/kb/5022858","No LDR Only available","No LDR Only available","No LDR Only available"," ","23-02Rollup"
"wlanhlp.dll","Net_WLAN_Client","6.2.10240.16384","1","09-Jul-2015","GDR","5022858","February 14, 2023-KB5022858 (OS Build 10240.19747)","http://support.microsoft.com/kb/5022858","No LDR Only available","No LDR Only available","No LDR Only available"," ","23-02Rollup"
"Netcfgx.dll","Net_Config","6.2.10240.18967","1","05-Jun-2021","GDR","5022858","February 14, 2023-KB5022858 (OS Build 10240.19747)","http://support.microsoft.com/kb/5022858","No LDR Only available","No LDR Only available","No LDR Only available"," ","23-02Rollup"
"Rasapi32.dll","HNV_Net","6.2.10240.18874","1","26-Feb-2021","GDR","5022858","February 14, 2023-KB5022858 (OS Build 10240.19747)","http://support.microsoft.com/kb/5022858","No LDR Only available","No LDR Only available","No LDR Only available"," ","23-02Rollup"
"Mprapi.dll","HNV_Net","6.2.10240.19235","1","01-Mar-2022","GDR","5022858","February 14, 2023-KB5022858 (OS Build 10240.19747)","http://support.microsoft.com/kb/5022858","No LDR Only available","No LDR Only available","No LDR Only available"," ","23-02Rollup"
"Tunnel.sys","Net_IPv6","6.2.10240.16412","1","29-Jul-2015","GDR","5022858","February 14, 2023-KB5022858 (OS Build 10240.19747)","http://support.microsoft.com/kb/5022858","No LDR Only available","No LDR Only available","No LDR Only available"," ","23-02Rollup"
"Dhcpcore6.dll","Net_IPv6","6.2.10240.18696","1","01-Sep-2020","GDR","5022858","February 14, 2023-KB5022858 (OS Build 10240.19747)","http://support.microsoft.com/kb/5022858","No LDR Only available","No LDR Only available","No LDR Only available"," ","23-02Rollup"
"Dhcpcsvc6.dll","Net_IPv6","6.2.10240.18696","1","01-Sep-2020","GDR","5022858","February 14, 2023-KB5022858 (OS Build 10240.19747)","http://support.microsoft.com/kb/5022858","No LDR Only available","No LDR Only available","No LDR Only available"," ","23-02Rollup"
"WebIo.dll","Net_BranchCache","6.2.10240.17643","1","18-Sep-2017","GDR","5022858","February 14, 2023-KB5022858 (OS Build 10240.19747)","http://support.microsoft.com/kb/5022858","No LDR Only available","No LDR Only available","No LDR Only available"," ","23-02Rollup"
"Smbhash.exe","Net_BranchCache","6.2.10240.0","1","","RTM","5022858","","","","","","",""
"Pacer.sys","Net_QoS","6.2.10240.19235","1","01-Mar-2022","GDR","5022858","February 14, 2023-KB5022858 (OS Build 10240.19747)","http://support.microsoft.com/kb/5022858","No LDR Only available","No LDR Only available","No LDR Only available"," ","23-02Rollup"
"Mpsdrv.sys","Net_Firewall","6.2.10240.17976","1","05-Sep-2018","GDR","5022858","February 14, 2023-KB5022858 (OS Build 10240.19747)","http://support.microsoft.com/kb/5022858","No LDR Only available","No LDR Only available","No LDR Only available"," ","23-02Rollup"
"MpsSvc.dll","Net_Firewall","6.2.10240.19235","1","01-Mar-2022","GDR","5022858","February 14, 2023-KB5022858 (OS Build 10240.19747)","http://support.microsoft.com/kb/5022858","No LDR Only available","No LDR Only available","No LDR Only available"," ","23-02Rollup"
"Ntoskrnl.exe","Core_Kernel","6.2.10240.19747","0","31-Jan-2023","GDR","5022858","February 14, 2023-KB5022858 (OS Build 10240.19747)","http://support.microsoft.com/kb/5022858","No LDR Only available","No LDR Only available","No LDR Only available"," ","23-02Rollup"
"Ntkrnlpa.exe","Core_Kernel","6.2.10240.0","0","","RTM","5022858","","","","","","",""
"Crashdmp.sys","Core_Kernel","6.2.10240.0","0","","RTM","5022858","","","","","","",""
"Ntdll.dll","Core_Kernel","6.2.10240.19507","0","03-Oct-2022","GDR","5022858","February 14, 2023-KB5022858 (OS Build 10240.19747)","http://support.microsoft.com/kb/5022858","No LDR Only available","No LDR Only available","No LDR Only available"," ","23-02Rollup"
"Hal.dll","Core_Kernel","6.2.10240.18366","0","29-Sep-2019","GDR","5022858","February 14, 2023-KB5022858 (OS Build 10240.19747)","http://support.microsoft.com/kb/5022858","No LDR Only available","No LDR Only available","No LDR Only available"," ","23-02Rollup"
"Fltmgr.sys","Core_Kernel","6.2.10240.18967","0","05-Jun-2021","GDR","5022858","February 14, 2023-KB5022858 (OS Build 10240.19747)","http://support.microsoft.com/kb/5022858","No LDR Only available","No LDR Only available","No LDR Only available"," ","23-02Rollup"
"win32k.sys","Core_Kernel","6.2.10240.16384","0","09-Jul-2015","GDR","5022858","February 14, 2023-KB5022858 (OS Build 10240.19747)","http://support.microsoft.com/kb/5022858","No LDR Only available","No LDR Only available","No LDR Only available"," ","23-02Rollup"
"Ntfs.sys","Core_FileSystem","6.2.10240.19507","0","03-Oct-2022","GDR","5022858","February 14, 2023-KB5022858 (OS Build 10240.19747)","http://support.microsoft.com/kb/5022858","No LDR Only available","No LDR Only available","No LDR Only available"," ","23-02Rollup"
"dedup.sys","Core_FileSystem","6.2.10240.0","0","","RTM","5022858","","","","","","",""
"Msiscsi.sys","Core_DiskSystem","6.2.10240.0","0","","RTM","5022858","","","","","","",""
"Iscsitgt.dll","Core_DiskSystem","6.2.10240.0","0","","RTM","5022858","","","","","","",""
"Storport.sys","Core_DiskSystem","6.2.10240.19145","0","03-Dec-2021","GDR","5022858","February 14, 2023-KB5022858 (OS Build 10240.19747)","http://support.microsoft.com/kb/5022858","No LDR Only available","No LDR Only available","No LDR Only available"," ","23-02Rollup"
"Repdrvfs.dll","Core_WMI","6.2.10240.18036","0","24-Oct-2018","GDR","5022858","February 14, 2023-KB5022858 (OS Build 10240.19747)","http://support.microsoft.com/kb/5022858","No LDR Only available","No LDR Only available","No LDR Only available"," ","23-02Rollup"
"Advapi32.dll","Core_Apps","6.2.10240.19507","0","03-Oct-2022","GDR","5022858","February 14, 2023-KB5022858 (OS Build 10240.19747)","http://support.microsoft.com/kb/5022858","No LDR Only available","No LDR Only available","No LDR Only available"," ","23-02Rollup"
"Mshtml.dll","IE_Client","11.0.10240.19747","0","30-Jan-2023","GDR","5022858","February 14, 2023-KB5022858 (OS Build 10240.19747)","http://support.microsoft.com/kb/5022858","No LDR Only available","No LDR Only available","No LDR Only available"," ","23-02Rollup"
"5001399","Win2016_21_04_SSU_KB"," ","0","13-Apr-2021","GDR","5001399","KB5001399: Servicing stack update for Windows 10: April 13, 2021","http://support.microsoft.com/kb/5001399","No LDR Only available","No LDR Only available","No LDR Only available"," ","No Rollup"
"5022858","Win2016_23-02_B_rollup_KB"," ","0","14-Feb-2023","GDR","5022858","February 14, 2023-KB5022858 (OS Build 10240.19747)","http://support.microsoft.com/kb/5022858","No LDR Only available","No LDR Only available","No LDR Only available"," ","23-02Rollup"
