"Binary","Component","Version","Prio","Published","Branch","Article","Title","Link","LDROnlyKB","LDROnlyTitle","LDROnlyLink","Comment","RollupInfo"
"Ntoskrnl.exe","Core_Kernel","6.2.20348.1547","0","03-Feb-2023","GDR","5022842","February 14, 2023-KB5022842 (OS Build 20348.1547)","http://support.microsoft.com/kb/5022842","No LDR Only available","No LDR Only available","No LDR Only available"," ","23-02Rollup"
"Ntkrnlpa.exe","Core_Kernel","6.2.20348.1","0","","RTM","5022842","","","","","","",""
"Crashdmp.sys","Core_Kernel","6.2.20348.946","0","03-Feb-2023","GDR","5022842","February 14, 2023-KB5022842 (OS Build 20348.1547)","http://support.microsoft.com/kb/5022842","No LDR Only available","No LDR Only available","No LDR Only available"," ","23-02Rollup"
"Ntdll.dll","Core_Kernel","6.2.20348.1487","0","03-Feb-2023","GDR","5022842","February 14, 2023-KB5022842 (OS Build 20348.1547)","http://support.microsoft.com/kb/5022842","No LDR Only available","No LDR Only available","No LDR Only available"," ","23-02Rollup"
"Hal.dll","Core_Kernel","6.2.20348.558","0","03-Feb-2023","GDR","5022842","February 14, 2023-KB5022842 (OS Build 20348.1547)","http://support.microsoft.com/kb/5022842","No LDR Only available","No LDR Only available","No LDR Only available"," ","23-02Rollup"
"Fltmgr.sys","Core_Kernel","6.2.20348.803","0","03-Feb-2023","GDR","5022842","February 14, 2023-KB5022842 (OS Build 20348.1547)","http://support.microsoft.com/kb/5022842","No LDR Only available","No LDR Only available","No LDR Only available"," ","23-02Rollup"
"win32k.sys","Core_Kernel","6.2.20348.1547","0","03-Feb-2023","GDR","5022842","February 14, 2023-KB5022842 (OS Build 20348.1547)","http://support.microsoft.com/kb/5022842","No LDR Only available","No LDR Only available","No LDR Only available"," ","23-02Rollup"
"Ntfs.sys","Core_FileSystem","6.2.20348.1547","0","03-Feb-2023","GDR","5022842","February 14, 2023-KB5022842 (OS Build 20348.1547)","http://support.microsoft.com/kb/5022842","No LDR Only available","No LDR Only available","No LDR Only available"," ","23-02Rollup"
"dedup.sys","Core_FileSystem","6.2.20348.1547","0","03-Feb-2023","GDR","5022842","February 14, 2023-KB5022842 (OS Build 20348.1547)","http://support.microsoft.com/kb/5022842","No LDR Only available","No LDR Only available","No LDR Only available"," ","23-02Rollup"
"Msiscsi.sys","Core_DiskSystem","6.2.20348.1","0","","RTM","5022842","","","","","","",""
"Iscsitgt.dll","Core_DiskSystem","6.2.20348.1","0","","RTM","5022842","","","","","","",""
"Storport.sys","Core_DiskSystem","6.2.20348.1547","0","03-Feb-2023","GDR","5022842","February 14, 2023-KB5022842 (OS Build 20348.1547)","http://support.microsoft.com/kb/5022842","No LDR Only available","No LDR Only available","No LDR Only available"," ","23-02Rollup"
"Repdrvfs.dll","Core_WMI","6.2.20348.1547","0","03-Feb-2023","GDR","5022842","February 14, 2023-KB5022842 (OS Build 20348.1547)","http://support.microsoft.com/kb/5022842","No LDR Only available","No LDR Only available","No LDR Only available"," ","23-02Rollup"
"Mpio.sys","Core_MPIO","6.2.20348.1","0","","RTM","5022842","","","","","","",""
"Msdsm.sys","Core_MPIO","6.2.20348.1","0","","RTM","5022842","","","","","","",""
"Vssapi.dll","Core_VSS","6.2.20348.320","1","03-Feb-2023","GDR","5022842","February 14, 2023-KB5022842 (OS Build 20348.1547)","http://support.microsoft.com/kb/5022842","No LDR Only available","No LDR Only available","No LDR Only available"," ","23-02Rollup"
"Vsstrace.dll","Core_VSS","6.2.20348.320","1","03-Feb-2023","GDR","5022842","February 14, 2023-KB5022842 (OS Build 20348.1547)","http://support.microsoft.com/kb/5022842","No LDR Only available","No LDR Only available","No LDR Only available"," ","23-02Rollup"
"vsssvc.exe","Core_VSS","6.2.20348.1","1","","RTM","5022842","","","","","","",""
"Swprv.dll","Core_VSS","6.2.20348.740","1","03-Feb-2023","GDR","5022842","February 14, 2023-KB5022842 (OS Build 20348.1547)","http://support.microsoft.com/kb/5022842","No LDR Only available","No LDR Only available","No LDR Only available"," ","23-02Rollup"
"spp.dll","Core_VSS","6.2.20348.1547","1","03-Feb-2023","GDR","5022842","February 14, 2023-KB5022842 (OS Build 20348.1547)","http://support.microsoft.com/kb/5022842","No LDR Only available","No LDR Only available","No LDR Only available"," ","23-02Rollup"
"wbengine.exe","Core_VSS","6.2.20348.1","1","","RTM","5022842","","","","","","",""
"blbsrv.dll","Core_VSS","6.2.20348.1","1","","RTM","5022842","","","","","","",""
"pci.sys","Core_Sys","6.2.20348.1487","1","03-Feb-2023","GDR","5022842","February 14, 2023-KB5022842 (OS Build 20348.1547)","http://support.microsoft.com/kb/5022842","No LDR Only available","No LDR Only available","No LDR Only available"," ","23-02Rollup"
"Termdd.sys","Core_Sys","6.2.20348.1","1","","RTM","5022842","","","","","","",""
"Volmgr.sys","Core_Sys","6.2.20348.803","1","03-Feb-2023","GDR","5022842","February 14, 2023-KB5022842 (OS Build 20348.1547)","http://support.microsoft.com/kb/5022842","No LDR Only available","No LDR Only available","No LDR Only available"," ","23-02Rollup"
"Advapi32.dll","Core_Apps","6.2.20348.1487","0","03-Feb-2023","GDR","5022842","February 14, 2023-KB5022842 (OS Build 20348.1547)","http://support.microsoft.com/kb/5022842","No LDR Only available","No LDR Only available","No LDR Only available"," ","23-02Rollup"
"Tzres.dll","Core_TimeZone","6.2.20348.1311","1","03-Feb-2023","GDR","5022842","February 14, 2023-KB5022842 (OS Build 20348.1547)","http://support.microsoft.com/kb/5022842","No LDR Only available","No LDR Only available","No LDR Only available"," ","23-02Rollup"
"Clussvc.exe","Cluster_Core","6.2.20348.1547","0","03-Feb-2023","GDR","5022842","February 14, 2023-KB5022842 (OS Build 20348.1547)","http://support.microsoft.com/kb/5022842","No LDR Only available","No LDR Only available","No LDR Only available"," ","23-02Rollup"
"ClusWMI.dll","Cluster_Core","6.2.20348.1547","0","03-Feb-2023","GDR","5022842","February 14, 2023-KB5022842 (OS Build 20348.1547)","http://support.microsoft.com/kb/5022842","No LDR Only available","No LDR Only available","No LDR Only available"," ","23-02Rollup"
"Rhs.exe","Cluster_Core","6.2.20348.1487","0","10-Jan-2023","GDR","5022842","February 14, 2023-KB5022842 (OS Build 20348.1547)","http://support.microsoft.com/kb/5022842","No LDR Only available","No LDR Only available","No LDR Only available","rEX","23-02Rollup"
"Clusres.dll","Cluster_Core","6.2.20348.1547","0","03-Feb-2023","GDR","5022842","February 14, 2023-KB5022842 (OS Build 20348.1547)","http://support.microsoft.com/kb/5022842","No LDR Only available","No LDR Only available","No LDR Only available"," ","23-02Rollup"
"Clusres2.dll","Cluster_Core","6.2.20348.1547","0","03-Feb-2023","GDR","5022842","February 14, 2023-KB5022842 (OS Build 20348.1547)","http://support.microsoft.com/kb/5022842","No LDR Only available","No LDR Only available","No LDR Only available"," ","23-02Rollup"
"Netft.sys","Cluster_Core","6.2.20348.380","0","03-Feb-2023","GDR","5022842","February 14, 2023-KB5022842 (OS Build 20348.1547)","http://support.microsoft.com/kb/5022842","No LDR Only available","No LDR Only available","No LDR Only available"," ","23-02Rollup"
"Clusauthmgr.dll","Cluster_Core","6.2.20348.469","0","03-Feb-2023","GDR","5022842","February 14, 2023-KB5022842 (OS Build 20348.1547)","http://support.microsoft.com/kb/5022842","No LDR Only available","No LDR Only available","No LDR Only available"," ","23-02Rollup"
"Witness.dll","Cluster_Core","6.2.20348.1547","0","03-Feb-2023","GDR","5022842","February 14, 2023-KB5022842 (OS Build 20348.1547)","http://support.microsoft.com/kb/5022842","No LDR Only available","No LDR Only available","No LDR Only available"," ","23-02Rollup"
"Csvflt.sys","Cluster_CSV","6.2.20348.707","0","03-Feb-2023","GDR","5022842","February 14, 2023-KB5022842 (OS Build 20348.1547)","http://support.microsoft.com/kb/5022842","No LDR Only available","No LDR Only available","No LDR Only available"," ","23-02Rollup"
"Csvfs.sys","Cluster_CSV","6.2.20348.1547","0","03-Feb-2023","GDR","5022842","February 14, 2023-KB5022842 (OS Build 20348.1547)","http://support.microsoft.com/kb/5022842","No LDR Only available","No LDR Only available","No LDR Only available"," ","23-02Rollup"
"Csvfilter.sys","Cluster_CSV","6.2.20348.1","0","","RTM","5022842","","","","","","",""
"Vhdmp.sys","Cluster_CSV","6.2.20348.1311","0","03-Feb-2023","GDR","5022842","February 14, 2023-KB5022842 (OS Build 20348.1547)","http://support.microsoft.com/kb/5022842","No LDR Only available","No LDR Only available","No LDR Only available"," ","23-02Rollup"
"Svhdxflt.sys","Cluster_CSV","6.2.20348.707","0","03-Feb-2023","GDR","5022842","February 14, 2023-KB5022842 (OS Build 20348.1547)","http://support.microsoft.com/kb/5022842","No LDR Only available","No LDR Only available","No LDR Only available"," ","23-02Rollup"
"Clusdisk.sys","Cluster_Disk","6.2.20348.707","0","03-Feb-2023","GDR","5022842","February 14, 2023-KB5022842 (OS Build 20348.1547)","http://support.microsoft.com/kb/5022842","No LDR Only available","No LDR Only available","No LDR Only available"," ","23-02Rollup"
"Volsnap.sys","Cluster_Volsnap","6.2.20348.1","0","","RTM","5022842","","","","","","",""
"Cprepsrv.exe","Cluster_Validation","6.2.20348.1547","1","03-Feb-2023","GDR","5022842","February 14, 2023-KB5022842 (OS Build 20348.1547)","http://support.microsoft.com/kb/5022842","No LDR Only available","No LDR Only available","No LDR Only available"," ","23-02Rollup"
"Failoverclusters.agent.interop.dll","Cluster_Validation","6.2.20348.946","1","03-Feb-2023","GDR","5022842","February 14, 2023-KB5022842 (OS Build 20348.1547)","http://support.microsoft.com/kb/5022842","No LDR Only available","No LDR Only available","No LDR Only available"," ","23-02Rollup"
"Microsoft.failoverclusters.framework.dll","Cluster_Validation","6.2.20348.1","1","","RTM","5022842","","","","","","",""
"Vmswitch.sys","Hyper-V_Net","6.2.20348.1547","1","03-Feb-2023","GDR","5022842","February 14, 2023-KB5022842 (OS Build 20348.1547)","http://support.microsoft.com/kb/5022842","No LDR Only available","No LDR Only available","No LDR Only available"," ","23-02Rollup"
"Mslbfoprovider.sys","Hyper-V_Net","6.2.20348.1","1","","RTM","5022842","","","","","","",""
"Wnv.sys","Hyper-V_Net","6.2.20348.1","1","","RTM","5022842","","","","","","",""
"Vmsntfy.dll","Hyper-V_Net","6.2.20348.1","1","","RTM","5022842","","","","","","",""
"Ndisimplatform.sys","Hyper-V_Net","6.2.20348.1","1","","RTM","5022842","","","","","","",""
"Vmms.exe","Hyper-V_Net","6.2.20348.1547","1","03-Feb-2023","GDR","5022842","February 14, 2023-KB5022842 (OS Build 20348.1547)","http://support.microsoft.com/kb/5022842","No LDR Only available","No LDR Only available","No LDR Only available"," ","23-02Rollup"
"Winnat.sys","Hyper-V_Net","6.2.20348.320","1","03-Feb-2023","GDR","5022842","February 14, 2023-KB5022842 (OS Build 20348.1547)","http://support.microsoft.com/kb/5022842","No LDR Only available","No LDR Only available","No LDR Only available"," ","23-02Rollup"
"pvhdparser.sys","Hyper-V_Net","6.2.20348.643","1","03-Feb-2023","GDR","5022842","February 14, 2023-KB5022842 (OS Build 20348.1547)","http://support.microsoft.com/kb/5022842","No LDR Only available","No LDR Only available","No LDR Only available"," ","23-02Rollup"
"Wmisvc.dll","Hyper-V_Net","6.2.20348.1","1","","RTM","5022842","","","","","","",""
"Vmbus.sys","Hyper-V_Net","6.2.20348.469","1","03-Feb-2023","GDR","5022842","February 14, 2023-KB5022842 (OS Build 20348.1547)","http://support.microsoft.com/kb/5022842","No LDR Only available","No LDR Only available","No LDR Only available"," ","23-02Rollup"
"Rasapi32.dll","HNV_Net","6.2.20348.859","1","03-Feb-2023","GDR","5022842","February 14, 2023-KB5022842 (OS Build 20348.1547)","http://support.microsoft.com/kb/5022842","No LDR Only available","No LDR Only available","No LDR Only available"," ","23-02Rollup"
"Mprapi.dll","HNV_Net","6.2.20348.617","1","03-Feb-2023","GDR","5022842","February 14, 2023-KB5022842 (OS Build 20348.1547)","http://support.microsoft.com/kb/5022842","No LDR Only available","No LDR Only available","No LDR Only available"," ","23-02Rollup"
"Vmwp.exe","Hyper-V_app","6.2.20348.1311","1","03-Feb-2023","GDR","5022842","February 14, 2023-KB5022842 (OS Build 20348.1547)","http://support.microsoft.com/kb/5022842","No LDR Only available","No LDR Only available","No LDR Only available"," ","23-02Rollup"
"Tcpip.sys","Net_Protocol","6.2.20348.1547","0","03-Feb-2023","GDR","5022842","February 14, 2023-KB5022842 (OS Build 20348.1547)","http://support.microsoft.com/kb/5022842","No LDR Only available","No LDR Only available","No LDR Only available"," ","23-02Rollup"
"Afd.sys","Net_Protocol","6.2.20348.1547","0","03-Feb-2023","GDR","5022842","February 14, 2023-KB5022842 (OS Build 20348.1547)","http://support.microsoft.com/kb/5022842","No LDR Only available","No LDR Only available","No LDR Only available"," ","23-02Rollup"
"Netio.sys","Net_Protocol","6.2.20348.1547","0","03-Feb-2023","GDR","5022842","February 14, 2023-KB5022842 (OS Build 20348.1547)","http://support.microsoft.com/kb/5022842","No LDR Only available","No LDR Only available","No LDR Only available"," ","23-02Rollup"
"Ndis.sys","Net_Protocol","6.2.20348.320","0","03-Feb-2023","GDR","5022842","February 14, 2023-KB5022842 (OS Build 20348.1547)","http://support.microsoft.com/kb/5022842","No LDR Only available","No LDR Only available","No LDR Only available"," ","23-02Rollup"
"Netiohlp.dll","Net_Protocol","6.2.20348.1194","0","03-Feb-2023","GDR","5022842","February 14, 2023-KB5022842 (OS Build 20348.1547)","http://support.microsoft.com/kb/5022842","No LDR Only available","No LDR Only available","No LDR Only available"," ","23-02Rollup"
"Tdx.sys","Net_Protocol","6.2.20348.230","0","03-Feb-2023","GDR","5022842","February 14, 2023-KB5022842 (OS Build 20348.1547)","http://support.microsoft.com/kb/5022842","No LDR Only available","No LDR Only available","No LDR Only available"," ","23-02Rollup"
"Iphlpapi.dll","Net_Protocol","6.2.20348.261","0","03-Feb-2023","GDR","5022842","February 14, 2023-KB5022842 (OS Build 20348.1547)","http://support.microsoft.com/kb/5022842","No LDR Only available","No LDR Only available","No LDR Only available"," ","23-02Rollup"
"srv.sys","Net_SMB_Server","6.2.20348.1194","0","03-Feb-2023","GDR","5022842","February 14, 2023-KB5022842 (OS Build 20348.1547)","http://support.microsoft.com/kb/5022842","No LDR Only available","No LDR Only available","No LDR Only available"," ","23-02Rollup"
"srv2.sys","Net_SMB_Server","6.2.20348.1547","0","03-Feb-2023","GDR","5022842","February 14, 2023-KB5022842 (OS Build 20348.1547)","http://support.microsoft.com/kb/5022842","No LDR Only available","No LDR Only available","No LDR Only available"," ","23-02Rollup"
"srvnet.sys","Net_SMB_Server","6.2.20348.1194","0","03-Feb-2023","GDR","5022842","February 14, 2023-KB5022842 (OS Build 20348.1547)","http://support.microsoft.com/kb/5022842","No LDR Only available","No LDR Only available","No LDR Only available"," ","23-02Rollup"
"Srvsvc.dll","Net_SMB_Server","6.2.20348.1129","0","03-Feb-2023","GDR","5022842","February 14, 2023-KB5022842 (OS Build 20348.1547)","http://support.microsoft.com/kb/5022842","No LDR Only available","No LDR Only available","No LDR Only available"," ","23-02Rollup"
"Mrxsmb.sys","Net_SMB_Client","6.2.20348.1547","0","03-Feb-2023","GDR","5022842","February 14, 2023-KB5022842 (OS Build 20348.1547)","http://support.microsoft.com/kb/5022842","No LDR Only available","No LDR Only available","No LDR Only available"," ","23-02Rollup"
"Mrxsmb10.sys","Net_SMB_Client","6.2.20348.1311","0","03-Feb-2023","GDR","5022842","February 14, 2023-KB5022842 (OS Build 20348.1547)","http://support.microsoft.com/kb/5022842","No LDR Only available","No LDR Only available","No LDR Only available"," ","23-02Rollup"
"Mrxsmb20.sys","Net_SMB_Client","6.2.20348.1547","0","03-Feb-2023","GDR","5022842","February 14, 2023-KB5022842 (OS Build 20348.1547)","http://support.microsoft.com/kb/5022842","No LDR Only available","No LDR Only available","No LDR Only available"," ","23-02Rollup"
"Rdbss.sys","Net_SMB_Client","6.2.20348.1547","0","03-Feb-2023","GDR","5022842","February 14, 2023-KB5022842 (OS Build 20348.1547)","http://support.microsoft.com/kb/5022842","No LDR Only available","No LDR Only available","No LDR Only available"," ","23-02Rollup"
"Netbt.sys","Net_SMB_Client","6.2.20348.1","0","","RTM","5022842","","","","","","",""
"Mup.sys","Net_SMB_Client","6.2.20348.1","0","","RTM","5022842","","","","","","",""
"wkssvc.dll","Net_SMB_Client","6.2.20348.1547","0","03-Feb-2023","GDR","5022842","February 14, 2023-KB5022842 (OS Build 20348.1547)","http://support.microsoft.com/kb/5022842","No LDR Only available","No LDR Only available","No LDR Only available"," ","23-02Rollup"
"Mpr.dll","Net_SMB_Client","6.2.20348.803","0","03-Feb-2023","GDR","5022842","February 14, 2023-KB5022842 (OS Build 20348.1547)","http://support.microsoft.com/kb/5022842","No LDR Only available","No LDR Only available","No LDR Only available"," ","23-02Rollup"
"NtLanman.dll","Net_SMB_Client","6.2.20348.1547","0","03-Feb-2023","GDR","5022842","February 14, 2023-KB5022842 (OS Build 20348.1547)","http://support.microsoft.com/kb/5022842","No LDR Only available","No LDR Only available","No LDR Only available"," ","23-02Rollup"
"5022842","Win2022_23-02_B_rollup_KB"," ","0","14-Feb-2023","GDR","5022842","February 14, 2023-KB5022842 (OS Build 20348.1547)","http://support.microsoft.com/kb/5022842","No LDR Only available","No LDR Only available","No LDR Only available"," ","23-02Rollup"
