"Binary","Component","Version","Prio","Published","Branch","Article","Title","Link","LDROnlyKB","LDROnlyTitle","LDROnlyLink","Comment","RollupInfo"
"Clussvc.exe","Cluster_Core","6.2.22621.1635","0","15-Apr-2023","GDR","5025305","April 25, 2023-KB5025305 (OS Build 22621.1635) Preview","http://support.microsoft.com/kb/5025305","No LDR Only available","No LDR Only available","No LDR Only available"," ","23-04Rollup"
"ClusWMI.dll","Cluster_Core","6.2.22621.1635","0","15-Apr-2023","GDR","5025305","April 25, 2023-KB5025305 (OS Build 22621.1635) Preview","http://support.microsoft.com/kb/5025305","No LDR Only available","No LDR Only available","No LDR Only available"," ","23-04Rollup"
"Rhs.exe","Cluster_Core","6.2.22621.1635","0","15-Apr-2023","GDR","5025305","April 25, 2023-KB5025305 (OS Build 22621.1635) Preview","http://support.microsoft.com/kb/5025305","No LDR Only available","No LDR Only available","No LDR Only available"," ","23-04Rollup"
"Clusres.dll","Cluster_Core","6.2.22621.1635","0","15-Apr-2023","GDR","5025305","April 25, 2023-KB5025305 (OS Build 22621.1635) Preview","http://support.microsoft.com/kb/5025305","No LDR Only available","No LDR Only available","No LDR Only available"," ","23-04Rollup"
"Clusres2.dll","Cluster_Core","6.2.22621.1635","0","15-Apr-2023","GDR","5025305","April 25, 2023-KB5025305 (OS Build 22621.1635) Preview","http://support.microsoft.com/kb/5025305","No LDR Only available","No LDR Only available","No LDR Only available"," ","23-04Rollup"
"Netft.sys","Cluster_Core","6.2.22621.608","0","15-Apr-2023","GDR","5025305","April 25, 2023-KB5025305 (OS Build 22621.1635) Preview","http://support.microsoft.com/kb/5025305","No LDR Only available","No LDR Only available","No LDR Only available"," ","23-04Rollup"
"Clusauthmgr.dll","Cluster_Core","6.2.22621.1","0","","RTM","5025305","","","","","","",""
"Witness.dll","Cluster_Core","6.2.22621.1","0","","RTM","5025305","","","","","","",""
"Csvflt.sys","Cluster_CSV","6.2.22621.1","0","","RTM","5025305","","","","","","",""
"Csvfs.sys","Cluster_CSV","6.2.22621.608","0","15-Apr-2023","GDR","5025305","April 25, 2023-KB5025305 (OS Build 22621.1635) Preview","http://support.microsoft.com/kb/5025305","No LDR Only available","No LDR Only available","No LDR Only available"," ","23-04Rollup"
"Csvfilter.sys","Cluster_CSV","6.2.22621.1","0","","RTM","5025305","","","","","","",""
"Vhdmp.sys","Cluster_CSV","6.2.22621.1344","0","14-Mar-2023","GDR","5025305","April 25, 2023-KB5025305 (OS Build 22621.1635) Preview","http://support.microsoft.com/kb/5025305","No LDR Only available","No LDR Only available","No LDR Only available","rEX","23-04Rollup"
"Svhdxflt.sys","Cluster_CSV","6.2.22621.608","0","15-Apr-2023","GDR","5025305","April 25, 2023-KB5025305 (OS Build 22621.1635) Preview","http://support.microsoft.com/kb/5025305","No LDR Only available","No LDR Only available","No LDR Only available"," ","23-04Rollup"
"Clusdisk.sys","Cluster_Disk","6.2.22621.1","0","","RTM","5025305","","","","","","",""
"Volsnap.sys","Cluster_Volsnap","6.2.22621.1","0","","RTM","5025305","","","","","","",""
"Cprepsrv.exe","Cluster_Validation","6.2.22621.1635","1","15-Apr-2023","GDR","5025305","April 25, 2023-KB5025305 (OS Build 22621.1635) Preview","http://support.microsoft.com/kb/5025305","No LDR Only available","No LDR Only available","No LDR Only available"," ","23-04Rollup"
"Failoverclusters.agent.interop.dll","Cluster_Validation","6.2.22621.608","1","15-Apr-2023","GDR","5025305","April 25, 2023-KB5025305 (OS Build 22621.1635) Preview","http://support.microsoft.com/kb/5025305","No LDR Only available","No LDR Only available","No LDR Only available"," ","23-04Rollup"
"Microsoft.failoverclusters.framework.dll","Cluster_Validation","6.2.22621.1","1","","RTM","5025305","","","","","","",""
"Mpio.sys","Core_MPIO","6.2.22621.1","0","","RTM","5025305","","","","","","",""
"Msdsm.sys","Core_MPIO","6.2.22621.1","0","","RTM","5025305","","","","","","",""
"Storport.sys","Core_DiskSystem","6.2.22621.1485","0","14-Mar-2023","GDR","5025305","April 25, 2023-KB5025305 (OS Build 22621.1635) Preview","http://support.microsoft.com/kb/5025305","No LDR Only available","No LDR Only available","No LDR Only available","rEX","23-04Rollup"
"5025305","Win1122H2_23-04_C_rollup_KB"," ","0","25-Apr-2023","GDR","5025305","April 25, 2023-KB5025305 (OS Build 22621.1635) Preview","http://support.microsoft.com/kb/5025305","No LDR Only available","No LDR Only available","No LDR Only available"," ","23-04Rollup"
