"Binary","Component","Version","Prio","Published","Branch","Article","Title","Link","LDROnlyKB","LDROnlyTitle","LDROnlyLink","Comment","RollupInfo"
"Netlogon.dll","Dom_NETLOGON","6.2.18362.1377","0","09-Feb-21","GDR","5001337","April 13, 2021-KB5001337 (OS Build 18363.1500)","http://support.microsoft.com/kb/5001337","KB only","KB only","KB only"," ","21-04Rollup"
"LogonCli.dll","Dom_NETLOGON","6.2.18362.1237","0","20-Nov-20","GDR","5001337","April 13, 2021-KB5001337 (OS Build 18363.1500)","http://support.microsoft.com/kb/5001337","KB only","KB only","KB only"," ","21-04Rollup"
"Winlogon.exe","Dom_WINLOGON","6.2.18362.1411","0","16-Feb-21","GDR","5001337","April 13, 2021-KB5001337 (OS Build 18363.1500)","http://support.microsoft.com/kb/5001337","KB only","KB only","KB only"," ","21-04Rollup"
"Kerberos.dll","Dom_KERBEROS","6.2.18362.1350","0","27-Jan-21","GDR","5001337","April 13, 2021-KB5001337 (OS Build 18363.1500)","http://support.microsoft.com/kb/5001337","KB only","KB only","KB only"," ","21-04Rollup"
"Msv1_0.dll","Dom_NTLM","6.2.18362.1237","1","20-Nov-20","GDR","5001337","April 13, 2021-KB5001337 (OS Build 18363.1500)","http://support.microsoft.com/kb/5001337","KB only","KB only","KB only"," ","21-04Rollup"
"Wldap32.dll","Dom_LDAPClient","6.2.18362.449","0","24-Oct-19","GDR","5001337","April 13, 2021-KB5001337 (OS Build 18363.1500)","http://support.microsoft.com/kb/5001337","KB only","KB only","KB only"," ","21-04Rollup"
"Lsass.exe","Dom_LSA","6.2.18362.1474","0","25-Mar-21","GDR","5001337","April 13, 2021-KB5001337 (OS Build 18363.1500)","http://support.microsoft.com/kb/5001337","KB only","KB only","KB only"," ","21-04Rollup"
"Lsasrv.dll","Dom_LSA","6.2.18362.1474","0","25-Mar-21","GDR","5001337","April 13, 2021-KB5001337 (OS Build 18363.1500)","http://support.microsoft.com/kb/5001337","KB only","KB only","KB only"," ","21-04Rollup"
"Ksecdd.sys","Dom_LSA","6.2.18362.1474","0","25-Mar-21","GDR","5001337","April 13, 2021-KB5001337 (OS Build 18363.1500)","http://support.microsoft.com/kb/5001337","KB only","KB only","KB only"," ","21-04Rollup"
"Ksecpkg.sys","Dom_LSA","6.2.18362.1474","0","25-Mar-21","GDR","5001337","April 13, 2021-KB5001337 (OS Build 18363.1500)","http://support.microsoft.com/kb/5001337","KB only","KB only","KB only"," ","21-04Rollup"
"Secur32.dll","Dom_LSA","6.2.18362.1","0","23-Jan-20","GDR","5001337","April 13, 2021-KB5001337 (OS Build 18363.1500)","http://support.microsoft.com/kb/5001337","KB only","KB only","KB only"," ","21-04Rollup"
"Sspicli.dll","Dom_LSA","6.2.18362.1474","0","25-Mar-21","GDR","5001337","April 13, 2021-KB5001337 (OS Build 18363.1500)","http://support.microsoft.com/kb/5001337","KB only","KB only","KB only"," ","21-04Rollup"
"Sspisrv.dll","Dom_LSA","6.2.18362.1474","0","25-Mar-21","GDR","5001337","April 13, 2021-KB5001337 (OS Build 18363.1500)","http://support.microsoft.com/kb/5001337","KB only","KB only","KB only"," ","21-04Rollup"
"Schannel.dll","Dom_LSA","6.2.18362.1350","0","27-Jan-21","GDR","5001337","April 13, 2021-KB5001337 (OS Build 18363.1500)","http://support.microsoft.com/kb/5001337","KB only","KB only","KB only"," ","21-04Rollup"
"Scesrv.dll","Dom_SecAuditAndConfig","6.2.18362.815","1","12-May-20","GDR","5001337","April 13, 2021-KB5001337 (OS Build 18363.1500)","http://support.microsoft.com/kb/5001337","KB only","KB only","KB only"," ","21-04Rollup"
"Winscard.dll","Dom_SC_Provider","6.2.18362.1411","1","16-Feb-21","GDR","5001337","April 13, 2021-KB5001337 (OS Build 18363.1500)","http://support.microsoft.com/kb/5001337","KB only","KB only","KB only"," ","21-04Rollup"
"ScardSvr.dll","Dom_SC_Srv","6.2.18362.1411","1","16-Feb-21","GDR","5001337","April 13, 2021-KB5001337 (OS Build 18363.1500)","http://support.microsoft.com/kb/5001337","KB only","KB only","KB only"," ","21-04Rollup"
"Scfilter.sys","Dom_SC_Srv","6.2.18362.1411","1","16-Feb-21","GDR","5001337","April 13, 2021-KB5001337 (OS Build 18363.1500)","http://support.microsoft.com/kb/5001337","KB only","KB only","KB only"," ","21-04Rollup"
"Certprop.dll","Dom_SC_Srv","6.2.18362.1411","1","16-Feb-21","GDR","5001337","April 13, 2021-KB5001337 (OS Build 18363.1500)","http://support.microsoft.com/kb/5001337","KB only","KB only","KB only"," ","21-04Rollup"
"Crypt32.dll","Dom_CRYPTO","6.2.18362.1411","1","16-Feb-21","GDR","5001337","April 13, 2021-KB5001337 (OS Build 18363.1500)","http://support.microsoft.com/kb/5001337","KB only","KB only","KB only"," ","21-04Rollup"
"Wintrust.dll","Dom_CRYPTO","6.2.18362.1377","1","09-Feb-21","GDR","5001337","April 13, 2021-KB5001337 (OS Build 18363.1500)","http://support.microsoft.com/kb/5001337","KB only","KB only","KB only"," ","21-04Rollup"
"Cryptdll.dll","Dom_CRYPTO","6.2.18362.113","1","29-Jun-19","GDR","5001337","April 13, 2021-KB5001337 (OS Build 18363.1500)","http://support.microsoft.com/kb/5001337","KB only","KB only","KB only"," ","21-04Rollup"
"Cryptcatsvc.dll","Dom_CRYPTO","6.2.18362.1082","1","08-Sep-20","GDR","5001337","April 13, 2021-KB5001337 (OS Build 18363.1500)","http://support.microsoft.com/kb/5001337","KB only","KB only","KB only"," ","21-04Rollup"
"Adprovider.dll","Dom_DIMS","6.2.18362.1474","0","25-Mar-21","GDR","5001337","April 13, 2021-KB5001337 (OS Build 18363.1500)","http://support.microsoft.com/kb/5001337","KB only","KB only","KB only"," ","21-04Rollup"
"Capiprovider.dll","Dom_DIMS","6.2.18362.1474","0","25-Mar-21","GDR","5001337","April 13, 2021-KB5001337 (OS Build 18363.1500)","http://support.microsoft.com/kb/5001337","KB only","KB only","KB only"," ","21-04Rollup"
"Cngprovider.dll","Dom_DIMS","6.2.18362.1474","0","25-Mar-21","GDR","5001337","April 13, 2021-KB5001337 (OS Build 18363.1500)","http://support.microsoft.com/kb/5001337","KB only","KB only","KB only"," ","21-04Rollup"
"Dpapiprovider.dll","Dom_DIMS","6.2.18362.1474","0","25-Mar-21","GDR","5001337","April 13, 2021-KB5001337 (OS Build 18363.1500)","http://support.microsoft.com/kb/5001337","KB only","KB only","KB only"," ","21-04Rollup"
"Wincredprovider.dll","Dom_DIMS","6.2.18362.1474","0","25-Mar-21","GDR","5001337","April 13, 2021-KB5001337 (OS Build 18363.1500)","http://support.microsoft.com/kb/5001337","KB only","KB only","KB only"," ","21-04Rollup"
"Gpapi.dll","Dom_GPSVC","6.2.18362.1139","0","13-Oct-20","GDR","5001337","April 13, 2021-KB5001337 (OS Build 18363.1500)","http://support.microsoft.com/kb/5001337","KB only","KB only","KB only"," ","21-04Rollup"
"Gpsvc.dll","Dom_GPSVC","6.2.18362.1139","0","13-Oct-20","GDR","5001337","April 13, 2021-KB5001337 (OS Build 18363.1500)","http://support.microsoft.com/kb/5001337","KB only","KB only","KB only"," ","21-04Rollup"
"Gpmgmt.dll","Dom_GPSVC","6.2.18362.1316","0","22-Jan-20","GDR","5001337","April 13, 2021-KB5001337 (OS Build 18363.1500)","http://support.microsoft.com/kb/5001337","KB only","KB only","KB only"," ","21-04Rollup"
"Gprsop.dll","Dom_GPSVC","6.2.18362.1139","0","18-Mar-20","GDR","5001337","April 13, 2021-KB5001337 (OS Build 18363.1500)","http://support.microsoft.com/kb/5001337","KB only","KB only","KB only"," ","21-04Rollup"
"Userenv.dll","Dom_GPSVC","6.2.18362.1139","0","13-Oct-20","GDR","5001337","April 13, 2021-KB5001337 (OS Build 18363.1500)","http://support.microsoft.com/kb/5001337","KB only","KB only","KB only"," ","21-04Rollup"
"Appmgmts.dll","Dom_GPExt","6.2.18362.1139","0","13-Oct-20","GDR","5001337","April 13, 2021-KB5001337 (OS Build 18363.1500)","http://support.microsoft.com/kb/5001337","KB only","KB only","KB only"," ","21-04Rollup"
"Gpprefcl.dll","Dom_GPP","6.2.18362.959","0","14-Jul-20","GDR","5001337","April 13, 2021-KB5001337 (OS Build 18363.1500)","http://support.microsoft.com/kb/5001337","KB only","KB only","KB only"," ","21-04Rollup"
"Gpme.dll","Dom_GPP","6.2.18362.1139","0","13-Oct-20","GDR","5001337","April 13, 2021-KB5001337 (OS Build 18363.1500)","http://support.microsoft.com/kb/5001337","KB only","KB only","KB only"," ","21-04Rollup"
"Gppref.dll","Dom_GPP","6.2.18362.1316","0","13-Oct-20","GDR","5001337","April 13, 2021-KB5001337 (OS Build 18363.1500)","http://support.microsoft.com/kb/5001337","KB only","KB only","KB only"," ","21-04Rollup"
"Gpprefbr.dll","Dom_GPP","6.2.18362.1316","0","13-Oct-20","GDR","5001337","April 13, 2021-KB5001337 (OS Build 18363.1500)","http://support.microsoft.com/kb/5001337","KB only","KB only","KB only"," ","21-04Rollup"
"Gpprefcn.dll","Dom_GPP","6.2.18362.1316","0","13-Oct-20","GDR","5001337","April 13, 2021-KB5001337 (OS Build 18363.1500)","http://support.microsoft.com/kb/5001337","KB only","KB only","KB only"," ","21-04Rollup"
"Gpregistrybrowser.dll","Dom_GPP","6.2.18362.1316","0","13-Oct-20","GDR","5001337","April 13, 2021-KB5001337 (OS Build 18363.1500)","http://support.microsoft.com/kb/5001337","KB only","KB only","KB only"," ","21-04Rollup"
"Propshts.dll","Dom_GPP","6.2.18362.1316","0","13-Oct-20","GDR","5001337","April 13, 2021-KB5001337 (OS Build 18363.1500)","http://support.microsoft.com/kb/5001337","KB only","KB only","KB only"," ","21-04Rollup"
"Profsvc.dll","Dom_ProfProc","6.2.18362.1474","0","25-Mar-21","GDR","5001337","April 13, 2021-KB5001337 (OS Build 18363.1500)","http://support.microsoft.com/kb/5001337","KB only","KB only","KB only"," ","21-04Rollup"
"Esent.dll","Dom_ESENT","6.2.18362.1350","0","27-Jan-21","GDR","5001337","April 13, 2021-KB5001337 (OS Build 18363.1500)","http://support.microsoft.com/kb/5001337","KB only","KB only","KB only"," ","21-04Rollup"
"Ntdsai.dll","Dom_NTDSAI","6.2.18362.1411","0","16-Feb-21","GDR","5001566","March 15, 2021-KB5001566 (OS Build 18363.1441) Out-of-band","http://support.microsoft.com/kb/5001566","KB only","KB only","KB only"," ","21-03Rollup"
"Ntdsutil.exe","Dom_NTDSAI","6.2.18362.628","0","22-Jan-20","GDR","5001337","April 13, 2021-KB5001337 (OS Build 18363.1500)","http://support.microsoft.com/kb/5001337","KB only","KB only","KB only"," ","21-04Rollup"
"Samsrv.dll","Dom_SAMSRV","6.2.18362.1411","0","16-Feb-21","GDR","5001337","April 13, 2021-KB5001337 (OS Build 18363.1500)","http://support.microsoft.com/kb/5001337","KB only","KB only","KB only"," ","21-04Rollup"
"Samlib.dll","Dom_SAMSRV","6.2.18362.1411","0","16-Feb-21","GDR","5001337","April 13, 2021-KB5001337 (OS Build 18363.1500)","http://support.microsoft.com/kb/5001337","KB only","KB only","KB only"," ","21-04Rollup"
"Mrxsmb.sys","Net_SMB_Client","6.2.18362.1379","0","11-Feb-21","GDR","5001337","April 13, 2021-KB5001337 (OS Build 18363.1500)","http://support.microsoft.com/kb/5001337","KB only","KB only","KB only"," ","21-04Rollup"
"Mrxsmb10.sys","Net_SMB_Client","6.2.18362.1049","0","20-Aug-20","GDR","5001337","April 13, 2021-KB5001337 (OS Build 18363.1500)","http://support.microsoft.com/kb/5001337","KB only","KB only","KB only"," ","21-04Rollup"
"Mrxsmb20.sys","Net_SMB_Client","6.2.18362.1379","0","11-Feb-21","GDR","5001337","April 13, 2021-KB5001337 (OS Build 18363.1500)","http://support.microsoft.com/kb/5001337","KB only","KB only","KB only"," ","21-04Rollup"
"Rdbss.sys","Net_SMB_Client","6.2.18362.1379","0","11-Feb-21","GDR","5001337","April 13, 2021-KB5001337 (OS Build 18363.1500)","http://support.microsoft.com/kb/5001337","KB only","KB only","KB only"," ","21-04Rollup"
"Netbt.sys","Net_SMB_Client","6.2.18362.1139","0","13-Oct-20","GDR","5001337","April 13, 2021-KB5001337 (OS Build 18363.1500)","http://support.microsoft.com/kb/5001337","KB only","KB only","KB only"," ","21-04Rollup"
"Mup.sys","Net_SMB_Client","6.2.18362.1379","0","11-Feb-21","GDR","5001337","April 13, 2021-KB5001337 (OS Build 18363.1500)","http://support.microsoft.com/kb/5001337","KB only","KB only","KB only"," ","21-04Rollup"
"wkssvc.dll","Net_SMB_Client","6.2.18362.1411","0","16-Feb-21","GDR","5001337","April 13, 2021-KB5001337 (OS Build 18363.1500)","http://support.microsoft.com/kb/5001337","KB only","KB only","KB only"," ","21-04Rollup"
"Tcpip.sys","Net_Protocol","6.2.18362.1500","0","13-Apr-21","GDR","5001337","April 13, 2021-KB5001337 (OS Build 18363.1500)","http://support.microsoft.com/kb/5001337","KB only","KB only","KB only"," ","21-04Rollup"
"Afd.sys","Net_Protocol","6.2.18362.1049","0","20-Aug-20","GDR","5001337","April 13, 2021-KB5001337 (OS Build 18363.1500)","http://support.microsoft.com/kb/5001337","KB only","KB only","KB only"," ","21-04Rollup"
"Netio.sys","Net_Protocol","6.2.18362.1474","0","25-Mar-21","GDR","5001337","April 13, 2021-KB5001337 (OS Build 18363.1500)","http://support.microsoft.com/kb/5001337","KB only","KB only","KB only"," ","21-04Rollup"
"Ndis.sys","Net_Protocol","6.2.18362.1474","0","25-Mar-21","GDR","5001337","April 13, 2021-KB5001337 (OS Build 18363.1500)","http://support.microsoft.com/kb/5001337","KB only","KB only","KB only"," ","21-04Rollup"
"Csc.sys","Net_CSC_Offline","6.2.18362.1110","0","16-Sep-20","GDR","5001337","April 13, 2021-KB5001337 (OS Build 18363.1500)","http://support.microsoft.com/kb/5001337","KB only","KB only","KB only"," ","21-04Rollup"
"Cscsvc.dll","Net_CSC_Offline","6.2.18362.1316","0","11-Aug-20","GDR","5001337","April 13, 2021-KB5001337 (OS Build 18363.1500)","http://support.microsoft.com/kb/5001337","KB only","KB only","KB only"," ","21-04Rollup"
"Cscmig.dll","Net_CSC_Offline","6.2.18362.1316","0","16-Sep-20","GDR","5001337","April 13, 2021-KB5001337 (OS Build 18363.1500)","http://support.microsoft.com/kb/5001337","KB only","KB only","KB only"," ","21-04Rollup"
"Cscui.dll","Net_CSC_Offline","6.2.18362.628","0","28-Jan-20","GDR","5001337","April 13, 2021-KB5001337 (OS Build 18363.1500)","http://support.microsoft.com/kb/5001337","KB only","KB only","KB only"," ","21-04Rollup"
"Mrxdav.sys","Net_WebDAV","6.2.18362.387","0","26-Sep-19","GDR","5001337","April 13, 2021-KB5001337 (OS Build 18363.1500)","http://support.microsoft.com/kb/5001337","KB only","KB only","KB only"," ","21-04Rollup"
"Shell32.dll","Net_WebDAV","6.2.18362.1474","0","25-Mar-21","GDR","5001337","April 13, 2021-KB5001337 (OS Build 18363.1500)","http://support.microsoft.com/kb/5001337","KB only","KB only","KB only"," ","21-04Rollup"
"Winhttp.dll","Net_WebDAV","6.2.18362.1411","0","16-Feb-21","GDR","5001337","April 13, 2021-KB5001337 (OS Build 18363.1500)","http://support.microsoft.com/kb/5001337","KB only","KB only","KB only"," ","21-04Rollup"
"Dhcpcore.dll","Net_DHCP_Client","6.2.18362.1171","0","20-Oct-20","GDR","5001337","April 13, 2021-KB5001337 (OS Build 18363.1500)","http://support.microsoft.com/kb/5001337","KB only","KB only","KB only"," ","21-04Rollup"
"Dhcpcsvc.dll","Net_DHCP_Client","6.2.18362.1171","0","20-Oct-20","GDR","5001337","April 13, 2021-KB5001337 (OS Build 18363.1500)","http://support.microsoft.com/kb/5001337","KB only","KB only","KB only"," ","21-04Rollup"
"dnsapi.dll","Net_DNS_Client","6.2.18362.1500","0","13-Apr-21","GDR","5001337","April 13, 2021-KB5001337 (OS Build 18363.1500)","http://support.microsoft.com/kb/5001337","KB only","KB only","KB only"," ","21-04Rollup"
"dnsrslvr.dll","Net_DNS_Client","6.2.18362.1500","0","13-Apr-21","GDR","5001337","April 13, 2021-KB5001337 (OS Build 18363.1500)","http://support.microsoft.com/kb/5001337","KB only","KB only","KB only"," ","21-04Rollup"
"Dnscacheugc.exe","Net_DNS_Client","6.2.18362.1139","0","13-Oct-20","GDR","5001337","April 13, 2021-KB5001337 (OS Build 18363.1500)","http://support.microsoft.com/kb/5001337","KB only","KB only","KB only"," ","21-04Rollup"
"Rpcss.dll","Net_RPC","6.2.18362.1474","1","25-Mar-21","GDR","5001337","April 13, 2021-KB5001337 (OS Build 18363.1500)","http://support.microsoft.com/kb/5001337","KB only","KB only","KB only"," ","21-04Rollup"
"Rpcrt4.dll","Net_RPC","6.2.18362.1500","1","13-Apr-21","GDR","5001337","April 13, 2021-KB5001337 (OS Build 18363.1500)","http://support.microsoft.com/kb/5001337","KB only","KB only","KB only"," ","21-04Rollup"
"Bfe.dll","Net_Ipsec_BFE","6.2.18362.1411","1","16-Feb-21","GDR","5001337","April 13, 2021-KB5001337 (OS Build 18363.1500)","http://support.microsoft.com/kb/5001337","KB only","KB only","KB only"," ","21-04Rollup"
"Ikeext.dll","Net_Ipsec_BFE","6.2.18362.1411","1","16-Feb-21","GDR","5001337","April 13, 2021-KB5001337 (OS Build 18363.1500)","http://support.microsoft.com/kb/5001337","KB only","KB only","KB only"," ","21-04Rollup"
"Fwpuclnt.dll","Net_Ipsec_BFE","6.2.18362.1411","1","16-Feb-21","GDR","5001337","April 13, 2021-KB5001337 (OS Build 18363.1500)","http://support.microsoft.com/kb/5001337","KB only","KB only","KB only"," ","21-04Rollup"
"Iphlpsvc.dll","Net_DirectAccess_Client","6.2.18362.1316","1","12-Nov-19","GDR","5001337","April 13, 2021-KB5001337 (OS Build 18363.1500)","http://support.microsoft.com/kb/5001337","KB only","KB only","KB only"," ","21-04Rollup"
"Netcorehc.dll","Net_DirectAccess_Client","6.2.18362.1316","1","27-Jan-21","GDR","5001337","April 13, 2021-KB5001337 (OS Build 18363.1500)","http://support.microsoft.com/kb/5001337","KB only","KB only","KB only"," ","21-04Rollup"
"Rdpcore.dll","Net_DirectAccess_Client","6.2.18362.1316","1","12-May-20","GDR","5001337","April 13, 2021-KB5001337 (OS Build 18363.1500)","http://support.microsoft.com/kb/5001337","KB only","KB only","KB only"," ","21-04Rollup"
"dot3svc.dll","Net_IEEE802.1x","6.2.18362.1350","1","27-Jan-21","GDR","5001337","April 13, 2021-KB5001337 (OS Build 18363.1500)","http://support.microsoft.com/kb/5001337","KB only","KB only","KB only"," ","21-04Rollup"
"Rastls.dll","Net_IEEE802.1x","6.2.18362.207","1","27-Jun-19","GDR","5001337","April 13, 2021-KB5001337 (OS Build 18363.1500)","http://support.microsoft.com/kb/5001337","KB only","KB only","KB only"," ","21-04Rollup"
"wlansvc.dll","Net_WLAN_Client","6.2.18362.1500","1","13-Apr-21","GDR","5001337","April 13, 2021-KB5001337 (OS Build 18363.1500)","http://support.microsoft.com/kb/5001337","KB only","KB only","KB only"," ","21-04Rollup"
"wlanmsm.dll","Net_WLAN_Client","6.2.18362.1500","1","13-Apr-21","GDR","5001337","April 13, 2021-KB5001337 (OS Build 18363.1500)","http://support.microsoft.com/kb/5001337","KB only","KB only","KB only"," ","21-04Rollup"
"wlanapi.dll","Net_WLAN_Client","6.2.18362.1500","1","13-Apr-21","GDR","5001337","April 13, 2021-KB5001337 (OS Build 18363.1500)","http://support.microsoft.com/kb/5001337","KB only","KB only","KB only"," ","21-04Rollup"
"wlansec.dll","Net_WLAN_Client","6.2.18362.1500","1","13-Apr-21","GDR","5001337","April 13, 2021-KB5001337 (OS Build 18363.1500)","http://support.microsoft.com/kb/5001337","KB only","KB only","KB only"," ","21-04Rollup"
"wlansvcpal.dll","Net_WLAN_Client","6.2.18362.1500","1","13-Apr-21","GDR","5001337","April 13, 2021-KB5001337 (OS Build 18363.1500)","http://support.microsoft.com/kb/5001337","KB only","KB only","KB only"," ","21-04Rollup"
"wlanhlp.dll","Net_WLAN_Client","6.2.18362.1500","1","13-Apr-21","GDR","5001337","April 13, 2021-KB5001337 (OS Build 18363.1500)","http://support.microsoft.com/kb/5001337","KB only","KB only","KB only"," ","21-04Rollup"
"Netcfgx.dll","Net_Config","6.2.18362.1316","1","27-Jan-21","GDR","5001337","April 13, 2021-KB5001337 (OS Build 18363.1500)","http://support.microsoft.com/kb/5001337","KB only","KB only","KB only"," ","21-04Rollup"
"Rasapi32.dll","HNV_Net","6.2.18362.1474","1","25-Mar-21","GDR","5001337","April 13, 2021-KB5001337 (OS Build 18363.1500)","http://support.microsoft.com/kb/5001337","KB only","KB only","KB only"," ","21-04Rollup"
"Tunnel.sys","Net_IPv6","6.2.18362.476","1","11-Feb-20","GDR","5001337","April 13, 2021-KB5001337 (OS Build 18363.1500)","http://support.microsoft.com/kb/5001337","KB only","KB only","KB only"," ","21-04Rollup"
"Dhcpcore6.dll","Net_IPv6","6.2.18362.1171","1","20-Oct-20","GDR","5001337","April 13, 2021-KB5001337 (OS Build 18363.1500)","http://support.microsoft.com/kb/5001337","KB only","KB only","KB only"," ","21-04Rollup"
"Dhcpcsvc6.dll","Net_IPv6","6.2.18362.1171","1","20-Oct-20","GDR","5001337","April 13, 2021-KB5001337 (OS Build 18363.1500)","http://support.microsoft.com/kb/5001337","KB only","KB only","KB only"," ","21-04Rollup"
"WebIo.dll","Net_BranchCache","6.2.18362.628","1","28-Jan-20","GDR","5001337","April 13, 2021-KB5001337 (OS Build 18363.1500)","http://support.microsoft.com/kb/5001337","KB only","KB only","KB only"," ","21-04Rollup"
"MpsSvc.dll","Net_Firewall","6.2.18362.1474","1","25-Mar-21","GDR","5001337","April 13, 2021-KB5001337 (OS Build 18363.1500)","http://support.microsoft.com/kb/5001337","KB only","KB only","KB only"," ","21-04Rollup"
"Ntoskrnl.exe","Core_Kernel","6.2.18362.1500","0","13-Apr-21","GDR","5001337","April 13, 2021-KB5001337 (OS Build 18363.1500)","http://support.microsoft.com/kb/5001337","KB only","KB only","KB only"," ","21-04Rollup"
"Crashdmp.sys","Core_Kernel","6.2.18362.693","0","7-Mar-20","GDR","5001337","April 13, 2021-KB5001337 (OS Build 18363.1500)","http://support.microsoft.com/kb/5001337","KB only","KB only","KB only"," ","21-04Rollup"
"Ntdll.dll","Core_Kernel","6.2.18362.1500","0","13-Apr-21","GDR","5001337","April 13, 2021-KB5001337 (OS Build 18363.1500)","http://support.microsoft.com/kb/5001337","KB only","KB only","KB only"," ","21-04Rollup"
"Hal.dll","Core_Kernel","6.2.18362.1411","0","16-Feb-21","GDR","5001337","April 13, 2021-KB5001337 (OS Build 18363.1500)","http://support.microsoft.com/kb/5001337","KB only","KB only","KB only"," ","21-04Rollup"
"Fltmgr.sys","Core_Kernel","6.2.18362.1110","0","16-Sep-20","GDR","5001337","April 13, 2021-KB5001337 (OS Build 18363.1500)","http://support.microsoft.com/kb/5001337","KB only","KB only","KB only"," ","21-04Rollup"
"win32k.sys","Core_Kernel","6.2.18362.1474","0","25-Mar-21","GDR","5001337","April 13, 2021-KB5001337 (OS Build 18363.1500)","http://support.microsoft.com/kb/5001337","KB only","KB only","KB only"," ","21-04Rollup"
"Ntfs.sys","Core_FileSystem","6.2.18362.1500","0","13-Apr-21","GDR","5001337","April 13, 2021-KB5001337 (OS Build 18363.1500)","http://support.microsoft.com/kb/5001337","KB only","KB only","KB only"," ","21-04Rollup"
"dedup.sys","Core_FileSystem","6.2.18362.1","0","23-Jan-20","GDR","5001337","April 13, 2021-KB5001337 (OS Build 18363.1500)","http://support.microsoft.com/kb/5001337","KB only","KB only","KB only"," ","21-04Rollup"
"Msiscsi.sys","Core_DiskSystem","6.2.18362.1350","0","27-Jan-21","GDR","5001337","April 13, 2021-KB5001337 (OS Build 18363.1500)","http://support.microsoft.com/kb/5001337","KB only","KB only","KB only"," ","21-04Rollup"
"Iscsitgt.dll","Core_DiskSystem","6.2.18362.1","0","21-Jul-20","GDR","5001337","April 13, 2021-KB5001337 (OS Build 18363.1500)","http://support.microsoft.com/kb/5001337","KB only","KB only","KB only"," ","21-04Rollup"
"Storport.sys","Core_DiskSystem","6.2.18362.1350","0","27-Jan-21","GDR","5001337","April 13, 2021-KB5001337 (OS Build 18363.1500)","http://support.microsoft.com/kb/5001337","KB only","KB only","KB only"," ","21-04Rollup"
"Repdrvfs.dll","Core_WMI","6.2.18362.1","0","8-Feb-20","GDR","5001337","April 13, 2021-KB5001337 (OS Build 18363.1500)","http://support.microsoft.com/kb/5001337","KB only","KB only","KB only"," ","21-04Rollup"
"Advapi32.dll","Core_Apps","6.2.18362.752","0","24-Mar-20","GDR","5001337","April 13, 2021-KB5001337 (OS Build 18363.1500)","http://support.microsoft.com/kb/5001337","KB only","KB only","KB only"," ","21-04Rollup"
"Mshtml.dll","IE_Client","11.0.18362.1474","0","25-Mar-21","GDR","5001337","April 13, 2021-KB5001337 (OS Build 18363.1500)","http://support.microsoft.com/kb/5001337","KB only","KB only","KB only"," ","21-04Rollup"
"5001205","Win2016_1903_21-03_SSU_KB"," ","0","25-Mar-2021","GDR","5001205","KB5001205: Servicing stack update for Windows 10, version 1909: March 25, 2021","http://support.microsoft.com/kb/5001205","KB only","KB only","KB Only"," ","No Rollup"
"5001406","Win2016_1903_21-04_SSU_KB"," ","0","13-Apr-2021","GDR","5001406","KB5001406: Servicing stack update for Windows 10, version 1909: April 13, 2021","http://support.microsoft.com/kb/5001406","KB only","KB only","KB Only"," ","No Rollup"
"5001337","Win201619H1_21-04_B_rollup_KB"," ","0","13-Apr-2021","GDR","5001337","April 13, 2021-KB5001337 (OS Build 18363.1500)","http://support.microsoft.com/kb/5001337","KB only","KB only","KB only"," ","21-04Rollup"
