"Binary","Component","Version","Prio","Published","Branch","Article","Title","Link","LDROnlyKB","LDROnlyTitle","LDROnlyLink","Comment","RollupInfo"
"Netlogon.dll","Dom_NETLOGON","6.2.20348.1668","0","29-Mar-2023","GDR","5025230","April 11, 2023-KB5025230 (OS Build 20348.1668)","http://support.microsoft.com/kb/5025230","No LDR Only available","No LDR Only available","No LDR Only available"," ","23-04Rollup"
"LogonCli.dll","Dom_NETLOGON","6.2.20348.1194","0","30-Mar-2023","GDR","5025230","April 11, 2023-KB5025230 (OS Build 20348.1668)","http://support.microsoft.com/kb/5025230","No LDR Only available","No LDR Only available","No LDR Only available"," ","23-04Rollup"
"Winlogon.exe","Dom_WINLOGON","6.2.20348.1547","0","30-Mar-2023","GDR","5025230","April 11, 2023-KB5025230 (OS Build 20348.1668)","http://support.microsoft.com/kb/5025230","No LDR Only available","No LDR Only available","No LDR Only available"," ","23-04Rollup"
"Kerberos.dll","Dom_KERBEROS","6.2.20348.1668","0","29-Mar-2023","GDR","5025230","April 11, 2023-KB5025230 (OS Build 20348.1668)","http://support.microsoft.com/kb/5025230","No LDR Only available","No LDR Only available","No LDR Only available"," ","23-04Rollup"
"Msv1_0.dll","Dom_NTLM","6.2.20348.1487","1","30-Mar-2023","GDR","5025230","April 11, 2023-KB5025230 (OS Build 20348.1668)","http://support.microsoft.com/kb/5025230","No LDR Only available","No LDR Only available","No LDR Only available"," ","23-04Rollup"
"Wldap32.dll","Dom_LDAPClient","6.2.20348.1487","0","30-Mar-2023","GDR","5025230","April 11, 2023-KB5025230 (OS Build 20348.1668)","http://support.microsoft.com/kb/5025230","No LDR Only available","No LDR Only available","No LDR Only available"," ","23-04Rollup"
"Lsass.exe","Dom_LSA","6.2.20348.1194","0","30-Mar-2023","GDR","5025230","April 11, 2023-KB5025230 (OS Build 20348.1668)","http://support.microsoft.com/kb/5025230","No LDR Only available","No LDR Only available","No LDR Only available"," ","23-04Rollup"
"Lsasrv.dll","Dom_LSA","6.2.20348.1668","0","29-Mar-2023","GDR","5025230","April 11, 2023-KB5025230 (OS Build 20348.1668)","http://support.microsoft.com/kb/5025230","No LDR Only available","No LDR Only available","No LDR Only available"," ","23-04Rollup"
"Ksecdd.sys","Dom_LSA","6.2.20348.1194","0","30-Mar-2023","GDR","5025230","April 11, 2023-KB5025230 (OS Build 20348.1668)","http://support.microsoft.com/kb/5025230","No LDR Only available","No LDR Only available","No LDR Only available"," ","23-04Rollup"
"Ksecpkg.sys","Dom_LSA","6.2.20348.1668","0","29-Mar-2023","GDR","5025230","April 11, 2023-KB5025230 (OS Build 20348.1668)","http://support.microsoft.com/kb/5025230","No LDR Only available","No LDR Only available","No LDR Only available"," ","23-04Rollup"
"Secur32.dll","Dom_LSA","6.2.20348.1668","0","29-Mar-2023","GDR","5025230","April 11, 2023-KB5025230 (OS Build 20348.1668)","http://support.microsoft.com/kb/5025230","No LDR Only available","No LDR Only available","No LDR Only available"," ","23-04Rollup"
"Sspicli.dll","Dom_LSA","6.2.20348.1668","0","29-Mar-2023","GDR","5025230","April 11, 2023-KB5025230 (OS Build 20348.1668)","http://support.microsoft.com/kb/5025230","No LDR Only available","No LDR Only available","No LDR Only available"," ","23-04Rollup"
"Sspisrv.dll","Dom_LSA","6.2.20348.1194","0","30-Mar-2023","GDR","5025230","April 11, 2023-KB5025230 (OS Build 20348.1668)","http://support.microsoft.com/kb/5025230","No LDR Only available","No LDR Only available","No LDR Only available"," ","23-04Rollup"
"Schannel.dll","Dom_LSA","6.2.20348.1668","0","29-Mar-2023","GDR","5025230","April 11, 2023-KB5025230 (OS Build 20348.1668)","http://support.microsoft.com/kb/5025230","No LDR Only available","No LDR Only available","No LDR Only available"," ","23-04Rollup"
"dpapisvr.dll","Dom_LSA","6.2.20348.1","0","","RTM","5025230","","","","","","",""
"Scesrv.dll","Dom_SecAuditAndConfig","6.2.20348.1668","1","29-Mar-2023","GDR","5025230","April 11, 2023-KB5025230 (OS Build 20348.1668)","http://support.microsoft.com/kb/5025230","No LDR Only available","No LDR Only available","No LDR Only available"," ","23-04Rollup"
"AclUI.dll","Dom_SecAuditAndConfig","6.2.20348.380","1","30-Mar-2023","GDR","5025230","April 11, 2023-KB5025230 (OS Build 20348.1668)","http://support.microsoft.com/kb/5025230","No LDR Only available","No LDR Only available","No LDR Only available"," ","23-04Rollup"
"Winscard.dll","Dom_SC_Provider","6.2.20348.1","1","","RTM","5025230","","","","","","",""
"Basecsp.dll","Dom_SC_Provider","6.2.20348.1","1","","RTM","5025230","","","","","","",""
"Scksp.dll","Dom_SC_Provider","6.2.20348.1","1","","RTM","5025230","","","","","","",""
"ScardSvr.dll","Dom_SC_Srv","6.2.20348.1487","1","30-Mar-2023","GDR","5025230","April 11, 2023-KB5025230 (OS Build 20348.1668)","http://support.microsoft.com/kb/5025230","No LDR Only available","No LDR Only available","No LDR Only available"," ","23-04Rollup"
"Scfilter.sys","Dom_SC_Srv","6.2.20348.1","1","","RTM","5025230","","","","","","",""
"Certprop.dll","Dom_SC_Srv","6.2.20348.1","1","","RTM","5025230","","","","","","",""
"Crypt32.dll","Dom_CRYPTO","6.2.20348.1194","1","30-Mar-2023","GDR","5025230","April 11, 2023-KB5025230 (OS Build 20348.1668)","http://support.microsoft.com/kb/5025230","No LDR Only available","No LDR Only available","No LDR Only available"," ","23-04Rollup"
"Cryptsvc.dll","Dom_CRYPTO","6.2.20348.1","1","","RTM","5025230","","","","","","",""
"Cryptnet.dll","Dom_CRYPTO","6.2.20348.1","1","","RTM","5025230","","","","","","",""
"Wintrust.dll","Dom_CRYPTO","6.2.20348.1668","1","29-Mar-2023","GDR","5025230","April 11, 2023-KB5025230 (OS Build 20348.1668)","http://support.microsoft.com/kb/5025230","No LDR Only available","No LDR Only available","No LDR Only available"," ","23-04Rollup"
"Cryptdll.dll","Dom_CRYPTO","6.2.20348.1","1","","RTM","5025230","","","","","","",""
"Cryptcatsvc.dll","Dom_CRYPTO","6.2.20348.1","1","","RTM","5025230","","","","","","",""
"Dimsroam.dll","Dom_DIMS","6.2.20348.1006","1","30-Mar-2023","GDR","5025230","April 11, 2023-KB5025230 (OS Build 20348.1668)","http://support.microsoft.com/kb/5025230","No LDR Only available","No LDR Only available","No LDR Only available"," ","23-04Rollup"
"Dimsjob.dll","Dom_DIMS","6.2.20348.1","1","","RTM","5025230","","","","","","",""
"Adprovider.dll","Dom_DIMS","6.2.20348.1006","1","30-Mar-2023","GDR","5025230","April 11, 2023-KB5025230 (OS Build 20348.1668)","http://support.microsoft.com/kb/5025230","No LDR Only available","No LDR Only available","No LDR Only available"," ","23-04Rollup"
"Capiprovider.dll","Dom_DIMS","6.2.20348.1006","1","30-Mar-2023","GDR","5025230","April 11, 2023-KB5025230 (OS Build 20348.1668)","http://support.microsoft.com/kb/5025230","No LDR Only available","No LDR Only available","No LDR Only available"," ","23-04Rollup"
"Cngprovider.dll","Dom_DIMS","6.2.20348.1006","1","30-Mar-2023","GDR","5025230","April 11, 2023-KB5025230 (OS Build 20348.1668)","http://support.microsoft.com/kb/5025230","No LDR Only available","No LDR Only available","No LDR Only available"," ","23-04Rollup"
"Dpapiprovider.dll","Dom_DIMS","6.2.20348.1006","1","30-Mar-2023","GDR","5025230","April 11, 2023-KB5025230 (OS Build 20348.1668)","http://support.microsoft.com/kb/5025230","No LDR Only available","No LDR Only available","No LDR Only available"," ","23-04Rollup"
"Wincredprovider.dll","Dom_DIMS","6.2.20348.1006","1","30-Mar-2023","GDR","5025230","April 11, 2023-KB5025230 (OS Build 20348.1668)","http://support.microsoft.com/kb/5025230","No LDR Only available","No LDR Only available","No LDR Only available"," ","23-04Rollup"
"Gpapi.dll","Dom_GPSVC","6.2.20348.1547","1","14-Feb-2023","GDR","5025230","April 11, 2023-KB5025230 (OS Build 20348.1668)","http://support.microsoft.com/kb/5025230","No LDR Only available","No LDR Only available","No LDR Only available","rEX","23-04Rollup"
"Gpsvc.dll","Dom_GPSVC","6.2.20348.1668","1","30-Mar-2023","GDR","5025230","April 11, 2023-KB5025230 (OS Build 20348.1668)","http://support.microsoft.com/kb/5025230","No LDR Only available","No LDR Only available","No LDR Only available"," ","23-04Rollup"
"Gpmgmt.dll","Dom_GPSVC","6.2.20348.380","1","30-Mar-2023","GDR","5025230","April 11, 2023-KB5025230 (OS Build 20348.1668)","http://support.microsoft.com/kb/5025230","No LDR Only available","No LDR Only available","No LDR Only available"," ","23-04Rollup"
"Gprsop.dll","Dom_GPSVC","6.2.20348.380","1","30-Mar-2023","GDR","5025230","April 11, 2023-KB5025230 (OS Build 20348.1668)","http://support.microsoft.com/kb/5025230","No LDR Only available","No LDR Only available","No LDR Only available"," ","23-04Rollup"
"Userenv.dll","Dom_GPSVC","6.2.20348.1","1","","RTM","5025230","","","","","","",""
"Gpprnext.dll","Dom_GPExt","6.2.20348.1","1","","RTM","5025230","","","","","","",""
"Appmgmts.dll","Dom_GPExt","6.2.20348.1","1","","RTM","5025230","","","","","","",""
"Gpprefcl.dll","Dom_GPP","6.2.20348.1607","1","30-Mar-2023","GDR","5025230","April 11, 2023-KB5025230 (OS Build 20348.1668)","http://support.microsoft.com/kb/5025230","No LDR Only available","No LDR Only available","No LDR Only available"," ","23-04Rollup"
"Gpme.dll","Dom_GPP","6.2.20348.1070","1","30-Mar-2023","GDR","5025230","April 11, 2023-KB5025230 (OS Build 20348.1668)","http://support.microsoft.com/kb/5025230","No LDR Only available","No LDR Only available","No LDR Only available"," ","23-04Rollup"
"Gppref.dll","Dom_GPP","6.2.20348.1668","1","11-Apr-2023","GDR","5025230","April 11, 2023-KB5025230 (OS Build 20348.1668)","http://support.microsoft.com/kb/5025230","No LDR Only available","No LDR Only available","No LDR Only available","rEX","23-04Rollup"
"Gpprefbr.dll","Dom_GPP","6.2.20348.1607","1","11-Apr-2023","GDR","5025230","April 11, 2023-KB5025230 (OS Build 20348.1668)","http://support.microsoft.com/kb/5025230","No LDR Only available","No LDR Only available","No LDR Only available","rEX","23-04Rollup"
"Gpprefcn.dll","Dom_GPP","6.2.20348.1129","1","30-Mar-2023","GDR","5025230","April 11, 2023-KB5025230 (OS Build 20348.1668)","http://support.microsoft.com/kb/5025230","No LDR Only available","No LDR Only available","No LDR Only available"," ","23-04Rollup"
"Gpregistrybrowser.dll","Dom_GPP","6.2.20348.1070","1","30-Mar-2023","GDR","5025230","April 11, 2023-KB5025230 (OS Build 20348.1668)","http://support.microsoft.com/kb/5025230","No LDR Only available","No LDR Only available","No LDR Only available"," ","23-04Rollup"
"Propshts.dll","Dom_GPP","6.2.20348.1607","1","30-Mar-2023","GDR","5025230","April 11, 2023-KB5025230 (OS Build 20348.1668)","http://support.microsoft.com/kb/5025230","No LDR Only available","No LDR Only available","No LDR Only available"," ","23-04Rollup"
"Repdrvfs.dll","Core_WMI","6.2.20348.1547","0","30-Mar-2023","GDR","5025230","April 11, 2023-KB5025230 (OS Build 20348.1668)","http://support.microsoft.com/kb/5025230","No LDR Only available","No LDR Only available","No LDR Only available"," ","23-04Rollup"
"Profprov.dll","Dom_ProfProc","6.2.20348.1","1","","RTM","5025230","","","","","","",""
"Profsvc.dll","Dom_ProfProc","6.2.20348.1668","1","29-Mar-2023","GDR","5025230","April 11, 2023-KB5025230 (OS Build 20348.1668)","http://support.microsoft.com/kb/5025230","No LDR Only available","No LDR Only available","No LDR Only available"," ","23-04Rollup"
"Fdeploy.dll","Dom_FolderRedir","6.2.20348.1","1","","RTM","5025230","","","","","","",""
"Csc.sys","Net_CSC_Offline","6.2.20348.946","1","30-Mar-2023","GDR","5025230","April 11, 2023-KB5025230 (OS Build 20348.1668)","http://support.microsoft.com/kb/5025230","No LDR Only available","No LDR Only available","No LDR Only available"," ","23-04Rollup"
"Cscapi.dll","Net_CSC_Offline","6.2.20348.1","1","","RTM","5025230","","","","","","",""
"Cscdll.dll","Net_CSC_Offline","6.2.20348.1","1","","RTM","5025230","","","","","","",""
"Cscsvc.dll","Net_CSC_Offline","6.2.20348.1070","1","30-Mar-2023","GDR","5025230","April 11, 2023-KB5025230 (OS Build 20348.1668)","http://support.microsoft.com/kb/5025230","No LDR Only available","No LDR Only available","No LDR Only available"," ","23-04Rollup"
"Cscmig.dll","Net_CSC_Offline","6.2.20348.946","1","30-Mar-2023","GDR","5025230","April 11, 2023-KB5025230 (OS Build 20348.1668)","http://support.microsoft.com/kb/5025230","No LDR Only available","No LDR Only available","No LDR Only available"," ","23-04Rollup"
"Cscui.dll","Net_CSC_Offline","6.2.20348.1","1","","RTM","5025230","","","","","","",""
"Esent.dll","Dom_ESENT","6.2.20348.1607","0","30-Mar-2023","GDR","5025230","April 11, 2023-KB5025230 (OS Build 20348.1668)","http://support.microsoft.com/kb/5025230","No LDR Only available","No LDR Only available","No LDR Only available"," ","23-04Rollup"
"Ntdsai.dll","Dom_NTDSAI","6.2.20348.1668","0","30-Mar-2023","GDR","5025230","April 11, 2023-KB5025230 (OS Build 20348.1668)","http://support.microsoft.com/kb/5025230","No LDR Only available","No LDR Only available","No LDR Only available"," ","23-04Rollup"
"Ntdsutil.exe","Dom_NTDSAI","6.2.20348.1607","0","14-Mar-2023","GDR","5025230","April 11, 2023-KB5025230 (OS Build 20348.1668)","http://support.microsoft.com/kb/5025230","No LDR Only available","No LDR Only available","No LDR Only available","rEX","23-04Rollup"
"Samsrv.dll","Dom_SAMSRV","6.2.20348.1668","0","29-Mar-2023","GDR","5025230","April 11, 2023-KB5025230 (OS Build 20348.1668)","http://support.microsoft.com/kb/5025230","No LDR Only available","No LDR Only available","No LDR Only available"," ","23-04Rollup"
"Samlib.dll","Dom_SAMSRV","6.2.20348.1607","0","14-Mar-2023","GDR","5025230","April 11, 2023-KB5025230 (OS Build 20348.1668)","http://support.microsoft.com/kb/5025230","No LDR Only available","No LDR Only available","No LDR Only available","rEX","23-04Rollup"
"Kdcsvc.dll","Dom_KDCSVC","6.2.20348.1668","0","30-Mar-2023","GDR","5025230","April 11, 2023-KB5025230 (OS Build 20348.1668)","http://support.microsoft.com/kb/5025230","No LDR Only available","No LDR Only available","No LDR Only available"," ","23-04Rollup"
"Dfsrs.exe","Dom_DFS-R","6.2.20348.502","0","30-Mar-2023","GDR","5025230","April 11, 2023-KB5025230 (OS Build 20348.1668)","http://support.microsoft.com/kb/5025230","No LDR Only available","No LDR Only available","No LDR Only available"," ","23-04Rollup"
"Dfsrress.dll","Dom_DFS-R","6.2.20348.380","0","30-Mar-2023","GDR","5025230","April 11, 2023-KB5025230 (OS Build 20348.1668)","http://support.microsoft.com/kb/5025230","No LDR Only available","No LDR Only available","No LDR Only available"," ","23-04Rollup"
"Dfsrro.sys","Dom_DFS-R","6.2.20348.1","0","","RTM","5025230","","","","","","",""
"Microsoft.identityserver.service.dll","Dom_ADFS","6.2.20348.1547","0","30-Mar-2023","GDR","5025230","April 11, 2023-KB5025230 (OS Build 20348.1668)","http://support.microsoft.com/kb/5025230","No LDR Only available","No LDR Only available","No LDR Only available"," ","23-04Rollup"
"Microsoft.identityserver.webhost.dll","Dom_ADFS","6.2.20348.1","0","","RTM","5025230","","","","","","",""
"Microsoft.identityserver.web.dll","Dom_ADFS","6.2.20348.1607","0","30-Mar-2023","GDR","5025230","April 11, 2023-KB5025230 (OS Build 20348.1668)","http://support.microsoft.com/kb/5025230","No LDR Only available","No LDR Only available","No LDR Only available"," ","23-04Rollup"
"Microsoft.identityserver.dll","Dom_ADFS","6.2.20348.1547","0","30-Mar-2023","GDR","5025230","April 11, 2023-KB5025230 (OS Build 20348.1668)","http://support.microsoft.com/kb/5025230","No LDR Only available","No LDR Only available","No LDR Only available"," ","23-04Rollup"
"Microsoft.identityserver.proxyservice.exe","Dom_ADFS","6.2.20348.1","0","","RTM","5025230","","","","","","",""
"5025230","Win2022_23-04_B_rollup_KB"," ","0","11-Apr-2023","GDR","5025230","April 11, 2023-KB5025230 (OS Build 20348.1668)","http://support.microsoft.com/kb/5025230","No LDR Only available","No LDR Only available","No LDR Only available"," ","23-04Rollup"
