"Binary","Component","Version","Prio","Published","Branch","Article","Title","Link","LDROnlyKB","LDROnlyTitle","LDROnlyLink","Comment","RollupInfo"
"Robocopy.exe","Net_Applications","6.2.22621.608","1","02-Dec-2022","GDR","5021255","December 13, 2022-KB5021255 (OS Build 22621.963)","http://support.microsoft.com/kb/5021255","No LDR Only available","No LDR Only available","No LDR Only available"," ","22-12Rollup"
"srv.sys","Net_SMB_Server","6.2.22621.1","0","","RTM","5021255","","","","","","",""
"srv2.sys","Net_SMB_Server","6.2.22621.608","0","02-Dec-2022","GDR","5021255","December 13, 2022-KB5021255 (OS Build 22621.963)","http://support.microsoft.com/kb/5021255","No LDR Only available","No LDR Only available","No LDR Only available"," ","22-12Rollup"
"srvnet.sys","Net_SMB_Server","6.2.22621.755","0","08-Nov-2022","GDR","5021255","December 13, 2022-KB5021255 (OS Build 22621.963)","http://support.microsoft.com/kb/5021255","No LDR Only available","No LDR Only available","No LDR Only available","rEX","22-12Rollup"
"Srvsvc.dll","Net_SMB_Server","6.2.22621.755","0","02-Dec-2022","GDR","5021255","December 13, 2022-KB5021255 (OS Build 22621.963)","http://support.microsoft.com/kb/5021255","No LDR Only available","No LDR Only available","No LDR Only available"," ","22-12Rollup"
"Mrxsmb.sys","Net_SMB_Client","6.2.22621.900","0","02-Dec-2022","GDR","5021255","December 13, 2022-KB5021255 (OS Build 22621.963)","http://support.microsoft.com/kb/5021255","No LDR Only available","No LDR Only available","No LDR Only available"," ","22-12Rollup"
"Mrxsmb10.sys","Net_SMB_Client","6.2.22621.900","0","02-Dec-2022","GDR","5021255","December 13, 2022-KB5021255 (OS Build 22621.963)","http://support.microsoft.com/kb/5021255","No LDR Only available","No LDR Only available","No LDR Only available"," ","22-12Rollup"
"Mrxsmb20.sys","Net_SMB_Client","6.2.22621.900","0","02-Dec-2022","GDR","5021255","December 13, 2022-KB5021255 (OS Build 22621.963)","http://support.microsoft.com/kb/5021255","No LDR Only available","No LDR Only available","No LDR Only available"," ","22-12Rollup"
"Rdbss.sys","Net_SMB_Client","6.2.22621.608","0","02-Dec-2022","GDR","5021255","December 13, 2022-KB5021255 (OS Build 22621.963)","http://support.microsoft.com/kb/5021255","No LDR Only available","No LDR Only available","No LDR Only available"," ","22-12Rollup"
"Netbt.sys","Net_SMB_Client","6.2.22621.608","0","02-Dec-2022","GDR","5021255","December 13, 2022-KB5021255 (OS Build 22621.963)","http://support.microsoft.com/kb/5021255","No LDR Only available","No LDR Only available","No LDR Only available"," ","22-12Rollup"
"Mup.sys","Net_SMB_Client","6.2.22621.608","0","02-Dec-2022","GDR","5021255","December 13, 2022-KB5021255 (OS Build 22621.963)","http://support.microsoft.com/kb/5021255","No LDR Only available","No LDR Only available","No LDR Only available"," ","22-12Rollup"
"wkssvc.dll","Net_SMB_Client","6.2.22621.900","0","02-Dec-2022","GDR","5021255","December 13, 2022-KB5021255 (OS Build 22621.963)","http://support.microsoft.com/kb/5021255","No LDR Only available","No LDR Only available","No LDR Only available"," ","22-12Rollup"
"Mpr.dll","Net_SMB_Client","6.2.22621.1","0","","RTM","5021255","","","","","","",""
"NtLanman.dll","Net_SMB_Client","6.2.22621.674","0","02-Dec-2022","GDR","5021255","December 13, 2022-KB5021255 (OS Build 22621.963)","http://support.microsoft.com/kb/5021255","No LDR Only available","No LDR Only available","No LDR Only available"," ","22-12Rollup"
"Tcpip.sys","Net_Protocol","6.2.22621.674","0","02-Dec-2022","GDR","5021255","December 13, 2022-KB5021255 (OS Build 22621.963)","http://support.microsoft.com/kb/5021255","No LDR Only available","No LDR Only available","No LDR Only available"," ","22-12Rollup"
"Afd.sys","Net_Protocol","6.2.22621.608","0","02-Dec-2022","GDR","5021255","December 13, 2022-KB5021255 (OS Build 22621.963)","http://support.microsoft.com/kb/5021255","No LDR Only available","No LDR Only available","No LDR Only available"," ","22-12Rollup"
"Netio.sys","Net_Protocol","6.2.22621.674","0","02-Dec-2022","GDR","5021255","December 13, 2022-KB5021255 (OS Build 22621.963)","http://support.microsoft.com/kb/5021255","No LDR Only available","No LDR Only available","No LDR Only available"," ","22-12Rollup"
"Ndis.sys","Net_Protocol","6.2.22621.608","0","02-Dec-2022","GDR","5021255","December 13, 2022-KB5021255 (OS Build 22621.963)","http://support.microsoft.com/kb/5021255","No LDR Only available","No LDR Only available","No LDR Only available"," ","22-12Rollup"
"Netiohlp.dll","Net_Protocol","6.2.22621.674","0","02-Dec-2022","GDR","5021255","December 13, 2022-KB5021255 (OS Build 22621.963)","http://support.microsoft.com/kb/5021255","No LDR Only available","No LDR Only available","No LDR Only available"," ","22-12Rollup"
"Tdx.sys","Net_Protocol","6.2.22621.608","0","02-Dec-2022","GDR","5021255","December 13, 2022-KB5021255 (OS Build 22621.963)","http://support.microsoft.com/kb/5021255","No LDR Only available","No LDR Only available","No LDR Only available"," ","22-12Rollup"
"Iphlpapi.dll","Net_Protocol","6.2.22621.1","0","","RTM","5021255","","","","","","",""
"Tunnel.sys","Net_IPv6","6.2.22621.674","1","02-Dec-2022","GDR","5021255","December 13, 2022-KB5021255 (OS Build 22621.963)","http://support.microsoft.com/kb/5021255","No LDR Only available","No LDR Only available","No LDR Only available"," ","22-12Rollup"
"Dhcpcore6.dll","Net_IPv6","6.2.22621.674","1","02-Dec-2022","GDR","5021255","December 13, 2022-KB5021255 (OS Build 22621.963)","http://support.microsoft.com/kb/5021255","No LDR Only available","No LDR Only available","No LDR Only available"," ","22-12Rollup"
"Dhcpcsvc6.dll","Net_IPv6","6.2.22621.674","1","02-Dec-2022","GDR","5021255","December 13, 2022-KB5021255 (OS Build 22621.963)","http://support.microsoft.com/kb/5021255","No LDR Only available","No LDR Only available","No LDR Only available"," ","22-12Rollup"
"Nlasvc.dll","Net_NLA","6.2.22621.1","0","","RTM","5021255","","","","","","",""
"Ncsi.dll","Net_NLA","6.2.22621.755","0","02-Dec-2022","GDR","5021255","December 13, 2022-KB5021255 (OS Build 22621.963)","http://support.microsoft.com/kb/5021255","No LDR Only available","No LDR Only available","No LDR Only available"," ","22-12Rollup"
"Nlaapi.dll","Net_NLA","6.2.22621.755","0","02-Dec-2022","GDR","5021255","December 13, 2022-KB5021255 (OS Build 22621.963)","http://support.microsoft.com/kb/5021255","No LDR Only available","No LDR Only available","No LDR Only available"," ","22-12Rollup"
"Dns.exe","Net_DNS_Srv","6.2.22621.1","0","","RTM","5021255","","","","","","",""
"Dhcpssvc.dll","Net_DHCP_Srv","6.2.22621.1","0","","RTM","5021255","","","","","","",""
"Dfssvc.exe","Net_DFS-N_Srv","6.2.22621.1","0","","RTM","5021255","","","","","","",""
"Nfssvc.exe","Net_NFS_Srv","6.2.22621.608","0","02-Dec-2022","GDR","5021255","December 13, 2022-KB5021255 (OS Build 22621.963)","http://support.microsoft.com/kb/5021255","No LDR Only available","No LDR Only available","No LDR Only available"," ","22-12Rollup"
"Nfssvr.sys","Net_NFS_Srv","6.2.22621.608","0","02-Dec-2022","GDR","5021255","December 13, 2022-KB5021255 (OS Build 22621.963)","http://support.microsoft.com/kb/5021255","No LDR Only available","No LDR Only available","No LDR Only available"," ","22-12Rollup"
"Msnfsflt.sys","Net_NFS_Srv","6.2.22621.608","0","02-Dec-2022","GDR","5021255","December 13, 2022-KB5021255 (OS Build 22621.963)","http://support.microsoft.com/kb/5021255","No LDR Only available","No LDR Only available","No LDR Only available"," ","22-12Rollup"
"portmap.sys","Net_NFS_Srv","6.2.22621.608","0","02-Dec-2022","GDR","5021255","December 13, 2022-KB5021255 (OS Build 22621.963)","http://support.microsoft.com/kb/5021255","No LDR Only available","No LDR Only available","No LDR Only available"," ","22-12Rollup"
"rpcxdr.sys","Net_NFS_Srv","6.2.22621.608","0","02-Dec-2022","GDR","5021255","December 13, 2022-KB5021255 (OS Build 22621.963)","http://support.microsoft.com/kb/5021255","No LDR Only available","No LDR Only available","No LDR Only available"," ","22-12Rollup"
"Nlb.sys","Net_NLB_Srv","6.2.22621.1","0","","RTM","5021255","","","","","","",""
"Csc.sys","Net_CSC_Offline","6.2.22621.1","1","","RTM","5021255","","","","","","",""
"Cscapi.dll","Net_CSC_Offline","6.2.22621.1","1","","RTM","5021255","","","","","","",""
"Cscdll.dll","Net_CSC_Offline","6.2.22621.1","1","","RTM","5021255","","","","","","",""
"Cscsvc.dll","Net_CSC_Offline","6.2.22621.1","1","","RTM","5021255","","","","","","",""
"Cscmig.dll","Net_CSC_Offline","6.2.22621.1","1","","RTM","5021255","","","","","","",""
"Cscui.dll","Net_CSC_Offline","6.2.22621.608","1","02-Dec-2022","GDR","5021255","December 13, 2022-KB5021255 (OS Build 22621.963)","http://support.microsoft.com/kb/5021255","No LDR Only available","No LDR Only available","No LDR Only available"," ","22-12Rollup"
"Mrxdav.sys","Net_WebDAV","6.2.22621.1","1","","RTM","5021255","","","","","","",""
"Webclnt.dll","Net_WebDAV","6.2.22621.674","1","02-Dec-2022","GDR","5021255","December 13, 2022-KB5021255 (OS Build 22621.963)","http://support.microsoft.com/kb/5021255","No LDR Only available","No LDR Only available","No LDR Only available"," ","22-12Rollup"
"Davclnt.dll","Net_WebDAV","6.2.22621.1","1","","RTM","5021255","","","","","","",""
"Shell32.dll","Net_WebDAV","6.2.22621.963","1","02-Dec-2022","GDR","5021255","December 13, 2022-KB5021255 (OS Build 22621.963)","http://support.microsoft.com/kb/5021255","No LDR Only available","No LDR Only available","No LDR Only available"," ","22-12Rollup"
"Winhttp.dll","Net_WebDAV","6.2.22621.608","1","02-Dec-2022","GDR","5021255","December 13, 2022-KB5021255 (OS Build 22621.963)","http://support.microsoft.com/kb/5021255","No LDR Only available","No LDR Only available","No LDR Only available"," ","22-12Rollup"
"Dfsc.sys","Net_DFS-N_Client","6.2.22621.674","0","02-Dec-2022","GDR","5021255","December 13, 2022-KB5021255 (OS Build 22621.963)","http://support.microsoft.com/kb/5021255","No LDR Only available","No LDR Only available","No LDR Only available"," ","22-12Rollup"
"Dhcpcore.dll","Net_DHCP_Client","6.2.22621.674","1","02-Dec-2022","GDR","5021255","December 13, 2022-KB5021255 (OS Build 22621.963)","http://support.microsoft.com/kb/5021255","No LDR Only available","No LDR Only available","No LDR Only available"," ","22-12Rollup"
"Dhcpcsvc.dll","Net_DHCP_Client","6.2.22621.674","1","02-Dec-2022","GDR","5021255","December 13, 2022-KB5021255 (OS Build 22621.963)","http://support.microsoft.com/kb/5021255","No LDR Only available","No LDR Only available","No LDR Only available"," ","22-12Rollup"
"Nfsclnt.exe","Net_NFS_Client","6.2.22621.608","1","02-Dec-2022","GDR","5021255","December 13, 2022-KB5021255 (OS Build 22621.963)","http://support.microsoft.com/kb/5021255","No LDR Only available","No LDR Only available","No LDR Only available"," ","22-12Rollup"
"Nfsnp.dll","Net_NFS_Client","6.2.22621.1","1","","RTM","5021255","","","","","","",""
"Nfsrdr.sys","Net_NFS_Client","6.2.22621.608","1","02-Dec-2022","GDR","5021255","December 13, 2022-KB5021255 (OS Build 22621.963)","http://support.microsoft.com/kb/5021255","No LDR Only available","No LDR Only available","No LDR Only available"," ","22-12Rollup"
"Psxdll.dll","Net_Posix","6.2.22621.1","1","","RTM","5021255","","","","","","",""
"Psxdllsvr.dll","Net_Posix","6.2.22621.1","1","","RTM","5021255","","","","","","",""
"Psxss.exe","Net_Posix","6.2.22621.1","1","","RTM","5021255","","","","","","",""
"Posix.exe","Net_Posix","6.2.22621.1","1","","RTM","5021255","","","","","","",""
"dnsapi.dll","Net_DNS_Client","6.2.22621.1","1","","RTM","5021255","","","","","","",""
"dnsrslvr.dll","Net_DNS_Client","6.2.22621.1","1","","RTM","5021255","","","","","","",""
"Dnscacheugc.exe","Net_DNS_Client","6.2.22621.1","1","","RTM","5021255","","","","","","",""
"Rpcss.dll","Net_RPC","6.2.22621.900","1","02-Dec-2022","GDR","5021255","December 13, 2022-KB5021255 (OS Build 22621.963)","http://support.microsoft.com/kb/5021255","No LDR Only available","No LDR Only available","No LDR Only available"," ","22-12Rollup"
"Rpchttp.dll","Net_RPC","6.2.22621.1","1","","RTM","5021255","","","","","","",""
"Rpcrt4.dll","Net_RPC","6.2.22621.1","1","","RTM","5021255","","","","","","",""
"Bfe.dll","Net_Ipsec_BFE","6.2.22621.608","1","02-Dec-2022","GDR","5021255","December 13, 2022-KB5021255 (OS Build 22621.963)","http://support.microsoft.com/kb/5021255","No LDR Only available","No LDR Only available","No LDR Only available"," ","22-12Rollup"
"Ikeext.dll","Net_Ipsec_BFE","6.2.22621.608","1","02-Dec-2022","GDR","5021255","December 13, 2022-KB5021255 (OS Build 22621.963)","http://support.microsoft.com/kb/5021255","No LDR Only available","No LDR Only available","No LDR Only available"," ","22-12Rollup"
"Fwpuclnt.dll","Net_Ipsec_BFE","6.2.22621.608","1","02-Dec-2022","GDR","5021255","December 13, 2022-KB5021255 (OS Build 22621.963)","http://support.microsoft.com/kb/5021255","No LDR Only available","No LDR Only available","No LDR Only available"," ","22-12Rollup"
"Iphlpsvc.dll","Net_DirectAccess_Client","6.2.22621.608","1","02-Dec-2022","GDR","5021255","December 13, 2022-KB5021255 (OS Build 22621.963)","http://support.microsoft.com/kb/5021255","No LDR Only available","No LDR Only available","No LDR Only available"," ","22-12Rollup"
"Iphlpsvcmigplugin.dll","Net_DirectAccess_Client","6.2.22621.1","1","","RTM","5021255","","","","","","",""
"Netcorehc.dll","Net_DirectAccess_Client","6.2.22621.1","1","","RTM","5021255","","","","","","",""
"Daotpcredentialprovider.dll","Net_DirectAccess_Client","6.2.22621.1","1","","RTM","5021255","","","","","","",""
"Rdpcore.dll","Net_DirectAccess_Client","6.2.22621.1","1","","RTM","5021255","","","","","","",""
"Damgmt.dll","Net_DirectAccess_Srv","6.2.22621.1","1","","RTM","5021255","","","","","","",""
"Ramgmtui.exe","Net_DirectAccess_Srv","6.2.22621.1","1","","RTM","5021255","","","","","","",""
"Ramgmtsvc.dll","Net_DirectAccess_Srv","6.2.22621.1","1","","RTM","5021255","","","","","","",""
"Rasclusterres.dll","Net_DirectAccess_Srv","6.2.22621.1","1","","RTM","5021255","","","","","","",""
"Raserverpsprovider.dll","Net_DirectAccess_Srv","6.2.22621.1","1","","RTM","5021255","","","","","","",""
"dot3svc.dll","Net_IEEE802.1x","6.2.22621.608","1","02-Dec-2022","GDR","5021255","December 13, 2022-KB5021255 (OS Build 22621.963)","http://support.microsoft.com/kb/5021255","No LDR Only available","No LDR Only available","No LDR Only available"," ","22-12Rollup"
"Rastls.dll","Net_IEEE802.1x","6.2.22621.755","1","02-Dec-2022","GDR","5021255","December 13, 2022-KB5021255 (OS Build 22621.963)","http://support.microsoft.com/kb/5021255","No LDR Only available","No LDR Only available","No LDR Only available"," ","22-12Rollup"
"wlansvc.dll","Net_WLAN_Client","6.2.22621.900","1","02-Dec-2022","GDR","5021255","December 13, 2022-KB5021255 (OS Build 22621.963)","http://support.microsoft.com/kb/5021255","No LDR Only available","No LDR Only available","No LDR Only available"," ","22-12Rollup"
"wlanmsm.dll","Net_WLAN_Client","6.2.22621.900","1","02-Dec-2022","GDR","5021255","December 13, 2022-KB5021255 (OS Build 22621.963)","http://support.microsoft.com/kb/5021255","No LDR Only available","No LDR Only available","No LDR Only available"," ","22-12Rollup"
"wlanapi.dll","Net_WLAN_Client","6.2.22621.674","1","18-Oct-2022","GDR","5021255","December 13, 2022-KB5021255 (OS Build 22621.963)","http://support.microsoft.com/kb/5021255","No LDR Only available","No LDR Only available","No LDR Only available","rEX","22-12Rollup"
"wlansec.dll","Net_WLAN_Client","6.2.22621.900","1","02-Dec-2022","GDR","5021255","December 13, 2022-KB5021255 (OS Build 22621.963)","http://support.microsoft.com/kb/5021255","No LDR Only available","No LDR Only available","No LDR Only available"," ","22-12Rollup"
"wlansvcpal.dll","Net_WLAN_Client","6.2.22621.900","1","02-Dec-2022","GDR","5021255","December 13, 2022-KB5021255 (OS Build 22621.963)","http://support.microsoft.com/kb/5021255","No LDR Only available","No LDR Only available","No LDR Only available"," ","22-12Rollup"
"wlanhlp.dll","Net_WLAN_Client","6.2.22621.674","1","18-Oct-2022","GDR","5021255","December 13, 2022-KB5021255 (OS Build 22621.963)","http://support.microsoft.com/kb/5021255","No LDR Only available","No LDR Only available","No LDR Only available","rEX","22-12Rollup"
"Netcfgx.dll","Net_Config","6.2.22621.1","1","","RTM","5021255","","","","","","",""
"WorkFolders.exe","Net_WorkFolders","6.2.22621.608","1","02-Dec-2022","GDR","5021255","December 13, 2022-KB5021255 (OS Build 22621.963)","http://support.microsoft.com/kb/5021255","No LDR Only available","No LDR Only available","No LDR Only available"," ","22-12Rollup"
"WorkFoldersshell.dll","Net_WorkFolders","6.2.22621.608","1","02-Dec-2022","GDR","5021255","December 13, 2022-KB5021255 (OS Build 22621.963)","http://support.microsoft.com/kb/5021255","No LDR Only available","No LDR Only available","No LDR Only available"," ","22-12Rollup"
"WorkFolderssvc.dll","Net_WorkFolders","6.2.22621.755","1","02-Dec-2022","GDR","5021255","December 13, 2022-KB5021255 (OS Build 22621.963)","http://support.microsoft.com/kb/5021255","No LDR Only available","No LDR Only available","No LDR Only available"," ","22-12Rollup"
"WorkFolderscontrol.dll","Net_WorkFolders","6.2.22621.608","1","02-Dec-2022","GDR","5021255","December 13, 2022-KB5021255 (OS Build 22621.963)","http://support.microsoft.com/kb/5021255","No LDR Only available","No LDR Only available","No LDR Only available"," ","22-12Rollup"
"WorkFoldersGPExt.dll","Net_WorkFolders","6.2.22621.1","1","","RTM","5021255","","","","","","",""
"Syncsharesvc.dll","Net_WorkFolders","6.2.22621.1","1","","RTM","5021255","","","","","","",""
"Syncsharesrv.dll","Net_WorkFolders","6.2.22621.755","1","02-Dec-2022","GDR","5021255","December 13, 2022-KB5021255 (OS Build 22621.963)","http://support.microsoft.com/kb/5021255","No LDR Only available","No LDR Only available","No LDR Only available"," ","22-12Rollup"
"Syncsharettlib.dll","Net_WorkFolders","6.2.22621.1","1","","RTM","5021255","","","","","","",""
"Syncsharettsvc.exe","Net_WorkFolders","6.2.22621.1","1","","RTM","5021255","","","","","","",""
"WebIo.dll","Net_BranchCache","6.2.22621.1","1","","RTM","5021255","","","","","","",""
"Smbhash.exe","Net_BranchCache","6.2.22621.1","1","","RTM","5021255","","","","","","",""
"Pacer.sys","Net_QoS","6.2.22621.608","1","02-Dec-2022","GDR","5021255","December 13, 2022-KB5021255 (OS Build 22621.963)","http://support.microsoft.com/kb/5021255","No LDR Only available","No LDR Only available","No LDR Only available"," ","22-12Rollup"
"Mpsdrv.sys","Net_Firewall","6.2.22621.608","1","02-Dec-2022","GDR","5021255","December 13, 2022-KB5021255 (OS Build 22621.963)","http://support.microsoft.com/kb/5021255","No LDR Only available","No LDR Only available","No LDR Only available"," ","22-12Rollup"
"MpsSvc.dll","Net_Firewall","6.2.22621.900","1","02-Dec-2022","GDR","5021255","December 13, 2022-KB5021255 (OS Build 22621.963)","http://support.microsoft.com/kb/5021255","No LDR Only available","No LDR Only available","No LDR Only available"," ","22-12Rollup"
"qmgr.dll","Net_BiTS","7.8.22621.1","1","30-Sep-2022","GDR","5021255","December 13, 2022-KB5021255 (OS Build 22621.963)","http://support.microsoft.com/kb/5021255","No LDR Only available","No LDR Only available","No LDR Only available","rEX","22-12Rollup"
"rasmans.dll","Net_VPN","6.2.22621.900","1","02-Dec-2022","GDR","5021255","December 13, 2022-KB5021255 (OS Build 22621.963)","http://support.microsoft.com/kb/5021255","No LDR Only available","No LDR Only available","No LDR Only available"," ","22-12Rollup"
"Netlogon.dll","Dom_NETLOGON","6.2.22621.819","0","02-Dec-2022","GDR","5021255","December 13, 2022-KB5021255 (OS Build 22621.963)","http://support.microsoft.com/kb/5021255","No LDR Only available","No LDR Only available","No LDR Only available"," ","22-12Rollup"
"LogonCli.dll","Dom_NETLOGON","6.2.22621.674","0","02-Dec-2022","GDR","5021255","December 13, 2022-KB5021255 (OS Build 22621.963)","http://support.microsoft.com/kb/5021255","No LDR Only available","No LDR Only available","No LDR Only available"," ","22-12Rollup"
"Winlogon.exe","Dom_WINLOGON","6.2.22621.675","0","02-Dec-2022","GDR","5021255","December 13, 2022-KB5021255 (OS Build 22621.963)","http://support.microsoft.com/kb/5021255","No LDR Only available","No LDR Only available","No LDR Only available"," ","22-12Rollup"
"Kerberos.dll","Dom_KERBEROS","6.2.22621.900","0","02-Dec-2022","GDR","5021255","December 13, 2022-KB5021255 (OS Build 22621.963)","http://support.microsoft.com/kb/5021255","No LDR Only available","No LDR Only available","No LDR Only available"," ","22-12Rollup"
"Msv1_0.dll","Dom_NTLM","6.2.22621.674","1","18-Oct-2022","GDR","5021255","December 13, 2022-KB5021255 (OS Build 22621.963)","http://support.microsoft.com/kb/5021255","No LDR Only available","No LDR Only available","No LDR Only available","rEX","22-12Rollup"
"Wldap32.dll","Dom_LDAPClient","6.2.22621.608","0","02-Dec-2022","GDR","5021255","December 13, 2022-KB5021255 (OS Build 22621.963)","http://support.microsoft.com/kb/5021255","No LDR Only available","No LDR Only available","No LDR Only available"," ","22-12Rollup"
"Lsass.exe","Dom_LSA","6.2.22621.674","0","02-Dec-2022","GDR","5021255","December 13, 2022-KB5021255 (OS Build 22621.963)","http://support.microsoft.com/kb/5021255","No LDR Only available","No LDR Only available","No LDR Only available"," ","22-12Rollup"
"Lsasrv.dll","Dom_LSA","6.2.22621.900","0","02-Dec-2022","GDR","5021255","December 13, 2022-KB5021255 (OS Build 22621.963)","http://support.microsoft.com/kb/5021255","No LDR Only available","No LDR Only available","No LDR Only available"," ","22-12Rollup"
"Ksecdd.sys","Dom_LSA","6.2.22621.674","0","02-Dec-2022","GDR","5021255","December 13, 2022-KB5021255 (OS Build 22621.963)","http://support.microsoft.com/kb/5021255","No LDR Only available","No LDR Only available","No LDR Only available"," ","22-12Rollup"
"Ksecpkg.sys","Dom_LSA","6.2.22621.900","0","02-Dec-2022","GDR","5021255","December 13, 2022-KB5021255 (OS Build 22621.963)","http://support.microsoft.com/kb/5021255","No LDR Only available","No LDR Only available","No LDR Only available"," ","22-12Rollup"
"Secur32.dll","Dom_LSA","6.2.22621.1","0","","RTM","5021255","","","","","","",""
"Sspicli.dll","Dom_LSA","6.2.22621.674","0","02-Dec-2022","GDR","5021255","December 13, 2022-KB5021255 (OS Build 22621.963)","http://support.microsoft.com/kb/5021255","No LDR Only available","No LDR Only available","No LDR Only available"," ","22-12Rollup"
"Sspisrv.dll","Dom_LSA","6.2.22621.674","0","02-Dec-2022","GDR","5021255","December 13, 2022-KB5021255 (OS Build 22621.963)","http://support.microsoft.com/kb/5021255","No LDR Only available","No LDR Only available","No LDR Only available"," ","22-12Rollup"
"Schannel.dll","Dom_LSA","6.2.22621.755","0","02-Dec-2022","GDR","5021255","December 13, 2022-KB5021255 (OS Build 22621.963)","http://support.microsoft.com/kb/5021255","No LDR Only available","No LDR Only available","No LDR Only available"," ","22-12Rollup"
"dpapisvr.dll","Dom_LSA","6.2.22621.1","0","","RTM","5021255","","","","","","",""
"Scesrv.dll","Dom_SecAuditAndConfig","6.2.22621.1","1","","RTM","5021255","","","","","","",""
"AclUI.dll","Dom_SecAuditAndConfig","6.2.22621.608","1","02-Dec-2022","GDR","5021255","December 13, 2022-KB5021255 (OS Build 22621.963)","http://support.microsoft.com/kb/5021255","No LDR Only available","No LDR Only available","No LDR Only available"," ","22-12Rollup"
"Winscard.dll","Dom_SC_Provider","6.2.22621.1","1","","RTM","5021255","","","","","","",""
"Basecsp.dll","Dom_SC_Provider","6.2.22621.1","1","","RTM","5021255","","","","","","",""
"Scksp.dll","Dom_SC_Provider","6.2.22621.1","1","","RTM","5021255","","","","","","",""
"ScardSvr.dll","Dom_SC_Srv","6.2.22621.1","1","","RTM","5021255","","","","","","",""
"Scfilter.sys","Dom_SC_Srv","6.2.22621.1","1","","RTM","5021255","","","","","","",""
"Certprop.dll","Dom_SC_Srv","6.2.22621.1","1","","RTM","5021255","","","","","","",""
"Crypt32.dll","Dom_CRYPTO","6.2.22621.674","1","02-Dec-2022","GDR","5021255","December 13, 2022-KB5021255 (OS Build 22621.963)","http://support.microsoft.com/kb/5021255","No LDR Only available","No LDR Only available","No LDR Only available"," ","22-12Rollup"
"Cryptsvc.dll","Dom_CRYPTO","6.2.22621.755","1","02-Dec-2022","GDR","5021255","December 13, 2022-KB5021255 (OS Build 22621.963)","http://support.microsoft.com/kb/5021255","No LDR Only available","No LDR Only available","No LDR Only available"," ","22-12Rollup"
"Cryptnet.dll","Dom_CRYPTO","6.2.22621.1","1","","RTM","5021255","","","","","","",""
"Wintrust.dll","Dom_CRYPTO","6.2.22621.900","1","02-Dec-2022","GDR","5021255","December 13, 2022-KB5021255 (OS Build 22621.963)","http://support.microsoft.com/kb/5021255","No LDR Only available","No LDR Only available","No LDR Only available"," ","22-12Rollup"
"Cryptdll.dll","Dom_CRYPTO","6.2.22621.1","1","","RTM","5021255","","","","","","",""
"Cryptcatsvc.dll","Dom_CRYPTO","6.2.22621.900","1","02-Dec-2022","GDR","5021255","December 13, 2022-KB5021255 (OS Build 22621.963)","http://support.microsoft.com/kb/5021255","No LDR Only available","No LDR Only available","No LDR Only available"," ","22-12Rollup"
"Dimsroam.dll","Dom_DIMS","6.2.22621.608","1","02-Dec-2022","GDR","5021255","December 13, 2022-KB5021255 (OS Build 22621.963)","http://support.microsoft.com/kb/5021255","No LDR Only available","No LDR Only available","No LDR Only available"," ","22-12Rollup"
"Dimsjob.dll","Dom_DIMS","6.2.22621.1","1","","RTM","5021255","","","","","","",""
"Adprovider.dll","Dom_DIMS","6.2.22621.608","1","02-Dec-2022","GDR","5021255","December 13, 2022-KB5021255 (OS Build 22621.963)","http://support.microsoft.com/kb/5021255","No LDR Only available","No LDR Only available","No LDR Only available"," ","22-12Rollup"
"Capiprovider.dll","Dom_DIMS","6.2.22621.608","1","02-Dec-2022","GDR","5021255","December 13, 2022-KB5021255 (OS Build 22621.963)","http://support.microsoft.com/kb/5021255","No LDR Only available","No LDR Only available","No LDR Only available"," ","22-12Rollup"
"Cngprovider.dll","Dom_DIMS","6.2.22621.608","1","02-Dec-2022","GDR","5021255","December 13, 2022-KB5021255 (OS Build 22621.963)","http://support.microsoft.com/kb/5021255","No LDR Only available","No LDR Only available","No LDR Only available"," ","22-12Rollup"
"Dpapiprovider.dll","Dom_DIMS","6.2.22621.608","1","02-Dec-2022","GDR","5021255","December 13, 2022-KB5021255 (OS Build 22621.963)","http://support.microsoft.com/kb/5021255","No LDR Only available","No LDR Only available","No LDR Only available"," ","22-12Rollup"
"Wincredprovider.dll","Dom_DIMS","6.2.22621.608","1","02-Dec-2022","GDR","5021255","December 13, 2022-KB5021255 (OS Build 22621.963)","http://support.microsoft.com/kb/5021255","No LDR Only available","No LDR Only available","No LDR Only available"," ","22-12Rollup"
"Gpapi.dll","Dom_GPSVC","6.2.22621.608","1","02-Dec-2022","GDR","5021255","December 13, 2022-KB5021255 (OS Build 22621.963)","http://support.microsoft.com/kb/5021255","No LDR Only available","No LDR Only available","No LDR Only available"," ","22-12Rollup"
"Gpsvc.dll","Dom_GPSVC","6.2.22621.608","1","02-Dec-2022","GDR","5021255","December 13, 2022-KB5021255 (OS Build 22621.963)","http://support.microsoft.com/kb/5021255","No LDR Only available","No LDR Only available","No LDR Only available"," ","22-12Rollup"
"Gpmgmt.dll","Dom_GPSVC","6.2.22621.1","1","","RTM","5021255","","","","","","",""
"Gprsop.dll","Dom_GPSVC","6.2.22621.1","1","","RTM","5021255","","","","","","",""
"Userenv.dll","Dom_GPSVC","6.2.22621.755","1","02-Dec-2022","GDR","5021255","December 13, 2022-KB5021255 (OS Build 22621.963)","http://support.microsoft.com/kb/5021255","No LDR Only available","No LDR Only available","No LDR Only available"," ","22-12Rollup"
"Gpprnext.dll","Dom_GPExt","6.2.22621.1","1","","RTM","5021255","","","","","","",""
"Appmgmts.dll","Dom_GPExt","6.2.22621.755","1","02-Dec-2022","GDR","5021255","December 13, 2022-KB5021255 (OS Build 22621.963)","http://support.microsoft.com/kb/5021255","No LDR Only available","No LDR Only available","No LDR Only available"," ","22-12Rollup"
"Gpprefcl.dll","Dom_GPP","6.2.22621.819","1","02-Dec-2022","GDR","5021255","December 13, 2022-KB5021255 (OS Build 22621.963)","http://support.microsoft.com/kb/5021255","No LDR Only available","No LDR Only available","No LDR Only available"," ","22-12Rollup"
"Gpme.dll","Dom_GPP","6.2.22621.1","1","","RTM","5021255","","","","","","",""
"Gppref.dll","Dom_GPP","6.2.22621.963","1","02-Dec-2022","GDR","5021255","December 13, 2022-KB5021255 (OS Build 22621.963)","http://support.microsoft.com/kb/5021255","No LDR Only available","No LDR Only available","No LDR Only available"," ","22-12Rollup"
"Gpprefbr.dll","Dom_GPP","6.2.22621.674","1","02-Dec-2022","GDR","5021255","December 13, 2022-KB5021255 (OS Build 22621.963)","http://support.microsoft.com/kb/5021255","No LDR Only available","No LDR Only available","No LDR Only available"," ","22-12Rollup"
"Gpprefcn.dll","Dom_GPP","6.2.22621.608","1","02-Dec-2022","GDR","5021255","December 13, 2022-KB5021255 (OS Build 22621.963)","http://support.microsoft.com/kb/5021255","No LDR Only available","No LDR Only available","No LDR Only available"," ","22-12Rollup"
"Gpregistrybrowser.dll","Dom_GPP","6.2.22621.1","1","","RTM","5021255","","","","","","",""
"Propshts.dll","Dom_GPP","6.2.22621.674","1","02-Dec-2022","GDR","5021255","December 13, 2022-KB5021255 (OS Build 22621.963)","http://support.microsoft.com/kb/5021255","No LDR Only available","No LDR Only available","No LDR Only available"," ","22-12Rollup"
"Profprov.dll","Dom_ProfProc","6.2.22621.1","1","","RTM","5021255","","","","","","",""
"Profsvc.dll","Dom_ProfProc","6.2.22621.608","1","02-Dec-2022","GDR","5021255","December 13, 2022-KB5021255 (OS Build 22621.963)","http://support.microsoft.com/kb/5021255","No LDR Only available","No LDR Only available","No LDR Only available"," ","22-12Rollup"
"Fdeploy.dll","Dom_FolderRedir","6.2.22621.1","1","","RTM","5021255","","","","","","",""
"Esent.dll","Dom_ESENT","6.2.22621.755","0","02-Dec-2022","GDR","5021255","December 13, 2022-KB5021255 (OS Build 22621.963)","http://support.microsoft.com/kb/5021255","No LDR Only available","No LDR Only available","No LDR Only available"," ","22-12Rollup"
"Ntdsai.dll","Dom_NTDSAI","6.2.22621.963","0","02-Dec-2022","GDR","5021255","December 13, 2022-KB5021255 (OS Build 22621.963)","http://support.microsoft.com/kb/5021255","No LDR Only available","No LDR Only available","No LDR Only available"," ","22-12Rollup"
"Ntdsutil.exe","Dom_NTDSAI","6.2.22621.608","0","02-Dec-2022","GDR","5021255","December 13, 2022-KB5021255 (OS Build 22621.963)","http://support.microsoft.com/kb/5021255","No LDR Only available","No LDR Only available","No LDR Only available"," ","22-12Rollup"
"Samsrv.dll","Dom_SAMSRV","6.2.22621.963","0","02-Dec-2022","GDR","5021255","December 13, 2022-KB5021255 (OS Build 22621.963)","http://support.microsoft.com/kb/5021255","No LDR Only available","No LDR Only available","No LDR Only available"," ","22-12Rollup"
"Samlib.dll","Dom_SAMSRV","6.2.22621.900","0","02-Dec-2022","GDR","5021255","December 13, 2022-KB5021255 (OS Build 22621.963)","http://support.microsoft.com/kb/5021255","No LDR Only available","No LDR Only available","No LDR Only available"," ","22-12Rollup"
"Kdcsvc.dll","Dom_KDCSVC","6.2.22621.1","0","","RTM","5021255","","","","","","",""
"Dfsrs.exe","Dom_DFS-R","6.2.22621.1","0","","RTM","5021255","","","","","","",""
"Dfsrress.dll","Dom_DFS-R","6.2.22621.1","0","","RTM","5021255","","","","","","",""
"Dfsrro.sys","Dom_DFS-R","6.2.22621.1","0","","RTM","5021255","","","","","","",""
"Microsoft.identityserver.service.dll","Dom_ADFS","6.2.22621.608","0","02-Dec-2022","GDR","5021255","December 13, 2022-KB5021255 (OS Build 22621.963)","http://support.microsoft.com/kb/5021255","No LDR Only available","No LDR Only available","No LDR Only available"," ","22-12Rollup"
"Microsoft.identityserver.webhost.dll","Dom_ADFS","6.2.22621.1","0","","RTM","5021255","","","","","","",""
"Microsoft.identityserver.web.dll","Dom_ADFS","6.2.22621.1","0","","RTM","5021255","","","","","","",""
"Microsoft.identityserver.dll","Dom_ADFS","6.2.22621.1","0","","RTM","5021255","","","","","","",""
"Microsoft.identityserver.proxyservice.exe","Dom_ADFS","6.2.22621.1","0","","RTM","5021255","","","","","","",""
"Clussvc.exe","Cluster_Core","6.2.22621.900","0","02-Dec-2022","GDR","5021255","December 13, 2022-KB5021255 (OS Build 22621.963)","http://support.microsoft.com/kb/5021255","No LDR Only available","No LDR Only available","No LDR Only available"," ","22-12Rollup"
"ClusWMI.dll","Cluster_Core","6.2.22621.608","0","02-Dec-2022","GDR","5021255","December 13, 2022-KB5021255 (OS Build 22621.963)","http://support.microsoft.com/kb/5021255","No LDR Only available","No LDR Only available","No LDR Only available"," ","22-12Rollup"
"Rhs.exe","Cluster_Core","6.2.22621.1","0","","RTM","5021255","","","","","","",""
"Clusres.dll","Cluster_Core","6.2.22621.900","0","02-Dec-2022","GDR","5021255","December 13, 2022-KB5021255 (OS Build 22621.963)","http://support.microsoft.com/kb/5021255","No LDR Only available","No LDR Only available","No LDR Only available"," ","22-12Rollup"
"Clusres2.dll","Cluster_Core","6.2.22621.674","0","02-Dec-2022","GDR","5021255","December 13, 2022-KB5021255 (OS Build 22621.963)","http://support.microsoft.com/kb/5021255","No LDR Only available","No LDR Only available","No LDR Only available"," ","22-12Rollup"
"Netft.sys","Cluster_Core","6.2.22621.608","0","02-Dec-2022","GDR","5021255","December 13, 2022-KB5021255 (OS Build 22621.963)","http://support.microsoft.com/kb/5021255","No LDR Only available","No LDR Only available","No LDR Only available"," ","22-12Rollup"
"Clusauthmgr.dll","Cluster_Core","6.2.22621.1","0","","RTM","5021255","","","","","","",""
"Witness.dll","Cluster_Core","6.2.22621.1","0","","RTM","5021255","","","","","","",""
"Csvflt.sys","Cluster_CSV","6.2.22621.1","0","","RTM","5021255","","","","","","",""
"Csvfs.sys","Cluster_CSV","6.2.22621.608","0","02-Dec-2022","GDR","5021255","December 13, 2022-KB5021255 (OS Build 22621.963)","http://support.microsoft.com/kb/5021255","No LDR Only available","No LDR Only available","No LDR Only available"," ","22-12Rollup"
"Csvfilter.sys","Cluster_CSV","6.2.22621.1","0","","RTM","5021255","","","","","","",""
"Vhdmp.sys","Cluster_CSV","6.2.22621.900","0","02-Dec-2022","GDR","5021255","December 13, 2022-KB5021255 (OS Build 22621.963)","http://support.microsoft.com/kb/5021255","No LDR Only available","No LDR Only available","No LDR Only available"," ","22-12Rollup"
"Svhdxflt.sys","Cluster_CSV","6.2.22621.608","0","02-Dec-2022","GDR","5021255","December 13, 2022-KB5021255 (OS Build 22621.963)","http://support.microsoft.com/kb/5021255","No LDR Only available","No LDR Only available","No LDR Only available"," ","22-12Rollup"
"Clusdisk.sys","Cluster_Disk","6.2.22621.1","0","","RTM","5021255","","","","","","",""
"Volsnap.sys","Cluster_Volsnap","6.2.22621.1","0","","RTM","5021255","","","","","","",""
"Cprepsrv.exe","Cluster_Validation","6.2.22621.608","1","02-Dec-2022","GDR","5021255","December 13, 2022-KB5021255 (OS Build 22621.963)","http://support.microsoft.com/kb/5021255","No LDR Only available","No LDR Only available","No LDR Only available"," ","22-12Rollup"
"Failoverclusters.agent.interop.dll","Cluster_Validation","6.2.22621.608","1","02-Dec-2022","GDR","5021255","December 13, 2022-KB5021255 (OS Build 22621.963)","http://support.microsoft.com/kb/5021255","No LDR Only available","No LDR Only available","No LDR Only available"," ","22-12Rollup"
"Microsoft.failoverclusters.framework.dll","Cluster_Validation","6.2.22621.1","1","","RTM","5021255","","","","","","",""
"Ntoskrnl.exe","Core_Kernel","6.2.22621.963","0","02-Dec-2022","GDR","5021255","December 13, 2022-KB5021255 (OS Build 22621.963)","http://support.microsoft.com/kb/5021255","No LDR Only available","No LDR Only available","No LDR Only available"," ","22-12Rollup"
"Ntkrnlpa.exe","Core_Kernel","6.2.22621.1","0","","RTM","5021255","","","","","","",""
"Crashdmp.sys","Core_Kernel","6.2.22621.608","0","02-Dec-2022","GDR","5021255","December 13, 2022-KB5021255 (OS Build 22621.963)","http://support.microsoft.com/kb/5021255","No LDR Only available","No LDR Only available","No LDR Only available"," ","22-12Rollup"
"Ntdll.dll","Core_Kernel","6.2.22621.900","0","02-Dec-2022","GDR","5021255","December 13, 2022-KB5021255 (OS Build 22621.963)","http://support.microsoft.com/kb/5021255","No LDR Only available","No LDR Only available","No LDR Only available"," ","22-12Rollup"
"Hal.dll","Core_Kernel","6.2.22621.819","0","02-Dec-2022","GDR","5021255","December 13, 2022-KB5021255 (OS Build 22621.963)","http://support.microsoft.com/kb/5021255","No LDR Only available","No LDR Only available","No LDR Only available"," ","22-12Rollup"
"Fltmgr.sys","Core_Kernel","6.2.22621.608","0","02-Dec-2022","GDR","5021255","December 13, 2022-KB5021255 (OS Build 22621.963)","http://support.microsoft.com/kb/5021255","No LDR Only available","No LDR Only available","No LDR Only available"," ","22-12Rollup"
"win32k.sys","Core_Kernel","6.2.22621.963","0","02-Dec-2022","GDR","5021255","December 13, 2022-KB5021255 (OS Build 22621.963)","http://support.microsoft.com/kb/5021255","No LDR Only available","No LDR Only available","No LDR Only available"," ","22-12Rollup"
"Ntfs.sys","Core_FileSystem","6.2.22621.755","0","02-Dec-2022","GDR","5021255","December 13, 2022-KB5021255 (OS Build 22621.963)","http://support.microsoft.com/kb/5021255","No LDR Only available","No LDR Only available","No LDR Only available"," ","22-12Rollup"
"dedup.sys","Core_FileSystem","6.2.22621.1","0","","RTM","5021255","","","","","","",""
"Msiscsi.sys","Core_DiskSystem","6.2.22621.1","0","","RTM","5021255","","","","","","",""
"Iscsitgt.dll","Core_DiskSystem","6.2.22621.1","0","","RTM","5021255","","","","","","",""
"Storport.sys","Core_DiskSystem","6.2.22621.608","0","02-Dec-2022","GDR","5021255","December 13, 2022-KB5021255 (OS Build 22621.963)","http://support.microsoft.com/kb/5021255","No LDR Only available","No LDR Only available","No LDR Only available"," ","22-12Rollup"
"Repdrvfs.dll","Core_WMI","6.2.22621.608","0","02-Dec-2022","GDR","5021255","December 13, 2022-KB5021255 (OS Build 22621.963)","http://support.microsoft.com/kb/5021255","No LDR Only available","No LDR Only available","No LDR Only available"," ","22-12Rollup"
"Mpio.sys","Core_MPIO","6.2.22621.1","0","","RTM","5021255","","","","","","",""
"Msdsm.sys","Core_MPIO","6.2.22621.1","0","","RTM","5021255","","","","","","",""
"Advapi32.dll","Core_Apps","6.2.22621.608","0","02-Dec-2022","GDR","5021255","December 13, 2022-KB5021255 (OS Build 22621.963)","http://support.microsoft.com/kb/5021255","No LDR Only available","No LDR Only available","No LDR Only available"," ","22-12Rollup"
"Vssapi.dll","Core_VSS","6.2.22621.1","1","","RTM","5021255","","","","","","",""
"Vsstrace.dll","Core_VSS","6.2.22621.1","1","","RTM","5021255","","","","","","",""
"vsssvc.exe","Core_VSS","6.2.22621.1","1","","RTM","5021255","","","","","","",""
"Swprv.dll","Core_VSS","6.2.22621.1","1","","RTM","5021255","","","","","","",""
"spp.dll","Core_VSS","6.2.22621.1","1","","RTM","5021255","","","","","","",""
"wbengine.exe","Core_VSS","6.2.22621.1","1","","RTM","5021255","","","","","","",""
"blbsrv.dll","Core_VSS","6.2.22621.1","1","","RTM","5021255","","","","","","",""
"pci.sys","Core_Sys","6.2.22621.900","1","02-Dec-2022","GDR","5021255","December 13, 2022-KB5021255 (OS Build 22621.963)","http://support.microsoft.com/kb/5021255","No LDR Only available","No LDR Only available","No LDR Only available"," ","22-12Rollup"
"Termdd.sys","Core_Sys","6.2.22621.1","1","","RTM","5021255","","","","","","",""
"Volmgr.sys","Core_Sys","6.2.22621.608","1","02-Dec-2022","GDR","5021255","December 13, 2022-KB5021255 (OS Build 22621.963)","http://support.microsoft.com/kb/5021255","No LDR Only available","No LDR Only available","No LDR Only available"," ","22-12Rollup"
"Tzres.dll","Core_TimeZone","6.2.22621.900","1","02-Dec-2022","GDR","5021255","December 13, 2022-KB5021255 (OS Build 22621.963)","http://support.microsoft.com/kb/5021255","No LDR Only available","No LDR Only available","No LDR Only available"," ","22-12Rollup"
"Vmswitch.sys","Hyper-V_Net","6.2.22621.963","1","01-Dec-2022","GDR","5021255","December 13, 2022-KB5021255 (OS Build 22621.963)","http://support.microsoft.com/kb/5021255","No LDR Only available","No LDR Only available","No LDR Only available"," ","22-12Rollup"
"Mslbfoprovider.sys","Hyper-V_Net","6.2.22621.1","1","","RTM","5021255","","","","","","",""
"Wnv.sys","Hyper-V_Net","6.2.22621.1","1","","RTM","5021255","","","","","","",""
"Vmsntfy.dll","Hyper-V_Net","6.2.22621.1","1","","RTM","5021255","","","","","","",""
"Ndisimplatform.sys","Hyper-V_Net","6.2.22621.608","1","02-Dec-2022","GDR","5021255","December 13, 2022-KB5021255 (OS Build 22621.963)","http://support.microsoft.com/kb/5021255","No LDR Only available","No LDR Only available","No LDR Only available"," ","22-12Rollup"
"Vmms.exe","Hyper-V_Net","6.2.22621.963","1","02-Dec-2022","GDR","5021255","December 13, 2022-KB5021255 (OS Build 22621.963)","http://support.microsoft.com/kb/5021255","No LDR Only available","No LDR Only available","No LDR Only available"," ","22-12Rollup"
"Winnat.sys","Hyper-V_Net","6.2.22621.608","1","02-Dec-2022","GDR","5021255","December 13, 2022-KB5021255 (OS Build 22621.963)","http://support.microsoft.com/kb/5021255","No LDR Only available","No LDR Only available","No LDR Only available"," ","22-12Rollup"
"pvhdparser.sys","Hyper-V_Net","6.2.22621.1","1","","RTM","5021255","","","","","","",""
"Wmisvc.dll","Hyper-V_Net","6.2.22621.1","1","","RTM","5021255","","","","","","",""
"Vmbus.sys","Hyper-V_Net","6.2.22621.900","1","02-Dec-2022","GDR","5021255","December 13, 2022-KB5021255 (OS Build 22621.963)","http://support.microsoft.com/kb/5021255","No LDR Only available","No LDR Only available","No LDR Only available"," ","22-12Rollup"
"Rasapi32.dll","HNV_Net","6.2.22621.608","1","02-Dec-2022","GDR","5021255","December 13, 2022-KB5021255 (OS Build 22621.963)","http://support.microsoft.com/kb/5021255","No LDR Only available","No LDR Only available","No LDR Only available"," ","22-12Rollup"
"Mprapi.dll","HNV_Net","6.2.22621.1","1","","RTM","5021255","","","","","","",""
"Vmwp.exe","Hyper-V_app","6.2.22621.900","1","02-Dec-2022","GDR","5021255","December 13, 2022-KB5021255 (OS Build 22621.963)","http://support.microsoft.com/kb/5021255","No LDR Only available","No LDR Only available","No LDR Only available"," ","22-12Rollup"
"Rdpshell.exe","RDS_remote_App","6.2.22621.755","0","02-Dec-2022","GDR","5021255","December 13, 2022-KB5021255 (OS Build 22621.963)","http://support.microsoft.com/kb/5021255","No LDR Only available","No LDR Only available","No LDR Only available"," ","22-12Rollup"
"Rdsdwmdr.dll","RDS_remote_App","6.2.22621.608","0","02-Dec-2022","GDR","5021255","December 13, 2022-KB5021255 (OS Build 22621.963)","http://support.microsoft.com/kb/5021255","No LDR Only available","No LDR Only available","No LDR Only available"," ","22-12Rollup"
"Tscfgwmi.dll","RDS_remote_App","6.2.22621.1","0","","RTM","5021255","","","","","","",""
"Audioeng.dll","RDS_devRdr","6.2.22621.755","1","08-Nov-2022","GDR","5021255","December 13, 2022-KB5021255 (OS Build 22621.963)","http://support.microsoft.com/kb/5021255","No LDR Only available","No LDR Only available","No LDR Only available","rEX","22-12Rollup"
"Audiokse.dll","RDS_devRdr","6.2.22621.755","1","08-Nov-2022","GDR","5021255","December 13, 2022-KB5021255 (OS Build 22621.963)","http://support.microsoft.com/kb/5021255","No LDR Only available","No LDR Only available","No LDR Only available","rEX","22-12Rollup"
"Audioses.dll","RDS_devRdr","6.2.22621.900","1","02-Dec-2022","GDR","5021255","December 13, 2022-KB5021255 (OS Build 22621.963)","http://support.microsoft.com/kb/5021255","No LDR Only available","No LDR Only available","No LDR Only available"," ","22-12Rollup"
"Audiosrv.dll","RDS_devRdr","6.2.22621.755","1","02-Dec-2022","GDR","5021255","December 13, 2022-KB5021255 (OS Build 22621.963)","http://support.microsoft.com/kb/5021255","No LDR Only available","No LDR Only available","No LDR Only available"," ","22-12Rollup"
"Wsepno.dll","RDS_msTsc","7.0.22621.608","1","02-Dec-2022","GDR","5021255","December 13, 2022-KB5021255 (OS Build 22621.963)","http://support.microsoft.com/kb/5021255","No LDR Only available","No LDR Only available","No LDR Only available"," ","22-12Rollup"
"Xpsgdiconverter.dll","RDS_msTsc","6.2.22621.1","1","","RTM","5021255","","","","","","",""
"Vmrdvcore.dll","RDS_vHost","6.2.22621.1","0","","RTM","5021255","","","","","","",""
"Tsvmhasvc.dll","RDS_vHost","6.2.22621.1","0","","RTM","5021255","","","","","","",""
"Tssdis.exe","RDS_vHost","6.2.22621.1","0","","RTM","5021255","","","","","","",""
"aaedge.dll","RDS_gateway","6.2.22621.1","1","","RTM","5021255","","","","","","",""
"lserver.dll","RDS_license","6.2.22621.1","1","","RTM","5021255","","","","","","",""
"licmgr.exe","RDS_license","6.2.22621.1","1","","RTM","5021255","","","","","","",""
"dxgkrnl.sys","RDS_host","6.2.22621.963","1","01-Dec-2022","GDR","5021255","December 13, 2022-KB5021255 (OS Build 22621.963)","http://support.microsoft.com/kb/5021255","No LDR Only available","No LDR Only available","No LDR Only available"," ","22-12Rollup"
"sessenv.dll","RDS_host","6.2.22621.608","1","02-Dec-2022","GDR","5021255","December 13, 2022-KB5021255 (OS Build 22621.963)","http://support.microsoft.com/kb/5021255","No LDR Only available","No LDR Only available","No LDR Only available"," ","22-12Rollup"
"Localspl.dll","Print_Spool","6.2.22621.900","0","02-Dec-2022","GDR","5021255","December 13, 2022-KB5021255 (OS Build 22621.963)","http://support.microsoft.com/kb/5021255","No LDR Only available","No LDR Only available","No LDR Only available"," ","22-12Rollup"
"Win32spl.dll","Print_Spool","6.2.22621.674","0","08-Nov-2022","GDR","5021255","December 13, 2022-KB5021255 (OS Build 22621.963)","http://support.microsoft.com/kb/5021255","No LDR Only available","No LDR Only available","No LDR Only available","rEX","22-12Rollup"
"Spoolss.dll","Print_Spool","6.2.22621.608","0","02-Dec-2022","GDR","5021255","December 13, 2022-KB5021255 (OS Build 22621.963)","http://support.microsoft.com/kb/5021255","No LDR Only available","No LDR Only available","No LDR Only available"," ","22-12Rollup"
"Spoolsv.exe","Print_Spool","6.2.22621.900","0","02-Dec-2022","GDR","5021255","December 13, 2022-KB5021255 (OS Build 22621.963)","http://support.microsoft.com/kb/5021255","No LDR Only available","No LDR Only available","No LDR Only available"," ","22-12Rollup"
"Winspool.drv","Print_Spool","6.2.22621.900","0","02-Dec-2022","GDR","5021255","December 13, 2022-KB5021255 (OS Build 22621.963)","http://support.microsoft.com/kb/5021255","No LDR Only available","No LDR Only available","No LDR Only available"," ","22-12Rollup"
"Ntprint.exe","Print_App","6.2.22621.608","0","02-Dec-2022","GDR","5021255","December 13, 2022-KB5021255 (OS Build 22621.963)","http://support.microsoft.com/kb/5021255","No LDR Only available","No LDR Only available","No LDR Only available"," ","22-12Rollup"
"Printui.dll","Print_App","6.2.22621.608","0","02-Dec-2022","GDR","5021255","December 13, 2022-KB5021255 (OS Build 22621.963)","http://support.microsoft.com/kb/5021255","No LDR Only available","No LDR Only available","No LDR Only available"," ","22-12Rollup"
"Printcom.dll","Print_App","6.2.22621.1","0","","RTM","5021255","","","","","","",""
"Printfilterpipelineprxy.dll","Print_App","6.2.22621.608","0","02-Dec-2022","GDR","5021255","December 13, 2022-KB5021255 (OS Build 22621.963)","http://support.microsoft.com/kb/5021255","No LDR Only available","No LDR Only available","No LDR Only available"," ","22-12Rollup"
"Printfilterpipelinesvc.exe","Print_App","6.2.22621.608","0","02-Dec-2022","GDR","5021255","December 13, 2022-KB5021255 (OS Build 22621.963)","http://support.microsoft.com/kb/5021255","No LDR Only available","No LDR Only available","No LDR Only available"," ","22-12Rollup"
"Printbrm.exe","Print_App","6.2.22621.1","0","","RTM","5021255","","","","","","",""
"splwow64.exe","Print_App","6.2.22621.900","0","02-Dec-2022","GDR","5021255","December 13, 2022-KB5021255 (OS Build 22621.963)","http://support.microsoft.com/kb/5021255","No LDR Only available","No LDR Only available","No LDR Only available"," ","22-12Rollup"
"Mxdwdrv.dll","Print_Driver","6.2.22621.1","1","","RTM","5021255","","","","","","",""
"Pcl4res.dll","Print_Driver","6.2.22621.1","1","","RTM","5021255","","","","","","",""
"Pscript5.dll","Print_Driver","6.2.22621.1","1","","RTM","5021255","","","","","","",""
"Unidrv.dll","Print_Driver","6.2.22621.1","1","","RTM","5021255","","","","","","",""
"Unires.dll","Print_Driver","6.2.22621.1","1","","RTM","5021255","","","","","","",""
"Xpssvcs.dll","Print_Driver","6.2.22621.1","1","","RTM","5021255","","","","","","",""
"Mshtml.dll","IE_Client","11.0.22621.963","0","02-Dec-2022","GDR","5021255","December 13, 2022-KB5021255 (OS Build 22621.963)","http://support.microsoft.com/kb/5021255","No LDR Only available","No LDR Only available","No LDR Only available"," ","22-12Rollup"
