"Binary","Component","Version","Prio","Published","Branch","Article","Title","Link","LDROnlyKB","LDROnlyTitle","LDROnlyLink","Comment","RollupInfo"
"Ntoskrnl.exe","Core_Kernel","6.2.19041.2965","0","09-May-2023","GDR","5026435","May 23, 2023-KB5026435 (OS Build 19045.3031) Preview","http://support.microsoft.com/kb/5026435","No LDR Only available","No LDR Only available","No LDR Only available","rEX","23-05Rollup"
"Ntkrnlpa.exe","Core_Kernel","6.2.19041.1","0","","RTM","5026435","","","","","","",""
"Crashdmp.sys","Core_Kernel","6.2.19041.1949","0","17-May-2023","GDR","5026435","May 23, 2023-KB5026435 (OS Build 19045.3031) Preview","http://support.microsoft.com/kb/5026435","No LDR Only available","No LDR Only available","No LDR Only available"," ","23-05Rollup"
"win32k.sys","Core_Kernel","6.2.19041.3031","0","17-May-2023","GDR","5026435","May 23, 2023-KB5026435 (OS Build 19045.3031) Preview","http://support.microsoft.com/kb/5026435","No LDR Only available","No LDR Only available","No LDR Only available"," ","23-05Rollup"
"Rdpshell.exe","RDS_remote_App","6.2.19041.1682","0","17-May-2023","GDR","5026435","May 23, 2023-KB5026435 (OS Build 19045.3031) Preview","http://support.microsoft.com/kb/5026435","No LDR Only available","No LDR Only available","No LDR Only available"," ","23-05Rollup"
"Rdsdwmdr.dll","RDS_remote_App","6.2.19041.2913","0","17-May-2023","GDR","5026435","May 23, 2023-KB5026435 (OS Build 19045.3031) Preview","http://support.microsoft.com/kb/5026435","No LDR Only available","No LDR Only available","No LDR Only available"," ","23-05Rollup"
"Tscfgwmi.dll","RDS_remote_App","6.2.19041.964","0","17-May-2023","GDR","5026435","May 23, 2023-KB5026435 (OS Build 19045.3031) Preview","http://support.microsoft.com/kb/5026435","No LDR Only available","No LDR Only available","No LDR Only available"," ","23-05Rollup"
"Audioeng.dll","RDS_devRdr","6.2.19041.1865","1","13-Sep-2022","GDR","5026435","May 23, 2023-KB5026435 (OS Build 19045.3031) Preview","http://support.microsoft.com/kb/5026435","No LDR Only available","No LDR Only available","No LDR Only available","rEX","23-05Rollup"
"Audiokse.dll","RDS_devRdr","6.2.19041.1865","1","09-Aug-2022","GDR","5026435","May 23, 2023-KB5026435 (OS Build 19045.3031) Preview","http://support.microsoft.com/kb/5026435","No LDR Only available","No LDR Only available","No LDR Only available","rEX","23-05Rollup"
"Audioses.dll","RDS_devRdr","6.2.19041.2364","1","13-Dec-2022","GDR","5026435","May 23, 2023-KB5026435 (OS Build 19045.3031) Preview","http://support.microsoft.com/kb/5026435","No LDR Only available","No LDR Only available","No LDR Only available","rEX","23-05Rollup"
"Audiosrv.dll","RDS_devRdr","6.2.19041.1865","1","17-May-2023","GDR","5026435","May 23, 2023-KB5026435 (OS Build 19045.3031) Preview","http://support.microsoft.com/kb/5026435","No LDR Only available","No LDR Only available","No LDR Only available"," ","23-05Rollup"
"Wsepno.dll","RDS_msTsc","7.0.19041.1","1","13-Sep-2022","GDR","5026435","May 23, 2023-KB5026435 (OS Build 19045.3031) Preview","http://support.microsoft.com/kb/5026435","No LDR Only available","No LDR Only available","No LDR Only available","rEX","23-05Rollup"
"Xpsgdiconverter.dll","RDS_msTsc","6.2.19041.1806","1","17-May-2023","GDR","5026435","May 23, 2023-KB5026435 (OS Build 19045.3031) Preview","http://support.microsoft.com/kb/5026435","No LDR Only available","No LDR Only available","No LDR Only available"," ","23-05Rollup"
"Vmrdvcore.dll","RDS_vHost","6.2.19041.964","0","17-May-2023","GDR","5026435","May 23, 2023-KB5026435 (OS Build 19045.3031) Preview","http://support.microsoft.com/kb/5026435","No LDR Only available","No LDR Only available","No LDR Only available"," ","23-05Rollup"
"Tsvmhasvc.dll","RDS_vHost","6.2.19041.1","0","","RTM","5026435","","","","","","",""
"Tssdis.exe","RDS_vHost","6.2.19041.1","0","","RTM","5026435","","","","","","",""
"aaedge.dll","RDS_gateway","6.2.19041.1","1","","RTM","5026435","","","","","","",""
"lserver.dll","RDS_license","6.2.19041.1","1","","RTM","5026435","","","","","","",""
"licmgr.exe","RDS_license","6.2.19041.1","1","","RTM","5026435","","","","","","",""
"dxgkrnl.sys","RDS_host","6.2.19041.3031","1","17-May-2023","GDR","5026435","May 23, 2023-KB5026435 (OS Build 19045.3031) Preview","http://support.microsoft.com/kb/5026435","No LDR Only available","No LDR Only available","No LDR Only available"," ","23-05Rollup"
"sessenv.dll","RDS_host","6.2.19041.2075","1","17-May-2023","GDR","5026435","May 23, 2023-KB5026435 (OS Build 19045.3031) Preview","http://support.microsoft.com/kb/5026435","No LDR Only available","No LDR Only available","No LDR Only available"," ","23-05Rollup"
"Profprov.dll","Dom_ProfProc","6.2.19041.1","1","","RTM","5026435","","","","","","",""
"Profsvc.dll","Dom_ProfProc","6.2.19041.2913","1","17-May-2023","GDR","5026435","May 23, 2023-KB5026435 (OS Build 19045.3031) Preview","http://support.microsoft.com/kb/5026435","No LDR Only available","No LDR Only available","No LDR Only available"," ","23-05Rollup"
"5026435","Win201622H2_23-05_D_rollup_KB"," ","0","24-May-2023","GDR","5026435","May 23, 2023-KB5026435 (OS Build 19045.3031) Preview","http://support.microsoft.com/kb/5026435","No LDR Only available","No LDR Only available","No LDR Only available"," ","23-05Rollup"
