"Binary","Component","Version","Prio","Published","Branch","Article","Title","Link","LDROnlyKB","LDROnlyTitle","LDROnlyLink","Comment","RollupInfo"
"Ntoskrnl.exe","Core_Kernel","6.2.17763.4377","0","26-Apr-2023","GDR","5026362","May 9, 2023-KB5026362 (OS Build 17763.4377)","http://support.microsoft.com/kb/5026362","No LDR Only available","No LDR Only available","No LDR Only available"," ","23-05Rollup"
"Ntkrnlpa.exe","Core_Kernel","6.2.17763.1","0","","RTM","5026362","","","","","","",""
"Crashdmp.sys","Core_Kernel","6.2.17763.2989","0","14-May-2022","GDR","5026362","May 9, 2023-KB5026362 (OS Build 17763.4377)","http://support.microsoft.com/kb/5026362","No LDR Only available","No LDR Only available","No LDR Only available"," ","23-05Rollup"
"win32k.sys","Core_Kernel","6.2.17763.557","0","17-Oct-2022","GDR","5026362","May 9, 2023-KB5026362 (OS Build 17763.4377)","http://support.microsoft.com/kb/5026362","No LDR Only available","No LDR Only available","No LDR Only available","rEX","23-05Rollup"
"Rdpshell.exe","RDS_remote_App","6.2.17763.2989","0","14-May-2022","GDR","5026362","May 9, 2023-KB5026362 (OS Build 17763.4377)","http://support.microsoft.com/kb/5026362","No LDR Only available","No LDR Only available","No LDR Only available"," ","23-05Rollup"
"Rdsdwmdr.dll","RDS_remote_App","6.2.17763.4252","0","30-Mar-2023","GDR","5026362","May 9, 2023-KB5026362 (OS Build 17763.4377)","http://support.microsoft.com/kb/5026362","No LDR Only available","No LDR Only available","No LDR Only available"," ","23-05Rollup"
"Tscfgwmi.dll","RDS_remote_App","6.2.17763.1075","0","21-Feb-2020","GDR","5026362","May 9, 2023-KB5026362 (OS Build 17763.4377)","http://support.microsoft.com/kb/5026362","No LDR Only available","No LDR Only available","No LDR Only available"," ","23-05Rollup"
"Audioeng.dll","RDS_devRdr","6.2.17763.3770","1","10-Dec-2022","GDR","5026362","May 9, 2023-KB5026362 (OS Build 17763.4377)","http://support.microsoft.com/kb/5026362","No LDR Only available","No LDR Only available","No LDR Only available"," ","23-05Rollup"
"Audiokse.dll","RDS_devRdr","6.2.17763.3770","1","10-Dec-2022","GDR","5026362","May 9, 2023-KB5026362 (OS Build 17763.4377)","http://support.microsoft.com/kb/5026362","No LDR Only available","No LDR Only available","No LDR Only available"," ","23-05Rollup"
"Audioses.dll","RDS_devRdr","6.2.17763.3770","1","10-Dec-2022","GDR","5026362","May 9, 2023-KB5026362 (OS Build 17763.4377)","http://support.microsoft.com/kb/5026362","No LDR Only available","No LDR Only available","No LDR Only available"," ","23-05Rollup"
"Audiosrv.dll","RDS_devRdr","6.2.17763.2989","1","14-May-2022","GDR","5026362","May 9, 2023-KB5026362 (OS Build 17763.4377)","http://support.microsoft.com/kb/5026362","No LDR Only available","No LDR Only available","No LDR Only available"," ","23-05Rollup"
"Wsepno.dll","RDS_msTsc","7.0.17763.1","1","13-Sep-2022","GDR","5026362","May 9, 2023-KB5026362 (OS Build 17763.4377)","http://support.microsoft.com/kb/5026362","No LDR Only available","No LDR Only available","No LDR Only available","rEX","23-05Rollup"
"Xpsgdiconverter.dll","RDS_msTsc","6.2.17763.1","1","","RTM","5026362","","","","","","",""
"Vmrdvcore.dll","RDS_vHost","6.2.17763.1","0","","RTM","5026362","","","","","","",""
"Tsvmhasvc.dll","RDS_vHost","6.2.17763.973","0","03-Jan-2020","GDR","5026362","May 9, 2023-KB5026362 (OS Build 17763.4377)","http://support.microsoft.com/kb/5026362","No LDR Only available","No LDR Only available","No LDR Only available"," ","23-05Rollup"
"Tssdis.exe","RDS_vHost","6.2.17763.1790","0","09-Feb-2021","GDR","5026362","May 9, 2023-KB5026362 (OS Build 17763.4377)","http://support.microsoft.com/kb/5026362","No LDR Only available","No LDR Only available","No LDR Only available"," ","23-05Rollup"
"aaedge.dll","RDS_gateway","6.2.17763.3469","1","09-Sep-2022","GDR","5026362","May 9, 2023-KB5026362 (OS Build 17763.4377)","http://support.microsoft.com/kb/5026362","No LDR Only available","No LDR Only available","No LDR Only available"," ","23-05Rollup"
"lserver.dll","RDS_license","6.2.17763.1697","1","07-Jan-2021","GDR","5026362","May 9, 2023-KB5026362 (OS Build 17763.4377)","http://support.microsoft.com/kb/5026362","No LDR Only available","No LDR Only available","No LDR Only available"," ","23-05Rollup"
"licmgr.exe","RDS_license","6.2.17763.1","1","","RTM","5026362","","","","","","",""
"dxgkrnl.sys","RDS_host","6.2.17763.2452","1","05-Jan-2022","GDR","5026362","May 9, 2023-KB5026362 (OS Build 17763.4377)","http://support.microsoft.com/kb/5026362","No LDR Only available","No LDR Only available","No LDR Only available"," ","23-05Rollup"
"sessenv.dll","RDS_host","6.2.17763.2989","1","14-May-2022","GDR","5026362","May 9, 2023-KB5026362 (OS Build 17763.4377)","http://support.microsoft.com/kb/5026362","No LDR Only available","No LDR Only available","No LDR Only available"," ","23-05Rollup"
"Profprov.dll","Dom_ProfProc","6.2.17763.1","1","","RTM","5026362","","","","","","",""
"Profsvc.dll","Dom_ProfProc","6.2.17763.4252","1","11-Apr-2023","GDR","5026362","May 9, 2023-KB5026362 (OS Build 17763.4377)","http://support.microsoft.com/kb/5026362","No LDR Only available","No LDR Only available","No LDR Only available","rEX","23-05Rollup"
"5005112","Win2016RS5_21_08_SSU_KB"," ","0","08-Jun-2021","GDR","5005112","KB5005112: Servicing stack update for Windows 10, version 1809: August 10, 2021","http://support.microsoft.com/kb/5005112","No LDR Only available","No LDR Only available","No LDR Only available"," ","No Rollup"
"5026362","Win2016RS5_23-05_B_rollup_KB"," ","0","09-May-2023","GDR","5026362","May 9, 2023-KB5026362 (OS Build 17763.4377)","http://support.microsoft.com/kb/5026362","No LDR Only available","No LDR Only available","No LDR Only available"," ","23-05Rollup"
