"Binary","Component","Version","Prio","Published","Branch","Article","Title","Link","LDROnlyKB","LDROnlyTitle","LDROnlyLink","Comment","RollupInfo"
"robocopy.exe","Net_Applications","6.3.9600.17415","1","18.11.2014","GDR","3000850 (v1.8)","November 2014 update rollup for Windows RT 8.1, Windows 8.1, and Windows Server 2012 R","http://support.microsoft.com/kb/3000850","No LDR Only available","No LDR Only available","No LDR Only available"," ","14-11Rollup"
"srv.sys","Net_SMB_Server","6.3.9600.20625","0","11-Oct-2022","GDR","5022899","February 14, 2023-KB5022899 (Monthly Rollup)","http://support.microsoft.com/kb/5022899","No LDR Only available","No LDR Only available","No LDR Only available","rEX","23-02Rollup"
"srv2.sys","Net_SMB_Server","6.3.9600.20625","0","11-Oct-2022","GDR","5022899","February 14, 2023-KB5022899 (Monthly Rollup)","http://support.microsoft.com/kb/5022899","No LDR Only available","No LDR Only available","No LDR Only available","rEX","23-02Rollup"
"srvnet.sys","Net_SMB_Server","6.3.9600.20625","0","11-Oct-2022","GDR","5022899","February 14, 2023-KB5022899 (Monthly Rollup)","http://support.microsoft.com/kb/5022899","No LDR Only available","No LDR Only available","No LDR Only available","rEX","23-02Rollup"
"Srvsvc.dll","Net_SMB_Server","6.3.9600.20625","0","11-Oct-2022","GDR","5022899","February 14, 2023-KB5022899 (Monthly Rollup)","http://support.microsoft.com/kb/5022899","No LDR Only available","No LDR Only available","No LDR Only available","rEX","23-02Rollup"
"Mrxsmb.sys","Net_SMB_Client","6.3.9600.20517","0","25-Jul-2022","GDR","5022899","February 14, 2023-KB5022899 (Monthly Rollup)","http://support.microsoft.com/kb/5022899","No LDR Only available","No LDR Only available","No LDR Only available"," ","23-02Rollup"
"Mrxsmb10.sys","Net_SMB_Client","6.3.9600.20517","0","25-Jul-2022","GDR","5022899","February 14, 2023-KB5022899 (Monthly Rollup)","http://support.microsoft.com/kb/5022899","No LDR Only available","No LDR Only available","No LDR Only available"," ","23-02Rollup"
"Mrxsmb20.sys","Net_SMB_Client","6.3.9600.20517","0","25-Jul-2022","GDR","5022899","February 14, 2023-KB5022899 (Monthly Rollup)","http://support.microsoft.com/kb/5022899","No LDR Only available","No LDR Only available","No LDR Only available"," ","23-02Rollup"
"Rdbss.sys","Net_SMB_Client","6.3.9600.20107","0","05-Aug-2021","GDR","5022899","February 14, 2023-KB5022899 (Monthly Rollup)","http://support.microsoft.com/kb/5022899","No LDR Only available","No LDR Only available","No LDR Only available"," ","23-02Rollup"
"Netbt.sys","Net_SMB_Client","6.3.9600.19843","0","14-Sep-2020","GDR","5022899","February 14, 2023-KB5022899 (Monthly Rollup)","http://support.microsoft.com/kb/5022899","No LDR Only available","No LDR Only available","No LDR Only available"," ","23-02Rollup"
"mup.sys","Net_SMB_Client","6.3.9600.18298","0","06.04.2016","GDR","3172614","July 2016 update rollup for Windows RT 8.1, Windows 8.1, and Windows Server 2012 R2","http://support.microsoft.com/kb/3172614","No LDR Only available","No LDR Only available","No LDR Only available","rEX","16-07Rollup"
"wkssvc.dll","Net_SMB_Client","6.3.9600.20625","0","11-Oct-2022","GDR","5022899","February 14, 2023-KB5022899 (Monthly Rollup)","http://support.microsoft.com/kb/5022899","No LDR Only available","No LDR Only available","No LDR Only available","rEX","23-02Rollup"
"Mpr.dll","Net_SMB_Client","6.3.9600.17415","0","10-Aug-2020","GDR","5022899","February 14, 2023-KB5022899 (Monthly Rollup)","http://support.microsoft.com/kb/5022899","No LDR Only available","No LDR Only available","No LDR Only available","rEX","23-02Rollup"
"NtLanman.dll","Net_SMB_Client","6.3.9600.17415","0","10-Aug-2020","GDR","5022899","February 14, 2023-KB5022899 (Monthly Rollup)","http://support.microsoft.com/kb/5022899","No LDR Only available","No LDR Only available","No LDR Only available","rEX","23-02Rollup"
"Tcpip.sys","Net_Protocol","6.3.9600.20625","0","11-Oct-2022","GDR","5022899","February 14, 2023-KB5022899 (Monthly Rollup)","http://support.microsoft.com/kb/5022899","No LDR Only available","No LDR Only available","No LDR Only available","rEX","23-02Rollup"
"Afd.sys","Net_Protocol","6.3.9600.20383","0","28-Apr-2022","GDR","5022899","February 14, 2023-KB5022899 (Monthly Rollup)","http://support.microsoft.com/kb/5022899","No LDR Only available","No LDR Only available","No LDR Only available"," ","23-02Rollup"
"Netio.sys","Net_Protocol","6.3.9600.19535","0","09-Oct-2019","GDR","5022899","February 14, 2023-KB5022899 (Monthly Rollup)","http://support.microsoft.com/kb/5022899","No LDR Only available","No LDR Only available","No LDR Only available"," ","23-02Rollup"
"Ndis.sys","Net_Protocol","6.3.9600.19864","0","08-Oct-2020","GDR","5022899","February 14, 2023-KB5022899 (Monthly Rollup)","http://support.microsoft.com/kb/5022899","No LDR Only available","No LDR Only available","No LDR Only available"," ","23-02Rollup"
"netiohlp.dll","Net_Protocol","6.3.9600.18202","0","19.01.2016","GDR","3123245 (v1.0)","Update improves port exhaustion identification in Windows Server 2012 R2","http://support.microsoft.com/kb/3123245","No LDR Only available","No LDR Only available","No LDR Only available"," ","No Rollup"
"Tdx.sys","Net_Protocol","6.3.9600.20108","0","06-Aug-2021","GDR","5022899","February 14, 2023-KB5022899 (Monthly Rollup)","http://support.microsoft.com/kb/5022899","No LDR Only available","No LDR Only available","No LDR Only available"," ","23-02Rollup"
"Iphlpapi.dll","Net_Protocol","6.3.9600.20563","0","07-Aug-2022","GDR","5022899","February 14, 2023-KB5022899 (Monthly Rollup)","http://support.microsoft.com/kb/5022899","No LDR Only available","No LDR Only available","No LDR Only available"," ","23-02Rollup"
"tunnel.sys","Net_IPv6","6.3.9600.18048","1","05.09.2015","GDR","3078405 (v2.0)","""0x0000004A"" or ""0x0000009F"" Stop error occurs in Windows 8.1","http://support.microsoft.com/kb/3078405","No LDR Only available","No LDR Only available","No LDR Only available"," ","No Rollup"
"Dhcpcore6.dll","Net_IPv6","6.3.9600.20619","1","11-Oct-2022","GDR","5022899","February 14, 2023-KB5022899 (Monthly Rollup)","http://support.microsoft.com/kb/5022899","No LDR Only available","No LDR Only available","No LDR Only available","rEX","23-02Rollup"
"Dhcpcsvc6.dll","Net_IPv6","6.3.9600.20619","1","11-Oct-2022","GDR","5022899","February 14, 2023-KB5022899 (Monthly Rollup)","http://support.microsoft.com/kb/5022899","No LDR Only available","No LDR Only available","No LDR Only available","rEX","23-02Rollup"
"Nlasvc.dll","Net_NLA","6.3.9600.19753","0","12-Jun-2020","GDR","5022899","February 14, 2023-KB5022899 (Monthly Rollup)","http://support.microsoft.com/kb/5022899","No LDR Only available","No LDR Only available","No LDR Only available"," ","23-02Rollup"
"Ncsi.dll","Net_NLA","6.3.9600.19753","0","09-Aug-2022","GDR","5022899","February 14, 2023-KB5022899 (Monthly Rollup)","http://support.microsoft.com/kb/5022899","No LDR Only available","No LDR Only available","No LDR Only available","rEX","23-02Rollup"
"Nlaapi.dll","Net_NLA","6.3.9600.18895","0","01-Jan-2018","GDR","5022899","February 14, 2023-KB5022899 (Monthly Rollup)","http://support.microsoft.com/kb/5022899","No LDR Only available","No LDR Only available","No LDR Only available"," ","23-02Rollup"
"Dns.exe","Net_DNS_Srv","6.3.9600.20563","0","13-Sep-2022","GDR","5022899","February 14, 2023-KB5022899 (Monthly Rollup)","http://support.microsoft.com/kb/5022899","No LDR Only available","No LDR Only available","No LDR Only available","rEX","23-02Rollup"
"Dhcpssvc.dll","Net_DHCP_Srv","6.3.9600.19436","0","13-Jul-2019","GDR","5022899","February 14, 2023-KB5022899 (Monthly Rollup)","http://support.microsoft.com/kb/5022899","No LDR Only available","No LDR Only available","No LDR Only available"," ","23-02Rollup"
"dfssvc.exe","Net_DFS-N_Srv","6.3.9600.17722","0","07.03.2015","GDR","3046481 (v1.0)","DFS Namespaces deployment causes slow access or access time-out when you access DFS share in Windows Server 2012 R2","http://support.microsoft.com/kb/3046481","No LDR Only available","No LDR Only available","No LDR Only available"," ","No Rollup"
"Nfssvc.exe","Net_NFS_Srv","6.3.9600.18751","0","29-Jun-2017","GDR","5022899","February 14, 2023-KB5022899 (Monthly Rollup)","http://support.microsoft.com/kb/5022899","No LDR Only available","No LDR Only available","No LDR Only available"," ","23-02Rollup"
"Nfssvr.sys","Net_NFS_Srv","6.3.9600.20473","0","15-Jun-2022","GDR","5022899","February 14, 2023-KB5022899 (Monthly Rollup)","http://support.microsoft.com/kb/5022899","No LDR Only available","No LDR Only available","No LDR Only available"," ","23-02Rollup"
"Msnfsflt.sys","Net_NFS_Srv","6.3.9600.18336","0","09-May-2016","GDR","5022899","February 14, 2023-KB5022899 (Monthly Rollup)","http://support.microsoft.com/kb/5022899","No LDR Only available","No LDR Only available","No LDR Only available"," ","23-02Rollup"
"portmap.sys","Net_NFS_Srv","6.3.9600.20564","0","09-Aug-2022","GDR","5022899","February 14, 2023-KB5022899 (Monthly Rollup)","http://support.microsoft.com/kb/5022899","No LDR Only available","No LDR Only available","No LDR Only available"," ","23-02Rollup"
"rpcxdr.sys","Net_NFS_Srv","6.3.9600.20472","0","13-Jun-2022","GDR","5022899","February 14, 2023-KB5022899 (Monthly Rollup)","http://support.microsoft.com/kb/5022899","No LDR Only available","No LDR Only available","No LDR Only available"," ","23-02Rollup"
"Nlb.sys","Net_NLB_Srv","6.3.9600.18183","0","28-Dec-2015","GDR","5022899","February 14, 2023-KB5022899 (Monthly Rollup)","http://support.microsoft.com/kb/5022899","No LDR Only available","No LDR Only available","No LDR Only available"," ","23-02Rollup"
"Csc.sys","Net_CSC_Offline","6.3.9600.19087","1","27-Jun-2018","GDR","5022899","February 14, 2023-KB5022899 (Monthly Rollup)","http://support.microsoft.com/kb/5022899","No LDR Only available","No LDR Only available","No LDR Only available"," ","23-02Rollup"
"cscapi.dll","Net_CSC_Offline","6.3.9600.17927","1","09.07.2015","GDR","3078627 (v1.0)","Offline Files network shares might not be available in Windows 8.1","http://support.microsoft.com/kb/3078627","No LDR Only available","No LDR Only available","No LDR Only available"," ","No Rollup"
"cscdll.dll","Net_CSC_Offline","6.3.9600.17415","1","09.07.2015","GDR","3078627 (v1.7)","November 2014 update rollup for Windows RT 8.1, Windows 8.1, and Windows Server 2012 R","http://support.microsoft.com/kb/3078627","No LDR Only available","No LDR Only available","No LDR Only available"," ","No Rollup"
"Cscsvc.dll","Net_CSC_Offline","6.3.9600.20016","1","14-Apr-2021","GDR","5022899","February 14, 2023-KB5022899 (Monthly Rollup)","http://support.microsoft.com/kb/5022899","No LDR Only available","No LDR Only available","No LDR Only available"," ","23-02Rollup"
"Cscmig.dll","Net_CSC_Offline","6.3.9600.19087","1","10-Jan-2023","GDR","5022899","February 14, 2023-KB5022899 (Monthly Rollup)","http://support.microsoft.com/kb/5022899","No LDR Only available","No LDR Only available","No LDR Only available","rEX","23-02Rollup"
"cscui.dll","Net_CSC_Offline","6.3.9600.17415","1","30.10.2014","GDR","3000850 (v1.7)","November 2014 update rollup for Windows RT 8.1, Windows 8.1, and Windows Server 2012 R2","http://support.microsoft.com/kb/3000850","No LDR Only available","No LDR Only available","No LDR Only available","rEX","14-11Rollup"
"Mrxdav.sys","Net_WebDAV","6.3.9600.18469","1","08-Sep-2016","GDR","5022899","February 14, 2023-KB5022899 (Monthly Rollup)","http://support.microsoft.com/kb/5022899","No LDR Only available","No LDR Only available","No LDR Only available"," ","23-02Rollup"
"Webclnt.dll","Net_WebDAV","6.3.9600.18376","1","09-Jun-2016","GDR","3172614","July 2016 update rollup for Windows RT 8.1, Windows 8.1, and Windows Server 2012 R2","http://support.microsoft.com/kb/3172614","No LDR Only available","No LDR Only available","No LDR Only available","rEX","16-07Rollup"
"davclnt.dll","Net_WebDAV","6.3.9600.17923","1","02.07.2015","GDR","3076949 (v1.0)","MS15-089: Vulnerability in WebDAV could allow security feature bypass: August 11, 2015","http://support.microsoft.com/kb/3076949","No LDR Only available","No LDR Only available","No LDR Only available"," ","No Rollup"
"Shell32.dll","Net_WebDAV","6.3.9600.20617","1","11-Oct-2022","GDR","5022899","February 14, 2023-KB5022899 (Monthly Rollup)","http://support.microsoft.com/kb/5022899","No LDR Only available","No LDR Only available","No LDR Only available","rEX","23-02Rollup"
"Winhttp.dll","Net_WebDAV","6.3.9600.19254","1","27-Dec-2018","GDR","5022899","February 14, 2023-KB5022899 (Monthly Rollup)","http://support.microsoft.com/kb/5022899","No LDR Only available","No LDR Only available","No LDR Only available"," ","23-02Rollup"
"Dfsc.sys","Net_DFS-N_Client","6.3.9600.20566","0","13-Sep-2022","GDR","5022899","February 14, 2023-KB5022899 (Monthly Rollup)","http://support.microsoft.com/kb/5022899","No LDR Only available","No LDR Only available","No LDR Only available","rEX","23-02Rollup"
"Dhcpcore.dll","Net_DHCP_Client","6.3.9600.20619","1","11-Oct-2022","GDR","5022899","February 14, 2023-KB5022899 (Monthly Rollup)","http://support.microsoft.com/kb/5022899","No LDR Only available","No LDR Only available","No LDR Only available","rEX","23-02Rollup"
"Dhcpcsvc.dll","Net_DHCP_Client","6.3.9600.20619","1","11-Oct-2022","GDR","5022899","February 14, 2023-KB5022899 (Monthly Rollup)","http://support.microsoft.com/kb/5022899","No LDR Only available","No LDR Only available","No LDR Only available","rEX","23-02Rollup"
"Nfsclnt.exe","Net_NFS_Client","6.3.9600.18751","1","29-Jun-2017","GDR","5022899","February 14, 2023-KB5022899 (Monthly Rollup)","http://support.microsoft.com/kb/5022899","No LDR Only available","No LDR Only available","No LDR Only available"," ","23-02Rollup"
"Nfsnp.dll","Net_NFS_Client","6.3.9600.18384","1","09-Aug-2022","GDR","5022899","February 14, 2023-KB5022899 (Monthly Rollup)","http://support.microsoft.com/kb/5022899","No LDR Only available","No LDR Only available","No LDR Only available","rEX","23-02Rollup"
"Nfsrdr.sys","Net_NFS_Client","6.3.9600.18385","1","22-Jun-2016","GDR","5022899","February 14, 2023-KB5022899 (Monthly Rollup)","http://support.microsoft.com/kb/5022899","No LDR Only available","No LDR Only available","No LDR Only available"," ","23-02Rollup"
"Psxdll.dll","Net_Posix","6.3.9600.0","1","","RTM","5022899","","","","","","",""
"Psxdllsvr.dll","Net_Posix","6.3.9600.0","1","","RTM","5022899","","","","","","",""
"Psxss.exe","Net_Posix","6.3.9600.0","1","","RTM","5022899","","","","","","",""
"Posix.exe","Net_Posix","6.3.9600.0","1","","RTM","5022899","","","","","","",""
"dnsapi.dll","Net_DNS_Client","6.3.9600.19990","1","17-Mar-2021","GDR","5022899","February 14, 2023-KB5022899 (Monthly Rollup)","http://support.microsoft.com/kb/5022899","No LDR Only available","No LDR Only available","No LDR Only available"," ","23-02Rollup"
"dnsrslvr.dll","Net_DNS_Client","6.3.9600.19913","1","08-Dec-2020","GDR","5022899","February 14, 2023-KB5022899 (Monthly Rollup)","http://support.microsoft.com/kb/5022899","No LDR Only available","No LDR Only available","No LDR Only available"," ","23-02Rollup"
"dnscacheugc.exe","Net_DNS_Client","6.3.9600.17415","1","18.11.2014","GDR","3000850 (v1.8)","November 2014 update rollup for Windows RT 8.1, Windows 8.1, and Windows Server 2012 R","http://support.microsoft.com/kb/3000850","No LDR Only available","No LDR Only available","No LDR Only available"," ","14-11Rollup"
"Rpcss.dll","Net_RPC","6.3.9600.20772","1","10-Jan-2023","GDR","5022899","February 14, 2023-KB5022899 (Monthly Rollup)","http://support.microsoft.com/kb/5022899","No LDR Only available","No LDR Only available","No LDR Only available","rEX","23-02Rollup"
"rpchttp.dll","Net_RPC","6.3.9600.17415","1","30.10.2014","GDR","3000850 (v1.7)","November 2014 update rollup for Windows RT 8.1, Windows 8.1, and Windows Server 2012 R","http://support.microsoft.com/kb/3000850","No LDR Only available","No LDR Only available","No LDR Only available"," ","14-11Rollup"
"Rpcrt4.dll","Net_RPC","6.3.9600.20778","1","10-Jan-2023","GDR","5022899","February 14, 2023-KB5022899 (Monthly Rollup)","http://support.microsoft.com/kb/5022899","No LDR Only available","No LDR Only available","No LDR Only available","rEX","23-02Rollup"
"Bfe.dll","Net_Ipsec_BFE","6.3.9600.20563","1","13-Sep-2022","GDR","5022899","February 14, 2023-KB5022899 (Monthly Rollup)","http://support.microsoft.com/kb/5022899","No LDR Only available","No LDR Only available","No LDR Only available","rEX","23-02Rollup"
"Ikeext.dll","Net_Ipsec_BFE","6.3.9600.20772","1","10-Jan-2023","GDR","5022899","February 14, 2023-KB5022899 (Monthly Rollup)","http://support.microsoft.com/kb/5022899","No LDR Only available","No LDR Only available","No LDR Only available","rEX","23-02Rollup"
"Fwpuclnt.dll","Net_Ipsec_BFE","6.3.9600.20563","1","13-Sep-2022","GDR","5022899","February 14, 2023-KB5022899 (Monthly Rollup)","http://support.microsoft.com/kb/5022899","No LDR Only available","No LDR Only available","No LDR Only available","rEX","23-02Rollup"
"Iphlpsvc.dll","Net_DirectAccess_Client","6.3.9600.19532","1","04-Oct-2019","GDR","5022899","February 14, 2023-KB5022899 (Monthly Rollup)","http://support.microsoft.com/kb/5022899","No LDR Only available","No LDR Only available","No LDR Only available"," ","23-02Rollup"
"Iphlpsvcmigplugin.dll","Net_DirectAccess_Client","6.3.9600.17415","1","28-Oct-2014","GDR","5022899","February 14, 2023-KB5022899 (Monthly Rollup)","http://support.microsoft.com/kb/5022899","No LDR Only available","No LDR Only available","No LDR Only available"," ","23-02Rollup"
"netcorehc.dll","Net_DirectAccess_Client","6.3.9600.17415","1","18.11.2014","GDR","3000850 (v1.8)","November 2014 update rollup for Windows RT 8.1, Windows 8.1, and Windows Server 2012 R","http://support.microsoft.com/kb/3000850","No LDR Only available","No LDR Only available","No LDR Only available"," ","14-11Rollup"
"daotpcredentialprovider.dll","Net_DirectAccess_Client","6.3.9600.17415","1","18.11.2014","GDR","3000850 (v1.8)","November 2014 update rollup for Windows RT 8.1, Windows 8.1, and Windows Server 2012 R","http://support.microsoft.com/kb/3000850","No LDR Only available","No LDR Only available","No LDR Only available"," ","14-11Rollup"
"Rdpcore.dll","Net_DirectAccess_Client","6.3.9600.20165","1","11-Oct-2021","GDR","5022899","February 14, 2023-KB5022899 (Monthly Rollup)","http://support.microsoft.com/kb/5022899","No LDR Only available","No LDR Only available","No LDR Only available"," ","23-02Rollup"
"Damgmt.dll","Net_DirectAccess_Srv","6.3.9600.17795","1","10-Apr-15","GDR","3047280","'The URL cannot be resolved' error in DirectAccess and routing failure on HNV gateway cluster in Windows Server 2012 R2 ","http://support.microsoft.com/kb/3047280","No LDR Only available","No LDR Only available","No LDR Only available"," ","No Rollup"
"Ramgmtui.exe","Net_DirectAccess_Srv","6.3.9600.17795","1","10-Apr-15","GDR","3047280","'The URL cannot be resolved' error in DirectAccess and routing failure on HNV gateway cluster in Windows Server 2012 R2 ","http://support.microsoft.com/kb/3047280","No LDR Only available","No LDR Only available","No LDR Only available"," ","No Rollup"
"Ramgmtsvc.dll","Net_DirectAccess_Srv","6.3.9600.17795","1","10-Apr-15","GDR","3047280","'The URL cannot be resolved' error in DirectAccess and routing failure on HNV gateway cluster in Windows Server 2012 R2 ","http://support.microsoft.com/kb/3047280","No LDR Only available","No LDR Only available","No LDR Only available"," ","No Rollup"
"Rasclusterres.dll","Net_DirectAccess_Srv","6.3.9600.17795","1","10-Apr-15","GDR","3047280","'The URL cannot be resolved' error in DirectAccess and routing failure on HNV gateway cluster in Windows Server 2012 R2 ","http://support.microsoft.com/kb/3047280","No LDR Only available","No LDR Only available","No LDR Only available"," ","No Rollup"
"Raserverpsprovider.dll","Net_DirectAccess_Srv","6.3.9600.17795","1","10-Apr-15","GDR","3047280","'The URL cannot be resolved' error in DirectAccess and routing failure on HNV gateway cluster in Windows Server 2012 R2 ","http://support.microsoft.com/kb/3047280","No LDR Only available","No LDR Only available","No LDR Only available"," ","No Rollup"
"dot3svc.dll","Net_IEEE802.1x","6.3.9600.17415","1","18.11.2014","GDR","3000850 (v1.8)","November 2014 update rollup for Windows RT 8.1, Windows 8.1, and Windows Server 2012 R","http://support.microsoft.com/kb/3000850","No LDR Only available","No LDR Only available","No LDR Only available"," ","14-11Rollup"
"Rastls.dll","Net_IEEE802.1x","6.3.9600.20816","1","12-Jan-2023","GDR","5022899","February 14, 2023-KB5022899 (Monthly Rollup)","http://support.microsoft.com/kb/5022899","No LDR Only available","No LDR Only available","No LDR Only available"," ","23-02Rollup"
"wlansvc.dll","Net_WLAN_Client","6.3.9600.20617","1","14-Sep-2022","GDR","5022899","February 14, 2023-KB5022899 (Monthly Rollup)","http://support.microsoft.com/kb/5022899","No LDR Only available","No LDR Only available","No LDR Only available"," ","23-02Rollup"
"wlanmsm.dll","Net_WLAN_Client","6.3.9600.20617","1","14-Sep-2022","GDR","5022899","February 14, 2023-KB5022899 (Monthly Rollup)","http://support.microsoft.com/kb/5022899","No LDR Only available","No LDR Only available","No LDR Only available"," ","23-02Rollup"
"wlanapi.dll","Net_WLAN_Client","6.3.9600.20617","1","14-Sep-2022","GDR","5022899","February 14, 2023-KB5022899 (Monthly Rollup)","http://support.microsoft.com/kb/5022899","No LDR Only available","No LDR Only available","No LDR Only available"," ","23-02Rollup"
"wlansec.dll","Net_WLAN_Client","6.3.9600.20617","1","14-Sep-2022","GDR","5022899","February 14, 2023-KB5022899 (Monthly Rollup)","http://support.microsoft.com/kb/5022899","No LDR Only available","No LDR Only available","No LDR Only available"," ","23-02Rollup"
"wlansvcpal.dll","Net_WLAN_Client","6.3.9600.20617","1","14-Sep-2022","GDR","5022899","February 14, 2023-KB5022899 (Monthly Rollup)","http://support.microsoft.com/kb/5022899","No LDR Only available","No LDR Only available","No LDR Only available"," ","23-02Rollup"
"wlanhlp.dll","Net_WLAN_Client","6.3.9600.20617","1","14-Sep-2022","GDR","5022899","February 14, 2023-KB5022899 (Monthly Rollup)","http://support.microsoft.com/kb/5022899","No LDR Only available","No LDR Only available","No LDR Only available"," ","23-02Rollup"
"Netcfgx.dll","Net_Config","6.3.9600.19887","1","05-Nov-2020","GDR","5022899","February 14, 2023-KB5022899 (Monthly Rollup)","http://support.microsoft.com/kb/5022899","No LDR Only available","No LDR Only available","No LDR Only available"," ","23-02Rollup"
"WorkFolders.exe","Net_WorkFolders","6.3.9600.17415","1","28-Oct-2014","GDR","5022899","February 14, 2023-KB5022899 (Monthly Rollup)","http://support.microsoft.com/kb/5022899","No LDR Only available","No LDR Only available","No LDR Only available"," ","23-02Rollup"
"WorkFoldersshell.dll","Net_WorkFolders","6.3.9600.19913","1","08-Dec-2020","GDR","5022899","February 14, 2023-KB5022899 (Monthly Rollup)","http://support.microsoft.com/kb/5022899","No LDR Only available","No LDR Only available","No LDR Only available"," ","23-02Rollup"
"WorkFolderssvc.dll","Net_WorkFolders","6.3.9600.20327","1","07-Mar-2022","GDR","5022899","February 14, 2023-KB5022899 (Monthly Rollup)","http://support.microsoft.com/kb/5022899","No LDR Only available","No LDR Only available","No LDR Only available"," ","23-02Rollup"
"WorkFolderscontrol.dll","Net_WorkFolders","6.3.9600.19913","1","08-Dec-2020","GDR","5022899","February 14, 2023-KB5022899 (Monthly Rollup)","http://support.microsoft.com/kb/5022899","No LDR Only available","No LDR Only available","No LDR Only available"," ","23-02Rollup"
"WorkFoldersGPExt.dll","Net_WorkFolders","6.3.9600.17415","1","28.07.2015","GDR","3083424 (v1.7)","November 2014 update rollup for Windows RT 8.1, Windows 8.1, and Windows Server 2012 R","http://support.microsoft.com/kb/3083424","No LDR Only available","No LDR Only available","No LDR Only available"," ","No Rollup"
"Syncsharesvc.dll","Net_WorkFolders","6.3.9600.18558","1","20-Dec-2016","GDR","5022899","February 14, 2023-KB5022899 (Monthly Rollup)","http://support.microsoft.com/kb/5022899","No LDR Only available","No LDR Only available","No LDR Only available"," ","23-02Rollup"
"Syncsharesrv.dll","Net_WorkFolders","6.3.9600.18558","1","20-Dec-2016","GDR","5022899","February 14, 2023-KB5022899 (Monthly Rollup)","http://support.microsoft.com/kb/5022899","No LDR Only available","No LDR Only available","No LDR Only available"," ","23-02Rollup"
"Syncsharettlib.dll","Net_WorkFolders","6.3.9600.18558","1","21-Dec-2016","GDR","5022899","February 14, 2023-KB5022899 (Monthly Rollup)","http://support.microsoft.com/kb/5022899","No LDR Only available","No LDR Only available","No LDR Only available"," ","23-02Rollup"
"Syncsharettsvc.exe","Net_WorkFolders","6.3.9600.18558","1","20-Dec-2016","GDR","5022899","February 14, 2023-KB5022899 (Monthly Rollup)","http://support.microsoft.com/kb/5022899","No LDR Only available","No LDR Only available","No LDR Only available"," ","23-02Rollup"
"WebIo.dll","Net_BranchCache","6.3.9600.18378","1","11-Jun-2016","GDR","3172614","July 2016 update rollup for Windows RT 8.1, Windows 8.1, and Windows Server 2012 R2","http://support.microsoft.com/kb/3172614","No LDR Only available","No LDR Only available","No LDR Only available","rEX","16-07Rollup"
"Smbhash.exe","Net_BranchCache","6.3.9600.16384","1","10-Aug-2020","GDR","5022899","February 14, 2023-KB5022899 (Monthly Rollup)","http://support.microsoft.com/kb/5022899","No LDR Only available","No LDR Only available","No LDR Only available","rEX","23-02Rollup"
"Pacer.sys","Net_QoS","6.3.9600.18895","1","01-Jan-2018","GDR","5022899","February 14, 2023-KB5022899 (Monthly Rollup)","http://support.microsoft.com/kb/5022899","No LDR Only available","No LDR Only available","No LDR Only available"," ","23-02Rollup"
"Mpsdrv.sys","Net_Firewall","6.3.9600.19122","1","09-Aug-2018","GDR","5022899","February 14, 2023-KB5022899 (Monthly Rollup)","http://support.microsoft.com/kb/5022899","No LDR Only available","No LDR Only available","No LDR Only available"," ","23-02Rollup"
"MpsSvc.dll","Net_Firewall","6.3.9600.18895","1","01-Jan-2018","GDR","5022899","February 14, 2023-KB5022899 (Monthly Rollup)","http://support.microsoft.com/kb/5022899","No LDR Only available","No LDR Only available","No LDR Only available"," ","23-02Rollup"
"qmgr.dll","Net_BiTS","7.7.9600.19719","1","09-May-2020","GDR","5022899","February 14, 2023-KB5022899 (Monthly Rollup)","http://support.microsoft.com/kb/5022899","No LDR Only available","No LDR Only available","No LDR Only available"," ","23-02Rollup"
"rasmans.dll","Net_VPN","6.3.9600.20563","1","07-Aug-2022","GDR","5022899","February 14, 2023-KB5022899 (Monthly Rollup)","http://support.microsoft.com/kb/5022899","No LDR Only available","No LDR Only available","No LDR Only available"," ","23-02Rollup"
"Netlogon.dll","Dom_NETLOGON","6.3.9600.20773","0","10-Jan-2023","GDR","5022899","February 14, 2023-KB5022899 (Monthly Rollup)","http://support.microsoft.com/kb/5022899","No LDR Only available","No LDR Only available","No LDR Only available","rEX","23-02Rollup"
"LogonCli.dll","Dom_NETLOGON","6.3.9600.20366","0","11-Apr-2022","GDR","5022899","February 14, 2023-KB5022899 (Monthly Rollup)","http://support.microsoft.com/kb/5022899","No LDR Only available","No LDR Only available","No LDR Only available"," ","23-02Rollup"
"Winlogon.exe","Dom_WINLOGON","6.3.9600.19447","0","31-Jul-2019","GDR","5022899","February 14, 2023-KB5022899 (Monthly Rollup)","http://support.microsoft.com/kb/5022899","No LDR Only available","No LDR Only available","No LDR Only available"," ","23-02Rollup"
"Kerberos.dll","Dom_KERBEROS","6.3.9600.20664","0","08-Nov-2022","GDR","5022899","February 14, 2023-KB5022899 (Monthly Rollup)","http://support.microsoft.com/kb/5022899","No LDR Only available","No LDR Only available","No LDR Only available","rEX","23-02Rollup"
"Msv1_0.dll","Dom_NTLM","6.3.9600.20773","1","10-Jan-2023","GDR","5022899","February 14, 2023-KB5022899 (Monthly Rollup)","http://support.microsoft.com/kb/5022899","No LDR Only available","No LDR Only available","No LDR Only available","rEX","23-02Rollup"
"Wldap32.dll","Dom_LDAPClient","6.3.9600.20566","0","13-Sep-2022","GDR","5022899","February 14, 2023-KB5022899 (Monthly Rollup)","http://support.microsoft.com/kb/5022899","No LDR Only available","No LDR Only available","No LDR Only available","rEX","23-02Rollup"
"Lsass.exe","Dom_LSA","6.3.9600.20616","0","11-Oct-2022","GDR","5022899","February 14, 2023-KB5022899 (Monthly Rollup)","http://support.microsoft.com/kb/5022899","No LDR Only available","No LDR Only available","No LDR Only available","rEX","23-02Rollup"
"Lsasrv.dll","Dom_LSA","6.3.9600.20773","0","10-Jan-2023","GDR","5022899","February 14, 2023-KB5022899 (Monthly Rollup)","http://support.microsoft.com/kb/5022899","No LDR Only available","No LDR Only available","No LDR Only available","rEX","23-02Rollup"
"Ksecdd.sys","Dom_LSA","6.3.9600.20616","0","11-Oct-2022","GDR","5022899","February 14, 2023-KB5022899 (Monthly Rollup)","http://support.microsoft.com/kb/5022899","No LDR Only available","No LDR Only available","No LDR Only available","rEX","23-02Rollup"
"Ksecpkg.sys","Dom_LSA","6.3.9600.20517","0","26-Jul-2022","GDR","5022899","February 14, 2023-KB5022899 (Monthly Rollup)","http://support.microsoft.com/kb/5022899","No LDR Only available","No LDR Only available","No LDR Only available"," ","23-02Rollup"
"Secur32.dll","Dom_LSA","6.3.9600.17415","0","10-Feb-2017","GDR","5022899","February 14, 2023-KB5022899 (Monthly Rollup)","http://support.microsoft.com/kb/5022899","No LDR Only available","No LDR Only available","No LDR Only available","rEX","23-02Rollup"
"Sspicli.dll","Dom_LSA","6.3.9600.20616","0","12-Sep-2022","GDR","5022899","February 14, 2023-KB5022899 (Monthly Rollup)","http://support.microsoft.com/kb/5022899","No LDR Only available","No LDR Only available","No LDR Only available"," ","23-02Rollup"
"Sspisrv.dll","Dom_LSA","6.3.9600.20616","0","12-Sep-2022","GDR","5022899","February 14, 2023-KB5022899 (Monthly Rollup)","http://support.microsoft.com/kb/5022899","No LDR Only available","No LDR Only available","No LDR Only available"," ","23-02Rollup"
"Schannel.dll","Dom_LSA","6.3.9600.20627","0","08-Nov-2022","GDR","5022899","February 14, 2023-KB5022899 (Monthly Rollup)","http://support.microsoft.com/kb/5022899","No LDR Only available","No LDR Only available","No LDR Only available","rEX","23-02Rollup"
"dpapisvr.dll","Dom_LSA","6.3.9600.0","0","","RTM","5022899","","","","","","",""
"Scesrv.dll","Dom_SecAuditAndConfig","6.3.9600.20610","1","11-Oct-2022","GDR","5022899","February 14, 2023-KB5022899 (Monthly Rollup)","http://support.microsoft.com/kb/5022899","No LDR Only available","No LDR Only available","No LDR Only available","rEX","23-02Rollup"
"aclui.dll","Dom_SecAuditAndConfig","6.3.9600.17415","1","30.10.2014","GDR","3000850 (v1.7)","November 2014 update rollup for Windows RT 8.1, Windows 8.1, and Windows Server 2012 R2","http://support.microsoft.com/kb/3000850","No LDR Only available","No LDR Only available","No LDR Only available","rEX","14-11Rollup"
"Winscard.dll","Dom_SC_Provider","6.3.9600.18999","1","07-Apr-2018","GDR","5022899","February 14, 2023-KB5022899 (Monthly Rollup)","http://support.microsoft.com/kb/5022899","No LDR Only available","No LDR Only available","No LDR Only available"," ","23-02Rollup"
"Basecsp.dll","Dom_SC_Provider","6.3.9600.18964","1","07-Mar-2018","GDR","5022899","February 14, 2023-KB5022899 (Monthly Rollup)","http://support.microsoft.com/kb/5022899","No LDR Only available","No LDR Only available","No LDR Only available"," ","23-02Rollup"
"Scksp.dll","Dom_SC_Provider","6.3.9600.18964","1","09-Aug-2022","GDR","5022899","February 14, 2023-KB5022899 (Monthly Rollup)","http://support.microsoft.com/kb/5022899","No LDR Only available","No LDR Only available","No LDR Only available","rEX","23-02Rollup"
"ScardSvr.dll","Dom_SC_Srv","6.3.9600.18878","1","05-Dec-2017","GDR","5022899","February 14, 2023-KB5022899 (Monthly Rollup)","http://support.microsoft.com/kb/5022899","No LDR Only available","No LDR Only available","No LDR Only available"," ","23-02Rollup"
"Scfilter.sys","Dom_SC_Srv","6.3.9600.18878","1","05-Dec-2017","GDR","5022899","February 14, 2023-KB5022899 (Monthly Rollup)","http://support.microsoft.com/kb/5022899","No LDR Only available","No LDR Only available","No LDR Only available"," ","23-02Rollup"
"Certprop.dll","Dom_SC_Srv","6.3.9600.18562","1","24-Dec-2016","GDR","5022899","February 14, 2023-KB5022899 (Monthly Rollup)","http://support.microsoft.com/kb/5022899","No LDR Only available","No LDR Only available","No LDR Only available"," ","23-02Rollup"
"Crypt32.dll","Dom_CRYPTO","6.3.9600.20512","1","11-Jul-2022","GDR","5022899","February 14, 2023-KB5022899 (Monthly Rollup)","http://support.microsoft.com/kb/5022899","No LDR Only available","No LDR Only available","No LDR Only available"," ","23-02Rollup"
"cryptsvc.dll","Dom_CRYPTO","6.3.9600.17415","1","30.10.2014","GDR","3000850 (v1.7)","November 2014 update rollup for Windows RT 8.1, Windows 8.1, and Windows Server 2012 R","http://support.microsoft.com/kb/3000850","No LDR Only available","No LDR Only available","No LDR Only available"," ","14-11Rollup"
"Cryptnet.dll","Dom_CRYPTO","6.3.9600.18878","1","05-Dec-2017","GDR","5022899","February 14, 2023-KB5022899 (Monthly Rollup)","http://support.microsoft.com/kb/5022899","No LDR Only available","No LDR Only available","No LDR Only available"," ","23-02Rollup"
"Wintrust.dll","Dom_CRYPTO","6.3.9600.20369","1","27-Apr-2022","GDR","5022899","February 14, 2023-KB5022899 (Monthly Rollup)","http://support.microsoft.com/kb/5022899","No LDR Only available","No LDR Only available","No LDR Only available"," ","23-02Rollup"
"Cryptdll.dll","Dom_CRYPTO","6.3.9600.19343","1","05-Apr-2019","GDR","5022899","February 14, 2023-KB5022899 (Monthly Rollup)","http://support.microsoft.com/kb/5022899","No LDR Only available","No LDR Only available","No LDR Only available"," ","23-02Rollup"
"Cryptcatsvc.dll","Dom_CRYPTO","6.3.9600.19812","1","14-Aug-2020","GDR","5022899","February 14, 2023-KB5022899 (Monthly Rollup)","http://support.microsoft.com/kb/5022899","No LDR Only available","No LDR Only available","No LDR Only available"," ","23-02Rollup"
"dimsroam.dll","Dom_DIMS","6.3.9600.20565","1","13-Sep-2022","GDR","5022899","February 14, 2023-KB5022899 (Monthly Rollup)","http://support.microsoft.com/kb/5022899","No LDR Only available","No LDR Only available","No LDR Only available","rEX","23-02Rollup"
"dimsjob.dll","Dom_DIMS","6.3.9600.17415","1","18.11.2014","GDR","3000850 (v1.8)","November 2014 update rollup for Windows RT 8.1, Windows 8.1, and Windows Server 2012 R","http://support.microsoft.com/kb/3000850","No LDR Only available","No LDR Only available","No LDR Only available"," ","14-11Rollup"
"adprovider.dll","Dom_DIMS","6.3.9600.20565","1","13-Sep-2022","GDR","5022899","February 14, 2023-KB5022899 (Monthly Rollup)","http://support.microsoft.com/kb/5022899","No LDR Only available","No LDR Only available","No LDR Only available","rEX","23-02Rollup"
"capiprovider.dll","Dom_DIMS","6.3.9600.20565","1","13-Sep-2022","GDR","5022899","February 14, 2023-KB5022899 (Monthly Rollup)","http://support.microsoft.com/kb/5022899","No LDR Only available","No LDR Only available","No LDR Only available","rEX","23-02Rollup"
"cngprovider.dll","Dom_DIMS","6.3.9600.20565","1","13-Sep-2022","GDR","5022899","February 14, 2023-KB5022899 (Monthly Rollup)","http://support.microsoft.com/kb/5022899","No LDR Only available","No LDR Only available","No LDR Only available","rEX","23-02Rollup"
"dpapiprovider.dll","Dom_DIMS","6.3.9600.20565","1","13-Sep-2022","GDR","5022899","February 14, 2023-KB5022899 (Monthly Rollup)","http://support.microsoft.com/kb/5022899","No LDR Only available","No LDR Only available","No LDR Only available","rEX","23-02Rollup"
"wincredprovider.dll","Dom_DIMS","6.3.9600.20565","1","13-Sep-2022","GDR","5022899","February 14, 2023-KB5022899 (Monthly Rollup)","http://support.microsoft.com/kb/5022899","No LDR Only available","No LDR Only available","No LDR Only available","rEX","23-02Rollup"
"Gpapi.dll","Dom_GPSVC","6.3.9600.20571","1","13-Sep-2022","GDR","5022899","February 14, 2023-KB5022899 (Monthly Rollup)","http://support.microsoft.com/kb/5022899","No LDR Only available","No LDR Only available","No LDR Only available","rEX","23-02Rollup"
"Gpsvc.dll","Dom_GPSVC","6.3.9600.20571","1","13-Sep-2022","GDR","5022899","February 14, 2023-KB5022899 (Monthly Rollup)","http://support.microsoft.com/kb/5022899","No LDR Only available","No LDR Only available","No LDR Only available","rEX","23-02Rollup"
"Gpmgmt.dll","Dom_GPSVC","6.3.9600.18791","1","11-Aug-2017","GDR","5022899","February 14, 2023-KB5022899 (Monthly Rollup)","http://support.microsoft.com/kb/5022899","No LDR Only available","No LDR Only available","No LDR Only available"," ","23-02Rollup"
"Gprsop.dll","Dom_GPSVC","6.3.9600.18264","1","10-Mar-2016","GDR","5022899","February 14, 2023-KB5022899 (Monthly Rollup)","http://support.microsoft.com/kb/5022899","No LDR Only available","No LDR Only available","No LDR Only available"," ","23-02Rollup"
"Userenv.dll","Dom_GPSVC","6.3.9600.19846","1","23-Sep-2020","GDR","5022899","February 14, 2023-KB5022899 (Monthly Rollup)","http://support.microsoft.com/kb/5022899","No LDR Only available","No LDR Only available","No LDR Only available"," ","23-02Rollup"
"gpprnext.dll","Dom_GPExt","6.3.9600.17415","1","30.10.2014","GDR","3000850 (v1.7)","November 2014 update rollup for Windows RT 8.1, Windows 8.1, and Windows Server 2012 R","http://support.microsoft.com/kb/3000850","No LDR Only available","No LDR Only available","No LDR Only available"," ","14-11Rollup"
"appmgmts.dll","Dom_GPExt","6.3.9600.17415","1","18.11.2014","GDR","3000850 (v1.8)","November 2014 update rollup for Windows RT 8.1, Windows 8.1, and Windows Server 2012 R","http://support.microsoft.com/kb/3000850","No LDR Only available","No LDR Only available","No LDR Only available"," ","14-11Rollup"
"Gpprefcl.dll","Dom_GPP","6.3.9600.20624","1","11-Oct-2022","GDR","5022899","February 14, 2023-KB5022899 (Monthly Rollup)","http://support.microsoft.com/kb/5022899","No LDR Only available","No LDR Only available","No LDR Only available","rEX","23-02Rollup"
"Gpme.dll","Dom_GPP","6.3.9600.19847","1","28-Sep-2020","GDR","5022899","February 14, 2023-KB5022899 (Monthly Rollup)","http://support.microsoft.com/kb/5022899","No LDR Only available","No LDR Only available","No LDR Only available"," ","23-02Rollup"
"Gppref.dll","Dom_GPP","6.3.9600.19847","1","28-Sep-2020","GDR","5022899","February 14, 2023-KB5022899 (Monthly Rollup)","http://support.microsoft.com/kb/5022899","No LDR Only available","No LDR Only available","No LDR Only available"," ","23-02Rollup"
"Gpprefbr.dll","Dom_GPP","6.3.9600.19847","1","28-Sep-2020","GDR","5022899","February 14, 2023-KB5022899 (Monthly Rollup)","http://support.microsoft.com/kb/5022899","No LDR Only available","No LDR Only available","No LDR Only available"," ","23-02Rollup"
"Gpprefcn.dll","Dom_GPP","6.3.9600.18907","1","08-Jan-2018","GDR","5022899","February 14, 2023-KB5022899 (Monthly Rollup)","http://support.microsoft.com/kb/5022899","No LDR Only available","No LDR Only available","No LDR Only available"," ","23-02Rollup"
"Gpregistrybrowser.dll","Dom_GPP","6.3.9600.19847","1","29-Sep-2020","GDR","5022899","February 14, 2023-KB5022899 (Monthly Rollup)","http://support.microsoft.com/kb/5022899","No LDR Only available","No LDR Only available","No LDR Only available"," ","23-02Rollup"
"Propshts.dll","Dom_GPP","6.3.9600.19847","1","29-Sep-2020","GDR","5022899","February 14, 2023-KB5022899 (Monthly Rollup)","http://support.microsoft.com/kb/5022899","No LDR Only available","No LDR Only available","No LDR Only available"," ","23-02Rollup"
"profprov.dll","Dom_ProfProc","6.3.9600.17415","1","18.11.2014","GDR","3000850 (v1.8)","November 2014 update rollup for Windows RT 8.1, Windows 8.1, and Windows Server 2012 R","http://support.microsoft.com/kb/3000850","No LDR Only available","No LDR Only available","No LDR Only available"," ","14-11Rollup"
"Profsvc.dll","Dom_ProfProc","6.3.9600.19846","1","23-Sep-2020","GDR","5022899","February 14, 2023-KB5022899 (Monthly Rollup)","http://support.microsoft.com/kb/5022899","No LDR Only available","No LDR Only available","No LDR Only available"," ","23-02Rollup"
"fdeploy.dll","Dom_FolderRedir","6.3.9600.17415","1","30.10.2014","GDR","3000850 (v1.7)","November 2014 update rollup for Windows RT 8.1, Windows 8.1, and Windows Server 2012 R","http://support.microsoft.com/kb/3000850","No LDR Only available","No LDR Only available","No LDR Only available"," ","14-11Rollup"
"Esent.dll","Dom_ESENT","6.3.9600.18429","0","30-Jul-2016","GDR","5022899","February 14, 2023-KB5022899 (Monthly Rollup)","http://support.microsoft.com/kb/5022899","No LDR Only available","No LDR Only available","No LDR Only available"," ","23-02Rollup"
"Ntdsai.dll","Dom_NTDSAI","6.3.9600.20773","0","10-Jan-2023","GDR","5022899","February 14, 2023-KB5022899 (Monthly Rollup)","http://support.microsoft.com/kb/5022899","No LDR Only available","No LDR Only available","No LDR Only available","rEX","23-02Rollup"
"Ntdsutil.exe","Dom_NTDSAI","6.3.9600.16384","0","10-Aug-2020","GDR","5022899","February 14, 2023-KB5022899 (Monthly Rollup)","http://support.microsoft.com/kb/5022899","No LDR Only available","No LDR Only available","No LDR Only available","rEX","23-02Rollup"
"Samsrv.dll","Dom_SAMSRV","6.3.9600.20618","0","11-Oct-2022","GDR","5022899","February 14, 2023-KB5022899 (Monthly Rollup)","http://support.microsoft.com/kb/5022899","No LDR Only available","No LDR Only available","No LDR Only available","rEX","23-02Rollup"
"Samlib.dll","Dom_SAMSRV","6.3.9600.20517","0","09-Aug-2022","GDR","5022899","February 14, 2023-KB5022899 (Monthly Rollup)","http://support.microsoft.com/kb/5022899","No LDR Only available","No LDR Only available","No LDR Only available","rEX","23-02Rollup"
"Kdcsvc.dll","Dom_KDCSVC","6.3.9600.20773","0","10-Jan-2023","GDR","5022899","February 14, 2023-KB5022899 (Monthly Rollup)","http://support.microsoft.com/kb/5022899","No LDR Only available","No LDR Only available","No LDR Only available","rEX","23-02Rollup"
"Dfsrs.exe","Dom_DFS-R","6.3.9600.18776","0","20-Jul-2017","GDR","5022899","February 14, 2023-KB5022899 (Monthly Rollup)","http://support.microsoft.com/kb/5022899","No LDR Only available","No LDR Only available","No LDR Only available"," ","23-02Rollup"
"Dfsrress.dll","Dom_DFS-R","6.3.9600.16384","0","22-Aug-2013","GDR","5022899","February 14, 2023-KB5022899 (Monthly Rollup)","http://support.microsoft.com/kb/5022899","No LDR Only available","No LDR Only available","No LDR Only available"," ","23-02Rollup"
"Dfsrro.sys","Dom_DFS-R","6.3.9600.16384","0","10-Aug-2020","GDR","5022899","February 14, 2023-KB5022899 (Monthly Rollup)","http://support.microsoft.com/kb/5022899","No LDR Only available","No LDR Only available","No LDR Only available","rEX","23-02Rollup"
"Microsoft.identityserver.service.dll","Dom_ADFS","6.3.9600.18818","0","08-Sep-2017","GDR","5022899","February 14, 2023-KB5022899 (Monthly Rollup)","http://support.microsoft.com/kb/5022899","No LDR Only available","No LDR Only available","No LDR Only available"," ","23-02Rollup"
"Microsoft.identityserver.webhost.dll","Dom_ADFS","6.3.9600.19590","0","05-Dec-2019","GDR","5022899","February 14, 2023-KB5022899 (Monthly Rollup)","http://support.microsoft.com/kb/5022899","No LDR Only available","No LDR Only available","No LDR Only available"," ","23-02Rollup"
"Microsoft.identityserver.web.dll","Dom_ADFS","6.3.9600.19590","0","05-Dec-2019","GDR","5022899","February 14, 2023-KB5022899 (Monthly Rollup)","http://support.microsoft.com/kb/5022899","No LDR Only available","No LDR Only available","No LDR Only available"," ","23-02Rollup"
"Microsoft.identityserver.dll","Dom_ADFS","6.3.9600.19099","0","17-Jul-2018","GDR","5022899","February 14, 2023-KB5022899 (Monthly Rollup)","http://support.microsoft.com/kb/5022899","No LDR Only available","No LDR Only available","No LDR Only available"," ","23-02Rollup"
"Microsoft.identityserver.proxyservice.exe","Dom_ADFS","6.3.9600.18591","0","08-Feb-2017","GDR","5022899","February 14, 2023-KB5022899 (Monthly Rollup)","http://support.microsoft.com/kb/5022899","No LDR Only available","No LDR Only available","No LDR Only available"," ","23-02Rollup"
"Clussvc.exe","Cluster_Core","6.3.9600.19122","0","09-Aug-2018","GDR","5022899","February 14, 2023-KB5022899 (Monthly Rollup)","http://support.microsoft.com/kb/5022899","No LDR Only available","No LDR Only available","No LDR Only available"," ","23-02Rollup"
"ClusWMI.dll","Cluster_Core","6.3.9600.18523","0","22-Oct-2016","GDR","5022899","February 14, 2023-KB5022899 (Monthly Rollup)","http://support.microsoft.com/kb/5022899","No LDR Only available","No LDR Only available","No LDR Only available"," ","23-02Rollup"
"Rhs.exe","Cluster_Core","6.3.9600.18907","0","08-Jan-2018","GDR","5022899","February 14, 2023-KB5022899 (Monthly Rollup)","http://support.microsoft.com/kb/5022899","No LDR Only available","No LDR Only available","No LDR Only available"," ","23-02Rollup"
"Clusres.dll","Cluster_Core","6.3.9600.20363","0","06-Apr-2022","GDR","5022899","February 14, 2023-KB5022899 (Monthly Rollup)","http://support.microsoft.com/kb/5022899","No LDR Only available","No LDR Only available","No LDR Only available"," ","23-02Rollup"
"clusres2.dll","Cluster_Core","6.3.9600.17343","0","16.09.2014","GDR","2990852 (v4.0)","Performance and reliability enhancements for clustered environments in Windows 8.1 and Windows Server 2012 R2","http://support.microsoft.com/kb/2990852","No LDR Only available","No LDR Only available","No LDR Only available","rEX","14-11Rollup"
"netft.sys","Cluster_Core","6.3.9600.17396","0","18.11.2014","GDR","3000850 (v6.8)","Performance and reliability enhancements for clustered environments in Windows 8.1 and Windows Server 2012 R","http://support.microsoft.com/kb/3000850","No LDR Only available","No LDR Only available","No LDR Only available"," ","14-11Rollup"
"clusauthmgr.dll","Cluster_Core","6.3.9600.17396","0","18.11.2014","GDR","3000850 (v6.8)","Performance and reliability enhancements for clustered environments in Windows 8.1 and Windows Server 2012 R","http://support.microsoft.com/kb/3000850","No LDR Only available","No LDR Only available","No LDR Only available"," ","14-11Rollup"
"Witness.dll","Cluster_Core","6.3.9600.16384","0","10-Aug-2020","GDR","5022899","February 14, 2023-KB5022899 (Monthly Rollup)","http://support.microsoft.com/kb/5022899","No LDR Only available","No LDR Only available","No LDR Only available","rEX","23-02Rollup"
"Csvflt.sys","Cluster_CSV","6.3.9600.20328","0","09-Mar-2022","GDR","5022899","February 14, 2023-KB5022899 (Monthly Rollup)","http://support.microsoft.com/kb/5022899","No LDR Only available","No LDR Only available","No LDR Only available"," ","23-02Rollup"
"Csvfs.sys","Cluster_CSV","6.3.9600.20328","0","09-Mar-2022","GDR","5022899","February 14, 2023-KB5022899 (Monthly Rollup)","http://support.microsoft.com/kb/5022899","No LDR Only available","No LDR Only available","No LDR Only available"," ","23-02Rollup"
"Csvfilter.sys","Cluster_CSV","6.3.9600.0","0","","RTM","5022899","","","","","","",""
"Vhdmp.sys","Cluster_CSV","6.3.9600.19388","0","24-May-2019","GDR","5022899","February 14, 2023-KB5022899 (Monthly Rollup)","http://support.microsoft.com/kb/5022899","No LDR Only available","No LDR Only available","No LDR Only available"," ","23-02Rollup"
"Svhdxflt.sys","Cluster_CSV","6.3.9600.18185","0","30-Dec-2015","GDR","5022899","February 14, 2023-KB5022899 (Monthly Rollup)","http://support.microsoft.com/kb/5022899","No LDR Only available","No LDR Only available","No LDR Only available"," ","23-02Rollup"
"Clusdisk.sys","Cluster_Disk","6.3.9600.20363","0","06-Apr-2022","GDR","5022899","February 14, 2023-KB5022899 (Monthly Rollup)","http://support.microsoft.com/kb/5022899","No LDR Only available","No LDR Only available","No LDR Only available"," ","23-02Rollup"
"volsnap.sys","Cluster_Volsnap","6.3.9600.18788","0","08-Nov-2022","GDR","3145384","MinDiffAreaFileSize registry value limit is increased from 3 GB to 50 GB in Windows 8.1 or Windows Server 2012 R2","http://support.microsoft.com/kb/3145384","No LDR Only available","No LDR Only available","No LDR Only available","rEX","No Rollup"
"cprepsrv.exe","Cluster_Validation","6.3.9600.18035","1","21.08.2015","GDR","3091057 (v1.0)","Cluster validation fails in the ""Validate Simultaneous Failover"" test in a Windows Server 2012 R2-based failover cluster","http://support.microsoft.com/kb/3091057","No LDR Only available","No LDR Only available","No LDR Only available","rEX","No Rollup"
"Failoverclusters.agent.interop.dll","Cluster_Validation","6.3.9600.16384","1","10-Aug-2020","GDR","5022899","February 14, 2023-KB5022899 (Monthly Rollup)","http://support.microsoft.com/kb/5022899","No LDR Only available","No LDR Only available","No LDR Only available","rEX","23-02Rollup"
"Microsoft.failoverclusters.framework.dll","Cluster_Validation","6.3.9600.18569","1","05-Jan-2017","GDR","5022899","February 14, 2023-KB5022899 (Monthly Rollup)","http://support.microsoft.com/kb/5022899","No LDR Only available","No LDR Only available","No LDR Only available"," ","23-02Rollup"
"Ntoskrnl.exe","Core_Kernel","6.3.9600.20778","0","10-Jan-2023","GDR","5022899","February 14, 2023-KB5022899 (Monthly Rollup)","http://support.microsoft.com/kb/5022899","No LDR Only available","No LDR Only available","No LDR Only available","rEX","23-02Rollup"
"Ntkrnlpa.exe","Core_Kernel","6.3.9600.0","0","","RTM","5022899","","","","","","",""
"crashdmp.sys","Core_Kernel","6.3.9600.17622","0","20.12.2014","GDR","3027113 (v1.0)","Can't save a dump file when the system crashes and the Round Robin MPIO policy is used in Windows Server 201","http://support.microsoft.com/kb/3027113","No LDR Only available","No LDR Only available","No LDR Only available"," ","No Rollup"
"Ntdll.dll","Core_Kernel","6.3.9600.20718","0","13-Dec-2022","GDR","5022899","February 14, 2023-KB5022899 (Monthly Rollup)","http://support.microsoft.com/kb/5022899","No LDR Only available","No LDR Only available","No LDR Only available","rEX","23-02Rollup"
"Hal.dll","Core_Kernel","6.3.9600.20512","0","12-Jul-2022","GDR","5022899","February 14, 2023-KB5022899 (Monthly Rollup)","http://support.microsoft.com/kb/5022899","No LDR Only available","No LDR Only available","No LDR Only available"," ","23-02Rollup"
"Fltmgr.sys","Core_Kernel","6.3.9600.20037","0","12-May-2021","GDR","5022899","February 14, 2023-KB5022899 (Monthly Rollup)","http://support.microsoft.com/kb/5022899","No LDR Only available","No LDR Only available","No LDR Only available"," ","23-02Rollup"
"win32k.sys","Core_Kernel","6.3.9600.20777","0","10-Jan-2023","GDR","5022899","February 14, 2023-KB5022899 (Monthly Rollup)","http://support.microsoft.com/kb/5022899","No LDR Only available","No LDR Only available","No LDR Only available","rEX","23-02Rollup"
"Ntfs.sys","Core_FileSystem","6.3.9600.20778","0","10-Jan-2023","GDR","5022899","February 14, 2023-KB5022899 (Monthly Rollup)","http://support.microsoft.com/kb/5022899","No LDR Only available","No LDR Only available","No LDR Only available","rEX","23-02Rollup"
"dedup.sys","Core_FileSystem","6.3.9600.19242","0","21-Dec-2018","GDR","5022899","February 14, 2023-KB5022899 (Monthly Rollup)","http://support.microsoft.com/kb/5022899","No LDR Only available","No LDR Only available","No LDR Only available"," ","23-02Rollup"
"Msiscsi.sys","Core_DiskSystem","6.3.9600.18968","0","09-Mar-2018","GDR","5022899","February 14, 2023-KB5022899 (Monthly Rollup)","http://support.microsoft.com/kb/5022899","No LDR Only available","No LDR Only available","No LDR Only available"," ","23-02Rollup"
"Iscsitgt.dll","Core_DiskSystem","6.3.9600.19913","0","08-Dec-2020","GDR","5022899","February 14, 2023-KB5022899 (Monthly Rollup)","http://support.microsoft.com/kb/5022899","No LDR Only available","No LDR Only available","No LDR Only available"," ","23-02Rollup"
"Storport.sys","Core_DiskSystem","6.3.9600.20518","0","28-Jul-2022","GDR","5022899","February 14, 2023-KB5022899 (Monthly Rollup)","http://support.microsoft.com/kb/5022899","No LDR Only available","No LDR Only available","No LDR Only available"," ","23-02Rollup"
"repdrvfs.dll","Core_WMI","6.3.9600.17475","0","29.10.2014","GDR","3173424 (v3.0)","Servicing stack update for Windows 8.1 and Windows Server 2012 R2: July 12, 2016","http://support.microsoft.com/kb/3173424","No LDR Only available","No LDR Only available","No LDR Only available"," ","No Rollup"
"Mpio.sys","Core_MPIO","6.3.9600.19343","0","08-Apr-2019","GDR","5022899","February 14, 2023-KB5022899 (Monthly Rollup)","http://support.microsoft.com/kb/5022899","No LDR Only available","No LDR Only available","No LDR Only available"," ","23-02Rollup"
"Msdsm.sys","Core_MPIO","6.3.9600.18592","0","10-Feb-2017","GDR","5022899","February 14, 2023-KB5022899 (Monthly Rollup)","http://support.microsoft.com/kb/5022899","No LDR Only available","No LDR Only available","No LDR Only available"," ","23-02Rollup"
"Advapi32.dll","Core_Apps","6.3.9600.20720","0","13-Dec-2022","GDR","5022899","February 14, 2023-KB5022899 (Monthly Rollup)","http://support.microsoft.com/kb/5022899","No LDR Only available","No LDR Only available","No LDR Only available","rEX","23-02Rollup"
"vssapi.dll","Core_VSS","6.3.9600.17466","1","22.10.2014","GDR","2996928 (v1.1)","Backup task fails with a time-out error in Window","http://support.microsoft.com/kb/2996928","No LDR Only available","No LDR Only available","No LDR Only available"," ","14-12Rollup"
"vsstrace.dll","Core_VSS","6.3.9600.17466","1","22.10.2014","GDR","2996928 (v1.1)","Backup task fails with a time-out error in Window","http://support.microsoft.com/kb/2996928","No LDR Only available","No LDR Only available","No LDR Only available"," ","14-12Rollup"
"vsssvc.exe","Core_VSS","6.3.9600.0","1","","RTM","5022899","","","","","","",""
"swprv.dll","Core_VSS","6.3.9600.17415","1","30.10.2014","GDR","3000850 (v1.7)","November 2014 update rollup for Windows RT 8.1, Windows 8.1, and Windows Server 2012 R","http://support.microsoft.com/kb/3000850","No LDR Only available","No LDR Only available","No LDR Only available"," ","14-11Rollup"
"spp.dll","Core_VSS","6.3.9600.17415","1","18.11.2014","GDR","3000850 (v1.8)","November 2014 update rollup for Windows RT 8.1, Windows 8.1, and Windows Server 2012 R","http://support.microsoft.com/kb/3000850","No LDR Only available","No LDR Only available","No LDR Only available"," ","14-11Rollup"
"wbengine.exe","Core_VSS","6.3.9600.19692","1","04-Apr-2020","GDR","5022899","February 14, 2023-KB5022899 (Monthly Rollup)","http://support.microsoft.com/kb/5022899","No LDR Only available","No LDR Only available","No LDR Only available"," ","23-02Rollup"
"blbsrv.dll","Core_VSS","6.3.9600.18192","1","10.01.2016","GDR","3134813 (v1.0)","Windows Server Backup may hit process freeze and backup operation fails in Windows Server 2012 R2","http://support.microsoft.com/kb/3134813","No LDR Only available","No LDR Only available","No LDR Only available","rEX","No Rollup"
"pci.sys","Core_Sys","6.3.9600.18939","1","10-Feb-2018","GDR","5022899","February 14, 2023-KB5022899 (Monthly Rollup)","http://support.microsoft.com/kb/5022899","No LDR Only available","No LDR Only available","No LDR Only available"," ","23-02Rollup"
"Termdd.sys","Core_Sys","6.3.9600.0","1","","RTM","5022899","","","","","","",""
"Volmgr.sys","Core_Sys","6.3.9600.20237","1","15-Dec-2021","GDR","5022899","February 14, 2023-KB5022899 (Monthly Rollup)","http://support.microsoft.com/kb/5022899","No LDR Only available","No LDR Only available","No LDR Only available"," ","23-02Rollup"
"Tzres.dll","Core_TimeZone","6.3.9600.16384","1","28-Oct-2021","GDR","5022899","February 14, 2023-KB5022899 (Monthly Rollup)","http://support.microsoft.com/kb/5022899","No LDR Only available","No LDR Only available","No LDR Only available"," ","23-02Rollup"
"Vmswitch.sys","Hyper-V_Net","6.3.9600.20601","1","18-Oct-2022","GDR","5022899","February 14, 2023-KB5022899 (Monthly Rollup)","http://support.microsoft.com/kb/5022899","No LDR Only available","No LDR Only available","No LDR Only available","rEX","23-02Rollup"
"Mslbfoprovider.sys","Hyper-V_Net","6.3.9600.18406","1","09-Jul-2016","LDR","3179574","August 2016 update rollup for Windows RT 8.1, Windows 8.1, and Windows Server 2012 R2","http://support.microsoft.com/kb/3179574","No LDR Only available","No LDR Only available","No LDR Only available","rEX","16-08Rollup"
"wnv.sys","Hyper-V_Net","6.3.9600.17676","1","08.02.2015","GDR","3023869 (v4.0)","Crash on Windows 8.1 or Windows Server 2012 R2 when a WPF driver calls the FwpsConstructIpHeaderForTransportPacket0 function","http://support.microsoft.com/kb/3023869","No LDR Only available","No LDR Only available","No LDR Only available","rEX","No Rollup"
"Vmsntfy.dll","Hyper-V_Net","6.3.9600.20601","1","18-Oct-2022","GDR","5022899","February 14, 2023-KB5022899 (Monthly Rollup)","http://support.microsoft.com/kb/5022899","No LDR Only available","No LDR Only available","No LDR Only available","rEX","23-02Rollup"
"ndisimplatform.sys","Hyper-V_Net","6.3.9600.18258","1","03.03.2016","GDR","3145432 (v1.0)","Cluster nodes or VMs go offline when they are using VMQ capable NICs on a Windows Server 2012 R2 host","http://support.microsoft.com/kb/3145432","No LDR Only available","No LDR Only available","No LDR Only available","rEX","No Rollup"
"Vmms.exe","Hyper-V_Net","6.3.9600.20716","1","10-Jan-2023","GDR","5022899","February 14, 2023-KB5022899 (Monthly Rollup)","http://support.microsoft.com/kb/5022899","No LDR Only available","No LDR Only available","No LDR Only available","rEX","23-02Rollup"
"Winnat.sys","Hyper-V_Net","6.3.9600.20137","1","10-Sep-2021","GDR","5022899","February 14, 2023-KB5022899 (Monthly Rollup)","http://support.microsoft.com/kb/5022899","No LDR Only available","No LDR Only available","No LDR Only available"," ","23-02Rollup"
"pvhdparser.sys","Hyper-V_Net","6.3.9600.18575","1","12-Jan-2017","GDR","5022899","February 14, 2023-KB5022899 (Monthly Rollup)","http://support.microsoft.com/kb/5022899","No LDR Only available","No LDR Only available","No LDR Only available"," ","23-02Rollup"
"Wmisvc.dll","Hyper-V_Net","6.3.9600.19779","1","10-Aug-2020","GDR","5022899","February 14, 2023-KB5022899 (Monthly Rollup)","http://support.microsoft.com/kb/5022899","No LDR Only available","No LDR Only available","No LDR Only available","rEX","23-02Rollup"
"Vmbus.sys","Hyper-V_Net","6.3.9600.19984","1","09-Mar-21","GDR","5022352","January 10, 2023-KB5022352 (Monthly Rollup)","http://support.microsoft.com/kb/5022352","No LDR Only available","No LDR Only available","No LDR Only available"," ","23-01Rollup"
"Rasapi32.dll","HNV_Net","6.3.9600.20563","1","13-Sep-2022","GDR","5022899","February 14, 2023-KB5022899 (Monthly Rollup)","http://support.microsoft.com/kb/5022899","No LDR Only available","No LDR Only available","No LDR Only available","rEX","23-02Rollup"
"Mprapi.dll","HNV_Net","6.3.9600.19786","1","14-Aug-2020","GDR","5022899","February 14, 2023-KB5022899 (Monthly Rollup)","http://support.microsoft.com/kb/5022899","No LDR Only available","No LDR Only available","No LDR Only available"," ","23-02Rollup"
"Vmwp.exe","Hyper-V_app","6.3.9600.20227","1","04-Dec-2021","GDR","5022899","February 14, 2023-KB5022899 (Monthly Rollup)","http://support.microsoft.com/kb/5022899","No LDR Only available","No LDR Only available","No LDR Only available"," ","23-02Rollup"
"Rdpshell.exe","RDS_remote_App","6.3.9600.18402","0","04-Jul-2016","LDR","3179574","August 2016 update rollup for Windows RT 8.1, Windows 8.1, and Windows Server 2012 R2","http://support.microsoft.com/kb/3179574","No LDR Only available","No LDR Only available","No LDR Only available","rEX","16-08Rollup"
"Rdsdwmdr.dll","RDS_remote_App","6.3.9600.18708","0","27-May-2017","GDR","5022899","February 14, 2023-KB5022899 (Monthly Rollup)","http://support.microsoft.com/kb/5022899","No LDR Only available","No LDR Only available","No LDR Only available"," ","23-02Rollup"
"tscfgwmi.dll","RDS_remote_App","6.3.9600.17415","0","30.10.2014","GDR","3000850 (v1.7)","November 2014 update rollup for Windows RT 8.1, Windows 8.1, and Windows Server 2012 R","http://support.microsoft.com/kb/3000850","No LDR Only available","No LDR Only available","No LDR Only available"," ","14-11Rollup"
"Audioeng.dll","RDS_devRdr","6.3.9600.17415","1","28-Oct-2014","GDR","5022899","February 14, 2023-KB5022899 (Monthly Rollup)","http://support.microsoft.com/kb/5022899","No LDR Only available","No LDR Only available","No LDR Only available"," ","23-02Rollup"
"Audiokse.dll","RDS_devRdr","6.3.9600.19377","1","24-May-2019","GDR","5022899","February 14, 2023-KB5022899 (Monthly Rollup)","http://support.microsoft.com/kb/5022899","No LDR Only available","No LDR Only available","No LDR Only available"," ","23-02Rollup"
"Audioses.dll","RDS_devRdr","6.3.9600.19377","1","24-May-2019","GDR","5022899","February 14, 2023-KB5022899 (Monthly Rollup)","http://support.microsoft.com/kb/5022899","No LDR Only available","No LDR Only available","No LDR Only available"," ","23-02Rollup"
"Audiosrv.dll","RDS_devRdr","6.3.9600.19409","1","15-Jun-2019","GDR","5022899","February 14, 2023-KB5022899 (Monthly Rollup)","http://support.microsoft.com/kb/5022899","No LDR Only available","No LDR Only available","No LDR Only available"," ","23-02Rollup"
"wsepno.dll","RDS_msTsc","7.0.9600.17415","1","18.11.2014","GDR","3000850 (v1.8)","November 2014 update rollup for Windows RT 8.1, Windows 8.1, and Windows Server 2012 R","http://support.microsoft.com/kb/3000850","No LDR Only available","No LDR Only available","No LDR Only available"," ","14-11Rollup"
"xpsgdiconverter.dll","RDS_msTsc","6.3.9600.17415","1","30.10.2014","GDR","3000850 (v1.7)","November 2014 update rollup for Windows RT 8.1, Windows 8.1, and Windows Server 2012 R","http://support.microsoft.com/kb/3000850","No LDR Only available","No LDR Only available","No LDR Only available"," ","14-11Rollup"
"Vmrdvcore.dll","RDS_vHost","6.3.9600.18907","0","10-Jan-2023","GDR","5022899","February 14, 2023-KB5022899 (Monthly Rollup)","http://support.microsoft.com/kb/5022899","No LDR Only available","No LDR Only available","No LDR Only available","rEX","23-02Rollup"
"Tsvmhasvc.dll","RDS_vHost","6.3.9600.19592","0","06-Dec-2019","GDR","5022899","February 14, 2023-KB5022899 (Monthly Rollup)","http://support.microsoft.com/kb/5022899","No LDR Only available","No LDR Only available","No LDR Only available"," ","23-02Rollup"
"tssdis.exe","RDS_vHost","6.3.9600.18260","0","05.03.2016","GDR","3134179 (v1.0)","Update adds performance counters for Remote Desktop Connection Broker in Windows Server 2012 R2","http://support.microsoft.com/kb/3134179","No LDR Only available","No LDR Only available","No LDR Only available","rEX","No Rollup"
"aaedge.dll","RDS_gateway","6.3.9600.19771","1","30-Jun-2020","GDR","5022899","February 14, 2023-KB5022899 (Monthly Rollup)","http://support.microsoft.com/kb/5022899","No LDR Only available","No LDR Only available","No LDR Only available"," ","23-02Rollup"
"lserver.dll","RDS_license","6.3.9600.0","1","","RTM","5022899","","","","","","",""
"licmgr.exe","RDS_license","6.3.9600.17515","0","23.01.2015","GDR","3013108 (v2.0)","RDS License Manager shows no issued free or temporary client access licenses in Windows Server 2012 R2","http://support.microsoft.com/kb/3013108","No LDR Only available","No LDR Only available","No LDR Only available","rEX","No Rollup"
"dxgkrnl.sys","RDS_host","6.3.9600.19622","1","11-Jan-2020","GDR","5022899","February 14, 2023-KB5022899 (Monthly Rollup)","http://support.microsoft.com/kb/5022899","No LDR Only available","No LDR Only available","No LDR Only available"," ","23-02Rollup"
"sessenv.dll","RDS_host","6.3.9600.19094","1","06-Jul-2018","GDR","5022899","February 14, 2023-KB5022899 (Monthly Rollup)","http://support.microsoft.com/kb/5022899","No LDR Only available","No LDR Only available","No LDR Only available"," ","23-02Rollup"
"Localspl.dll","Print_Spool","6.3.9600.20772","0","10-Jan-2023","GDR","5022899","February 14, 2023-KB5022899 (Monthly Rollup)","http://support.microsoft.com/kb/5022899","No LDR Only available","No LDR Only available","No LDR Only available","rEX","23-02Rollup"
"Win32spl.dll","Print_Spool","6.3.9600.20513","0","13-Jul-2022","GDR","5022899","February 14, 2023-KB5022899 (Monthly Rollup)","http://support.microsoft.com/kb/5022899","No LDR Only available","No LDR Only available","No LDR Only available"," ","23-02Rollup"
"Spoolss.dll","Print_Spool","6.3.9600.20143","0","01-Oct-2021","GDR","5022899","February 14, 2023-KB5022899 (Monthly Rollup)","http://support.microsoft.com/kb/5022899","No LDR Only available","No LDR Only available","No LDR Only available"," ","23-02Rollup"
"Spoolsv.exe","Print_Spool","6.3.9600.20772","0","10-Jan-2023","GDR","5022899","February 14, 2023-KB5022899 (Monthly Rollup)","http://support.microsoft.com/kb/5022899","No LDR Only available","No LDR Only available","No LDR Only available","rEX","23-02Rollup"
"Winspool.drv","Print_Spool","6.3.9600.20668","0","08-Nov-2022","GDR","5022899","February 14, 2023-KB5022899 (Monthly Rollup)","http://support.microsoft.com/kb/5022899","No LDR Only available","No LDR Only available","No LDR Only available","rEX","23-02Rollup"
"Ntprint.exe","Print_App","6.3.9600.20143","0","01-Oct-2021","GDR","5022899","February 14, 2023-KB5022899 (Monthly Rollup)","http://support.microsoft.com/kb/5022899","No LDR Only available","No LDR Only available","No LDR Only available"," ","23-02Rollup"
"Printui.dll","Print_App","6.3.9600.20117","0","01-Sep-2021","GDR","5022899","February 14, 2023-KB5022899 (Monthly Rollup)","http://support.microsoft.com/kb/5022899","No LDR Only available","No LDR Only available","No LDR Only available"," ","23-02Rollup"
"Printcom.dll","Print_App","6.3.9600.0","0","","RTM","5022899","","","","","","",""
"Printfilterpipelineprxy.dll","Print_App","6.3.9600.19920","0","07-Jan-2021","GDR","5022899","February 14, 2023-KB5022899 (Monthly Rollup)","http://support.microsoft.com/kb/5022899","No LDR Only available","No LDR Only available","No LDR Only available"," ","23-02Rollup"
"Printfilterpipelinesvc.exe","Print_App","6.3.9600.20772","0","10-Jan-2023","GDR","5022899","February 14, 2023-KB5022899 (Monthly Rollup)","http://support.microsoft.com/kb/5022899","No LDR Only available","No LDR Only available","No LDR Only available","rEX","23-02Rollup"
"Printbrm.exe","Print_App","6.3.9600.17415","0","28-Oct-2014","GDR","5022899","February 14, 2023-KB5022899 (Monthly Rollup)","http://support.microsoft.com/kb/5022899","No LDR Only available","No LDR Only available","No LDR Only available"," ","23-02Rollup"
"splwow64.exe","Print_App","6.3.9600.20564","0","13-Dec-2022","GDR","5022899","February 14, 2023-KB5022899 (Monthly Rollup)","http://support.microsoft.com/kb/5022899","No LDR Only available","No LDR Only available","No LDR Only available","rEX","23-02Rollup"
"Mxdwdrv.dll","Print_Driver","0.3.9600.20777","1","10-Jan-2023","GDR","5022899","February 14, 2023-KB5022899 (Monthly Rollup)","http://support.microsoft.com/kb/5022899","No LDR Only available","No LDR Only available","No LDR Only available","rEX","23-02Rollup"
"Pcl4res.dll","Print_Driver","0.3.5479.0","1","13-Sep-2022","GDR","5022899","February 14, 2023-KB5022899 (Monthly Rollup)","http://support.microsoft.com/kb/5022899","No LDR Only available","No LDR Only available","No LDR Only available","rEX","23-02Rollup"
"Pscript5.dll","Print_Driver","0.3.9600.20777","1","10-Jan-2023","GDR","5022899","February 14, 2023-KB5022899 (Monthly Rollup)","http://support.microsoft.com/kb/5022899","No LDR Only available","No LDR Only available","No LDR Only available","rEX","23-02Rollup"
"Unidrv.dll","Print_Driver","0.3.9600.20512","1","13-Sep-2022","GDR","5022899","February 14, 2023-KB5022899 (Monthly Rollup)","http://support.microsoft.com/kb/5022899","No LDR Only available","No LDR Only available","No LDR Only available","rEX","23-02Rollup"
"Unires.dll","Print_Driver","0.3.9600.20512","1","13-Sep-2022","GDR","5022899","February 14, 2023-KB5022899 (Monthly Rollup)","http://support.microsoft.com/kb/5022899","No LDR Only available","No LDR Only available","No LDR Only available","rEX","23-02Rollup"
"xpssvcs.dll","Print_Driver","6.3.9600.18048","1","30.10.2014","GDR","3000850","November 2014 update rollup for Windows RT 8.1, Windows 8.1, and Windows Server 2012 R2","http://support.microsoft.com/kb/3000850","No LDR Only available","No LDR Only available","No LDR Only available","rEX","14-11Rollup"
"Mshtml.dll","IE_Client","11.0.9600.20671","0","08-Nov-2022","GDR","5022899","February 14, 2023-KB5022899 (Monthly Rollup)","http://support.microsoft.com/kb/5022899","No LDR Only available","No LDR Only available","No LDR Only available","rEX","23-02Rollup"
