"Binary","Component","Version","Prio","Published","Branch","Article","Title","Link","LDROnlyKB","LDROnlyTitle","LDROnlyLink","Comment","RollupInfo"
"Clussvc.exe","Cluster_Core","6.2.19041.1","0","06-May-20","GDR","5003173","May 11, 2021-KB5003173 (OS Builds 19041.985 and 19042.985)","http://support.microsoft.com/kb/5003173","KB only","KB only","KB only"," ","21-05Rollup"
"ClusWMI.dll","Cluster_Core","6.2.19041.1","0","06-May-20","GDR","5003173","May 11, 2021-KB5003173 (OS Builds 19041.985 and 19042.985)","http://support.microsoft.com/kb/5003173","KB only","KB only","KB only"," ","21-05Rollup"
"Rhs.exe","Cluster_Core","6.2.19041.1","0","06-May-20","GDR","5003173","May 11, 2021-KB5003173 (OS Builds 19041.985 and 19042.985)","http://support.microsoft.com/kb/5003173","KB only","KB only","KB only"," ","21-05Rollup"
"Clusres.dll","Cluster_Core","6.2.19041.1","0","06-May-20","GDR","5003173","May 11, 2021-KB5003173 (OS Builds 19041.985 and 19042.985)","http://support.microsoft.com/kb/5003173","KB only","KB only","KB only"," ","21-05Rollup"
"Clusres2.dll","Cluster_Core","6.2.19041.1","0","06-May-20","GDR","5003173","May 11, 2021-KB5003173 (OS Builds 19041.985 and 19042.985)","http://support.microsoft.com/kb/5003173","KB only","KB only","KB only"," ","21-05Rollup"
"Netft.sys","Cluster_Core","6.2.19041.1","0","06-May-20","GDR","5003173","May 11, 2021-KB5003173 (OS Builds 19041.985 and 19042.985)","http://support.microsoft.com/kb/5003173","KB only","KB only","KB only"," ","21-05Rollup"
"Clusauthmgr.dll","Cluster_Core","6.2.19041.1","0","06-May-20","GDR","5003173","May 11, 2021-KB5003173 (OS Builds 19041.985 and 19042.985)","http://support.microsoft.com/kb/5003173","KB only","KB only","KB only"," ","21-05Rollup"
"Witness.dll","Cluster_Core","6.2.19041.1","0","06-May-20","GDR","5003173","May 11, 2021-KB5003173 (OS Builds 19041.985 and 19042.985)","http://support.microsoft.com/kb/5003173","KB only","KB only","KB only"," ","21-05Rollup"
"Csvflt.sys","Cluster_CSV","6.2.19041.1","0","06-May-20","GDR","5003173","May 11, 2021-KB5003173 (OS Builds 19041.985 and 19042.985)","http://support.microsoft.com/kb/5003173","KB only","KB only","KB only"," ","21-05Rollup"
"Csvfs.sys","Cluster_CSV","6.2.19041.1","0","06-May-20","GDR","5003173","May 11, 2021-KB5003173 (OS Builds 19041.985 and 19042.985)","http://support.microsoft.com/kb/5003173","KB only","KB only","KB only"," ","21-05Rollup"
"Csvfilter.sys","Cluster_CSV","6.2.19041.1","0","06-May-20","GDR","5003173","May 11, 2021-KB5003173 (OS Builds 19041.985 and 19042.985)","http://support.microsoft.com/kb/5003173","KB only","KB only","KB only"," ","21-05Rollup"
"Vhdmp.sys","Cluster_CSV","6.2.19041.906","0","29-Mar-21","GDR","5003173","May 11, 2021-KB5003173 (OS Builds 19041.985 and 19042.985)","http://support.microsoft.com/kb/5003173","KB only","KB only","KB only"," ","21-05Rollup"
"Svhdxflt.sys","Cluster_CSV","6.2.19041.1","0","06-May-20","GDR","5003173","May 11, 2021-KB5003173 (OS Builds 19041.985 and 19042.985)","http://support.microsoft.com/kb/5003173","KB only","KB only","KB only"," ","21-05Rollup"
"Clusdisk.sys","Cluster_Disk","6.2.19041.1","0","06-May-20","GDR","5003173","May 11, 2021-KB5003173 (OS Builds 19041.985 and 19042.985)","http://support.microsoft.com/kb/5003173","KB only","KB only","KB only"," ","21-05Rollup"
"Volsnap.sys","Cluster_Volsnap","6.2.19041.488","0","06-May-20","GDR","5003173","May 11, 2021-KB5003173 (OS Builds 19041.985 and 19042.985)","http://support.microsoft.com/kb/5003173","KB only","KB only","KB only"," ","21-05Rollup"
"Cprepsrv.exe","Cluster_Validation","6.2.19041.1","1","06-May-20","GDR","5003173","May 11, 2021-KB5003173 (OS Builds 19041.985 and 19042.985)","http://support.microsoft.com/kb/5003173","KB only","KB only","KB only"," ","21-05Rollup"
"Failoverclusters.agent.interop.dll","Cluster_Validation","6.2.19041.662","1","06-May-20","GDR","5003173","May 11, 2021-KB5003173 (OS Builds 19041.985 and 19042.985)","http://support.microsoft.com/kb/5003173","KB only","KB only","KB only"," ","21-05Rollup"
"Microsoft.failoverclusters.framework.dll","Cluster_Validation","6.2.19041.1","1","06-May-20","GDR","5003173","May 11, 2021-KB5003173 (OS Builds 19041.985 and 19042.985)","http://support.microsoft.com/kb/5003173","KB only","KB only","KB only"," ","21-05Rollup"
"Mpio.sys","Core_MPIO","6.2.19041.1","0","06-May-20","GDR","5003173","May 11, 2021-KB5003173 (OS Builds 19041.985 and 19042.985)","http://support.microsoft.com/kb/5003173","KB only","KB only","KB only"," ","21-05Rollup"
"Msdsm.sys","Core_MPIO","6.2.19041.1","0","06-May-20","GDR","5003173","May 11, 2021-KB5003173 (OS Builds 19041.985 and 19042.985)","http://support.microsoft.com/kb/5003173","KB only","KB only","KB only"," ","21-05Rollup"
"Storport.sys","Core_DiskSystem","6.2.19041.964","0","28-Apr-21","GDR","5003173","May 11, 2021-KB5003173 (OS Builds 19041.985 and 19042.985)","http://support.microsoft.com/kb/5003173","KB only","KB only","KB only"," ","21-05Rollup"
"4598481","Win2016_2004_21-01_SSU_KB"," ","0","12-Jan-2021","GDR","4598481","Servicing stack update for Windows 10, version 2004 and 20H2: January 12, 2021","http://support.microsoft.com/kb/4598481","KB only","KB only","KB Only"," ","No Rollup"
"5003173","Win20162004_21-05_B_rollup_KB"," ","0","11-May-2021","GDR","5003173","May 11, 2021-KB5003173 (OS Builds 19041.985 and 19042.985)","http://support.microsoft.com/kb/5003173","KB only","KB only","KB only"," ","21-05Rollup"
