"Binary","Component","Version","Prio","Published","Branch","Article","Title","Link","LDROnlyKB","LDROnlyTitle","LDROnlyLink","Comment","RollupInfo"
"Localspl.dll","Print_Spool","6.2.20348.946","0","07-Sep-2022","GDR","5017316","September 13, 2022-KB5017316 (OS Build 20348.1006)","http://support.microsoft.com/kb/5017316","No LDR Only available","No LDR Only available","No LDR Only available"," ","22-09Rollup"
"Win32spl.dll","Print_Spool","6.2.20348.803","0","07-Sep-2022","GDR","5017316","September 13, 2022-KB5017316 (OS Build 20348.1006)","http://support.microsoft.com/kb/5017316","No LDR Only available","No LDR Only available","No LDR Only available"," ","22-09Rollup"
"Spoolss.dll","Print_Spool","6.2.20348.643","0","07-Sep-2022","GDR","5017316","September 13, 2022-KB5017316 (OS Build 20348.1006)","http://support.microsoft.com/kb/5017316","No LDR Only available","No LDR Only available","No LDR Only available"," ","22-09Rollup"
"Spoolsv.exe","Print_Spool","6.2.20348.1006","0","07-Sep-2022","GDR","5017316","September 13, 2022-KB5017316 (OS Build 20348.1006)","http://support.microsoft.com/kb/5017316","No LDR Only available","No LDR Only available","No LDR Only available"," ","22-09Rollup"
"Winspool.drv","Print_Spool","6.2.20348.859","0","07-Sep-2022","GDR","5017316","September 13, 2022-KB5017316 (OS Build 20348.1006)","http://support.microsoft.com/kb/5017316","No LDR Only available","No LDR Only available","No LDR Only available"," ","22-09Rollup"
"Ntprint.exe","Print_App","6.2.20348.320","0","07-Sep-2022","GDR","5017316","September 13, 2022-KB5017316 (OS Build 20348.1006)","http://support.microsoft.com/kb/5017316","No LDR Only available","No LDR Only available","No LDR Only available"," ","22-09Rollup"
"Printui.dll","Print_App","6.2.20348.946","0","07-Sep-2022","GDR","5017316","September 13, 2022-KB5017316 (OS Build 20348.1006)","http://support.microsoft.com/kb/5017316","No LDR Only available","No LDR Only available","No LDR Only available"," ","22-09Rollup"
"Printbrm.exe","Print_App","6.2.20348.320","0","07-Sep-2022","GDR","5017316","September 13, 2022-KB5017316 (OS Build 20348.1006)","http://support.microsoft.com/kb/5017316","No LDR Only available","No LDR Only available","No LDR Only available"," ","22-09Rollup"
"splwow64.exe","Print_App","6.2.20348.1006","0","07-Sep-2022","GDR","5017316","September 13, 2022-KB5017316 (OS Build 20348.1006)","http://support.microsoft.com/kb/5017316","No LDR Only available","No LDR Only available","No LDR Only available"," ","22-09Rollup"
"5017316","Win2022_22-09_B_rollup_KB"," ","0","13-Sep-2022","GDR","5017316","September 13, 2022-KB5017316 (OS Build 20348.1006)","http://support.microsoft.com/kb/5017316","No LDR Only available","No LDR Only available","No LDR Only available"," ","22-09Rollup"
