"Binary","Component","Version","Prio","Published","Branch","Article","Title","Link","LDROnlyKB","LDROnlyTitle","LDROnlyLink","Comment","RollupInfo"
"Robocopy.exe","Net_Applications","6.2.20348.740","1","07-Sep-2022","GDR","5017316","September 13, 2022-KB5017316 (OS Build 20348.1006)","http://support.microsoft.com/kb/5017316","No LDR Only available","No LDR Only available","No LDR Only available"," ","22-09Rollup"
"srv.sys","Net_SMB_Server","6.2.20348.803","0","07-Sep-2022","GDR","5017316","September 13, 2022-KB5017316 (OS Build 20348.1006)","http://support.microsoft.com/kb/5017316","No LDR Only available","No LDR Only available","No LDR Only available"," ","22-09Rollup"
"srv2.sys","Net_SMB_Server","6.2.20348.946","0","07-Sep-2022","GDR","5017316","September 13, 2022-KB5017316 (OS Build 20348.1006)","http://support.microsoft.com/kb/5017316","No LDR Only available","No LDR Only available","No LDR Only available"," ","22-09Rollup"
"srvnet.sys","Net_SMB_Server","6.2.20348.859","0","07-Sep-2022","GDR","5017316","September 13, 2022-KB5017316 (OS Build 20348.1006)","http://support.microsoft.com/kb/5017316","No LDR Only available","No LDR Only available","No LDR Only available"," ","22-09Rollup"
"Srvsvc.dll","Net_SMB_Server","6.2.20348.825","0","07-Sep-2022","GDR","5017316","September 13, 2022-KB5017316 (OS Build 20348.1006)","http://support.microsoft.com/kb/5017316","No LDR Only available","No LDR Only available","No LDR Only available"," ","22-09Rollup"
"Mrxsmb.sys","Net_SMB_Client","6.2.20348.946","0","07-Sep-2022","GDR","5017316","September 13, 2022-KB5017316 (OS Build 20348.1006)","http://support.microsoft.com/kb/5017316","No LDR Only available","No LDR Only available","No LDR Only available"," ","22-09Rollup"
"Mrxsmb10.sys","Net_SMB_Client","6.2.20348.946","0","07-Sep-2022","GDR","5017316","September 13, 2022-KB5017316 (OS Build 20348.1006)","http://support.microsoft.com/kb/5017316","No LDR Only available","No LDR Only available","No LDR Only available"," ","22-09Rollup"
"Mrxsmb20.sys","Net_SMB_Client","6.2.20348.946","0","07-Sep-2022","GDR","5017316","September 13, 2022-KB5017316 (OS Build 20348.1006)","http://support.microsoft.com/kb/5017316","No LDR Only available","No LDR Only available","No LDR Only available"," ","22-09Rollup"
"Rdbss.sys","Net_SMB_Client","6.2.20348.946","0","07-Sep-2022","GDR","5017316","September 13, 2022-KB5017316 (OS Build 20348.1006)","http://support.microsoft.com/kb/5017316","No LDR Only available","No LDR Only available","No LDR Only available"," ","22-09Rollup"
"wkssvc.dll","Net_SMB_Client","6.2.20348.617","0","07-Sep-2022","GDR","5017316","September 13, 2022-KB5017316 (OS Build 20348.1006)","http://support.microsoft.com/kb/5017316","No LDR Only available","No LDR Only available","No LDR Only available"," ","22-09Rollup"
"Mpr.dll","Net_SMB_Client","6.2.20348.803","0","07-Sep-2022","GDR","5017316","September 13, 2022-KB5017316 (OS Build 20348.1006)","http://support.microsoft.com/kb/5017316","No LDR Only available","No LDR Only available","No LDR Only available"," ","22-09Rollup"
"NtLanman.dll","Net_SMB_Client","6.2.20348.859","0","07-Sep-2022","GDR","5017316","September 13, 2022-KB5017316 (OS Build 20348.1006)","http://support.microsoft.com/kb/5017316","No LDR Only available","No LDR Only available","No LDR Only available"," ","22-09Rollup"
"Tcpip.sys","Net_Protocol","6.2.20348.1006","0","07-Sep-2022","GDR","5017316","September 13, 2022-KB5017316 (OS Build 20348.1006)","http://support.microsoft.com/kb/5017316","No LDR Only available","No LDR Only available","No LDR Only available"," ","22-09Rollup"
"Afd.sys","Net_Protocol","6.2.20348.768","0","07-Sep-2022","GDR","5017316","September 13, 2022-KB5017316 (OS Build 20348.1006)","http://support.microsoft.com/kb/5017316","No LDR Only available","No LDR Only available","No LDR Only available"," ","22-09Rollup"
"Netio.sys","Net_Protocol","6.2.20348.740","0","07-Sep-2022","GDR","5017316","September 13, 2022-KB5017316 (OS Build 20348.1006)","http://support.microsoft.com/kb/5017316","No LDR Only available","No LDR Only available","No LDR Only available"," ","22-09Rollup"
"Ndis.sys","Net_Protocol","6.2.20348.320","0","07-Sep-2022","GDR","5017316","September 13, 2022-KB5017316 (OS Build 20348.1006)","http://support.microsoft.com/kb/5017316","No LDR Only available","No LDR Only available","No LDR Only available"," ","22-09Rollup"
"Tdx.sys","Net_Protocol","6.2.20348.230","0","07-Sep-2022","GDR","5017316","September 13, 2022-KB5017316 (OS Build 20348.1006)","http://support.microsoft.com/kb/5017316","No LDR Only available","No LDR Only available","No LDR Only available"," ","22-09Rollup"
"Iphlpapi.dll","Net_Protocol","6.2.20348.261","0","07-Sep-2022","GDR","5017316","September 13, 2022-KB5017316 (OS Build 20348.1006)","http://support.microsoft.com/kb/5017316","No LDR Only available","No LDR Only available","No LDR Only available"," ","22-09Rollup"
"Dhcpcore6.dll","Net_IPv6","6.2.20348.946","1","07-Sep-2022","GDR","5017316","September 13, 2022-KB5017316 (OS Build 20348.1006)","http://support.microsoft.com/kb/5017316","No LDR Only available","No LDR Only available","No LDR Only available"," ","22-09Rollup"
"Dhcpcsvc6.dll","Net_IPv6","6.2.20348.946","1","07-Sep-2022","GDR","5017316","September 13, 2022-KB5017316 (OS Build 20348.1006)","http://support.microsoft.com/kb/5017316","No LDR Only available","No LDR Only available","No LDR Only available"," ","22-09Rollup"
"Nlasvc.dll","Net_NLA","6.2.20348.469","0","07-Sep-2022","GDR","5017316","September 13, 2022-KB5017316 (OS Build 20348.1006)","http://support.microsoft.com/kb/5017316","No LDR Only available","No LDR Only available","No LDR Only available"," ","22-09Rollup"
"Ncsi.dll","Net_NLA","6.2.20348.469","0","07-Sep-2022","GDR","5017316","September 13, 2022-KB5017316 (OS Build 20348.1006)","http://support.microsoft.com/kb/5017316","No LDR Only available","No LDR Only available","No LDR Only available"," ","22-09Rollup"
"Nlaapi.dll","Net_NLA","6.2.20348.469","0","07-Sep-2022","GDR","5017316","September 13, 2022-KB5017316 (OS Build 20348.1006)","http://support.microsoft.com/kb/5017316","No LDR Only available","No LDR Only available","No LDR Only available"," ","22-09Rollup"
"Dns.exe","Net_DNS_Srv","6.2.20348.1006","0","07-Sep-2022","GDR","5017316","September 13, 2022-KB5017316 (OS Build 20348.1006)","http://support.microsoft.com/kb/5017316","No LDR Only available","No LDR Only available","No LDR Only available"," ","22-09Rollup"
"Dhcpssvc.dll","Net_DHCP_Srv","6.2.20348.946","0","07-Sep-2022","GDR","5017316","September 13, 2022-KB5017316 (OS Build 20348.1006)","http://support.microsoft.com/kb/5017316","No LDR Only available","No LDR Only available","No LDR Only available"," ","22-09Rollup"
"Dfssvc.exe","Net_DFS-N_Srv","6.2.20348.143","0","07-Sep-2022","GDR","5017316","September 13, 2022-KB5017316 (OS Build 20348.1006)","http://support.microsoft.com/kb/5017316","No LDR Only available","No LDR Only available","No LDR Only available"," ","22-09Rollup"
"Nfssvc.exe","Net_NFS_Srv","6.2.20348.887","0","07-Sep-2022","GDR","5017316","September 13, 2022-KB5017316 (OS Build 20348.1006)","http://support.microsoft.com/kb/5017316","No LDR Only available","No LDR Only available","No LDR Only available"," ","22-09Rollup"
"Nfssvr.sys","Net_NFS_Srv","6.2.20348.887","0","07-Sep-2022","GDR","5017316","September 13, 2022-KB5017316 (OS Build 20348.1006)","http://support.microsoft.com/kb/5017316","No LDR Only available","No LDR Only available","No LDR Only available"," ","22-09Rollup"
"Msnfsflt.sys","Net_NFS_Srv","6.2.20348.887","0","07-Sep-2022","GDR","5017316","September 13, 2022-KB5017316 (OS Build 20348.1006)","http://support.microsoft.com/kb/5017316","No LDR Only available","No LDR Only available","No LDR Only available"," ","22-09Rollup"
"portmap.sys","Net_NFS_Srv","6.2.20348.1006","0","07-Sep-2022","GDR","5017316","September 13, 2022-KB5017316 (OS Build 20348.1006)","http://support.microsoft.com/kb/5017316","No LDR Only available","No LDR Only available","No LDR Only available"," ","22-09Rollup"
"rpcxdr.sys","Net_NFS_Srv","6.2.20348.825","0","07-Sep-2022","GDR","5017316","September 13, 2022-KB5017316 (OS Build 20348.1006)","http://support.microsoft.com/kb/5017316","No LDR Only available","No LDR Only available","No LDR Only available"," ","22-09Rollup"
"Csc.sys","Net_CSC_Offline","6.2.20348.946","1","07-Sep-2022","GDR","5017316","September 13, 2022-KB5017316 (OS Build 20348.1006)","http://support.microsoft.com/kb/5017316","No LDR Only available","No LDR Only available","No LDR Only available"," ","22-09Rollup"
"Cscsvc.dll","Net_CSC_Offline","6.2.20348.380","1","07-Sep-2022","GDR","5017316","September 13, 2022-KB5017316 (OS Build 20348.1006)","http://support.microsoft.com/kb/5017316","No LDR Only available","No LDR Only available","No LDR Only available"," ","22-09Rollup"
"Cscmig.dll","Net_CSC_Offline","6.2.20348.946","1","07-Sep-2022","GDR","5017316","September 13, 2022-KB5017316 (OS Build 20348.1006)","http://support.microsoft.com/kb/5017316","No LDR Only available","No LDR Only available","No LDR Only available"," ","22-09Rollup"
"Mrxdav.sys","Net_WebDAV","6.2.20348.558","1","07-Sep-2022","GDR","5017316","September 13, 2022-KB5017316 (OS Build 20348.1006)","http://support.microsoft.com/kb/5017316","No LDR Only available","No LDR Only available","No LDR Only available"," ","22-09Rollup"
"Webclnt.dll","Net_WebDAV","6.2.20348.558","1","07-Sep-2022","GDR","5017316","September 13, 2022-KB5017316 (OS Build 20348.1006)","http://support.microsoft.com/kb/5017316","No LDR Only available","No LDR Only available","No LDR Only available"," ","22-09Rollup"
"Shell32.dll","Net_WebDAV","6.2.20348.946","1","07-Sep-2022","GDR","5017316","September 13, 2022-KB5017316 (OS Build 20348.1006)","http://support.microsoft.com/kb/5017316","No LDR Only available","No LDR Only available","No LDR Only available"," ","22-09Rollup"
"Winhttp.dll","Net_WebDAV","6.2.20348.681","1","07-Sep-2022","GDR","5017316","September 13, 2022-KB5017316 (OS Build 20348.1006)","http://support.microsoft.com/kb/5017316","No LDR Only available","No LDR Only available","No LDR Only available"," ","22-09Rollup"
"Dfsc.sys","Net_DFS-N_Client","6.2.20348.1006","0","07-Sep-2022","GDR","5017316","September 13, 2022-KB5017316 (OS Build 20348.1006)","http://support.microsoft.com/kb/5017316","No LDR Only available","No LDR Only available","No LDR Only available"," ","22-09Rollup"
"Dhcpcore.dll","Net_DHCP_Client","6.2.20348.946","1","07-Sep-2022","GDR","5017316","September 13, 2022-KB5017316 (OS Build 20348.1006)","http://support.microsoft.com/kb/5017316","No LDR Only available","No LDR Only available","No LDR Only available"," ","22-09Rollup"
"Dhcpcsvc.dll","Net_DHCP_Client","6.2.20348.946","1","07-Sep-2022","GDR","5017316","September 13, 2022-KB5017316 (OS Build 20348.1006)","http://support.microsoft.com/kb/5017316","No LDR Only available","No LDR Only available","No LDR Only available"," ","22-09Rollup"
"Nfsclnt.exe","Net_NFS_Client","6.2.20348.558","1","07-Sep-2022","GDR","5017316","September 13, 2022-KB5017316 (OS Build 20348.1006)","http://support.microsoft.com/kb/5017316","No LDR Only available","No LDR Only available","No LDR Only available"," ","22-09Rollup"
"Nfsrdr.sys","Net_NFS_Client","6.2.20348.558","1","07-Sep-2022","GDR","5017316","September 13, 2022-KB5017316 (OS Build 20348.1006)","http://support.microsoft.com/kb/5017316","No LDR Only available","No LDR Only available","No LDR Only available"," ","22-09Rollup"
"dnsapi.dll","Net_DNS_Client","6.2.20348.859","1","07-Sep-2022","GDR","5017316","September 13, 2022-KB5017316 (OS Build 20348.1006)","http://support.microsoft.com/kb/5017316","No LDR Only available","No LDR Only available","No LDR Only available"," ","22-09Rollup"
"dnsrslvr.dll","Net_DNS_Client","6.2.20348.859","1","07-Sep-2022","GDR","5017316","September 13, 2022-KB5017316 (OS Build 20348.1006)","http://support.microsoft.com/kb/5017316","No LDR Only available","No LDR Only available","No LDR Only available"," ","22-09Rollup"
"Rpcss.dll","Net_RPC","6.2.20348.946","1","07-Sep-2022","GDR","5017316","September 13, 2022-KB5017316 (OS Build 20348.1006)","http://support.microsoft.com/kb/5017316","No LDR Only available","No LDR Only available","No LDR Only available"," ","22-09Rollup"
"Rpcrt4.dll","Net_RPC","6.2.20348.803","1","07-Sep-2022","GDR","5017316","September 13, 2022-KB5017316 (OS Build 20348.1006)","http://support.microsoft.com/kb/5017316","No LDR Only available","No LDR Only available","No LDR Only available"," ","22-09Rollup"
"Bfe.dll","Net_Ipsec_BFE","6.2.20348.1006","1","07-Sep-2022","GDR","5017316","September 13, 2022-KB5017316 (OS Build 20348.1006)","http://support.microsoft.com/kb/5017316","No LDR Only available","No LDR Only available","No LDR Only available"," ","22-09Rollup"
"Ikeext.dll","Net_Ipsec_BFE","6.2.20348.1006","1","07-Sep-2022","GDR","5017316","September 13, 2022-KB5017316 (OS Build 20348.1006)","http://support.microsoft.com/kb/5017316","No LDR Only available","No LDR Only available","No LDR Only available"," ","22-09Rollup"
"Fwpuclnt.dll","Net_Ipsec_BFE","6.2.20348.288","1","07-Sep-2022","GDR","5017316","September 13, 2022-KB5017316 (OS Build 20348.1006)","http://support.microsoft.com/kb/5017316","No LDR Only available","No LDR Only available","No LDR Only available"," ","22-09Rollup"
"Iphlpsvc.dll","Net_DirectAccess_Client","6.2.20348.946","1","07-Sep-2022","GDR","5017316","September 13, 2022-KB5017316 (OS Build 20348.1006)","http://support.microsoft.com/kb/5017316","No LDR Only available","No LDR Only available","No LDR Only available"," ","22-09Rollup"
"Rdpcore.dll","Net_DirectAccess_Client","6.2.20348.707","1","07-Sep-2022","GDR","5017316","September 13, 2022-KB5017316 (OS Build 20348.1006)","http://support.microsoft.com/kb/5017316","No LDR Only available","No LDR Only available","No LDR Only available"," ","22-09Rollup"
"Raserverpsprovider.dll","Net_DirectAccess_Srv","6.2.20348.617","1","07-Sep-2022","GDR","5017316","September 13, 2022-KB5017316 (OS Build 20348.1006)","http://support.microsoft.com/kb/5017316","No LDR Only available","No LDR Only available","No LDR Only available"," ","22-09Rollup"
"dot3svc.dll","Net_IEEE802.1x","6.2.20348.946","1","07-Sep-2022","GDR","5017316","September 13, 2022-KB5017316 (OS Build 20348.1006)","http://support.microsoft.com/kb/5017316","No LDR Only available","No LDR Only available","No LDR Only available"," ","22-09Rollup"
"Rastls.dll","Net_IEEE802.1x","6.2.20348.803","1","07-Sep-2022","GDR","5017316","September 13, 2022-KB5017316 (OS Build 20348.1006)","http://support.microsoft.com/kb/5017316","No LDR Only available","No LDR Only available","No LDR Only available"," ","22-09Rollup"
"wlansvc.dll","Net_WLAN_Client","6.2.20348.946","1","07-Sep-2022","GDR","5017316","September 13, 2022-KB5017316 (OS Build 20348.1006)","http://support.microsoft.com/kb/5017316","No LDR Only available","No LDR Only available","No LDR Only available"," ","22-09Rollup"
"wlanmsm.dll","Net_WLAN_Client","6.2.20348.946","1","07-Sep-2022","GDR","5017316","September 13, 2022-KB5017316 (OS Build 20348.1006)","http://support.microsoft.com/kb/5017316","No LDR Only available","No LDR Only available","No LDR Only available"," ","22-09Rollup"
"wlanapi.dll","Net_WLAN_Client","6.2.20348.946","1","07-Sep-2022","GDR","5017316","September 13, 2022-KB5017316 (OS Build 20348.1006)","http://support.microsoft.com/kb/5017316","No LDR Only available","No LDR Only available","No LDR Only available"," ","22-09Rollup"
"wlansec.dll","Net_WLAN_Client","6.2.20348.946","1","07-Sep-2022","GDR","5017316","September 13, 2022-KB5017316 (OS Build 20348.1006)","http://support.microsoft.com/kb/5017316","No LDR Only available","No LDR Only available","No LDR Only available"," ","22-09Rollup"
"wlansvcpal.dll","Net_WLAN_Client","6.2.20348.946","1","07-Sep-2022","GDR","5017316","September 13, 2022-KB5017316 (OS Build 20348.1006)","http://support.microsoft.com/kb/5017316","No LDR Only available","No LDR Only available","No LDR Only available"," ","22-09Rollup"
"wlanhlp.dll","Net_WLAN_Client","6.2.20348.946","1","07-Sep-2022","GDR","5017316","September 13, 2022-KB5017316 (OS Build 20348.1006)","http://support.microsoft.com/kb/5017316","No LDR Only available","No LDR Only available","No LDR Only available"," ","22-09Rollup"
"Syncsharesvc.dll","Net_WorkFolders","6.2.20348.803","1","07-Sep-2022","GDR","5017316","September 13, 2022-KB5017316 (OS Build 20348.1006)","http://support.microsoft.com/kb/5017316","No LDR Only available","No LDR Only available","No LDR Only available"," ","22-09Rollup"
"Syncsharesrv.dll","Net_WorkFolders","6.2.20348.803","1","07-Sep-2022","GDR","5017316","September 13, 2022-KB5017316 (OS Build 20348.1006)","http://support.microsoft.com/kb/5017316","No LDR Only available","No LDR Only available","No LDR Only available"," ","22-09Rollup"
"Syncsharettlib.dll","Net_WorkFolders","6.2.20348.803","1","07-Sep-2022","GDR","5017316","September 13, 2022-KB5017316 (OS Build 20348.1006)","http://support.microsoft.com/kb/5017316","No LDR Only available","No LDR Only available","No LDR Only available"," ","22-09Rollup"
"Syncsharettsvc.exe","Net_WorkFolders","6.2.20348.803","1","07-Sep-2022","GDR","5017316","September 13, 2022-KB5017316 (OS Build 20348.1006)","http://support.microsoft.com/kb/5017316","No LDR Only available","No LDR Only available","No LDR Only available"," ","22-09Rollup"
"MpsSvc.dll","Net_Firewall","6.2.20348.946","1","07-Sep-2022","GDR","5017316","September 13, 2022-KB5017316 (OS Build 20348.1006)","http://support.microsoft.com/kb/5017316","No LDR Only available","No LDR Only available","No LDR Only available"," ","22-09Rollup"
"rasmans.dll","Net_VPN","6.2.20348.1006","1","07-Sep-2022","GDR","5017316","September 13, 2022-KB5017316 (OS Build 20348.1006)","http://support.microsoft.com/kb/5017316","No LDR Only available","No LDR Only available","No LDR Only available"," ","22-09Rollup"
"Netlogon.dll","Dom_NETLOGON","6.2.20348.946","0","07-Sep-2022","GDR","5017316","September 13, 2022-KB5017316 (OS Build 20348.1006)","http://support.microsoft.com/kb/5017316","No LDR Only available","No LDR Only available","No LDR Only available"," ","22-09Rollup"
"LogonCli.dll","Dom_NETLOGON","6.2.20348.946","0","07-Sep-2022","GDR","5017316","September 13, 2022-KB5017316 (OS Build 20348.1006)","http://support.microsoft.com/kb/5017316","No LDR Only available","No LDR Only available","No LDR Only available"," ","22-09Rollup"
"Winlogon.exe","Dom_WINLOGON","6.2.20348.859","0","07-Sep-2022","GDR","5017316","September 13, 2022-KB5017316 (OS Build 20348.1006)","http://support.microsoft.com/kb/5017316","No LDR Only available","No LDR Only available","No LDR Only available"," ","22-09Rollup"
"Kerberos.dll","Dom_KERBEROS","6.2.20348.946","0","07-Sep-2022","GDR","5017316","September 13, 2022-KB5017316 (OS Build 20348.1006)","http://support.microsoft.com/kb/5017316","No LDR Only available","No LDR Only available","No LDR Only available"," ","22-09Rollup"
"Msv1_0.dll","Dom_NTLM","6.2.20348.887","1","07-Sep-2022","GDR","5017316","September 13, 2022-KB5017316 (OS Build 20348.1006)","http://support.microsoft.com/kb/5017316","No LDR Only available","No LDR Only available","No LDR Only available"," ","22-09Rollup"
"Wldap32.dll","Dom_LDAPClient","6.2.20348.1006","0","07-Sep-2022","GDR","5017316","September 13, 2022-KB5017316 (OS Build 20348.1006)","http://support.microsoft.com/kb/5017316","No LDR Only available","No LDR Only available","No LDR Only available"," ","22-09Rollup"
"Lsass.exe","Dom_LSA","6.2.20348.803","0","07-Sep-2022","GDR","5017316","September 13, 2022-KB5017316 (OS Build 20348.1006)","http://support.microsoft.com/kb/5017316","No LDR Only available","No LDR Only available","No LDR Only available"," ","22-09Rollup"
"Lsasrv.dll","Dom_LSA","6.2.20348.1006","0","07-Sep-2022","GDR","5017316","September 13, 2022-KB5017316 (OS Build 20348.1006)","http://support.microsoft.com/kb/5017316","No LDR Only available","No LDR Only available","No LDR Only available"," ","22-09Rollup"
"Ksecdd.sys","Dom_LSA","6.2.20348.803","0","07-Sep-2022","GDR","5017316","September 13, 2022-KB5017316 (OS Build 20348.1006)","http://support.microsoft.com/kb/5017316","No LDR Only available","No LDR Only available","No LDR Only available"," ","22-09Rollup"
"Ksecpkg.sys","Dom_LSA","6.2.20348.1006","0","07-Sep-2022","GDR","5017316","September 13, 2022-KB5017316 (OS Build 20348.1006)","http://support.microsoft.com/kb/5017316","No LDR Only available","No LDR Only available","No LDR Only available"," ","22-09Rollup"
"Secur32.dll","Dom_LSA","6.2.20348.946","0","07-Sep-2022","GDR","5017316","September 13, 2022-KB5017316 (OS Build 20348.1006)","http://support.microsoft.com/kb/5017316","No LDR Only available","No LDR Only available","No LDR Only available"," ","22-09Rollup"
"Sspicli.dll","Dom_LSA","6.2.20348.803","0","07-Sep-2022","GDR","5017316","September 13, 2022-KB5017316 (OS Build 20348.1006)","http://support.microsoft.com/kb/5017316","No LDR Only available","No LDR Only available","No LDR Only available"," ","22-09Rollup"
"Sspisrv.dll","Dom_LSA","6.2.20348.803","0","07-Sep-2022","GDR","5017316","September 13, 2022-KB5017316 (OS Build 20348.1006)","http://support.microsoft.com/kb/5017316","No LDR Only available","No LDR Only available","No LDR Only available"," ","22-09Rollup"
"Schannel.dll","Dom_LSA","6.2.20348.1006","0","07-Sep-2022","GDR","5017316","September 13, 2022-KB5017316 (OS Build 20348.1006)","http://support.microsoft.com/kb/5017316","No LDR Only available","No LDR Only available","No LDR Only available"," ","22-09Rollup"
"Scesrv.dll","Dom_SecAuditAndConfig","6.2.20348.946","1","07-Sep-2022","GDR","5017316","September 13, 2022-KB5017316 (OS Build 20348.1006)","http://support.microsoft.com/kb/5017316","No LDR Only available","No LDR Only available","No LDR Only available"," ","22-09Rollup"
"AclUI.dll","Dom_SecAuditAndConfig","6.2.20348.380","1","07-Sep-2022","GDR","5017316","September 13, 2022-KB5017316 (OS Build 20348.1006)","http://support.microsoft.com/kb/5017316","No LDR Only available","No LDR Only available","No LDR Only available"," ","22-09Rollup"
"Crypt32.dll","Dom_CRYPTO","6.2.20348.887","1","07-Sep-2022","GDR","5017316","September 13, 2022-KB5017316 (OS Build 20348.1006)","http://support.microsoft.com/kb/5017316","No LDR Only available","No LDR Only available","No LDR Only available"," ","22-09Rollup"
"Wintrust.dll","Dom_CRYPTO","6.2.20348.946","1","07-Sep-2022","GDR","5017316","September 13, 2022-KB5017316 (OS Build 20348.1006)","http://support.microsoft.com/kb/5017316","No LDR Only available","No LDR Only available","No LDR Only available"," ","22-09Rollup"
"Dimsroam.dll","Dom_DIMS","6.2.20348.1006","1","07-Sep-2022","GDR","5017316","September 13, 2022-KB5017316 (OS Build 20348.1006)","http://support.microsoft.com/kb/5017316","No LDR Only available","No LDR Only available","No LDR Only available"," ","22-09Rollup"
"Adprovider.dll","Dom_DIMS","6.2.20348.1006","1","07-Sep-2022","GDR","5017316","September 13, 2022-KB5017316 (OS Build 20348.1006)","http://support.microsoft.com/kb/5017316","No LDR Only available","No LDR Only available","No LDR Only available"," ","22-09Rollup"
"Capiprovider.dll","Dom_DIMS","6.2.20348.1006","1","07-Sep-2022","GDR","5017316","September 13, 2022-KB5017316 (OS Build 20348.1006)","http://support.microsoft.com/kb/5017316","No LDR Only available","No LDR Only available","No LDR Only available"," ","22-09Rollup"
"Cngprovider.dll","Dom_DIMS","6.2.20348.1006","1","07-Sep-2022","GDR","5017316","September 13, 2022-KB5017316 (OS Build 20348.1006)","http://support.microsoft.com/kb/5017316","No LDR Only available","No LDR Only available","No LDR Only available"," ","22-09Rollup"
"Dpapiprovider.dll","Dom_DIMS","6.2.20348.1006","1","07-Sep-2022","GDR","5017316","September 13, 2022-KB5017316 (OS Build 20348.1006)","http://support.microsoft.com/kb/5017316","No LDR Only available","No LDR Only available","No LDR Only available"," ","22-09Rollup"
"Wincredprovider.dll","Dom_DIMS","6.2.20348.1006","1","07-Sep-2022","GDR","5017316","September 13, 2022-KB5017316 (OS Build 20348.1006)","http://support.microsoft.com/kb/5017316","No LDR Only available","No LDR Only available","No LDR Only available"," ","22-09Rollup"
"Gpapi.dll","Dom_GPSVC","6.2.20348.1006","1","07-Sep-2022","GDR","5017316","September 13, 2022-KB5017316 (OS Build 20348.1006)","http://support.microsoft.com/kb/5017316","No LDR Only available","No LDR Only available","No LDR Only available"," ","22-09Rollup"
"Gpsvc.dll","Dom_GPSVC","6.2.20348.1006","1","07-Sep-2022","GDR","5017316","September 13, 2022-KB5017316 (OS Build 20348.1006)","http://support.microsoft.com/kb/5017316","No LDR Only available","No LDR Only available","No LDR Only available"," ","22-09Rollup"
"Gpmgmt.dll","Dom_GPSVC","6.2.20348.380","1","07-Sep-2022","GDR","5017316","September 13, 2022-KB5017316 (OS Build 20348.1006)","http://support.microsoft.com/kb/5017316","No LDR Only available","No LDR Only available","No LDR Only available"," ","22-09Rollup"
"Gprsop.dll","Dom_GPSVC","6.2.20348.380","1","07-Sep-2022","GDR","5017316","September 13, 2022-KB5017316 (OS Build 20348.1006)","http://support.microsoft.com/kb/5017316","No LDR Only available","No LDR Only available","No LDR Only available"," ","22-09Rollup"
"Gpprefcl.dll","Dom_GPP","6.2.20348.1006","1","07-Sep-2022","GDR","5017316","September 13, 2022-KB5017316 (OS Build 20348.1006)","http://support.microsoft.com/kb/5017316","No LDR Only available","No LDR Only available","No LDR Only available"," ","22-09Rollup"
"Gpme.dll","Dom_GPP","6.2.20348.859","1","07-Sep-2022","GDR","5017316","September 13, 2022-KB5017316 (OS Build 20348.1006)","http://support.microsoft.com/kb/5017316","No LDR Only available","No LDR Only available","No LDR Only available"," ","22-09Rollup"
"Gppref.dll","Dom_GPP","6.2.20348.1006","1","07-Sep-2022","GDR","5017316","September 13, 2022-KB5017316 (OS Build 20348.1006)","http://support.microsoft.com/kb/5017316","No LDR Only available","No LDR Only available","No LDR Only available"," ","22-09Rollup"
"Gpprefbr.dll","Dom_GPP","6.2.20348.1006","1","07-Sep-2022","GDR","5017316","September 13, 2022-KB5017316 (OS Build 20348.1006)","http://support.microsoft.com/kb/5017316","No LDR Only available","No LDR Only available","No LDR Only available"," ","22-09Rollup"
"Gpprefcn.dll","Dom_GPP","6.2.20348.1006","1","07-Sep-2022","GDR","5017316","September 13, 2022-KB5017316 (OS Build 20348.1006)","http://support.microsoft.com/kb/5017316","No LDR Only available","No LDR Only available","No LDR Only available"," ","22-09Rollup"
"Gpregistrybrowser.dll","Dom_GPP","6.2.20348.859","1","07-Sep-2022","GDR","5017316","September 13, 2022-KB5017316 (OS Build 20348.1006)","http://support.microsoft.com/kb/5017316","No LDR Only available","No LDR Only available","No LDR Only available"," ","22-09Rollup"
"Propshts.dll","Dom_GPP","6.2.20348.1006","1","07-Sep-2022","GDR","5017316","September 13, 2022-KB5017316 (OS Build 20348.1006)","http://support.microsoft.com/kb/5017316","No LDR Only available","No LDR Only available","No LDR Only available"," ","22-09Rollup"
"Profsvc.dll","Dom_ProfProc","6.2.20348.946","1","07-Sep-2022","GDR","5017316","September 13, 2022-KB5017316 (OS Build 20348.1006)","http://support.microsoft.com/kb/5017316","No LDR Only available","No LDR Only available","No LDR Only available"," ","22-09Rollup"
"Esent.dll","Dom_ESENT","6.2.20348.803","0","07-Sep-2022","GDR","5017316","September 13, 2022-KB5017316 (OS Build 20348.1006)","http://support.microsoft.com/kb/5017316","No LDR Only available","No LDR Only available","No LDR Only available"," ","22-09Rollup"
"Ntdsai.dll","Dom_NTDSAI","6.2.20348.946","0","07-Sep-2022","GDR","5017316","September 13, 2022-KB5017316 (OS Build 20348.1006)","http://support.microsoft.com/kb/5017316","No LDR Only available","No LDR Only available","No LDR Only available"," ","22-09Rollup"
"Ntdsutil.exe","Dom_NTDSAI","6.2.20348.946","0","07-Sep-2022","GDR","5017316","September 13, 2022-KB5017316 (OS Build 20348.1006)","http://support.microsoft.com/kb/5017316","No LDR Only available","No LDR Only available","No LDR Only available"," ","22-09Rollup"
"Samsrv.dll","Dom_SAMSRV","6.2.20348.946","0","07-Sep-2022","GDR","5017316","September 13, 2022-KB5017316 (OS Build 20348.1006)","http://support.microsoft.com/kb/5017316","No LDR Only available","No LDR Only available","No LDR Only available"," ","22-09Rollup"
"Samlib.dll","Dom_SAMSRV","6.2.20348.946","0","07-Sep-2022","GDR","5017316","September 13, 2022-KB5017316 (OS Build 20348.1006)","http://support.microsoft.com/kb/5017316","No LDR Only available","No LDR Only available","No LDR Only available"," ","22-09Rollup"
"Kdcsvc.dll","Dom_KDCSVC","6.2.20348.1006","0","07-Sep-2022","GDR","5017316","September 13, 2022-KB5017316 (OS Build 20348.1006)","http://support.microsoft.com/kb/5017316","No LDR Only available","No LDR Only available","No LDR Only available"," ","22-09Rollup"
"Dfsrs.exe","Dom_DFS-R","6.2.20348.502","0","07-Sep-2022","GDR","5017316","September 13, 2022-KB5017316 (OS Build 20348.1006)","http://support.microsoft.com/kb/5017316","No LDR Only available","No LDR Only available","No LDR Only available"," ","22-09Rollup"
"Dfsrress.dll","Dom_DFS-R","6.2.20348.380","0","07-Sep-2022","GDR","5017316","September 13, 2022-KB5017316 (OS Build 20348.1006)","http://support.microsoft.com/kb/5017316","No LDR Only available","No LDR Only available","No LDR Only available"," ","22-09Rollup"
"Microsoft.identityserver.service.dll","Dom_ADFS","6.2.20348.825","0","07-Sep-2022","GDR","5017316","September 13, 2022-KB5017316 (OS Build 20348.1006)","http://support.microsoft.com/kb/5017316","No LDR Only available","No LDR Only available","No LDR Only available"," ","22-09Rollup"
"Microsoft.identityserver.web.dll","Dom_ADFS","6.2.20348.681","0","07-Sep-2022","GDR","5017316","September 13, 2022-KB5017316 (OS Build 20348.1006)","http://support.microsoft.com/kb/5017316","No LDR Only available","No LDR Only available","No LDR Only available"," ","22-09Rollup"
"Microsoft.identityserver.dll","Dom_ADFS","6.2.20348.143","0","07-Sep-2022","GDR","5017316","September 13, 2022-KB5017316 (OS Build 20348.1006)","http://support.microsoft.com/kb/5017316","No LDR Only available","No LDR Only available","No LDR Only available"," ","22-09Rollup"
"Clussvc.exe","Cluster_Core","6.2.20348.1006","0","07-Sep-2022","GDR","5017316","September 13, 2022-KB5017316 (OS Build 20348.1006)","http://support.microsoft.com/kb/5017316","No LDR Only available","No LDR Only available","No LDR Only available"," ","22-09Rollup"
"ClusWMI.dll","Cluster_Core","6.2.20348.1006","0","07-Sep-2022","GDR","5017316","September 13, 2022-KB5017316 (OS Build 20348.1006)","http://support.microsoft.com/kb/5017316","No LDR Only available","No LDR Only available","No LDR Only available"," ","22-09Rollup"
"Rhs.exe","Cluster_Core","6.2.20348.859","0","07-Sep-2022","GDR","5017316","September 13, 2022-KB5017316 (OS Build 20348.1006)","http://support.microsoft.com/kb/5017316","No LDR Only available","No LDR Only available","No LDR Only available"," ","22-09Rollup"
"Clusres.dll","Cluster_Core","6.2.20348.1006","0","07-Sep-2022","GDR","5017316","September 13, 2022-KB5017316 (OS Build 20348.1006)","http://support.microsoft.com/kb/5017316","No LDR Only available","No LDR Only available","No LDR Only available"," ","22-09Rollup"
"Clusres2.dll","Cluster_Core","6.2.20348.859","0","07-Sep-2022","GDR","5017316","September 13, 2022-KB5017316 (OS Build 20348.1006)","http://support.microsoft.com/kb/5017316","No LDR Only available","No LDR Only available","No LDR Only available"," ","22-09Rollup"
"Netft.sys","Cluster_Core","6.2.20348.380","0","07-Sep-2022","GDR","5017316","September 13, 2022-KB5017316 (OS Build 20348.1006)","http://support.microsoft.com/kb/5017316","No LDR Only available","No LDR Only available","No LDR Only available"," ","22-09Rollup"
"Clusauthmgr.dll","Cluster_Core","6.2.20348.469","0","07-Sep-2022","GDR","5017316","September 13, 2022-KB5017316 (OS Build 20348.1006)","http://support.microsoft.com/kb/5017316","No LDR Only available","No LDR Only available","No LDR Only available"," ","22-09Rollup"
"Csvflt.sys","Cluster_CSV","6.2.20348.707","0","07-Sep-2022","GDR","5017316","September 13, 2022-KB5017316 (OS Build 20348.1006)","http://support.microsoft.com/kb/5017316","No LDR Only available","No LDR Only available","No LDR Only available"," ","22-09Rollup"
"Csvfs.sys","Cluster_CSV","6.2.20348.707","0","07-Sep-2022","GDR","5017316","September 13, 2022-KB5017316 (OS Build 20348.1006)","http://support.microsoft.com/kb/5017316","No LDR Only available","No LDR Only available","No LDR Only available"," ","22-09Rollup"
"Vhdmp.sys","Cluster_CSV","6.2.20348.887","0","07-Sep-2022","GDR","5017316","September 13, 2022-KB5017316 (OS Build 20348.1006)","http://support.microsoft.com/kb/5017316","No LDR Only available","No LDR Only available","No LDR Only available"," ","22-09Rollup"
"Svhdxflt.sys","Cluster_CSV","6.2.20348.707","0","07-Sep-2022","GDR","5017316","September 13, 2022-KB5017316 (OS Build 20348.1006)","http://support.microsoft.com/kb/5017316","No LDR Only available","No LDR Only available","No LDR Only available"," ","22-09Rollup"
"Clusdisk.sys","Cluster_Disk","6.2.20348.707","0","07-Sep-2022","GDR","5017316","September 13, 2022-KB5017316 (OS Build 20348.1006)","http://support.microsoft.com/kb/5017316","No LDR Only available","No LDR Only available","No LDR Only available"," ","22-09Rollup"
"Cprepsrv.exe","Cluster_Validation","6.2.20348.859","1","07-Sep-2022","GDR","5017316","September 13, 2022-KB5017316 (OS Build 20348.1006)","http://support.microsoft.com/kb/5017316","No LDR Only available","No LDR Only available","No LDR Only available"," ","22-09Rollup"
"Failoverclusters.agent.interop.dll","Cluster_Validation","6.2.20348.946","1","07-Sep-2022","GDR","5017316","September 13, 2022-KB5017316 (OS Build 20348.1006)","http://support.microsoft.com/kb/5017316","No LDR Only available","No LDR Only available","No LDR Only available"," ","22-09Rollup"
"Ntoskrnl.exe","Core_Kernel","6.2.20348.1006","0","07-Sep-2022","GDR","5017316","September 13, 2022-KB5017316 (OS Build 20348.1006)","http://support.microsoft.com/kb/5017316","No LDR Only available","No LDR Only available","No LDR Only available"," ","22-09Rollup"
"Crashdmp.sys","Core_Kernel","6.2.20348.946","0","07-Sep-2022","GDR","5017316","September 13, 2022-KB5017316 (OS Build 20348.1006)","http://support.microsoft.com/kb/5017316","No LDR Only available","No LDR Only available","No LDR Only available"," ","22-09Rollup"
"Ntdll.dll","Core_Kernel","6.2.20348.803","0","07-Sep-2022","GDR","5017316","September 13, 2022-KB5017316 (OS Build 20348.1006)","http://support.microsoft.com/kb/5017316","No LDR Only available","No LDR Only available","No LDR Only available"," ","22-09Rollup"
"Hal.dll","Core_Kernel","6.2.20348.558","0","07-Sep-2022","GDR","5017316","September 13, 2022-KB5017316 (OS Build 20348.1006)","http://support.microsoft.com/kb/5017316","No LDR Only available","No LDR Only available","No LDR Only available"," ","22-09Rollup"
"Fltmgr.sys","Core_Kernel","6.2.20348.803","0","07-Sep-2022","GDR","5017316","September 13, 2022-KB5017316 (OS Build 20348.1006)","http://support.microsoft.com/kb/5017316","No LDR Only available","No LDR Only available","No LDR Only available"," ","22-09Rollup"
"win32k.sys","Core_Kernel","6.2.20348.1006","0","07-Sep-2022","GDR","5017316","September 13, 2022-KB5017316 (OS Build 20348.1006)","http://support.microsoft.com/kb/5017316","No LDR Only available","No LDR Only available","No LDR Only available"," ","22-09Rollup"
"Ntfs.sys","Core_FileSystem","6.2.20348.859","0","07-Sep-2022","GDR","5017316","September 13, 2022-KB5017316 (OS Build 20348.1006)","http://support.microsoft.com/kb/5017316","No LDR Only available","No LDR Only available","No LDR Only available"," ","22-09Rollup"
"dedup.sys","Core_FileSystem","6.2.20348.740","0","07-Sep-2022","GDR","5017316","September 13, 2022-KB5017316 (OS Build 20348.1006)","http://support.microsoft.com/kb/5017316","No LDR Only available","No LDR Only available","No LDR Only available"," ","22-09Rollup"
"Storport.sys","Core_DiskSystem","6.2.20348.946","0","07-Sep-2022","GDR","5017316","September 13, 2022-KB5017316 (OS Build 20348.1006)","http://support.microsoft.com/kb/5017316","No LDR Only available","No LDR Only available","No LDR Only available"," ","22-09Rollup"
"Repdrvfs.dll","Core_WMI","6.2.20348.617","0","07-Sep-2022","GDR","5017316","September 13, 2022-KB5017316 (OS Build 20348.1006)","http://support.microsoft.com/kb/5017316","No LDR Only available","No LDR Only available","No LDR Only available"," ","22-09Rollup"
"Advapi32.dll","Core_Apps","6.2.20348.946","0","07-Sep-2022","GDR","5017316","September 13, 2022-KB5017316 (OS Build 20348.1006)","http://support.microsoft.com/kb/5017316","No LDR Only available","No LDR Only available","No LDR Only available"," ","22-09Rollup"
"Vssapi.dll","Core_VSS","6.2.20348.320","1","07-Sep-2022","GDR","5017316","September 13, 2022-KB5017316 (OS Build 20348.1006)","http://support.microsoft.com/kb/5017316","No LDR Only available","No LDR Only available","No LDR Only available"," ","22-09Rollup"
"Vsstrace.dll","Core_VSS","6.2.20348.320","1","07-Sep-2022","GDR","5017316","September 13, 2022-KB5017316 (OS Build 20348.1006)","http://support.microsoft.com/kb/5017316","No LDR Only available","No LDR Only available","No LDR Only available"," ","22-09Rollup"
"Swprv.dll","Core_VSS","6.2.20348.740","1","07-Sep-2022","GDR","5017316","September 13, 2022-KB5017316 (OS Build 20348.1006)","http://support.microsoft.com/kb/5017316","No LDR Only available","No LDR Only available","No LDR Only available"," ","22-09Rollup"
"pci.sys","Core_Sys","6.2.20348.946","1","07-Sep-2022","GDR","5017316","September 13, 2022-KB5017316 (OS Build 20348.1006)","http://support.microsoft.com/kb/5017316","No LDR Only available","No LDR Only available","No LDR Only available"," ","22-09Rollup"
"Volmgr.sys","Core_Sys","6.2.20348.803","1","07-Sep-2022","GDR","5017316","September 13, 2022-KB5017316 (OS Build 20348.1006)","http://support.microsoft.com/kb/5017316","No LDR Only available","No LDR Only available","No LDR Only available"," ","22-09Rollup"
"Tzres.dll","Core_TimeZone","6.2.20348.502","1","07-Sep-2022","GDR","5017316","September 13, 2022-KB5017316 (OS Build 20348.1006)","http://support.microsoft.com/kb/5017316","No LDR Only available","No LDR Only available","No LDR Only available"," ","22-09Rollup"
"Vmswitch.sys","Hyper-V_Net","6.2.20348.1006","1","07-Sep-2022","GDR","5017316","September 13, 2022-KB5017316 (OS Build 20348.1006)","http://support.microsoft.com/kb/5017316","No LDR Only available","No LDR Only available","No LDR Only available"," ","22-09Rollup"
"Vmms.exe","Hyper-V_Net","6.2.20348.1006","1","07-Sep-2022","GDR","5017316","September 13, 2022-KB5017316 (OS Build 20348.1006)","http://support.microsoft.com/kb/5017316","No LDR Only available","No LDR Only available","No LDR Only available"," ","22-09Rollup"
"Winnat.sys","Hyper-V_Net","6.2.20348.320","1","07-Sep-2022","GDR","5017316","September 13, 2022-KB5017316 (OS Build 20348.1006)","http://support.microsoft.com/kb/5017316","No LDR Only available","No LDR Only available","No LDR Only available"," ","22-09Rollup"
"pvhdparser.sys","Hyper-V_Net","6.2.20348.643","1","07-Sep-2022","GDR","5017316","September 13, 2022-KB5017316 (OS Build 20348.1006)","http://support.microsoft.com/kb/5017316","No LDR Only available","No LDR Only available","No LDR Only available"," ","22-09Rollup"
"Vmbus.sys","Hyper-V_Net","6.2.20348.469","1","07-Sep-2022","GDR","5017316","September 13, 2022-KB5017316 (OS Build 20348.1006)","http://support.microsoft.com/kb/5017316","No LDR Only available","No LDR Only available","No LDR Only available"," ","22-09Rollup"
"Rasapi32.dll","HNV_Net","6.2.20348.859","1","07-Sep-2022","GDR","5017316","September 13, 2022-KB5017316 (OS Build 20348.1006)","http://support.microsoft.com/kb/5017316","No LDR Only available","No LDR Only available","No LDR Only available"," ","22-09Rollup"
"Mprapi.dll","HNV_Net","6.2.20348.617","1","07-Sep-2022","GDR","5017316","September 13, 2022-KB5017316 (OS Build 20348.1006)","http://support.microsoft.com/kb/5017316","No LDR Only available","No LDR Only available","No LDR Only available"," ","22-09Rollup"
"Vmwp.exe","Hyper-V_app","6.2.20348.946","1","07-Sep-2022","GDR","5017316","September 13, 2022-KB5017316 (OS Build 20348.1006)","http://support.microsoft.com/kb/5017316","No LDR Only available","No LDR Only available","No LDR Only available"," ","22-09Rollup"
"Rdpshell.exe","RDS_remote_App","6.2.20348.740","0","07-Sep-2022","GDR","5017316","September 13, 2022-KB5017316 (OS Build 20348.1006)","http://support.microsoft.com/kb/5017316","No LDR Only available","No LDR Only available","No LDR Only available"," ","22-09Rollup"
"Rdsdwmdr.dll","RDS_remote_App","6.2.20348.946","0","07-Sep-2022","GDR","5017316","September 13, 2022-KB5017316 (OS Build 20348.1006)","http://support.microsoft.com/kb/5017316","No LDR Only available","No LDR Only available","No LDR Only available"," ","22-09Rollup"
"Audioeng.dll","RDS_devRdr","6.2.20348.558","1","07-Sep-2022","GDR","5017316","September 13, 2022-KB5017316 (OS Build 20348.1006)","http://support.microsoft.com/kb/5017316","No LDR Only available","No LDR Only available","No LDR Only available"," ","22-09Rollup"
"Audiokse.dll","RDS_devRdr","6.2.20348.558","1","07-Sep-2022","GDR","5017316","September 13, 2022-KB5017316 (OS Build 20348.1006)","http://support.microsoft.com/kb/5017316","No LDR Only available","No LDR Only available","No LDR Only available"," ","22-09Rollup"
"Audioses.dll","RDS_devRdr","6.2.20348.143","1","07-Sep-2022","GDR","5017316","September 13, 2022-KB5017316 (OS Build 20348.1006)","http://support.microsoft.com/kb/5017316","No LDR Only available","No LDR Only available","No LDR Only available"," ","22-09Rollup"
"Audiosrv.dll","RDS_devRdr","6.2.20348.558","1","07-Sep-2022","GDR","5017316","September 13, 2022-KB5017316 (OS Build 20348.1006)","http://support.microsoft.com/kb/5017316","No LDR Only available","No LDR Only available","No LDR Only available"," ","22-09Rollup"
"aaedge.dll","RDS_gateway","6.2.20348.143","1","07-Sep-2022","GDR","5017316","September 13, 2022-KB5017316 (OS Build 20348.1006)","http://support.microsoft.com/kb/5017316","No LDR Only available","No LDR Only available","No LDR Only available"," ","22-09Rollup"
"dxgkrnl.sys","RDS_host","6.2.20348.859","1","07-Sep-2022","GDR","5017316","September 13, 2022-KB5017316 (OS Build 20348.1006)","http://support.microsoft.com/kb/5017316","No LDR Only available","No LDR Only available","No LDR Only available"," ","22-09Rollup"
"sessenv.dll","RDS_host","6.2.20348.740","1","07-Sep-2022","GDR","5017316","September 13, 2022-KB5017316 (OS Build 20348.1006)","http://support.microsoft.com/kb/5017316","No LDR Only available","No LDR Only available","No LDR Only available"," ","22-09Rollup"
"Localspl.dll","Print_Spool","6.2.20348.946","0","07-Sep-2022","GDR","5017316","September 13, 2022-KB5017316 (OS Build 20348.1006)","http://support.microsoft.com/kb/5017316","No LDR Only available","No LDR Only available","No LDR Only available"," ","22-09Rollup"
"Win32spl.dll","Print_Spool","6.2.20348.803","0","07-Sep-2022","GDR","5017316","September 13, 2022-KB5017316 (OS Build 20348.1006)","http://support.microsoft.com/kb/5017316","No LDR Only available","No LDR Only available","No LDR Only available"," ","22-09Rollup"
"Spoolss.dll","Print_Spool","6.2.20348.643","0","07-Sep-2022","GDR","5017316","September 13, 2022-KB5017316 (OS Build 20348.1006)","http://support.microsoft.com/kb/5017316","No LDR Only available","No LDR Only available","No LDR Only available"," ","22-09Rollup"
"Spoolsv.exe","Print_Spool","6.2.20348.1006","0","07-Sep-2022","GDR","5017316","September 13, 2022-KB5017316 (OS Build 20348.1006)","http://support.microsoft.com/kb/5017316","No LDR Only available","No LDR Only available","No LDR Only available"," ","22-09Rollup"
"Winspool.drv","Print_Spool","6.2.20348.859","0","07-Sep-2022","GDR","5017316","September 13, 2022-KB5017316 (OS Build 20348.1006)","http://support.microsoft.com/kb/5017316","No LDR Only available","No LDR Only available","No LDR Only available"," ","22-09Rollup"
"Ntprint.exe","Print_App","6.2.20348.320","0","07-Sep-2022","GDR","5017316","September 13, 2022-KB5017316 (OS Build 20348.1006)","http://support.microsoft.com/kb/5017316","No LDR Only available","No LDR Only available","No LDR Only available"," ","22-09Rollup"
"Printui.dll","Print_App","6.2.20348.946","0","07-Sep-2022","GDR","5017316","September 13, 2022-KB5017316 (OS Build 20348.1006)","http://support.microsoft.com/kb/5017316","No LDR Only available","No LDR Only available","No LDR Only available"," ","22-09Rollup"
"Printbrm.exe","Print_App","6.2.20348.320","0","07-Sep-2022","GDR","5017316","September 13, 2022-KB5017316 (OS Build 20348.1006)","http://support.microsoft.com/kb/5017316","No LDR Only available","No LDR Only available","No LDR Only available"," ","22-09Rollup"
"splwow64.exe","Print_App","6.2.20348.1006","0","07-Sep-2022","GDR","5017316","September 13, 2022-KB5017316 (OS Build 20348.1006)","http://support.microsoft.com/kb/5017316","No LDR Only available","No LDR Only available","No LDR Only available"," ","22-09Rollup"
"Mshtml.dll","IE_Client","11.0.20348.1006","0","07-Sep-2022","GDR","5017316","September 13, 2022-KB5017316 (OS Build 20348.1006)","http://support.microsoft.com/kb/5017316","No LDR Only available","No LDR Only available","No LDR Only available"," ","22-09Rollup"
"5017316","Win2022_22-09_B_rollup_KB"," ","0","13-Sep-2022","GDR","5017316","September 13, 2022-KB5017316 (OS Build 20348.1006)","http://support.microsoft.com/kb/5017316","No LDR Only available","No LDR Only available","No LDR Only available"," ","22-09Rollup"
