"Binary","Component","Version","Prio","Published","Branch","Article","Title","Link","LDROnlyKB","LDROnlyTitle","LDROnlyLink","Comment","RollupInfo"
"Ntoskrnl.exe","Core_Kernel","6.0.6003.21348","0","29-Dec-2021","LDR","5009627","January 11, 2022-KB5009627 (Monthly Rollup)","http://support.microsoft.com/kb/5009627","No LDR Only available","No LDR Only available","No LDR Only available"," ","22-01Rollup"
"Ntkrnlpa.exe","Core_Kernel","6.0.6003.21348","0","29-Dec-2021","LDR","5009627","January 11, 2022-KB5009627 (Monthly Rollup)","http://support.microsoft.com/kb/5009627","No LDR Only available","No LDR Only available","No LDR Only available"," ","22-01Rollup"
"Ntfs.sys","Core_FileSystem","6.0.6003.21348","0","29-Dec-2021","LDR","5009627","January 11, 2022-KB5009627 (Monthly Rollup)","http://support.microsoft.com/kb/5009627","No LDR Only available","No LDR Only available","No LDR Only available"," ","22-01Rollup"
"robocopy.exe","Net_Applications","5.1.10.1027","1","17.01.2012","LDR","2646454 (v1.0)","The security configuration information, such as the ACL, is not copied if a backup operator uses the Robocopy.exe utility together with the /B option to copy a file on a computer that is running Windows Vista or Windows Server 2008","http://support.microsoft.com/kb/2646454","2646454 (v1.0)","The security configuration information, such as the ACL, is not copied if a backup operator uses the Robocopy.exe utility together with the /B option to copy a file on a computer that is running Windows Vista or Windows Server 2008","http://support.microsoft.com/kb/2646454"," ","No Rollup"
"srv.sys","Net_SMB_Server","6.0.6003.21348","0","29-Dec-2021","LDR","5009627","January 11, 2022-KB5009627 (Monthly Rollup)","http://support.microsoft.com/kb/5009627","No LDR Only available","No LDR Only available","No LDR Only available"," ","22-01Rollup"
"srv2.sys","Net_SMB_Server","6.0.6003.21348","0","29-Dec-2021","LDR","5009627","January 11, 2022-KB5009627 (Monthly Rollup)","http://support.microsoft.com/kb/5009627","No LDR Only available","No LDR Only available","No LDR Only available"," ","22-01Rollup"
"srvnet.sys","Net_SMB_Server","6.0.6003.21348","0","29-Dec-2021","LDR","5009627","January 11, 2022-KB5009627 (Monthly Rollup)","http://support.microsoft.com/kb/5009627","No LDR Only available","No LDR Only available","No LDR Only available"," ","22-01Rollup"
"srvsvc.dll","Net_SMB_Server","6.0.6002.22481","0","07.09.2010","LDRGDR","2345886 (v1.1)","Description of the update that implements Extended Protection for Authentication in the Server service","http://support.microsoft.com/kb/2345886","971277 (v1.0)","You cannot access an administrative share on a computer after you set the SrvsvcDefaultShareInfo registry entry to configure the default share permissions for a network share","http://support.microsoft.com/kb/971277"," ","No Rollup"
"Mrxsmb.sys","Net_SMB_Client","6.0.6003.21348","0","29-Dec-2021","LDR","5009627","January 11, 2022-KB5009627 (Monthly Rollup)","http://support.microsoft.com/kb/5009627","No LDR Only available","No LDR Only available","No LDR Only available"," ","22-01Rollup"
"Mrxsmb10.sys","Net_SMB_Client","6.0.6003.21348","0","29-Dec-2021","LDR","5009627","January 11, 2022-KB5009627 (Monthly Rollup)","http://support.microsoft.com/kb/5009627","No LDR Only available","No LDR Only available","No LDR Only available"," ","22-01Rollup"
"Mrxsmb20.sys","Net_SMB_Client","6.0.6003.21348","0","29-Dec-2021","LDR","5009627","January 11, 2022-KB5009627 (Monthly Rollup)","http://support.microsoft.com/kb/5009627","No LDR Only available","No LDR Only available","No LDR Only available"," ","22-01Rollup"
"Rdbss.sys","Net_SMB_Client","6.0.6003.21208","0","5-Aug-2021","LDR","5009627","January 11, 2022-KB5009627 (Monthly Rollup)","http://support.microsoft.com/kb/5009627","No LDR Only available","No LDR Only available","No LDR Only available"," ","22-01Rollup"
"Netbt.sys","Net_SMB_Client","6.0.6003.20950","0","9-Sep-2020","LDR","5009627","January 11, 2022-KB5009627 (Monthly Rollup)","http://support.microsoft.com/kb/5009627","No LDR Only available","No LDR Only available","No LDR Only available"," ","22-01Rollup"
"mup.sys","Net_SMB_Client","6.0.6002.23775","0","07.08.2015","LDR","3075623 (v1.0)","Configuring registry policy processing causes MUP to ignore Group Policy setting in Windows","http://support.microsoft.com/kb/3075623","3075623 (v1.0)","Configuring registry policy processing causes MUP to ignore Group Policy setting in Windows","http://support.microsoft.com/kb/3075623"," ","No Rollup"
"Tcpip.sys","Net_Protocol","6.0.6003.21237","0","3-Sep-2021","LDR","5009627","January 11, 2022-KB5009627 (Monthly Rollup)","http://support.microsoft.com/kb/5009627","No LDR Only available","No LDR Only available","No LDR Only available"," ","22-01Rollup"
"Afd.sys","Net_Protocol","6.0.6003.21209","0","5-Aug-2021","LDR","5009627","January 11, 2022-KB5009627 (Monthly Rollup)","http://support.microsoft.com/kb/5009627","No LDR Only available","No LDR Only available","No LDR Only available"," ","22-01Rollup"
"netio.sys","Net_Protocol","6.0.6002.24125","0","02-Jun-2017","LDRGDR","4022748 (v1.0)","Security update for the Windows kernel information disclosure vulnerability in Windows Server 2008: July 11, 2017","http://support.microsoft.com/kb/4022748","2712746 (v1.0)","""0x00000019"" Stop error when you run an SNMP application on a computer that is running Windows Vista or Windows Server 2008","http://support.microsoft.com/kb/2712746"," ","No Rollup"
"Ndis.sys","Net_Protocol","6.0.6003.20975","0","8-Oct-2020","LDR","5009627","January 11, 2022-KB5009627 (Monthly Rollup)","http://support.microsoft.com/kb/5009627","No LDR Only available","No LDR Only available","No LDR Only available"," ","22-01Rollup"
"netiohlp.dll","Net_Protocol","6.0.6002.22989","0","30.11.2012","LDR","2780879 (v3.0)","Hotfix improves TCP window scaling in Windows Vista, Windows Server 2008, Windows 7, or Windows Server 2008 R2","http://support.microsoft.com/kb/2780879","2780879 (v3.0)","Hotfix improves TCP window scaling in Windows Vista, Windows Server 2008, Windows 7, or Windows Server 2008 R2","http://support.microsoft.com/kb/2780879"," ","No Rollup"
"Tdx.sys","Net_Protocol","6.0.6003.21209","0","5-Aug-2021","LDR","5009627","January 11, 2022-KB5009627 (Monthly Rollup)","http://support.microsoft.com/kb/5009627","No LDR Only available","No LDR Only available","No LDR Only available"," ","22-01Rollup"
"tunnel.sys","Net_IPv6","6.0.6002.22400","1","10.05.2010","LDR","983457 (v1.0)","IP Helper service memory leak in Windows Server 2008 or in Windows Vista","http://support.microsoft.com/kb/983457","983457 (v1.0)","IP Helper service memory leak in Windows Server 2008 or in Windows Vista","http://support.microsoft.com/kb/983457"," ","No Rollup"
"Dhcpcsvc6.dll","Net_IPv6","6.0.6003.20925","1","14-Aug-2020","LDR","5009627","January 11, 2022-KB5009627 (Monthly Rollup)","http://support.microsoft.com/kb/5009627","No LDR Only available","No LDR Only available","No LDR Only available"," ","22-01Rollup"
"Nlasvc.dll","Net_NLA","6.0.6003.20874","0","6-Jun-2020","LDR","5009627","January 11, 2022-KB5009627 (Monthly Rollup)","http://support.microsoft.com/kb/5009627","No LDR Only available","No LDR Only available","No LDR Only available"," ","22-01Rollup"
"Ncsi.dll","Net_NLA","6.0.6003.20874","0","6-Jun-2020","LDR","5009627","January 11, 2022-KB5009627 (Monthly Rollup)","http://support.microsoft.com/kb/5009627","No LDR Only available","No LDR Only available","No LDR Only available"," ","22-01Rollup"
"Nlaapi.dll","Net_NLA","6.0.6003.20874","0","6-Jun-2020","LDR","5009627","January 11, 2022-KB5009627 (Monthly Rollup)","http://support.microsoft.com/kb/5009627","No LDR Only available","No LDR Only available","No LDR Only available"," ","22-01Rollup"
"Msv1_0.dll","Dom_NTLM","6.0.6003.21348","1","29-Dec-2021","LDR","5009627","January 11, 2022-KB5009627 (Monthly Rollup)","http://support.microsoft.com/kb/5009627","No LDR Only available","No LDR Only available","No LDR Only available"," ","22-01Rollup"
"Dns.exe","Net_DNS_Srv","6.0.6003.21249","0","27-Sep-2021","LDR","5009627","January 11, 2022-KB5009627 (Monthly Rollup)","http://support.microsoft.com/kb/5009627","No LDR Only available","No LDR Only available","No LDR Only available"," ","22-01Rollup"
"Dhcpssvc.dll","Net_DHCP_Srv","6.0.6003.20587","0","9-Jul-2019","LDR","5009627","January 11, 2022-KB5009627 (Monthly Rollup)","http://support.microsoft.com/kb/5009627","No LDR Only available","No LDR Only available","No LDR Only available"," ","22-01Rollup"
"dfssvc.exe","Net_DFS-N_Srv","6.0.6002.23591","0","13.01.2015","LDR","2688074 (v7.0)","An access violation occurs on a domain controller that is running Windows Server 2008 R2 or Windows Server 2008","http://support.microsoft.com/kb/2688074","2688074 (v7.0)","An access violation occurs on a domain controller that is running Windows Server 2008 R2 or Windows Server 2008","http://support.microsoft.com/kb/2688074"," ","No Rollup"
"Nfssvc.exe","Net_NFS_Srv","6.0.6003.21091","0","8-Mar-2021","LDR","5009627","January 11, 2022-KB5009627 (Monthly Rollup)","http://support.microsoft.com/kb/5009627","No LDR Only available","No LDR Only available","No LDR Only available"," ","22-01Rollup"
"Nfssvr.sys","Net_NFS_Srv","6.0.6003.21091","0","8-Mar-2021","LDR","5009627","January 11, 2022-KB5009627 (Monthly Rollup)","http://support.microsoft.com/kb/5009627","No LDR Only available","No LDR Only available","No LDR Only available"," ","22-01Rollup"
"Msnfsflt.sys","Net_NFS_Srv","6.0.6003.21091","0","8-Mar-2021","LDR","5009627","January 11, 2022-KB5009627 (Monthly Rollup)","http://support.microsoft.com/kb/5009627","No LDR Only available","No LDR Only available","No LDR Only available"," ","22-01Rollup"
"portmap.sys","Net_NFS_Srv","6.0.6003.21091","0","8-Mar-2021","LDR","5009627","January 11, 2022-KB5009627 (Monthly Rollup)","http://support.microsoft.com/kb/5009627","No LDR Only available","No LDR Only available","No LDR Only available"," ","22-01Rollup"
"rpcxdr.sys","Net_NFS_Srv","6.0.6002.23499","0","25.09.2014","LDRGDR","2957486 (v1.0)","Ls command takes a long time to list shared files in 2 windows on a Windows 7 or Windows Server 2008 R2-based NFS server","http://support.microsoft.com/kb/2957486","983574 (v1.0)","You cannot bind clients to a NIS server or cannot mount NFS shares in Windows Server 2008 and in Windows Server 2008 R2","http://support.microsoft.com/kb/983574"," ","No Rollup"
"nlb.sys","Net_NLB_Srv","6.0.6002.22682","0","20.07.2011","LDR","2439186 (v1.0)","NLB does not differentiate correctly between virtual IP addresses and dedicated IP addresses for ISATAP addresses in Windows 7, in Windows Server 2008 R2, in Windows Vista or in Windows Server 2008","http://support.microsoft.com/kb/2439186","2439186 (v1.0)","NLB does not differentiate correctly between virtual IP addresses and dedicated IP addresses for ISATAP addresses in Windows 7, in Windows Server 2008 R2, in Windows Vista or in Windows Server 2008","http://support.microsoft.com/kb/2439186"," ","No Rollup"
"csc.sys","Net_CSC_Offline","6.0.6002.24436","1","28-Jun-2018","LDR","4338380 (v1.0)","Description of the security update for the Windows kernel information disclosure vulnerability in Windows Server 2008: August 14, 2018 ","http://support.microsoft.com/kb/4338380","No LDR Only available","No LDR Only available","No LDR Only available"," ","No Rollup"
"Cscsvc.dll","Net_CSC_Offline","6.0.6003.21021","1","7-Dec-2020","LDR","5009627","January 11, 2022-KB5009627 (Monthly Rollup)","http://support.microsoft.com/kb/5009627","No LDR Only available","No LDR Only available","No LDR Only available"," ","22-01Rollup"
"cscmig.dll","Net_CSC_Offline","6.0.6002.24436","1","28-Jun-2018","LDR","4338380 (v1.0)","Description of the security update for the Windows kernel information disclosure vulnerability in Windows Server 2008: August 14, 2018 ","http://support.microsoft.com/kb/4338380","No LDR Only available","No LDR Only available","No LDR Only available"," ","No Rollup"
"mrxdav.sys","Net_WebDAV","6.0.6002.23886","1","07.01.2016","LDRGDR","3136041 (v1.0)","MS16-016: Security update for WebDAV to address elevation of privilege: February 9, 2016","http://support.microsoft.com/kb/3136041","No LDR Only available","No LDR Only available","No LDR Only available"," ","No Rollup"
"webclnt.dll","Net_WebDAV","6.0.6002.23739","1","02.07.2015","LDRGDR","3076949 (v1.0)","MS15-089: Vulnerability in WebDAV could allow security feature bypass: August 11, 2015","http://support.microsoft.com/kb/3076949","2712435 (v1.0)","WebClient service stops running when you try to upload files to a SharePoint server by using the WebDAV component in Windows Vista or in Windows Server 2008","http://support.microsoft.com/kb/2712435"," ","No Rollup"
"davclnt.dll","Net_WebDAV","6.0.6002.22618","1","22.03.2011","LDR","2523201 (v1.0)","The authentication information is deleted unexpectedly in Windows Vista or in Windows Server 2008 after you access some resources on the web server","http://support.microsoft.com/kb/2523201","2523201 (v1.0)","The authentication information is deleted unexpectedly in Windows Vista or in Windows Server 2008 after you access some resources on the web server","http://support.microsoft.com/kb/2523201"," ","No Rollup"
"Shell32.dll","Net_WebDAV","6.0.6003.20540","1","24-May-2019","LDR","5009627","January 11, 2022-KB5009627 (Monthly Rollup)","http://support.microsoft.com/kb/5009627","No LDR Only available","No LDR Only available","No LDR Only available"," ","22-01Rollup"
"Winhttp.dll","Net_WebDAV","6.0.6003.20534","1","9-May-2019","LDR","5009627","January 11, 2022-KB5009627 (Monthly Rollup)","http://support.microsoft.com/kb/5009627","No LDR Only available","No LDR Only available","No LDR Only available"," ","22-01Rollup"
"dfsc.sys","Net_DFS-N_Client","6.0.6002.24339","0","09-Mar-2018","LDR","4090450 (v1.0)","Description of the security update for the speculative execution side-channel vulnerabilities in Windows Server 2008: March 13, 2018","http://support.microsoft.com/kb/4090450","No LDR Only available","No LDR Only available","No LDR Only available"," ","No Rollup"
"Dhcpcsvc.dll","Net_DHCP_Client","6.0.6003.20925","1","14-Aug-2020","LDR","5009627","January 11, 2022-KB5009627 (Monthly Rollup)","http://support.microsoft.com/kb/5009627","No LDR Only available","No LDR Only available","No LDR Only available"," ","22-01Rollup"
"Gpprefcl.dll","Dom_GPP","6.0.6003.20881","1","19-Jun-2020","LDR","5009627","January 11, 2022-KB5009627 (Monthly Rollup)","http://support.microsoft.com/kb/5009627","No LDR Only available","No LDR Only available","No LDR Only available"," ","22-01Rollup"
"Gpme.dll","Dom_GPP","6.0.6003.20953","1","23-Sep-2020","LDR","5009627","January 11, 2022-KB5009627 (Monthly Rollup)","http://support.microsoft.com/kb/5009627","No LDR Only available","No LDR Only available","No LDR Only available"," ","22-01Rollup"
"Gppref.dll","Dom_GPP","6.0.6003.20953","1","23-Sep-2020","LDR","5009627","January 11, 2022-KB5009627 (Monthly Rollup)","http://support.microsoft.com/kb/5009627","No LDR Only available","No LDR Only available","No LDR Only available"," ","22-01Rollup"
"Gpprefbr.dll","Dom_GPP","6.0.6003.20953","1","23-Sep-2020","LDR","5009627","January 11, 2022-KB5009627 (Monthly Rollup)","http://support.microsoft.com/kb/5009627","No LDR Only available","No LDR Only available","No LDR Only available"," ","22-01Rollup"
"Gpprefcn.dll","Dom_GPP","6.0.6003.20953","1","23-Sep-2020","LDR","5009627","January 11, 2022-KB5009627 (Monthly Rollup)","http://support.microsoft.com/kb/5009627","No LDR Only available","No LDR Only available","No LDR Only available"," ","22-01Rollup"
"Gpregistrybrowser.dll","Dom_GPP","6.0.6003.20953","1","23-Sep-2020","LDR","5009627","January 11, 2022-KB5009627 (Monthly Rollup)","http://support.microsoft.com/kb/5009627","No LDR Only available","No LDR Only available","No LDR Only available"," ","22-01Rollup"
"Propshts.dll","Dom_GPP","6.0.6003.20953","1","23-Sep-2020","LDR","5009627","January 11, 2022-KB5009627 (Monthly Rollup)","http://support.microsoft.com/kb/5009627","No LDR Only available","No LDR Only available","No LDR Only available"," ","22-01Rollup"
"Profprov.dll","Dom_ProfProc","6.0.6003.20953","1","23-Sep-2020","LDR","5009627","January 11, 2022-KB5009627 (Monthly Rollup)","http://support.microsoft.com/kb/5009627","No LDR Only available","No LDR Only available","No LDR Only available"," ","22-01Rollup"
"Profsvc.dll","Dom_ProfProc","6.0.6003.20953","1","23-Sep-2020","LDR","5009627","January 11, 2022-KB5009627 (Monthly Rollup)","http://support.microsoft.com/kb/5009627","No LDR Only available","No LDR Only available","No LDR Only available"," ","22-01Rollup"
"Kerberos.dll","Dom_KERBEROS","6.0.6003.21136","0","12-May-2021","LDR","5009627","January 11, 2022-KB5009627 (Monthly Rollup)","http://support.microsoft.com/kb/5009627","No LDR Only available","No LDR Only available","No LDR Only available"," ","22-01Rollup"
"nfsclnt.exe","Net_NFS_Client","6.0.6002.22801","1","21.02.2012","LDR","2675625 (v1.0)","""Network error"" or ""Filename not valid"" error message when you access an NFS share from a computer that is running Windows Vista, Windows Server 2008, Windows 7, or Windows Server 2008 R2","http://support.microsoft.com/kb/2675625","2675625 (v1.0)","""Network error"" or ""Filename not valid"" error message when you access an NFS share from a computer that is running Windows Vista, Windows Server 2008, Windows 7, or Windows Server 2008 R2","http://support.microsoft.com/kb/2675625"," ","No Rollup"
"nfsnp.dll","Net_NFS_Client","6.0.6002.22801","1","21.02.2012","LDR","2675625 (v1.0)","""Network error"" or ""Filename not valid"" error message when you access an NFS share from a computer that is running Windows Vista, Windows Server 2008, Windows 7, or Windows Server 2008 R2","http://support.microsoft.com/kb/2675625","2675625 (v1.0)","""Network error"" or ""Filename not valid"" error message when you access an NFS share from a computer that is running Windows Vista, Windows Server 2008, Windows 7, or Windows Server 2008 R2","http://support.microsoft.com/kb/2675625"," ","No Rollup"
"nfsrdr.sys","Net_NFS_Client","6.0.6002.22801","1","21.02.2012","LDR","2675625 (v1.0)","""Network error"" or ""Filename not valid"" error message when you access an NFS share from a computer that is running Windows Vista, Windows Server 2008, Windows 7, or Windows Server 2008 R2","http://support.microsoft.com/kb/2675625","2675625 (v1.0)","""Network error"" or ""Filename not valid"" error message when you access an NFS share from a computer that is running Windows Vista, Windows Server 2008, Windows 7, or Windows Server 2008 R2","http://support.microsoft.com/kb/2675625"," ","No Rollup"
"psxdll.dll","Net_Posix","6.0.6002.23002","1","14.12.2012","LDR","2686699 (v2.0)","Memory leak in Psxss.exe after POSIX-based applications or scripts run for a long time in Windows Vista or in Windows Server 2008","http://support.microsoft.com/kb/2686699","2686699 (v2.0)","Memory leak in Psxss.exe after POSIX-based applications or scripts run for a long time in Windows Vista or in Windows Server 2008","http://support.microsoft.com/kb/2686699"," ","No Rollup"
"psxdllsvr.dll","Net_Posix","6.0.6002.23002","1","14.12.2012","LDR","2686699 (v2.0)","Memory leak in Psxss.exe after POSIX-based applications or scripts run for a long time in Windows Vista or in Windows Server 2008","http://support.microsoft.com/kb/2686699","2686699 (v2.0)","Memory leak in Psxss.exe after POSIX-based applications or scripts run for a long time in Windows Vista or in Windows Server 2008","http://support.microsoft.com/kb/2686699"," ","No Rollup"
"psxss.exe","Net_Posix","6.0.6002.23002","1","14.12.2012","LDR","2686699 (v2.0)","Memory leak in Psxss.exe after POSIX-based applications or scripts run for a long time in Windows Vista or in Windows Server 2008","http://support.microsoft.com/kb/2686699","2686699 (v2.0)","Memory leak in Psxss.exe after POSIX-based applications or scripts run for a long time in Windows Vista or in Windows Server 2008","http://support.microsoft.com/kb/2686699"," ","No Rollup"
"posix.exe","Net_Posix","6.0.6002.23002","1","14.12.2012","LDR","2686699 (v2.0)","Memory leak in Psxss.exe after POSIX-based applications or scripts run for a long time in Windows Vista or in Windows Server 2008","http://support.microsoft.com/kb/2686699","2686699 (v2.0)","Memory leak in Psxss.exe after POSIX-based applications or scripts run for a long time in Windows Vista or in Windows Server 2008","http://support.microsoft.com/kb/2686699"," ","No Rollup"
"dnsapi.dll","Net_DNS_Client","6.0.6003.21211","1","9-Aug-2021","LDR","5009627","January 11, 2022-KB5009627 (Monthly Rollup)","http://support.microsoft.com/kb/5009627","No LDR Only available","No LDR Only available","No LDR Only available"," ","22-01Rollup"
"dnsrslvr.dll","Net_DNS_Client","6.0.6003.21211","1","9-Aug-2021","LDR","5009627","January 11, 2022-KB5009627 (Monthly Rollup)","http://support.microsoft.com/kb/5009627","No LDR Only available","No LDR Only available","No LDR Only available"," ","22-01Rollup"
"Dnscacheugc.exe","Net_DNS_Client","6.0.6003.21211","1","9-Aug-2021","LDR","5009627","January 11, 2022-KB5009627 (Monthly Rollup)","http://support.microsoft.com/kb/5009627","No LDR Only available","No LDR Only available","No LDR Only available"," ","22-01Rollup"
"Rpcss.dll","Net_RPC","6.0.6003.21272","1","8-Oct-2021","LDR","5009627","January 11, 2022-KB5009627 (Monthly Rollup)","http://support.microsoft.com/kb/5009627","No LDR Only available","No LDR Only available","No LDR Only available"," ","22-01Rollup"
"rpchttp.dll","Net_RPC","6.0.6002.22515","1","03.11.2010","LDRGDR","2458828 (v1.0)","The RPC over HTTP connection cannot be set up when you try to access certain services on a computer that is running Windows Vista or Windows Server 2008","http://support.microsoft.com/kb/2458828","2408187 (v1.0)","RPC over HTTP connection cannot be set up when you try to access certain services on a computer that is running Windows Vista or Windows Server 2008","http://support.microsoft.com/kb/2408187"," ","No Rollup"
"Rpcrt4.dll","Net_RPC","6.0.6003.21348","1","29-Dec-2021","LDR","5009627","January 11, 2022-KB5009627 (Monthly Rollup)","http://support.microsoft.com/kb/5009627","No LDR Only available","No LDR Only available","No LDR Only available"," ","22-01Rollup"
"Bfe.dll","Net_Ipsec_BFE","6.0.6003.21344","1","13-Dec-2021","LDR","5009627","January 11, 2022-KB5009627 (Monthly Rollup)","http://support.microsoft.com/kb/5009627","No LDR Only available","No LDR Only available","No LDR Only available"," ","22-01Rollup"
"Ikeext.dll","Net_Ipsec_BFE","6.0.6003.21344","1","13-Dec-2021","LDR","5009627","January 11, 2022-KB5009627 (Monthly Rollup)","http://support.microsoft.com/kb/5009627","No LDR Only available","No LDR Only available","No LDR Only available"," ","22-01Rollup"
"Fwpuclnt.dll","Net_Ipsec_BFE","6.0.6003.21344","1","13-Dec-2021","LDR","5009627","January 11, 2022-KB5009627 (Monthly Rollup)","http://support.microsoft.com/kb/5009627","No LDR Only available","No LDR Only available","No LDR Only available"," ","22-01Rollup"
"iphlpsvc.dll","Net_DirectAccess_Client","6.0.6002.22400","1","10.05.2010","LDR","983457 (v1.0)","IP Helper service memory leak in Windows Server 2008 or in Windows Vista","http://support.microsoft.com/kb/983457","983457 (v1.0)","IP Helper service memory leak in Windows Server 2008 or in Windows Vista","http://support.microsoft.com/kb/983457"," ","No Rollup"
"dot3svc.dll","Net_IEEE802.1x","6.0.6002.22682","1","23.07.2011","LDR","2583709 (v2.0)","Authentication failure or connection to the wrong network when you use Group Policy to deploy 802.1X authentication settings to a client computer that is running Windows Vista or Windows Server 2008","http://support.microsoft.com/kb/2583709","2583709 (v2.0)","Authentication failure or connection to the wrong network when you use Group Policy to deploy 802.1X authentication settings to a client computer that is running Windows Vista or Windows Server 2008","http://support.microsoft.com/kb/2583709"," ","No Rollup"
"rastls.dll","Net_IEEE802.1x","6.0.6002.22569","1","13.01.2011","LDR","2493933 (v1.0)","FIX: The ""Validate server certificate"" option is enabled on a computer that is running Windows Vista or Windows Server 2008 when you disable this option by using a Group Policy object","http://support.microsoft.com/kb/2493933","2493933 (v1.0)","FIX: The ""Validate server certificate"" option is enabled on a computer that is running Windows Vista or Windows Server 2008 when you disable this option by using a Group Policy object","http://support.microsoft.com/kb/2493933"," ","No Rollup"
"wlansvc.dll","Net_WLAN_Client","6.0.6003.21210","1","6-Aug-2021","LDR","5009627","January 11, 2022-KB5009627 (Monthly Rollup)","http://support.microsoft.com/kb/5009627","No LDR Only available","No LDR Only available","No LDR Only available"," ","22-01Rollup"
"wlanmsm.dll","Net_WLAN_Client","6.0.6003.21210","1","6-Aug-2021","LDR","5009627","January 11, 2022-KB5009627 (Monthly Rollup)","http://support.microsoft.com/kb/5009627","No LDR Only available","No LDR Only available","No LDR Only available"," ","22-01Rollup"
"wlanapi.dll","Net_WLAN_Client","6.0.6003.21210","1","6-Aug-2021","LDR","5009627","January 11, 2022-KB5009627 (Monthly Rollup)","http://support.microsoft.com/kb/5009627","No LDR Only available","No LDR Only available","No LDR Only available"," ","22-01Rollup"
"wlansec.dll","Net_WLAN_Client","6.0.6003.21210","1","6-Aug-2021","LDR","5009627","January 11, 2022-KB5009627 (Monthly Rollup)","http://support.microsoft.com/kb/5009627","No LDR Only available","No LDR Only available","No LDR Only available"," ","22-01Rollup"
"wlanhlp.dll","Net_WLAN_Client","6.0.6003.21210","1","6-Aug-2021","LDR","5009627","January 11, 2022-KB5009627 (Monthly Rollup)","http://support.microsoft.com/kb/5009627","No LDR Only available","No LDR Only available","No LDR Only available"," ","22-01Rollup"
"netcfgx.dll","Net_Config","6.0.6002.23159","1","12.07.2013","LDR","2846340 (v1.0)","Duplicate friendly names of network adapters are displayed in Windows 7, Windows 8, Windows Server 2008 R2, and Windows Server 2012","http://support.microsoft.com/kb/2846340","2846340 (v1.0)","Duplicate friendly names of network adapters are displayed in Windows 7, Windows 8, Windows Server 2008 R2, and Windows Server 2012","http://support.microsoft.com/kb/2846340"," ","No Rollup"
"Rasapi32.dll","HNV_Net","6.0.6003.21063","1","5-Feb-2021","LDR","5009627","January 11, 2022-KB5009627 (Monthly Rollup)","http://support.microsoft.com/kb/5009627","No LDR Only available","No LDR Only available","No LDR Only available"," ","22-01Rollup"
"mprapi.dll","HNV_Net","6.0.6002.22268","1","17.11.2009","LDR","977656 (v1.0)","You cannot use CHAP or PAP authentication to create a VPN connection to a computer that is running Windows Vista or Windows Server 2008","http://support.microsoft.com/kb/977656","977656 (v1.0)","You cannot use CHAP or PAP authentication to create a VPN connection to a computer that is running Windows Vista or Windows Server 2008","http://support.microsoft.com/kb/977656"," ","No Rollup"
"pacer.sys","Net_QoS","6.0.6002.24339","1","09-Mar-2018","LDR","4090450 (v1.0)","Description of the security update for the speculative execution side-channel vulnerabilities in Windows Server 2008: March 13, 2018","http://support.microsoft.com/kb/4090450","No LDR Only available","No LDR Only available","No LDR Only available"," ","No Rollup"
"Mpsdrv.sys","Net_Firewall","6.0.6002.24462","1","9-Aug-2018","LDR","5009627","January 11, 2022-KB5009627 (Monthly Rollup)","http://support.microsoft.com/kb/5009627","No LDR Only available","No LDR Only available","No LDR Only available"," ","22-01Rollup"
"MpsSvc.dll","Net_Firewall","6.0.6002.24462","1","9-Aug-2018","LDR","5009627","January 11, 2022-KB5009627 (Monthly Rollup)","http://support.microsoft.com/kb/5009627","No LDR Only available","No LDR Only available","No LDR Only available"," ","22-01Rollup"
"qmgr.dll","Net_BiTS","7.0.6003.20848","1","11-May-2020","LDR","5009627","January 11, 2022-KB5009627 (Monthly Rollup)","http://support.microsoft.com/kb/5009627","No LDR Only available","No LDR Only available","No LDR Only available"," ","22-01Rollup"
"4493730","Win2008_19_04_SSU_KB"," ","0","09-Apr-2020","LDR","4493730","Servicing stack update for Windows Server 2008 SP2: April 9, 2019","http://support.microsoft.com/kb/4493730","No LDR Only available","No LDR Only available","No LDR Only available"," ","No Rollup"
"4474419","Win2008_19_09_SHA_KB"," ","0","23-Sep-2019","LDR","4474419","SHA-2 code signing support update for Windows Server 2008 R2, Windows 7, and Windows Server 2008: September 23, 2019","http://support.microsoft.com/kb/4474419","No LDR Only available","No LDR Only available","No LDR Only available"," ","No Rollup"
"4534303","Win2008_20-01_B_last-non-ESU"," ","0","14-Jan-2020","GDR","4534303","January 14, 2020-KB4534303 (Monthly Rollup)","http://support.microsoft.com/kb/4534303","No LDR Only available","No LDR Only available","No LDR Only available"," ","20-01Rollup"
"4580971","Win2008_20_10_SSU_KB"," ","0","13-Oct-2020","LDR","4580971","Servicing stack update for Windows Server 2008 SP2: October 13, 2020","http://support.microsoft.com/kb/4580971","No LDR Only available","No LDR Only available","No LDR Only available"," ","No Rollup"
"4538484","Win2008_20_02_ESU_KB"," ","0","11-Feb-2020","LDR","4538484","Extended Security Updates (ESU) Licensing Preparation Package for Windows Server 2008 SP2","http://support.microsoft.com/kb/4538484","No LDR Only available","No LDR Only available","No LDR Only available"," ","No Rollup"
"4575904","Win2008_21_02_ESU_KB"," ","0","09-Feb-2021","LDR","4575904","Update for the Extended Security Updates (ESU) Licensing Preparation Package for Windows Server 2008 SP2","http://support.microsoft.com/kb/4575904","No LDR Only available","No LDR Only available","No LDR Only available"," ","No Rollup"
"5009627","Win2008_22-01_B_rollup_KB"," ","0","11-Jan-2022","GDR","5009627","January 11, 2022-KB5009627 (Monthly Rollup)","http://support.microsoft.com/kb/5009627","KB only","KB only","KB only"," ","22-01Rollup"
