"Binary","Component","Version","Prio","Published","Branch","Article","Title","Link","LDROnlyKB","LDROnlyTitle","LDROnlyLink","Comment","RollupInfo"
"Ntoskrnl.exe","Core_Kernel","6.2.22000.1","0","14-Sep-2021","GDR","5005565","September 14, 2021-KB5005565 (OS Builds 19041.1237, 19042.1237, and 19043.1237)","http://support.microsoft.com/kb/5005565","KB only","KB only","KB only"," ","21-09Rollup"
"Ntkrnlpa.exe","Core_Kernel","6.2.22000.1","0","14-Sep-2021","GDR","5005565","September 14, 2021-KB5005565 (OS Builds 19041.1237, 19042.1237, and 19043.1237)","http://support.microsoft.com/kb/5005565","KB only","KB only","KB only"," ","21-09Rollup"
"Crashdmp.sys","Core_Kernel","6.2.22000.1","0","14-Sep-2021","GDR","5005565","September 14, 2021-KB5005565 (OS Builds 19041.1237, 19042.1237, and 19043.1237)","http://support.microsoft.com/kb/5005565","KB only","KB only","KB only"," ","21-09Rollup"
"Vssapi.dll","Core_VSS","6.2.22000.1","1","14-Sep-2021","GDR","5005565","September 14, 2021-KB5005565 (OS Builds 19041.1237, 19042.1237, and 19043.1237)","http://support.microsoft.com/kb/5005565","KB only","KB only","KB only"," ","21-09Rollup"
"Vsstrace.dll","Core_VSS","6.2.22000.1","1","14-Sep-2021","GDR","5005565","September 14, 2021-KB5005565 (OS Builds 19041.1237, 19042.1237, and 19043.1237)","http://support.microsoft.com/kb/5005565","KB only","KB only","KB only"," ","21-09Rollup"
"vsssvc.exe","Core_VSS","6.2.22000.1","1","14-Sep-2021","GDR","5005565","September 14, 2021-KB5005565 (OS Builds 19041.1237, 19042.1237, and 19043.1237)","http://support.microsoft.com/kb/5005565","KB only","KB only","KB only"," ","21-09Rollup"
"Swprv.dll","Core_VSS","6.2.22000.1","1","14-Sep-2021","GDR","5005565","September 14, 2021-KB5005565 (OS Builds 19041.1237, 19042.1237, and 19043.1237)","http://support.microsoft.com/kb/5005565","KB only","KB only","KB only"," ","21-09Rollup"
"spp.dll","Core_VSS","6.2.22000.1","1","14-Sep-2021","GDR","5005565","September 14, 2021-KB5005565 (OS Builds 19041.1237, 19042.1237, and 19043.1237)","http://support.microsoft.com/kb/5005565","KB only","KB only","KB only"," ","21-09Rollup"
"wbengine.exe","Core_VSS","6.2.22000.1","1","14-Sep-2021","GDR","5005565","September 14, 2021-KB5005565 (OS Builds 19041.1237, 19042.1237, and 19043.1237)","http://support.microsoft.com/kb/5005565","KB only","KB only","KB only"," ","21-09Rollup"
"blbsrv.dll","Core_VSS","6.2.22000.1","1","14-Sep-2021","GDR","5005565","September 14, 2021-KB5005565 (OS Builds 19041.1237, 19042.1237, and 19043.1237)","http://support.microsoft.com/kb/5005565","KB only","KB only","KB only"," ","21-09Rollup"
"Volsnap.sys","Cluster_Volsnap","6.2.22000.1","0","14-Sep-2021","GDR","5005565","September 14, 2021-KB5005565 (OS Builds 19041.1237, 19042.1237, and 19043.1237)","http://support.microsoft.com/kb/5005565","KB only","KB only","KB only"," ","21-09Rollup"
"pci.sys","Core_Sys","6.2.22000.1","1","14-Sep-2021","GDR","5005565","September 14, 2021-KB5005565 (OS Builds 19041.1237, 19042.1237, and 19043.1237)","http://support.microsoft.com/kb/5005565","KB only","KB only","KB only"," ","21-09Rollup"
"Termdd.sys","Core_Sys","6.2.22000.1","1","14-Sep-2021","GDR","5005565","September 14, 2021-KB5005565 (OS Builds 19041.1237, 19042.1237, and 19043.1237)","http://support.microsoft.com/kb/5005565","KB only","KB only","KB only"," ","21-09Rollup"
"Volmgr.sys","Core_Sys","6.2.22000.1","1","14-Sep-2021","GDR","5005565","September 14, 2021-KB5005565 (OS Builds 19041.1237, 19042.1237, and 19043.1237)","http://support.microsoft.com/kb/5005565","KB only","KB only","KB only"," ","21-09Rollup"
"Crypt32.dll","Dom_CRYPTO","6.2.22000.1","1","14-Sep-2021","GDR","5005565","September 14, 2021-KB5005565 (OS Builds 19041.1237, 19042.1237, and 19043.1237)","http://support.microsoft.com/kb/5005565","KB only","KB only","KB only"," ","21-09Rollup"
"Cryptsvc.dll","Dom_CRYPTO","6.2.22000.1","1","14-Sep-2021","GDR","5005565","September 14, 2021-KB5005565 (OS Builds 19041.1237, 19042.1237, and 19043.1237)","http://support.microsoft.com/kb/5005565","KB only","KB only","KB only"," ","21-09Rollup"
"Cryptnet.dll","Dom_CRYPTO","6.2.22000.1","1","14-Sep-2021","GDR","5005565","September 14, 2021-KB5005565 (OS Builds 19041.1237, 19042.1237, and 19043.1237)","http://support.microsoft.com/kb/5005565","KB only","KB only","KB only"," ","21-09Rollup"
"Wintrust.dll","Dom_CRYPTO","6.2.22000.1","1","14-Sep-2021","GDR","5005565","September 14, 2021-KB5005565 (OS Builds 19041.1237, 19042.1237, and 19043.1237)","http://support.microsoft.com/kb/5005565","KB only","KB only","KB only"," ","21-09Rollup"
"Cryptdll.dll","Dom_CRYPTO","6.2.22000.1","1","14-Sep-2021","GDR","5005565","September 14, 2021-KB5005565 (OS Builds 19041.1237, 19042.1237, and 19043.1237)","http://support.microsoft.com/kb/5005565","KB only","KB only","KB only"," ","21-09Rollup"
"Cryptcatsvc.dll","Dom_CRYPTO","6.2.22000.1","1","14-Sep-2021","GDR","5005565","September 14, 2021-KB5005565 (OS Builds 19041.1237, 19042.1237, and 19043.1237)","http://support.microsoft.com/kb/5005565","KB only","KB only","KB only"," ","21-09Rollup"
"5005565","Win11_21-09_B_rollup_KB"," ","0","14-Sep-2021","GDR","5005565","September 14, 2021-KB5005565 (OS Builds 19041.1237, 19042.1237, and 19043.1237)","http://support.microsoft.com/kb/5005565","KB only","KB only","KB only"," ","21-09Rollup"
