"Binary","Component","Version","Prio","Published","Branch","Article","Title","Link","LDROnlyKB","LDROnlyTitle","LDROnlyLink","Comment","RollupInfo"
"Netlogon.dll","Dom_NETLOGON","6.2.19041.1503","0","3-Feb-2022","GDR","5010342","February 8, 2022-KB5010342 (OS Builds 19042.1526, 19043.1526, and 19044.1526)","http://support.microsoft.com/kb/5010342","No LDR Only available","No LDR Only available","No LDR Only available"," ","22-02Rollup"
"LogonCli.dll","Dom_NETLOGON","6.2.19041.1503","0","3-Feb-2022","GDR","5010342","February 8, 2022-KB5010342 (OS Builds 19042.1526, 19043.1526, and 19044.1526)","http://support.microsoft.com/kb/5010342","No LDR Only available","No LDR Only available","No LDR Only available"," ","22-02Rollup"
"Winlogon.exe","Dom_WINLOGON","6.2.19041.1387","0","22-Nov-21","GDR","5010342","February 8, 2022-KB5010342 (OS Builds 19042.1526, 19043.1526, and 19044.1526)","http://support.microsoft.com/kb/5010342","No LDR Only available","No LDR Only available","No LDR Only available"," ","22-02Rollup"
"Kerberos.dll","Dom_KERBEROS","6.2.19041.1503","0","14-Dec-21","GDR","5010342","February 8, 2022-KB5010342 (OS Builds 19042.1526, 19043.1526, and 19044.1526)","http://support.microsoft.com/kb/5010342","No LDR Only available","No LDR Only available","No LDR Only available"," ","22-02Rollup"
"Msv1_0.dll","Dom_NTLM","6.2.19041.1469","1","14-Dec-21","GDR","5010342","February 8, 2022-KB5010342 (OS Builds 19042.1526, 19043.1526, and 19044.1526)","http://support.microsoft.com/kb/5010342","No LDR Only available","No LDR Only available","No LDR Only available"," ","22-02Rollup"
"Wldap32.dll","Dom_LDAPClient","6.2.19041.546","0","3-Feb-2022","GDR","5010342","February 8, 2022-KB5010342 (OS Builds 19042.1526, 19043.1526, and 19044.1526)","http://support.microsoft.com/kb/5010342","No LDR Only available","No LDR Only available","No LDR Only available"," ","22-02Rollup"
"Lsass.exe","Dom_LSA","6.2.19041.1266","0","3-Feb-2022","GDR","5010342","February 8, 2022-KB5010342 (OS Builds 19042.1526, 19043.1526, and 19044.1526)","http://support.microsoft.com/kb/5010342","No LDR Only available","No LDR Only available","No LDR Only available"," ","22-02Rollup"
"Lsasrv.dll","Dom_LSA","6.2.19041.1466","0","14-Dec-21","GDR","5010342","February 8, 2022-KB5010342 (OS Builds 19042.1526, 19043.1526, and 19044.1526)","http://support.microsoft.com/kb/5010342","No LDR Only available","No LDR Only available","No LDR Only available"," ","22-02Rollup"
"Ksecdd.sys","Dom_LSA","6.2.19041.1266","0","3-Feb-2022","GDR","5010342","February 8, 2022-KB5010342 (OS Builds 19042.1526, 19043.1526, and 19044.1526)","http://support.microsoft.com/kb/5010342","No LDR Only available","No LDR Only available","No LDR Only available"," ","22-02Rollup"
"Ksecpkg.sys","Dom_LSA","6.2.19041.1466","0","14-Dec-21","GDR","5010342","February 8, 2022-KB5010342 (OS Builds 19042.1526, 19043.1526, and 19044.1526)","http://support.microsoft.com/kb/5010342","No LDR Only available","No LDR Only available","No LDR Only available"," ","22-02Rollup"
"Secur32.dll","Dom_LSA","6.2.19041.546","0","3-Feb-2022","GDR","5010342","February 8, 2022-KB5010342 (OS Builds 19042.1526, 19043.1526, and 19044.1526)","http://support.microsoft.com/kb/5010342","No LDR Only available","No LDR Only available","No LDR Only available"," ","22-02Rollup"
"Sspicli.dll","Dom_LSA","6.2.19041.1266","0","21-Sep-21","GDR","5010342","February 8, 2022-KB5010342 (OS Builds 19042.1526, 19043.1526, and 19044.1526)","http://support.microsoft.com/kb/5010342","No LDR Only available","No LDR Only available","No LDR Only available"," ","22-02Rollup"
"Sspisrv.dll","Dom_LSA","6.2.19041.1266","0","3-Feb-2022","GDR","5010342","February 8, 2022-KB5010342 (OS Builds 19042.1526, 19043.1526, and 19044.1526)","http://support.microsoft.com/kb/5010342","No LDR Only available","No LDR Only available","No LDR Only available"," ","22-02Rollup"
"Schannel.dll","Dom_LSA","6.2.19041.1466","0","3-Feb-2022","GDR","5010342","February 8, 2022-KB5010342 (OS Builds 19042.1526, 19043.1526, and 19044.1526)","http://support.microsoft.com/kb/5010342","No LDR Only available","No LDR Only available","No LDR Only available"," ","22-02Rollup"
"Scesrv.dll","Dom_SecAuditAndConfig","6.2.19041.1466","1","3-Feb-2022","GDR","5010342","February 8, 2022-KB5010342 (OS Builds 19042.1526, 19043.1526, and 19044.1526)","http://support.microsoft.com/kb/5010342","No LDR Only available","No LDR Only available","No LDR Only available"," ","22-02Rollup"
"Winscard.dll","Dom_SC_Provider","6.2.19041.844","1","3-Feb-2022","GDR","5010342","February 8, 2022-KB5010342 (OS Builds 19042.1526, 19043.1526, and 19044.1526)","http://support.microsoft.com/kb/5010342","No LDR Only available","No LDR Only available","No LDR Only available"," ","22-02Rollup"
"ScardSvr.dll","Dom_SC_Srv","6.2.19041.844","1","3-Feb-2022","GDR","5010342","February 8, 2022-KB5010342 (OS Builds 19042.1526, 19043.1526, and 19044.1526)","http://support.microsoft.com/kb/5010342","No LDR Only available","No LDR Only available","No LDR Only available"," ","22-02Rollup"
"Scfilter.sys","Dom_SC_Srv","6.2.19041.844","1","3-Feb-2022","GDR","5010342","February 8, 2022-KB5010342 (OS Builds 19042.1526, 19043.1526, and 19044.1526)","http://support.microsoft.com/kb/5010342","No LDR Only available","No LDR Only available","No LDR Only available"," ","22-02Rollup"
"Certprop.dll","Dom_SC_Srv","6.2.19041.844","1","3-Feb-2022","GDR","5010342","February 8, 2022-KB5010342 (OS Builds 19042.1526, 19043.1526, and 19044.1526)","http://support.microsoft.com/kb/5010342","No LDR Only available","No LDR Only available","No LDR Only available"," ","22-02Rollup"
"Crypt32.dll","Dom_CRYPTO","6.2.19041.1320","1","3-Feb-2022","GDR","5010342","February 8, 2022-KB5010342 (OS Builds 19042.1526, 19043.1526, and 19044.1526)","http://support.microsoft.com/kb/5010342","No LDR Only available","No LDR Only available","No LDR Only available"," ","22-02Rollup"
"Cryptnet.dll","Dom_CRYPTO","6.2.19041.906","1","3-Feb-2022","GDR","5010342","February 8, 2022-KB5010342 (OS Builds 19042.1526, 19043.1526, and 19044.1526)","http://support.microsoft.com/kb/5010342","No LDR Only available","No LDR Only available","No LDR Only available"," ","22-02Rollup"
"Wintrust.dll","Dom_CRYPTO","6.2.19041.1503","1","3-Feb-2022","GDR","5010342","February 8, 2022-KB5010342 (OS Builds 19042.1526, 19043.1526, and 19044.1526)","http://support.microsoft.com/kb/5010342","No LDR Only available","No LDR Only available","No LDR Only available"," ","22-02Rollup"
"Cryptdll.dll","Dom_CRYPTO","6.2.19041.546","1","3-Feb-2022","GDR","5010342","February 8, 2022-KB5010342 (OS Builds 19042.1526, 19043.1526, and 19044.1526)","http://support.microsoft.com/kb/5010342","No LDR Only available","No LDR Only available","No LDR Only available"," ","22-02Rollup"
"Cryptcatsvc.dll","Dom_CRYPTO","6.2.19041.508","1","3-Feb-2022","GDR","5010342","February 8, 2022-KB5010342 (OS Builds 19042.1526, 19043.1526, and 19044.1526)","http://support.microsoft.com/kb/5010342","No LDR Only available","No LDR Only available","No LDR Only available"," ","22-02Rollup"
"Dimsroam.dll","Dom_DIMS","6.2.19041.906","1","3-Feb-2022","GDR","5010342","February 8, 2022-KB5010342 (OS Builds 19042.1526, 19043.1526, and 19044.1526)","http://support.microsoft.com/kb/5010342","No LDR Only available","No LDR Only available","No LDR Only available"," ","22-02Rollup"
"Adprovider.dll","Dom_DIMS","6.2.19041.906","1","3-Feb-2022","GDR","5010342","February 8, 2022-KB5010342 (OS Builds 19042.1526, 19043.1526, and 19044.1526)","http://support.microsoft.com/kb/5010342","No LDR Only available","No LDR Only available","No LDR Only available"," ","22-02Rollup"
"Capiprovider.dll","Dom_DIMS","6.2.19041.906","1","3-Feb-2022","GDR","5010342","February 8, 2022-KB5010342 (OS Builds 19042.1526, 19043.1526, and 19044.1526)","http://support.microsoft.com/kb/5010342","No LDR Only available","No LDR Only available","No LDR Only available"," ","22-02Rollup"
"Cngprovider.dll","Dom_DIMS","6.2.19041.906","1","3-Feb-2022","GDR","5010342","February 8, 2022-KB5010342 (OS Builds 19042.1526, 19043.1526, and 19044.1526)","http://support.microsoft.com/kb/5010342","No LDR Only available","No LDR Only available","No LDR Only available"," ","22-02Rollup"
"Dpapiprovider.dll","Dom_DIMS","6.2.19041.906","1","3-Feb-2022","GDR","5010342","February 8, 2022-KB5010342 (OS Builds 19042.1526, 19043.1526, and 19044.1526)","http://support.microsoft.com/kb/5010342","No LDR Only available","No LDR Only available","No LDR Only available"," ","22-02Rollup"
"Wincredprovider.dll","Dom_DIMS","6.2.19041.906","1","3-Feb-2022","GDR","5010342","February 8, 2022-KB5010342 (OS Builds 19042.1526, 19043.1526, and 19044.1526)","http://support.microsoft.com/kb/5010342","No LDR Only available","No LDR Only available","No LDR Only available"," ","22-02Rollup"
"Gpapi.dll","Dom_GPSVC","6.2.19041.1387","1","22-Nov-21","GDR","5010342","February 8, 2022-KB5010342 (OS Builds 19042.1526, 19043.1526, and 19044.1526)","http://support.microsoft.com/kb/5010342","No LDR Only available","No LDR Only available","No LDR Only available"," ","22-02Rollup"
"Gpsvc.dll","Dom_GPSVC","6.2.19041.1387","1","22-Nov-21","GDR","5010342","February 8, 2022-KB5010342 (OS Builds 19042.1526, 19043.1526, and 19044.1526)","http://support.microsoft.com/kb/5010342","No LDR Only available","No LDR Only available","No LDR Only available"," ","22-02Rollup"
"Gpmgmt.dll","Dom_GPSVC","6.2.19041.746","1","3-Feb-2022","GDR","5010342","February 8, 2022-KB5010342 (OS Builds 19042.1526, 19043.1526, and 19044.1526)","http://support.microsoft.com/kb/5010342","No LDR Only available","No LDR Only available","No LDR Only available"," ","22-02Rollup"
"Gprsop.dll","Dom_GPSVC","6.2.19041.572","1","3-Feb-2022","GDR","5010342","February 8, 2022-KB5010342 (OS Builds 19042.1526, 19043.1526, and 19044.1526)","http://support.microsoft.com/kb/5010342","No LDR Only available","No LDR Only available","No LDR Only available"," ","22-02Rollup"
"Userenv.dll","Dom_GPSVC","6.2.19041.572","1","3-Feb-2022","GDR","5010342","February 8, 2022-KB5010342 (OS Builds 19042.1526, 19043.1526, and 19044.1526)","http://support.microsoft.com/kb/5010342","No LDR Only available","No LDR Only available","No LDR Only available"," ","22-02Rollup"
"Appmgmts.dll","Dom_GPExt","6.2.19041.572","1","3-Feb-2022","GDR","5010342","February 8, 2022-KB5010342 (OS Builds 19042.1526, 19043.1526, and 19044.1526)","http://support.microsoft.com/kb/5010342","No LDR Only available","No LDR Only available","No LDR Only available"," ","22-02Rollup"
"Gpprefcl.dll","Dom_GPP","6.2.19041.388","1","3-Feb-2022","GDR","5010342","February 8, 2022-KB5010342 (OS Builds 19042.1526, 19043.1526, and 19044.1526)","http://support.microsoft.com/kb/5010342","No LDR Only available","No LDR Only available","No LDR Only available"," ","22-02Rollup"
"Gpme.dll","Dom_GPP","6.2.19041.572","1","3-Feb-2022","GDR","5010342","February 8, 2022-KB5010342 (OS Builds 19042.1526, 19043.1526, and 19044.1526)","http://support.microsoft.com/kb/5010342","No LDR Only available","No LDR Only available","No LDR Only available"," ","22-02Rollup"
"Gppref.dll","Dom_GPP","6.2.19041.746","1","3-Feb-2022","GDR","5010342","February 8, 2022-KB5010342 (OS Builds 19042.1526, 19043.1526, and 19044.1526)","http://support.microsoft.com/kb/5010342","No LDR Only available","No LDR Only available","No LDR Only available"," ","22-02Rollup"
"Gpprefbr.dll","Dom_GPP","6.2.19041.746","1","3-Feb-2022","GDR","5010342","February 8, 2022-KB5010342 (OS Builds 19042.1526, 19043.1526, and 19044.1526)","http://support.microsoft.com/kb/5010342","No LDR Only available","No LDR Only available","No LDR Only available"," ","22-02Rollup"
"Gpprefcn.dll","Dom_GPP","6.2.19041.746","1","3-Feb-2022","GDR","5010342","February 8, 2022-KB5010342 (OS Builds 19042.1526, 19043.1526, and 19044.1526)","http://support.microsoft.com/kb/5010342","No LDR Only available","No LDR Only available","No LDR Only available"," ","22-02Rollup"
"Gpregistrybrowser.dll","Dom_GPP","6.2.19041.746","1","3-Feb-2022","GDR","5010342","February 8, 2022-KB5010342 (OS Builds 19042.1526, 19043.1526, and 19044.1526)","http://support.microsoft.com/kb/5010342","No LDR Only available","No LDR Only available","No LDR Only available"," ","22-02Rollup"
"Propshts.dll","Dom_GPP","6.2.19041.1202","1","14-Sep-21","GDR","5010342","February 8, 2022-KB5010342 (OS Builds 19042.1526, 19043.1526, and 19044.1526)","http://support.microsoft.com/kb/5010342","No LDR Only available","No LDR Only available","No LDR Only available"," ","22-02Rollup"
"Repdrvfs.dll","Core_WMI","6.2.19041.1526","0","3-Feb-2022","GDR","5010342","February 8, 2022-KB5010342 (OS Builds 19042.1526, 19043.1526, and 19044.1526)","http://support.microsoft.com/kb/5010342","No LDR Only available","No LDR Only available","No LDR Only available"," ","22-02Rollup"
"Profsvc.dll","Dom_ProfProc","6.2.19041.1466","1","3-Feb-2022","GDR","5010342","February 8, 2022-KB5010342 (OS Builds 19042.1526, 19043.1526, and 19044.1526)","http://support.microsoft.com/kb/5010342","No LDR Only available","No LDR Only available","No LDR Only available"," ","22-02Rollup"
"Csc.sys","Net_CSC_Offline","6.2.19041.1387","1","22-Nov-21","GDR","5010342","February 8, 2022-KB5010342 (OS Builds 19042.1526, 19043.1526, and 19044.1526)","http://support.microsoft.com/kb/5010342","No LDR Only available","No LDR Only available","No LDR Only available"," ","22-02Rollup"
"Cscapi.dll","Net_CSC_Offline","6.2.19041.546","1","3-Feb-2022","GDR","5010342","February 8, 2022-KB5010342 (OS Builds 19042.1526, 19043.1526, and 19044.1526)","http://support.microsoft.com/kb/5010342","No LDR Only available","No LDR Only available","No LDR Only available"," ","22-02Rollup"
"Cscdll.dll","Net_CSC_Offline","6.2.19041.546","1","3-Feb-2022","GDR","5010342","February 8, 2022-KB5010342 (OS Builds 19042.1526, 19043.1526, and 19044.1526)","http://support.microsoft.com/kb/5010342","No LDR Only available","No LDR Only available","No LDR Only available"," ","22-02Rollup"
"Cscsvc.dll","Net_CSC_Offline","6.2.19041.985","1","3-Feb-2022","GDR","5010342","February 8, 2022-KB5010342 (OS Builds 19042.1526, 19043.1526, and 19044.1526)","http://support.microsoft.com/kb/5010342","No LDR Only available","No LDR Only available","No LDR Only available"," ","22-02Rollup"
"Cscmig.dll","Net_CSC_Offline","6.2.19041.1387","1","22-Nov-21","GDR","5010342","February 8, 2022-KB5010342 (OS Builds 19042.1526, 19043.1526, and 19044.1526)","http://support.microsoft.com/kb/5010342","No LDR Only available","No LDR Only available","No LDR Only available"," ","22-02Rollup"
"Esent.dll","Dom_ESENT","6.2.19041.1266","0","3-Feb-2022","GDR","5010342","February 8, 2022-KB5010342 (OS Builds 19042.1526, 19043.1526, and 19044.1526)","http://support.microsoft.com/kb/5010342","No LDR Only available","No LDR Only available","No LDR Only available"," ","22-02Rollup"
"Ntdsai.dll","Dom_NTDSAI","6.2.19041.1526","0","3-Feb-2022","GDR","5010342","February 8, 2022-KB5010342 (OS Builds 19042.1526, 19043.1526, and 19044.1526)","http://support.microsoft.com/kb/5010342","No LDR Only available","No LDR Only available","No LDR Only available"," ","22-02Rollup"
"Ntdsutil.exe","Dom_NTDSAI","6.2.19041.1466","0","3-Feb-2022","GDR","5010342","February 8, 2022-KB5010342 (OS Builds 19042.1526, 19043.1526, and 19044.1526)","http://support.microsoft.com/kb/5010342","No LDR Only available","No LDR Only available","No LDR Only available"," ","22-02Rollup"
"Samsrv.dll","Dom_SAMSRV","6.2.19041.1466","0","3-Feb-2022","GDR","5010342","February 8, 2022-KB5010342 (OS Builds 19042.1526, 19043.1526, and 19044.1526)","http://support.microsoft.com/kb/5010342","No LDR Only available","No LDR Only available","No LDR Only available"," ","22-02Rollup"
"Samlib.dll","Dom_SAMSRV","6.2.19041.1466","0","14-Dec-21","GDR","5010342","February 8, 2022-KB5010342 (OS Builds 19042.1526, 19043.1526, and 19044.1526)","http://support.microsoft.com/kb/5010342","No LDR Only available","No LDR Only available","No LDR Only available"," ","22-02Rollup"
"Kdcsvc.dll","Dom_KDCSVC","6.2.19041.1503","0","3-Feb-2022","GDR","5010342","February 8, 2022-KB5010342 (OS Builds 19042.1526, 19043.1526, and 19044.1526)","http://support.microsoft.com/kb/5010342","No LDR Only available","No LDR Only available","No LDR Only available"," ","22-02Rollup"
"Dfsrs.exe","Dom_DFS-R","6.2.19041.746","0","3-Feb-2022","GDR","5010342","February 8, 2022-KB5010342 (OS Builds 19042.1526, 19043.1526, and 19044.1526)","http://support.microsoft.com/kb/5010342","No LDR Only available","No LDR Only available","No LDR Only available"," ","22-02Rollup"
"Dfsrress.dll","Dom_DFS-R","6.2.19041.662","0","3-Feb-2022","GDR","5010342","February 8, 2022-KB5010342 (OS Builds 19042.1526, 19043.1526, and 19044.1526)","http://support.microsoft.com/kb/5010342","No LDR Only available","No LDR Only available","No LDR Only available"," ","22-02Rollup"
"Microsoft.identityserver.service.dll","Dom_ADFS","6.2.19041.1503","0","3-Feb-2022","GDR","5010342","February 8, 2022-KB5010342 (OS Builds 19042.1526, 19043.1526, and 19044.1526)","http://support.microsoft.com/kb/5010342","No LDR Only available","No LDR Only available","No LDR Only available"," ","22-02Rollup"
"Microsoft.identityserver.web.dll","Dom_ADFS","6.2.19041.1320","0","3-Feb-2022","GDR","5010342","February 8, 2022-KB5010342 (OS Builds 19042.1526, 19043.1526, and 19044.1526)","http://support.microsoft.com/kb/5010342","No LDR Only available","No LDR Only available","No LDR Only available"," ","22-02Rollup"
"Microsoft.identityserver.dll","Dom_ADFS","6.2.19041.1110","0","3-Feb-2022","GDR","5010342","February 8, 2022-KB5010342 (OS Builds 19042.1526, 19043.1526, and 19044.1526)","http://support.microsoft.com/kb/5010342","No LDR Only available","No LDR Only available","No LDR Only available"," ","22-02Rollup"
"5010342","Win201620H2_22-02_B_rollup_KB"," ","0","08-Feb-2022","GDR","5010342","February 8, 2022-KB5010342 (OS Builds 19042.1526, 19043.1526, and 19044.1526)","http://support.microsoft.com/kb/5010342","No LDR Only available","No LDR Only available","No LDR Only available"," ","22-02Rollup"
