"Binary","Component","Version","Prio","Published","Branch","Article","Title","Link","LDROnlyKB","LDROnlyTitle","LDROnlyLink","Comment","RollupInfo"
"Clussvc.exe","Cluster_Core","6.2.22000.1","0","","RTM","5023698","","","","","","",""
"ClusWMI.dll","Cluster_Core","6.2.22000.1","0","","RTM","5023698","","","","","","",""
"Rhs.exe","Cluster_Core","6.2.22000.1","0","","RTM","5023698","","","","","","",""
"Clusres.dll","Cluster_Core","6.2.22000.1","0","","RTM","5023698","","","","","","",""
"Clusres2.dll","Cluster_Core","6.2.22000.1","0","","RTM","5023698","","","","","","",""
"Netft.sys","Cluster_Core","6.2.22000.1","0","","RTM","5023698","","","","","","",""
"Clusauthmgr.dll","Cluster_Core","6.2.22000.1","0","","RTM","5023698","","","","","","",""
"Witness.dll","Cluster_Core","6.2.22000.1","0","","RTM","5023698","","","","","","",""
"Csvflt.sys","Cluster_CSV","6.2.22000.1","0","","RTM","5023698","","","","","","",""
"Csvfs.sys","Cluster_CSV","6.2.22000.1","0","","RTM","5023698","","","","","","",""
"Csvfilter.sys","Cluster_CSV","6.2.22000.1","0","","RTM","5023698","","","","","","",""
"Vhdmp.sys","Cluster_CSV","6.2.22000.856","0","09-Mar-2023","GDR","5023698","March 14, 2023-KB5023698 (OS Build 22000.1696)","http://support.microsoft.com/kb/5023698","No LDR Only available","No LDR Only available","No LDR Only available"," ","23-03Rollup"
"Svhdxflt.sys","Cluster_CSV","6.2.22000.1","0","","RTM","5023698","","","","","","",""
"Clusdisk.sys","Cluster_Disk","6.2.22000.1","0","","RTM","5023698","","","","","","",""
"Volsnap.sys","Cluster_Volsnap","6.2.22000.1","0","","RTM","5023698","","","","","","",""
"Cprepsrv.exe","Cluster_Validation","6.2.22000.1","1","","RTM","5023698","","","","","","",""
"Failoverclusters.agent.interop.dll","Cluster_Validation","6.2.22000.1","1","","RTM","5023698","","","","","","",""
"Microsoft.failoverclusters.framework.dll","Cluster_Validation","6.2.22000.1","1","","RTM","5023698","","","","","","",""
"Mpio.sys","Core_MPIO","6.2.22000.1","0","","RTM","5023698","","","","","","",""
"Msdsm.sys","Core_MPIO","6.2.22000.1","0","","RTM","5023698","","","","","","",""
"Storport.sys","Core_DiskSystem","6.2.22000.1281","0","09-Mar-2023","GDR","5023698","March 14, 2023-KB5023698 (OS Build 22000.1696)","http://support.microsoft.com/kb/5023698","No LDR Only available","No LDR Only available","No LDR Only available"," ","23-03Rollup"
"5023698","Win11_23-03_B_rollup_KB"," ","0","14-Mar-2023","GDR","5023698","March 14, 2023-KB5023698 (OS Build 22000.1696)","http://support.microsoft.com/kb/5023698","No LDR Only available","No LDR Only available","No LDR Only available"," ","23-03Rollup"
