"Binary","Component","Version","Prio","Published","Branch","Article","Title","Link","LDROnlyKB","LDROnlyTitle","LDROnlyLink","Comment","RollupInfo"
"Localspl.dll","Print_Spool","6.0.6003.21866","0","14-Dec-2022","GDR","5022890","February 14, 2023-KB5022890 (Monthly Rollup)","http://support.microsoft.com/kb/5022890","No LDR Only available","No LDR Only available","No LDR Only available"," ","23-02Rollup"
"Win32spl.dll","Print_Spool","6.0.6003.21442","0","07-Mar-2022","GDR","5022890","February 14, 2023-KB5022890 (Monthly Rollup)","http://support.microsoft.com/kb/5022890","No LDR Only available","No LDR Only available","No LDR Only available"," ","23-02Rollup"
"Spoolss.dll","Print_Spool","6.0.6003.21442","0","07-Mar-2022","GDR","5022890","February 14, 2023-KB5022890 (Monthly Rollup)","http://support.microsoft.com/kb/5022890","No LDR Only available","No LDR Only available","No LDR Only available"," ","23-02Rollup"
"Spoolsv.exe","Print_Spool","6.0.6003.21866","0","14-Dec-2022","GDR","5022890","February 14, 2023-KB5022890 (Monthly Rollup)","http://support.microsoft.com/kb/5022890","No LDR Only available","No LDR Only available","No LDR Only available"," ","23-02Rollup"
"Winspool.drv","Print_Spool","6.0.6003.21766","0","27-Oct-2022","GDR","5022890","February 14, 2023-KB5022890 (Monthly Rollup)","http://support.microsoft.com/kb/5022890","No LDR Only available","No LDR Only available","No LDR Only available"," ","23-02Rollup"
"Ntprint.exe","Print_App","6.0.6003.21866","0","14-Dec-2022","GDR","5022890","February 14, 2023-KB5022890 (Monthly Rollup)","http://support.microsoft.com/kb/5022890","No LDR Only available","No LDR Only available","No LDR Only available"," ","23-02Rollup"
"Printui.dll","Print_App","6.0.6003.21866","0","14-Dec-2022","GDR","5022890","February 14, 2023-KB5022890 (Monthly Rollup)","http://support.microsoft.com/kb/5022890","No LDR Only available","No LDR Only available","No LDR Only available"," ","23-02Rollup"
"Printcom.dll","Print_App","6.0.6003.21442","0","07-Mar-2022","GDR","5022890","February 14, 2023-KB5022890 (Monthly Rollup)","http://support.microsoft.com/kb/5022890","No LDR Only available","No LDR Only available","No LDR Only available"," ","23-02Rollup"
"Printfilterpipelineprxy.dll","Print_App","6.0.6003.21069","0","22-Feb-2021","GDR","5022890","February 14, 2023-KB5022890 (Monthly Rollup)","http://support.microsoft.com/kb/5022890","No LDR Only available","No LDR Only available","No LDR Only available"," ","23-02Rollup"
"Printfilterpipelinesvc.exe","Print_App","6.0.6003.21069","0","22-Feb-2021","GDR","5022890","February 14, 2023-KB5022890 (Monthly Rollup)","http://support.microsoft.com/kb/5022890","No LDR Only available","No LDR Only available","No LDR Only available"," ","23-02Rollup"
"Printbrm.exe","Print_App","6.0.6003.20898","0","11-Jul-2020","GDR","5022890","February 14, 2023-KB5022890 (Monthly Rollup)","http://support.microsoft.com/kb/5022890","No LDR Only available","No LDR Only available","No LDR Only available"," ","23-02Rollup"
"splwow64.exe","Print_App","6.0.6003.21766","0","26-Oct-2022","GDR","5022890","February 14, 2023-KB5022890 (Monthly Rollup)","http://support.microsoft.com/kb/5022890","No LDR Only available","No LDR Only available","No LDR Only available"," ","23-02Rollup"
"Mxdwdrv.dll","Print_Driver","0.3.7601.21760","1","13-Sep-2022","GDR","5022890","February 14, 2023-KB5022890 (Monthly Rollup)","http://support.microsoft.com/kb/5022890","No LDR Only available","No LDR Only available","No LDR Only available","rEX","23-02Rollup"
"Pcl4res.dll","Print_Driver","0.3.5479.0","1","13-Sep-2022","GDR","5022890","February 14, 2023-KB5022890 (Monthly Rollup)","http://support.microsoft.com/kb/5022890","No LDR Only available","No LDR Only available","No LDR Only available","rEX","23-02Rollup"
"Pscript5.dll","Print_Driver","0.3.9600.20509","1","13-Sep-2022","GDR","5022890","February 14, 2023-KB5022890 (Monthly Rollup)","http://support.microsoft.com/kb/5022890","No LDR Only available","No LDR Only available","No LDR Only available","rEX","23-02Rollup"
"Unidrv.dll","Print_Driver","0.3.9600.19697","1","13-Sep-2022","GDR","5022890","February 14, 2023-KB5022890 (Monthly Rollup)","http://support.microsoft.com/kb/5022890","No LDR Only available","No LDR Only available","No LDR Only available","rEX","23-02Rollup"
"Unires.dll","Print_Driver","0.3.7601.17514","1","13-Sep-2022","GDR","5022890","February 14, 2023-KB5022890 (Monthly Rollup)","http://support.microsoft.com/kb/5022890","No LDR Only available","No LDR Only available","No LDR Only available","rEX","23-02Rollup"
"Xpssvcs.dll","Print_Driver","0.3.7601.21760","1","13-Sep-2022","GDR","5022890","February 14, 2023-KB5022890 (Monthly Rollup)","http://support.microsoft.com/kb/5022890","No LDR Only available","No LDR Only available","No LDR Only available","rEX","23-02Rollup"
"4493730","Win2008_19_04_SSU_KB"," ","0","09-Apr-2020","LDR","4493730","Servicing stack update for Windows Server 2008 SP2: April 9, 2019","http://support.microsoft.com/kb/4493730","No LDR Only available","No LDR Only available","No LDR Only available"," ","No Rollup"
"4474419","Win2008_19_09_SHA_KB"," ","0","23-Sep-2019","LDR","4474419","SHA-2 code signing support update for Windows Server 2008 R2, Windows 7, and Windows Server 2008: September 23, 2019","http://support.microsoft.com/kb/4474419","No LDR Only available","No LDR Only available","No LDR Only available"," ","No Rollup"
"4534303","Win2008_20-01_B_last-non-ESU"," ","0","14-Jan-2020","GDR","4534303","January 14, 2020-KB4534303 (Monthly Rollup)","http://support.microsoft.com/kb/4534303","No LDR Only available","No LDR Only available","No LDR Only available"," ","20-01Rollup"
"4580971","Win2008_20_10_SSU_KB"," ","0","13-Oct-2020","LDR","4580971","Servicing stack update for Windows Server 2008 SP2: October 13, 2020","http://support.microsoft.com/kb/4580971","No LDR Only available","No LDR Only available","No LDR Only available"," ","No Rollup"
"4538484","Win2008_20_02_ESU_KB"," ","0","11-Feb-2020","LDR","4538484","Extended Security Updates (ESU) Licensing Preparation Package for Windows Server 2008 SP2","http://support.microsoft.com/kb/4538484","No LDR Only available","No LDR Only available","No LDR Only available"," ","No Rollup"
"4575904","Win2008_21_02_ESU_KB"," ","0","09-Feb-2021","LDR","4575904","Update for the Extended Security Updates (ESU) Licensing Preparation Package for Windows Server 2008 SP2","http://support.microsoft.com/kb/4575904","No LDR Only available","No LDR Only available","No LDR Only available"," ","No Rollup"
"5010452","Win2008_22_02_SSU_KB"," ","0","08-Feb-2022","LDR","5010452","KB5010452: Servicing stack update for Windows Server 2008 SP2: February 8, 2022","http://support.microsoft.com/kb/5010452","No LDR Only available","No LDR Only available","No LDR Only available"," ","No Rollup"
"5022890","Win2008_23-02_B_rollup_KB"," ","0","14-Feb-2023","GDR","5022890","February 14, 2023-KB5022890 (Monthly Rollup)","http://support.microsoft.com/kb/5022890","No LDR Only available","No LDR Only available","No LDR Only available"," ","23-02Rollup"
