"Binary","Component","Version","Prio","Published","Branch","Article","Title","Link","LDROnlyKB","LDROnlyTitle","LDROnlyLink","Comment","RollupInfo"
"Ntoskrnl.exe","Core_Kernel","6.0.6003.21911","0","11-Jan-2023","GDR","5022890","February 14, 2023-KB5022890 (Monthly Rollup)","http://support.microsoft.com/kb/5022890","No LDR Only available","No LDR Only available","No LDR Only available"," ","23-02Rollup"
"Ntkrnlpa.exe","Core_Kernel","6.0.6003.21911","0","11-Jan-2023","GDR","5022890","February 14, 2023-KB5022890 (Monthly Rollup)","http://support.microsoft.com/kb/5022890","No LDR Only available","No LDR Only available","No LDR Only available"," ","23-02Rollup"
"Crashdmp.sys","Core_Kernel","6.0.6002.0","0","","RTM","5022890","","","","","","",""
"Ntdll.dll","Core_Kernel","6.0.6003.21911","0","11-Jan-2023","GDR","5022890","February 14, 2023-KB5022890 (Monthly Rollup)","http://support.microsoft.com/kb/5022890","No LDR Only available","No LDR Only available","No LDR Only available"," ","23-02Rollup"
"Hal.dll","Core_Kernel","6.0.6003.21911","0","11-Jan-2023","GDR","5022890","February 14, 2023-KB5022890 (Monthly Rollup)","http://support.microsoft.com/kb/5022890","No LDR Only available","No LDR Only available","No LDR Only available"," ","23-02Rollup"
"Fltmgr.sys","Core_Kernel","6.0.6003.21136","0","12-May-2021","GDR","5022890","February 14, 2023-KB5022890 (Monthly Rollup)","http://support.microsoft.com/kb/5022890","No LDR Only available","No LDR Only available","No LDR Only available"," ","23-02Rollup"
"win32k.sys","Core_Kernel","6.0.6003.21913","0","16-Jan-2023","GDR","5022890","February 14, 2023-KB5022890 (Monthly Rollup)","http://support.microsoft.com/kb/5022890","No LDR Only available","No LDR Only available","No LDR Only available"," ","23-02Rollup"
"Ntfs.sys","Core_FileSystem","6.0.6003.21911","0","11-Jan-2023","GDR","5022890","February 14, 2023-KB5022890 (Monthly Rollup)","http://support.microsoft.com/kb/5022890","No LDR Only available","No LDR Only available","No LDR Only available"," ","23-02Rollup"
"dedup.sys","Core_FileSystem","6.0.6002.0","0","","RTM","5022890","","","","","","",""
"msiscsi.sys","Core_DiskSystem","6.0.6002.22814","0","09.03.2012","LDR","2684681 (v1.0)","Iscsicpl.exe process stops responding when you try to reconnect a storage device to a computer that is running Windows Vista, Windows Server 2008, Windows 7, or Windows Server 2008 R2","http://support.microsoft.com/kb/2684681","2684681 (v1.0)","Iscsicpl.exe process stops responding when you try to reconnect a storage device to a computer that is running Windows Vista, Windows Server 2008, Windows 7, or Windows Server 2008 R2","http://support.microsoft.com/kb/2684681"," ","No Rollup"
"Iscsitgt.dll","Core_DiskSystem","6.0.6002.0","0","","RTM","5022890","","","","","","",""
"Storport.sys","Core_DiskSystem","6.0.6003.21247","0","15-Sep-2021","GDR","5022890","February 14, 2023-KB5022890 (Monthly Rollup)","http://support.microsoft.com/kb/5022890","No LDR Only available","No LDR Only available","No LDR Only available"," ","23-02Rollup"
"repdrvfs.dll","Core_WMI","6.0.6002.22526","0","17.11.2010","LDR","2464876 (v1.0)","The WMI repository is corrupted on a computer that is running Windows Server 2008 or Windows Vista","http://support.microsoft.com/kb/2464876","2464876 (v1.0)","The WMI repository is corrupted on a computer that is running Windows Server 2008 or Windows Vista","http://support.microsoft.com/kb/2464876"," ","No Rollup"
"mpio.sys","Core_MPIO","6.0.6002.23457","0","08.08.2014","LDRGDR","2990170 (v1.0)","Multipath I/O identifies different disks as the same disk in Windows","http://support.microsoft.com/kb/2990170","2754704 (v1.0)","A hotfix is available that provides a mechanism for DSM to notify MPIO that a particular path is back to online in Windows Server 2008","http://support.microsoft.com/kb/2754704"," ","No Rollup"
"msdsm.sys","Core_MPIO","6.0.6002.23457","0","08.08.2014","LDRGDR","2990170 (v1.0)","Multipath I/O identifies different disks as the same disk in Windows","http://support.microsoft.com/kb/2990170","2878031 (v1.0)","""0x000000D1"" Stop error when you try to open the MPIO console on a computer that is running Windows Server 2008 SP2","http://support.microsoft.com/kb/2878031"," ","No Rollup"
"vssapi.dll","Core_VSS","6.0.6002.22267","1","16.11.2009","LDR","975928 (v1.0)","A parallel backup operation may fail when the operation is performed by Volume Shadow Copy Service (VSS)","http://support.microsoft.com/kb/975928","975928 (v1.0)","A parallel backup operation may fail when the operation is performed by Volume Shadow Copy Service (VSS)","http://support.microsoft.com/kb/975928"," ","No Rollup"
"vsstrace.dll","Core_VSS","6.0.6002.22267","1","16.11.2009","LDR","975928 (v1.0)","A parallel backup operation may fail when the operation is performed by Volume Shadow Copy Service (VSS)","http://support.microsoft.com/kb/975928","975928 (v1.0)","A parallel backup operation may fail when the operation is performed by Volume Shadow Copy Service (VSS)","http://support.microsoft.com/kb/975928"," ","No Rollup"
"vsssvc.exe","Core_VSS","6.0.6002.0","1","","RTM","5022890","","","","","","",""
"swprv.dll","Core_VSS","6.0.6002.22137","1","16.05.2009","LDR","971394 (v1.0)","A backup of virtual machines fails when you use the Hyper-V VSS writer to back up virtual machines concurrently on a computer that is running Windows Server 2008","http://support.microsoft.com/kb/971394","971394 (v1.0)","A backup of virtual machines fails when you use the Hyper-V VSS writer to back up virtual machines concurrently on a computer that is running Windows Server 2008","http://support.microsoft.com/kb/971394"," ","No Rollup"
"spp.dll","Core_VSS","6.0.6002.22641","1","13.05.2011","LDR","2457458 (v1.0)","Windows backup fails when you back up data from the root folder of a mount point","http://support.microsoft.com/kb/2457458","2457458 (v1.0)","Windows backup fails when you back up data from the root folder of a mount point","http://support.microsoft.com/kb/2457458"," ","No Rollup"
"wbengine.exe","Core_VSS","6.0.6002.22910","1","24.08.2012","LDR","2727978 (v3.0)","Error message when you run ""wbadmin start systemstatebackup"" to back up the system state of a Windows Vista-based or Windows Server 2008-based virtual machine that is running on a VMware host server","http://support.microsoft.com/kb/2727978","2727978 (v3.0)","Error message when you run ""wbadmin start systemstatebackup"" to back up the system state of a Windows Vista-based or Windows Server 2008-based virtual machine that is running on a VMware host server","http://support.microsoft.com/kb/2727978","rEX","No Rollup"
"blbsrv.dll","Core_VSS","6.0.6002.0","1","","RTM","5022890","","","","","","",""
"pci.sys","Core_Sys","6.0.6003.21090","1","05-Mar-2021","GDR","5022890","February 14, 2023-KB5022890 (Monthly Rollup)","http://support.microsoft.com/kb/5022890","No LDR Only available","No LDR Only available","No LDR Only available"," ","23-02Rollup"
"Termdd.sys","Core_Sys","6.0.6003.21090","1","05-Mar-2021","GDR","5022890","February 14, 2023-KB5022890 (Monthly Rollup)","http://support.microsoft.com/kb/5022890","No LDR Only available","No LDR Only available","No LDR Only available"," ","23-02Rollup"
"Volmgr.sys","Core_Sys","6.0.6003.21090","1","05-Mar-2021","GDR","5022890","February 14, 2023-KB5022890 (Monthly Rollup)","http://support.microsoft.com/kb/5022890","No LDR Only available","No LDR Only available","No LDR Only available"," ","23-02Rollup"
"Advapi32.dll","Core_Apps","6.0.6003.21911","0","11-Jan-2023","GDR","5022890","February 14, 2023-KB5022890 (Monthly Rollup)","http://support.microsoft.com/kb/5022890","No LDR Only available","No LDR Only available","No LDR Only available"," ","23-02Rollup"
"Tzres.dll","Core_TimeZone","6.0.6003.21813","1","14-Nov-2022","GDR","5022890","February 14, 2023-KB5022890 (Monthly Rollup)","http://support.microsoft.com/kb/5022890","No LDR Only available","No LDR Only available","No LDR Only available"," ","23-02Rollup"
"clussvc.exe","Cluster_Core","6.0.6002.23245","0","17.10.2013","LDR","2898118 (v1.0)","Changed cluster properties revert to default values on cluster nodes that run Windows Server 2008 SP2","http://support.microsoft.com/kb/2898118","2898118 (v1.0)","Changed cluster properties revert to default values on cluster nodes that run Windows Server 2008 SP2","http://support.microsoft.com/kb/2898118"," ","No Rollup"
"cluswmi.dll","Cluster_Core","6.0.6002.23245","0","17.10.2013","LDR","2898118 (v1.0)","Changed cluster properties revert to default values on cluster nodes that run Windows Server 2008 SP2","http://support.microsoft.com/kb/2898118","2898118 (v1.0)","Changed cluster properties revert to default values on cluster nodes that run Windows Server 2008 SP2","http://support.microsoft.com/kb/2898118"," ","No Rollup"
"rhs.exe","Cluster_Core","6.0.6002.22984","0","23.11.2012","LDR","2782761 (v1.0)","Hotfix enables a dump file to be generated when the Rhs.exe process detects a deadlock condition in Windows Server 2008","http://support.microsoft.com/kb/2782761","2782761 (v1.0)","Hotfix enables a dump file to be generated when the Rhs.exe process detects a deadlock condition in Windows Server 2008","http://support.microsoft.com/kb/2782761"," ","No Rollup"
"clusres.dll","Cluster_Core","6.0.6002.23657","0","27.03.2015","LDRGDR","3050293 (v1.0)","Cluster resources are not initialized correctly after Rhs.exe process crashes on a Windows Server 2008 SP2-based cluster","http://support.microsoft.com/kb/3050293","2685891 (v1.0)","CAP does not come online in a Windows Server 2008 R2-based failover cluster","http://support.microsoft.com/kb/2685891"," ","No Rollup"
"Clusres2.dll","Cluster_Core","6.0.6002.0","0","","RTM","5022890","","","","","","",""
"Netft.sys","Cluster_Core","6.0.6002.0","0","","RTM","5022890","","","","","","",""
"Clusauthmgr.dll","Cluster_Core","6.0.6002.0","0","","RTM","5022890","","","","","","",""
"Witness.dll","Cluster_Core","6.0.6002.0","0","","RTM","5022890","","","","","","",""
"Csvflt.sys","Cluster_CSV","6.0.6002.0","0","","RTM","5022890","","","","","","",""
"Csvfs.sys","Cluster_CSV","6.0.6002.0","0","","RTM","5022890","","","","","","",""
"Csvfilter.sys","Cluster_CSV","6.0.6002.0","0","","RTM","5022890","","","","","","",""
"Vhdmp.sys","Cluster_CSV","6.0.6002.0","0","","RTM","5022890","","","","","","",""
"Svhdxflt.sys","Cluster_CSV","6.0.6002.0","0","","RTM","5022890","","","","","","",""
"Clusdisk.sys","Cluster_Disk","6.0.6002.0","0","","RTM","5022890","","","","","","",""
"volsnap.sys","Cluster_Volsnap","6.0.6002.22987","0","27.11.2012","LDR","2787113 (v1.0)","""0x00000050"" Stop error when you create a snapshot by using the VSS in Windows Vista or in Windows Server 2008","http://support.microsoft.com/kb/2787113","2787113 (v1.0)","""0x00000050"" Stop error when you create a snapshot by using the VSS in Windows Vista or in Windows Server 2008","http://support.microsoft.com/kb/2787113"," ","No Rollup"
"cprepsrv.exe","Cluster_Validation","6.0.6002.22268","1","17.11.2009","LDR","975665 (v1.0)","The time stamps in the Cluster log are less accurate compared to the system time that is used for events on a failover cluster node that is running a non-English version of Windows Server 2008","http://support.microsoft.com/kb/975665","975665 (v1.0)","The time stamps in the Cluster log are less accurate compared to the system time that is used for events on a failover cluster node that is running a non-English version of Windows Server 2008","http://support.microsoft.com/kb/975665"," ","No Rollup"
"failoverclusters.agent.interop.dll","Cluster_Validation","6.0.6002.22485","1","13.09.2010","LDR","976097 (v1.0)","Hotfix to add support for asymmetric storages to the Failover Cluster Management MMC snap-in for a failover cluster that is running Windows Server 2008 or Windows Server 2008 R2","http://support.microsoft.com/kb/976097","976097 (v1.0)","Hotfix to add support for asymmetric storages to the Failover Cluster Management MMC snap-in for a failover cluster that is running Windows Server 2008 or Windows Server 2008 R2","http://support.microsoft.com/kb/976097"," ","No Rollup"
"Microsoft.failoverclusters.framework.dll","Cluster_Validation","6.0.6002.0","1","","RTM","5022890","","","","","","",""
"Vmswitch.sys","Hyper-V_Net","6.0.6003.20665","1","14-Oct-2019","GDR","5022890","February 14, 2023-KB5022890 (Monthly Rollup)","http://support.microsoft.com/kb/5022890","No LDR Only available","No LDR Only available","No LDR Only available"," ","23-02Rollup"
"Mslbfoprovider.sys","Hyper-V_Net","6.0.6002.0","1","","RTM","5022890","","","","","","",""
"Wnv.sys","Hyper-V_Net","6.0.6002.0","1","","RTM","5022890","","","","","","",""
"Vmsntfy.dll","Hyper-V_Net","6.0.6003.20665","1","14-Oct-2019","GDR","5022890","February 14, 2023-KB5022890 (Monthly Rollup)","http://support.microsoft.com/kb/5022890","No LDR Only available","No LDR Only available","No LDR Only available"," ","23-02Rollup"
"Ndisimplatform.sys","Hyper-V_Net","6.0.6002.0","1","","RTM","5022890","","","","","","",""
"Vmms.exe","Hyper-V_Net","6.0.6003.21810","1","07-Nov-2022","GDR","5022890","February 14, 2023-KB5022890 (Monthly Rollup)","http://support.microsoft.com/kb/5022890","No LDR Only available","No LDR Only available","No LDR Only available"," ","23-02Rollup"
"Winnat.sys","Hyper-V_Net","6.0.6002.0","1","","RTM","5022890","","","","","","",""
"pvhdparser.sys","Hyper-V_Net","6.0.6002.0","1","","RTM","5022890","","","","","","",""
"Wmisvc.dll","Hyper-V_Net","6.0.6003.20825","1","15-Jul-2020","GDR","5022890","February 14, 2023-KB5022890 (Monthly Rollup)","http://support.microsoft.com/kb/5022890","No LDR Only available","No LDR Only available","No LDR Only available"," ","23-02Rollup"
"Vmbus.sys","Hyper-V_Net","6.0.6002.0","1","","RTM","5022890","","","","","","",""
"Rasapi32.dll","HNV_Net","6.0.6003.21063","1","05-Feb-2021","GDR","5022890","February 14, 2023-KB5022890 (Monthly Rollup)","http://support.microsoft.com/kb/5022890","No LDR Only available","No LDR Only available","No LDR Only available"," ","23-02Rollup"
"mprapi.dll","HNV_Net","6.0.6002.22268","1","17.11.2009","LDR","977656 (v1.0)","You cannot use CHAP or PAP authentication to create a VPN connection to a computer that is running Windows Vista or Windows Server 2008","http://support.microsoft.com/kb/977656","977656 (v1.0)","You cannot use CHAP or PAP authentication to create a VPN connection to a computer that is running Windows Vista or Windows Server 2008","http://support.microsoft.com/kb/977656"," ","No Rollup"
"Vmwp.exe","Hyper-V_app","6.0.6003.21339","1","09-Dec-2021","GDR","5022890","February 14, 2023-KB5022890 (Monthly Rollup)","http://support.microsoft.com/kb/5022890","No LDR Only available","No LDR Only available","No LDR Only available"," ","23-02Rollup"
"Tcpip.sys","Net_Protocol","6.0.6003.21708","0","25-Aug-2022","GDR","5022890","February 14, 2023-KB5022890 (Monthly Rollup)","http://support.microsoft.com/kb/5022890","No LDR Only available","No LDR Only available","No LDR Only available"," ","23-02Rollup"
"Afd.sys","Net_Protocol","6.0.6003.21498","0","08-May-2022","GDR","5022890","February 14, 2023-KB5022890 (Monthly Rollup)","http://support.microsoft.com/kb/5022890","No LDR Only available","No LDR Only available","No LDR Only available"," ","23-02Rollup"
"netio.sys","Net_Protocol","6.0.6002.24125","0","02-Jun-2017","LDRGDR","4022748 (v1.0)","Security update for the Windows kernel information disclosure vulnerability in Windows Server 2008: July 11, 2017","http://support.microsoft.com/kb/4022748","2712746 (v1.0)","""0x00000019"" Stop error when you run an SNMP application on a computer that is running Windows Vista or Windows Server 2008","http://support.microsoft.com/kb/2712746","rEX","No Rollup"
"Ndis.sys","Net_Protocol","6.0.6003.20975","0","08-Oct-2020","GDR","5022890","February 14, 2023-KB5022890 (Monthly Rollup)","http://support.microsoft.com/kb/5022890","No LDR Only available","No LDR Only available","No LDR Only available"," ","23-02Rollup"
"netiohlp.dll","Net_Protocol","6.0.6002.22989","0","30.11.2012","LDR","2780879 (v3.0)","Hotfix improves TCP window scaling in Windows Vista, Windows Server 2008, Windows 7, or Windows Server 2008 R2","http://support.microsoft.com/kb/2780879","2780879 (v3.0)","Hotfix improves TCP window scaling in Windows Vista, Windows Server 2008, Windows 7, or Windows Server 2008 R2","http://support.microsoft.com/kb/2780879"," ","No Rollup"
"Tdx.sys","Net_Protocol","6.0.6003.21498","0","08-May-2022","GDR","5022890","February 14, 2023-KB5022890 (Monthly Rollup)","http://support.microsoft.com/kb/5022890","No LDR Only available","No LDR Only available","No LDR Only available"," ","23-02Rollup"
"Iphlpapi.dll","Net_Protocol","6.0.6002.0","0","","RTM","5022890","","","","","","",""
"srv.sys","Net_SMB_Server","6.0.6003.21911","0","11-Jan-2023","GDR","5022890","February 14, 2023-KB5022890 (Monthly Rollup)","http://support.microsoft.com/kb/5022890","No LDR Only available","No LDR Only available","No LDR Only available"," ","23-02Rollup"
"srv2.sys","Net_SMB_Server","6.0.6003.21911","0","11-Jan-2023","GDR","5022890","February 14, 2023-KB5022890 (Monthly Rollup)","http://support.microsoft.com/kb/5022890","No LDR Only available","No LDR Only available","No LDR Only available"," ","23-02Rollup"
"srvnet.sys","Net_SMB_Server","6.0.6003.21911","0","11-Jan-2023","GDR","5022890","February 14, 2023-KB5022890 (Monthly Rollup)","http://support.microsoft.com/kb/5022890","No LDR Only available","No LDR Only available","No LDR Only available"," ","23-02Rollup"
"Srvsvc.dll","Net_SMB_Server","6.0.6003.21473","0","11-Apr-2022","GDR","5022890","February 14, 2023-KB5022890 (Monthly Rollup)","http://support.microsoft.com/kb/5022890","No LDR Only available","No LDR Only available","No LDR Only available"," ","23-02Rollup"
"Mrxsmb.sys","Net_SMB_Client","6.0.6003.21911","0","11-Jan-2023","GDR","5022890","February 14, 2023-KB5022890 (Monthly Rollup)","http://support.microsoft.com/kb/5022890","No LDR Only available","No LDR Only available","No LDR Only available"," ","23-02Rollup"
"Mrxsmb10.sys","Net_SMB_Client","6.0.6003.21911","0","11-Jan-2023","GDR","5022890","February 14, 2023-KB5022890 (Monthly Rollup)","http://support.microsoft.com/kb/5022890","No LDR Only available","No LDR Only available","No LDR Only available"," ","23-02Rollup"
"Mrxsmb20.sys","Net_SMB_Client","6.0.6003.21911","0","11-Jan-2023","GDR","5022890","February 14, 2023-KB5022890 (Monthly Rollup)","http://support.microsoft.com/kb/5022890","No LDR Only available","No LDR Only available","No LDR Only available"," ","23-02Rollup"
"Rdbss.sys","Net_SMB_Client","6.0.6003.21208","0","05-Aug-2021","GDR","5022890","February 14, 2023-KB5022890 (Monthly Rollup)","http://support.microsoft.com/kb/5022890","No LDR Only available","No LDR Only available","No LDR Only available"," ","23-02Rollup"
"Netbt.sys","Net_SMB_Client","6.0.6003.20950","0","09-Sep-2020","GDR","5022890","February 14, 2023-KB5022890 (Monthly Rollup)","http://support.microsoft.com/kb/5022890","No LDR Only available","No LDR Only available","No LDR Only available"," ","23-02Rollup"
"mup.sys","Net_SMB_Client","6.0.6002.23775","0","07.08.2015","LDR","3075623 (v1.0)","Configuring registry policy processing causes MUP to ignore Group Policy setting in Windows","http://support.microsoft.com/kb/3075623","3075623 (v1.0)","Configuring registry policy processing causes MUP to ignore Group Policy setting in Windows","http://support.microsoft.com/kb/3075623"," ","No Rollup"
"wkssvc.dll","Net_SMB_Client","6.0.6003.21714","0","12-Sep-2022","GDR","5022890","February 14, 2023-KB5022890 (Monthly Rollup)","http://support.microsoft.com/kb/5022890","No LDR Only available","No LDR Only available","No LDR Only available"," ","23-02Rollup"
"Mpr.dll","Net_SMB_Client","6.0.6002.0","0","","RTM","5022890","","","","","","",""
"NtLanman.dll","Net_SMB_Client","6.0.6002.0","0","","RTM","5022890","","","","","","",""
"4493730","Win2008_19_04_SSU_KB"," ","0","09-Apr-2020","LDR","4493730","Servicing stack update for Windows Server 2008 SP2: April 9, 2019","http://support.microsoft.com/kb/4493730","No LDR Only available","No LDR Only available","No LDR Only available"," ","No Rollup"
"4474419","Win2008_19_09_SHA_KB"," ","0","23-Sep-2019","LDR","4474419","SHA-2 code signing support update for Windows Server 2008 R2, Windows 7, and Windows Server 2008: September 23, 2019","http://support.microsoft.com/kb/4474419","No LDR Only available","No LDR Only available","No LDR Only available"," ","No Rollup"
"4534303","Win2008_20-01_B_last-non-ESU"," ","0","14-Jan-2020","GDR","4534303","January 14, 2020-KB4534303 (Monthly Rollup)","http://support.microsoft.com/kb/4534303","No LDR Only available","No LDR Only available","No LDR Only available"," ","20-01Rollup"
"4580971","Win2008_20_10_SSU_KB"," ","0","13-Oct-2020","LDR","4580971","Servicing stack update for Windows Server 2008 SP2: October 13, 2020","http://support.microsoft.com/kb/4580971","No LDR Only available","No LDR Only available","No LDR Only available"," ","No Rollup"
"4538484","Win2008_20_02_ESU_KB"," ","0","11-Feb-2020","LDR","4538484","Extended Security Updates (ESU) Licensing Preparation Package for Windows Server 2008 SP2","http://support.microsoft.com/kb/4538484","No LDR Only available","No LDR Only available","No LDR Only available"," ","No Rollup"
"4575904","Win2008_21_02_ESU_KB"," ","0","09-Feb-2021","LDR","4575904","Update for the Extended Security Updates (ESU) Licensing Preparation Package for Windows Server 2008 SP2","http://support.microsoft.com/kb/4575904","No LDR Only available","No LDR Only available","No LDR Only available"," ","No Rollup"
"5010452","Win2008_22_02_SSU_KB"," ","0","08-Feb-2022","LDR","5010452","KB5010452: Servicing stack update for Windows Server 2008 SP2: February 8, 2022","http://support.microsoft.com/kb/5010452","No LDR Only available","No LDR Only available","No LDR Only available"," ","No Rollup"
"5022890","Win2008_23-02_B_rollup_KB"," ","0","14-Feb-2023","GDR","5022890","February 14, 2023-KB5022890 (Monthly Rollup)","http://support.microsoft.com/kb/5022890","No LDR Only available","No LDR Only available","No LDR Only available"," ","23-02Rollup"
