"Binary","Component","Version","Prio","Published","Branch","Article","Title","Link","LDROnlyKB","LDROnlyTitle","LDROnlyLink","Comment","RollupInfo"
"volsnap.sys","Cluster_Volsnap","6.0.6002.22987","0","27.11.2012","LDR","2787113 (v1.0)","""0x00000050"" Stop error when you create a snapshot by using the VSS in Windows Vista or in Windows Server 2008","http://support.microsoft.com/kb/2787113","2787113 (v1.0)","""0x00000050"" Stop error when you create a snapshot by using the VSS in Windows Vista or in Windows Server 2008","http://support.microsoft.com/kb/2787113"," ","No Rollup"
"Vmswitch.sys","Hyper-V_Net","6.0.6003.20665","1","14-Oct-2019","GDR","5005606","September 14, 2021-KB5005606 (Monthly Rollup)","http://support.microsoft.com/kb/5005606","No LDR Only available","No LDR Only available","No LDR Only available"," ","21-09Rollup"
"Vmsntfy.dll","Hyper-V_Net","6.0.6003.20665","1","14-Oct-2019","GDR","5005606","September 14, 2021-KB5005606 (Monthly Rollup)","http://support.microsoft.com/kb/5005606","No LDR Only available","No LDR Only available","No LDR Only available"," ","21-09Rollup"
"Vmms.exe","Hyper-V_Net","6.0.6003.20682","1","1-Nov-2019","GDR","5005606","September 14, 2021-KB5005606 (Monthly Rollup)","http://support.microsoft.com/kb/5005606","No LDR Only available","No LDR Only available","No LDR Only available"," ","21-09Rollup"
"Rasapi32.dll","HNV_Net","6.0.6003.21063","1","5-Feb-2021","GDR","5005606","September 14, 2021-KB5005606 (Monthly Rollup)","http://support.microsoft.com/kb/5005606","No LDR Only available","No LDR Only available","No LDR Only available"," ","21-09Rollup"
"mprapi.dll","HNV_Net","6.0.6002.22268","1","17.11.2009","LDR","977656 (v1.0)","You cannot use CHAP or PAP authentication to create a VPN connection to a computer that is running Windows Vista or Windows Server 2008","http://support.microsoft.com/kb/977656","977656 (v1.0)","You cannot use CHAP or PAP authentication to create a VPN connection to a computer that is running Windows Vista or Windows Server 2008","http://support.microsoft.com/kb/977656"," ","No Rollup"
"4493730","Win2008_19_04_SSU_KB"," ","0","09-Apr-2020","LDR","4493730","Servicing stack update for Windows Server 2008 SP2: April 9, 2019","http://support.microsoft.com/kb/4493730","KB only","KB only","KB Only"," ","No Rollup"
"4474419","Win2008_19_09_SHA_KB"," ","0","23-Sep-2019","LDR","4474419","SHA-2 code signing support update for Windows Server 2008 R2, Windows 7, and Windows Server 2008: September 23, 2019","http://support.microsoft.com/kb/4474419","KB only","KB only","KB Only"," ","No Rollup"
"4534303","Win2008_20-01_B_last-non-ESU"," ","0","14-Jan-2020","GDR","4534303","January 14, 2020-KB4534303 (Monthly Rollup)","http://support.microsoft.com/kb/4534303","KB only","KB only","KB only"," ","20-01Rollup"
"4580971","Win2008_20_10_SSU_KB"," ","0","13-Oct-2020","LDR","4580971","Servicing stack update for Windows Server 2008 SP2: October 13, 2020","http://support.microsoft.com/kb/4580971","KB only","KB only","KB Only"," ","No Rollup"
"4538484","Win2008_20_02_ESU_KB"," ","0","11-Feb-2020","LDR","4538484","Extended Security Updates (ESU) Licensing Preparation Package for Windows Server 2008 SP2","http://support.microsoft.com/kb/4538484","KB only","KB only","KB Only"," ","No Rollup"
"4575904","Win2008_21_02_ESU_KB"," ","0","09-Feb-2021","LDR","4575904","Update for the Extended Security Updates (ESU) Licensing Preparation Package for Windows Server 2008 SP2","http://support.microsoft.com/kb/4575904","KB only","KB only","KB Only"," ","No Rollup"
"5005606","Win2008_21-09_B_rollup_KB"," ","0","14-Sep-2021","GDR","5005606","September 14, 2021-KB5005606 (Monthly Rollup)","http://support.microsoft.com/kb/5005606","KB only","KB only","KB only"," ","21-09Rollup"
