"Binary","Component","Version","Prio","Published","Branch","Article","Title","Link","LDROnlyKB","LDROnlyTitle","LDROnlyLink","Comment","RollupInfo"
"Ntoskrnl.exe","Core_Kernel","6.2.19041.985","0","11-May-21","GDR","5003173","May 11, 2021-KB5003173 (OS Builds 19041.985 and 19042.985)","http://support.microsoft.com/kb/5003173","KB only","KB only","KB only"," ","21-05Rollup"
"Ntkrnlpa.exe","Core_Kernel","6.2.19041.1","0","06-May-20","GDR","5003173","May 11, 2021-KB5003173 (OS Builds 19041.985 and 19042.985)","http://support.microsoft.com/kb/5003173","KB only","KB only","KB only"," ","21-05Rollup"
"Crashdmp.sys","Core_Kernel","6.2.19041.1","0","06-May-20","GDR","5003173","May 11, 2021-KB5003173 (OS Builds 19041.985 and 19042.985)","http://support.microsoft.com/kb/5003173","KB only","KB only","KB only"," ","21-05Rollup"
"Ntdll.dll","Core_Kernel","6.2.19041.964","0","28-Apr-21","GDR","5003173","May 11, 2021-KB5003173 (OS Builds 19041.985 and 19042.985)","http://support.microsoft.com/kb/5003173","KB only","KB only","KB only"," ","21-05Rollup"
"Hal.dll","Core_Kernel","6.2.19041.964","0","28-Apr-21","GDR","5003173","May 11, 2021-KB5003173 (OS Builds 19041.985 and 19042.985)","http://support.microsoft.com/kb/5003173","KB only","KB only","KB only"," ","21-05Rollup"
"Fltmgr.sys","Core_Kernel","6.2.19041.264","0","06-May-20","GDR","5003173","May 11, 2021-KB5003173 (OS Builds 19041.985 and 19042.985)","http://support.microsoft.com/kb/5003173","KB only","KB only","KB only"," ","21-05Rollup"
"win32k.sys","Core_Kernel","6.2.19041.985","0","11-May-21","GDR","5003173","May 11, 2021-KB5003173 (OS Builds 19041.985 and 19042.985)","http://support.microsoft.com/kb/5003173","KB only","KB only","KB only"," ","21-05Rollup"
"Ntfs.sys","Core_FileSystem","6.2.19041.964","0","28-Apr-21","GDR","5003173","May 11, 2021-KB5003173 (OS Builds 19041.985 and 19042.985)","http://support.microsoft.com/kb/5003173","KB only","KB only","KB only"," ","21-05Rollup"
"dedup.sys","Core_FileSystem","6.2.19041.1","0","06-May-20","GDR","5003173","May 11, 2021-KB5003173 (OS Builds 19041.985 and 19042.985)","http://support.microsoft.com/kb/5003173","KB only","KB only","KB only"," ","21-05Rollup"
"Msiscsi.sys","Core_DiskSystem","6.2.19041.789","0","02-Feb-21","GDR","5003173","May 11, 2021-KB5003173 (OS Builds 19041.985 and 19042.985)","http://support.microsoft.com/kb/5003173","KB only","KB only","KB only"," ","21-05Rollup"
"Iscsitgt.dll","Core_DiskSystem","6.2.19041.1","0","06-May-20","GDR","5003173","May 11, 2021-KB5003173 (OS Builds 19041.985 and 19042.985)","http://support.microsoft.com/kb/5003173","KB only","KB only","KB only"," ","21-05Rollup"
"Storport.sys","Core_DiskSystem","6.2.19041.964","0","28-Apr-21","GDR","5003173","May 11, 2021-KB5003173 (OS Builds 19041.985 and 19042.985)","http://support.microsoft.com/kb/5003173","KB only","KB only","KB only"," ","21-05Rollup"
"Repdrvfs.dll","Core_WMI","6.2.19041.1","0","06-May-20","GDR","5003173","May 11, 2021-KB5003173 (OS Builds 19041.985 and 19042.985)","http://support.microsoft.com/kb/5003173","KB only","KB only","KB only"," ","21-05Rollup"
"Mpio.sys","Core_MPIO","6.2.19041.1","0","06-May-20","GDR","5003173","May 11, 2021-KB5003173 (OS Builds 19041.985 and 19042.985)","http://support.microsoft.com/kb/5003173","KB only","KB only","KB only"," ","21-05Rollup"
"Msdsm.sys","Core_MPIO","6.2.19041.1","0","06-May-20","GDR","5003173","May 11, 2021-KB5003173 (OS Builds 19041.985 and 19042.985)","http://support.microsoft.com/kb/5003173","KB only","KB only","KB only"," ","21-05Rollup"
"Advapi32.dll","Core_Apps","6.2.19041.610","0","29-Oct-20","GDR","5003173","May 11, 2021-KB5003173 (OS Builds 19041.985 and 19042.985)","http://support.microsoft.com/kb/5003173","KB only","KB only","KB only"," ","21-05Rollup"
"Vssapi.dll","Core_VSS","6.2.19041.746","1","01-Oct-20","GDR","5003173","May 11, 2021-KB5003173 (OS Builds 19041.985 and 19042.985)","http://support.microsoft.com/kb/5003173","KB only","KB only","KB only"," ","21-05Rollup"
"Vsstrace.dll","Core_VSS","6.2.19041.546","1","01-Oct-20","GDR","5003173","May 11, 2021-KB5003173 (OS Builds 19041.985 and 19042.985)","http://support.microsoft.com/kb/5003173","KB only","KB only","KB only"," ","21-05Rollup"
"vsssvc.exe","Core_VSS","6.2.19041.1","1","06-May-20","GDR","5003173","May 11, 2021-KB5003173 (OS Builds 19041.985 and 19042.985)","http://support.microsoft.com/kb/5003173","KB only","KB only","KB only"," ","21-05Rollup"
"Swprv.dll","Core_VSS","6.2.19041.746","1","09-Jun-20","GDR","5003173","May 11, 2021-KB5003173 (OS Builds 19041.985 and 19042.985)","http://support.microsoft.com/kb/5003173","KB only","KB only","KB only"," ","21-05Rollup"
"spp.dll","Core_VSS","6.2.19041.746","1","06-May-20","GDR","5003173","May 11, 2021-KB5003173 (OS Builds 19041.985 and 19042.985)","http://support.microsoft.com/kb/5003173","KB only","KB only","KB only"," ","21-05Rollup"
"wbengine.exe","Core_VSS","6.2.19041.746","1","09-Jun-20","GDR","5003173","May 11, 2021-KB5003173 (OS Builds 19041.985 and 19042.985)","http://support.microsoft.com/kb/5003173","KB only","KB only","KB only"," ","21-05Rollup"
"blbsrv.dll","Core_VSS","6.2.19041.1","1","06-May-20","GDR","5003173","May 11, 2021-KB5003173 (OS Builds 19041.985 and 19042.985)","http://support.microsoft.com/kb/5003173","KB only","KB only","KB only"," ","21-05Rollup"
"Volsnap.sys","Cluster_Volsnap","6.2.19041.488","0","06-May-20","GDR","5003173","May 11, 2021-KB5003173 (OS Builds 19041.985 and 19042.985)","http://support.microsoft.com/kb/5003173","KB only","KB only","KB only"," ","21-05Rollup"
"pci.sys","Core_Sys","6.2.19041.964","1","28-Apr-21","GDR","5003173","May 11, 2021-KB5003173 (OS Builds 19041.985 and 19042.985)","http://support.microsoft.com/kb/5003173","KB only","KB only","KB only"," ","21-05Rollup"
"Termdd.sys","Core_Sys","6.2.19041.1","1","06-May-20","GDR","5003173","May 11, 2021-KB5003173 (OS Builds 19041.985 and 19042.985)","http://support.microsoft.com/kb/5003173","KB only","KB only","KB only"," ","21-05Rollup"
"Volmgr.sys","Core_Sys","6.2.19041.928","1","13-Apr-21","GDR","5003173","May 11, 2021-KB5003173 (OS Builds 19041.985 and 19042.985)","http://support.microsoft.com/kb/5003173","KB only","KB only","KB only"," ","21-05Rollup"
"Crypt32.dll","Dom_CRYPTO","6.2.19041.844","1","24-Feb-21","GDR","5003173","May 11, 2021-KB5003173 (OS Builds 19041.985 and 19042.985)","http://support.microsoft.com/kb/5003173","KB only","KB only","KB only"," ","21-05Rollup"
"Cryptsvc.dll","Dom_CRYPTO","6.2.19041.1","1","06-May-20","GDR","5003173","May 11, 2021-KB5003173 (OS Builds 19041.985 and 19042.985)","http://support.microsoft.com/kb/5003173","KB only","KB only","KB only"," ","21-05Rollup"
"Cryptnet.dll","Dom_CRYPTO","6.2.19041.906","1","29-Mar-21","GDR","5003173","May 11, 2021-KB5003173 (OS Builds 19041.985 and 19042.985)","http://support.microsoft.com/kb/5003173","KB only","KB only","KB only"," ","21-05Rollup"
"Wintrust.dll","Dom_CRYPTO","6.2.19041.804","1","09-Feb-21","GDR","5003173","May 11, 2021-KB5003173 (OS Builds 19041.985 and 19042.985)","http://support.microsoft.com/kb/5003173","KB only","KB only","KB only"," ","21-05Rollup"
"Cryptdll.dll","Dom_CRYPTO","6.2.19041.546","1","01-Oct-20","GDR","5003173","May 11, 2021-KB5003173 (OS Builds 19041.985 and 19042.985)","http://support.microsoft.com/kb/5003173","KB only","KB only","KB only"," ","21-05Rollup"
"Cryptcatsvc.dll","Dom_CRYPTO","6.2.19041.508","1","14-Jul-20","GDR","5003173","May 11, 2021-KB5003173 (OS Builds 19041.985 and 19042.985)","http://support.microsoft.com/kb/5003173","KB only","KB only","KB only"," ","21-05Rollup"
"Tzres.dll","Core_TimeZone","6.2.19041.1","1","06-May-20","GDR","5003173","May 11, 2021-KB5003173 (OS Builds 19041.985 and 19042.985)","http://support.microsoft.com/kb/5003173","KB only","KB only","KB only"," ","21-05Rollup"
"5003173","Win201621H1_21-05_B_rollup_KB"," ","0","11-May-2021","GDR","5003173","May 11, 2021-KB5003173 (OS Builds 19041.985 and 19042.985)","http://support.microsoft.com/kb/5003173","KB only","KB only","KB only"," ","21-05Rollup"
