"Binary","Component","Version","Prio","Published","Branch","Article","Title","Link","LDROnlyKB","LDROnlyTitle","LDROnlyLink","Comment","RollupInfo"
"Netlogon.dll","Dom_NETLOGON","6.2.22000.348","0","16-Nov-2021","GDR","5008215","December 14, 2021-KB5008215 (OS Build 22000.376)","http://support.microsoft.com/kb/5008215","No LDR Only available","No LDR Only available","No LDR Only available"," ","21-12Rollup"
"LogonCli.dll","Dom_NETLOGON","6.2.22000.348","0","16-Nov-2021","GDR","5008215","December 14, 2021-KB5008215 (OS Build 22000.376)","http://support.microsoft.com/kb/5008215","No LDR Only available","No LDR Only available","No LDR Only available"," ","21-12Rollup"
"Winlogon.exe","Dom_WINLOGON","6.2.22000.282","0","6-Oct-2021","GDR","5008215","December 14, 2021-KB5008215 (OS Build 22000.376)","http://support.microsoft.com/kb/5008215","No LDR Only available","No LDR Only available","No LDR Only available"," ","21-12Rollup"
"Kerberos.dll","Dom_KERBEROS","6.2.22000.348","0","16-Nov-2021","GDR","5008215","December 14, 2021-KB5008215 (OS Build 22000.376)","http://support.microsoft.com/kb/5008215","No LDR Only available","No LDR Only available","No LDR Only available"," ","21-12Rollup"
"Msv1_0.dll","Dom_NTLM","6.2.22000.348","1","16-Nov-2021","GDR","5008215","December 14, 2021-KB5008215 (OS Build 22000.376)","http://support.microsoft.com/kb/5008215","No LDR Only available","No LDR Only available","No LDR Only available"," ","21-12Rollup"
"Wldap32.dll","Dom_LDAPClient","6.2.22000.184","0","1-Sep-2021","GDR","5008215","December 14, 2021-KB5008215 (OS Build 22000.376)","http://support.microsoft.com/kb/5008215","No LDR Only available","No LDR Only available","No LDR Only available"," ","21-12Rollup"
"Lsass.exe","Dom_LSA","6.2.22000.282","0","6-Oct-2021","GDR","5008215","December 14, 2021-KB5008215 (OS Build 22000.376)","http://support.microsoft.com/kb/5008215","No LDR Only available","No LDR Only available","No LDR Only available"," ","21-12Rollup"
"Lsasrv.dll","Dom_LSA","6.2.22000.376","0","2-Dec-2021","GDR","5008215","December 14, 2021-KB5008215 (OS Build 22000.376)","http://support.microsoft.com/kb/5008215","No LDR Only available","No LDR Only available","No LDR Only available"," ","21-12Rollup"
"Ksecdd.sys","Dom_LSA","6.2.22000.282","0","6-Oct-2021","GDR","5008215","December 14, 2021-KB5008215 (OS Build 22000.376)","http://support.microsoft.com/kb/5008215","No LDR Only available","No LDR Only available","No LDR Only available"," ","21-12Rollup"
"Ksecpkg.sys","Dom_LSA","6.2.22000.376","0","2-Dec-2021","GDR","5008215","December 14, 2021-KB5008215 (OS Build 22000.376)","http://support.microsoft.com/kb/5008215","No LDR Only available","No LDR Only available","No LDR Only available"," ","21-12Rollup"
"Secur32.dll","Dom_LSA","6.2.22000.376","0","6-Dec-2021","GDR","5008215","December 14, 2021-KB5008215 (OS Build 22000.376)","http://support.microsoft.com/kb/5008215","No LDR Only available","No LDR Only available","No LDR Only available"," ","21-12Rollup"
"Sspicli.dll","Dom_LSA","6.2.22000.282","0","6-Oct-2021","GDR","5008215","December 14, 2021-KB5008215 (OS Build 22000.376)","http://support.microsoft.com/kb/5008215","No LDR Only available","No LDR Only available","No LDR Only available"," ","21-12Rollup"
"Sspisrv.dll","Dom_LSA","6.2.22000.282","0","6-Oct-2021","GDR","5008215","December 14, 2021-KB5008215 (OS Build 22000.376)","http://support.microsoft.com/kb/5008215","No LDR Only available","No LDR Only available","No LDR Only available"," ","21-12Rollup"
"Schannel.dll","Dom_LSA","6.2.22000.376","0","6-Dec-2021","GDR","5008215","December 14, 2021-KB5008215 (OS Build 22000.376)","http://support.microsoft.com/kb/5008215","No LDR Only available","No LDR Only available","No LDR Only available"," ","21-12Rollup"
"Scesrv.dll","Dom_SecAuditAndConfig","6.2.22000.51","1","18-Jun-2021","GDR","5008215","December 14, 2021-KB5008215 (OS Build 22000.376)","http://support.microsoft.com/kb/5008215","No LDR Only available","No LDR Only available","No LDR Only available"," ","21-12Rollup"
"AclUI.dll","Dom_SecAuditAndConfig","6.2.22000.258","1","5-Oct-2021","GDR","5008215","December 14, 2021-KB5008215 (OS Build 22000.376)","http://support.microsoft.com/kb/5008215","No LDR Only available","No LDR Only available","No LDR Only available"," ","21-12Rollup"
"Winscard.dll","Dom_SC_Provider","6.2.22000.376","1","6-Dec-2021","GDR","5008215","December 14, 2021-KB5008215 (OS Build 22000.376)","http://support.microsoft.com/kb/5008215","No LDR Only available","No LDR Only available","No LDR Only available"," ","21-12Rollup"
"Basecsp.dll","Dom_SC_Provider","6.2.22000.71","1","8-Jul-2021","GDR","5008215","December 14, 2021-KB5008215 (OS Build 22000.376)","http://support.microsoft.com/kb/5008215","No LDR Only available","No LDR Only available","No LDR Only available"," ","21-12Rollup"
"Scksp.dll","Dom_SC_Provider","6.2.22000.51","1","18-Jun-2021","GDR","5008215","December 14, 2021-KB5008215 (OS Build 22000.376)","http://support.microsoft.com/kb/5008215","No LDR Only available","No LDR Only available","No LDR Only available"," ","21-12Rollup"
"ScardSvr.dll","Dom_SC_Srv","6.2.22000.51","1","18-Jun-2021","GDR","5008215","December 14, 2021-KB5008215 (OS Build 22000.376)","http://support.microsoft.com/kb/5008215","No LDR Only available","No LDR Only available","No LDR Only available"," ","21-12Rollup"
"Scfilter.sys","Dom_SC_Srv","6.2.22000.41","1","16-Jun-2021","GDR","5008215","December 14, 2021-KB5008215 (OS Build 22000.376)","http://support.microsoft.com/kb/5008215","No LDR Only available","No LDR Only available","No LDR Only available"," ","21-12Rollup"
"Certprop.dll","Dom_SC_Srv","6.2.22000.41","1","16-Jun-2021","GDR","5008215","December 14, 2021-KB5008215 (OS Build 22000.376)","http://support.microsoft.com/kb/5008215","No LDR Only available","No LDR Only available","No LDR Only available"," ","21-12Rollup"
"Crypt32.dll","Dom_CRYPTO","6.2.22000.348","1","16-Nov-2021","GDR","5008215","December 14, 2021-KB5008215 (OS Build 22000.376)","http://support.microsoft.com/kb/5008215","No LDR Only available","No LDR Only available","No LDR Only available"," ","21-12Rollup"
"Cryptsvc.dll","Dom_CRYPTO","6.2.22000.348","1","16-Nov-2021","GDR","5008215","December 14, 2021-KB5008215 (OS Build 22000.376)","http://support.microsoft.com/kb/5008215","No LDR Only available","No LDR Only available","No LDR Only available"," ","21-12Rollup"
"Cryptnet.dll","Dom_CRYPTO","6.2.22000.376","1","6-Dec-2021","GDR","5008215","December 14, 2021-KB5008215 (OS Build 22000.376)","http://support.microsoft.com/kb/5008215","No LDR Only available","No LDR Only available","No LDR Only available"," ","21-12Rollup"
"Wintrust.dll","Dom_CRYPTO","6.2.22000.194","1","11-Sep-2021","GDR","5008215","December 14, 2021-KB5008215 (OS Build 22000.376)","http://support.microsoft.com/kb/5008215","No LDR Only available","No LDR Only available","No LDR Only available"," ","21-12Rollup"
"Cryptdll.dll","Dom_CRYPTO","6.2.22000.282","1","6-Oct-2021","GDR","5008215","December 14, 2021-KB5008215 (OS Build 22000.376)","http://support.microsoft.com/kb/5008215","No LDR Only available","No LDR Only available","No LDR Only available"," ","21-12Rollup"
"Cryptcatsvc.dll","Dom_CRYPTO","6.2.22000.376","1","6-Dec-2021","GDR","5008215","December 14, 2021-KB5008215 (OS Build 22000.376)","http://support.microsoft.com/kb/5008215","No LDR Only available","No LDR Only available","No LDR Only available"," ","21-12Rollup"
"Dimsroam.dll","Dom_DIMS","6.2.22000.348","0","17-Nov-2021","GDR","5008215","December 14, 2021-KB5008215 (OS Build 22000.376)","http://support.microsoft.com/kb/5008215","No LDR Only available","No LDR Only available","No LDR Only available"," ","21-12Rollup"
"Dimsjob.dll","Dom_DIMS","6.2.22000.176","0","26-Aug-2021","GDR","5008215","December 14, 2021-KB5008215 (OS Build 22000.376)","http://support.microsoft.com/kb/5008215","No LDR Only available","No LDR Only available","No LDR Only available"," ","21-12Rollup"
"Cngprovider.dll","Dom_DIMS","6.2.22000.184","0","2-Sep-2021","GDR","5008215","December 14, 2021-KB5008215 (OS Build 22000.376)","http://support.microsoft.com/kb/5008215","No LDR Only available","No LDR Only available","No LDR Only available"," ","21-12Rollup"
"Dpapiprovider.dll","Dom_DIMS","6.2.22000.194","0","12-Sep-2021","GDR","5008215","December 14, 2021-KB5008215 (OS Build 22000.376)","http://support.microsoft.com/kb/5008215","No LDR Only available","No LDR Only available","No LDR Only available"," ","21-12Rollup"
"Gpapi.dll","Dom_GPSVC","6.2.22000.282","0","7-Oct-2021","GDR","5008215","December 14, 2021-KB5008215 (OS Build 22000.376)","http://support.microsoft.com/kb/5008215","No LDR Only available","No LDR Only available","No LDR Only available"," ","21-12Rollup"
"Gpsvc.dll","Dom_GPSVC","6.2.22000.348","0","17-Nov-2021","GDR","5008215","December 14, 2021-KB5008215 (OS Build 22000.376)","http://support.microsoft.com/kb/5008215","No LDR Only available","No LDR Only available","No LDR Only available"," ","21-12Rollup"
"Userenv.dll","Dom_GPSVC","6.2.22000.282","0","6-Oct-2021","GDR","5008215","December 14, 2021-KB5008215 (OS Build 22000.376)","http://support.microsoft.com/kb/5008215","No LDR Only available","No LDR Only available","No LDR Only available"," ","21-12Rollup"
"Appmgmts.dll","Dom_GPExt","6.2.22000.318","0","3-Nov-2021","GDR","5008215","December 14, 2021-KB5008215 (OS Build 22000.376)","http://support.microsoft.com/kb/5008215","No LDR Only available","No LDR Only available","No LDR Only available"," ","21-12Rollup"
"Gpprefcl.dll","Dom_GPP","6.2.22000.41","0","16-Jun-2021","GDR","5008215","December 14, 2021-KB5008215 (OS Build 22000.376)","http://support.microsoft.com/kb/5008215","No LDR Only available","No LDR Only available","No LDR Only available"," ","21-12Rollup"
"Profsvc.dll","Dom_ProfProc","6.2.22000.282","0","6-Oct-2021","GDR","5008215","December 14, 2021-KB5008215 (OS Build 22000.376)","http://support.microsoft.com/kb/5008215","No LDR Only available","No LDR Only available","No LDR Only available"," ","21-12Rollup"
"Esent.dll","Dom_ESENT","6.2.22000.100","0","14-Jul-2021","GDR","5008215","December 14, 2021-KB5008215 (OS Build 22000.376)","http://support.microsoft.com/kb/5008215","No LDR Only available","No LDR Only available","No LDR Only available"," ","21-12Rollup"
"Ntdsai.dll","Dom_NTDSAI","6.2.22000.376","0","3-Dec-2021","GDR","5008215","December 14, 2021-KB5008215 (OS Build 22000.376)","http://support.microsoft.com/kb/5008215","No LDR Only available","No LDR Only available","No LDR Only available"," ","21-12Rollup"
"Samsrv.dll","Dom_SAMSRV","6.2.22000.318","0","2-Nov-2021","GDR","5008215","December 14, 2021-KB5008215 (OS Build 22000.376)","http://support.microsoft.com/kb/5008215","No LDR Only available","No LDR Only available","No LDR Only available"," ","21-12Rollup"
"Samlib.dll","Dom_SAMSRV","6.2.22000.318","0","2-Nov-2021","GDR","5008215","December 14, 2021-KB5008215 (OS Build 22000.376)","http://support.microsoft.com/kb/5008215","No LDR Only available","No LDR Only available","No LDR Only available"," ","21-12Rollup"
"Mrxsmb.sys","Net_SMB_Client","6.2.22000.282","0","6-Oct-2021","GDR","5008215","December 14, 2021-KB5008215 (OS Build 22000.376)","http://support.microsoft.com/kb/5008215","No LDR Only available","No LDR Only available","No LDR Only available"," ","21-12Rollup"
"Mrxsmb20.sys","Net_SMB_Client","6.2.22000.282","0","6-Oct-2021","GDR","5008215","December 14, 2021-KB5008215 (OS Build 22000.376)","http://support.microsoft.com/kb/5008215","No LDR Only available","No LDR Only available","No LDR Only available"," ","21-12Rollup"
"Rdbss.sys","Net_SMB_Client","6.2.22000.194","0","11-Sep-2021","GDR","5008215","December 14, 2021-KB5008215 (OS Build 22000.376)","http://support.microsoft.com/kb/5008215","No LDR Only available","No LDR Only available","No LDR Only available"," ","21-12Rollup"
"Mpr.dll","Net_SMB_Client","6.2.22000.176","0","25-Aug-2021","GDR","5008215","December 14, 2021-KB5008215 (OS Build 22000.376)","http://support.microsoft.com/kb/5008215","No LDR Only available","No LDR Only available","No LDR Only available"," ","21-12Rollup"
"NtLanman.dll","Net_SMB_Client","6.2.22000.282","0","6-Oct-2021","GDR","5008215","December 14, 2021-KB5008215 (OS Build 22000.376)","http://support.microsoft.com/kb/5008215","No LDR Only available","No LDR Only available","No LDR Only available"," ","21-12Rollup"
"Tcpip.sys","Net_Protocol","6.2.22000.376","0","6-Dec-2021","GDR","5008215","December 14, 2021-KB5008215 (OS Build 22000.376)","http://support.microsoft.com/kb/5008215","No LDR Only available","No LDR Only available","No LDR Only available"," ","21-12Rollup"
"Afd.sys","Net_Protocol","6.2.22000.194","0","11-Sep-2021","GDR","5008215","December 14, 2021-KB5008215 (OS Build 22000.376)","http://support.microsoft.com/kb/5008215","No LDR Only available","No LDR Only available","No LDR Only available"," ","21-12Rollup"
"Netio.sys","Net_Protocol","6.2.22000.120","0","28-Jul-2021","GDR","5008215","December 14, 2021-KB5008215 (OS Build 22000.376)","http://support.microsoft.com/kb/5008215","No LDR Only available","No LDR Only available","No LDR Only available"," ","21-12Rollup"
"Ndis.sys","Net_Protocol","6.2.22000.348","0","16-Nov-2021","GDR","5008215","December 14, 2021-KB5008215 (OS Build 22000.376)","http://support.microsoft.com/kb/5008215","No LDR Only available","No LDR Only available","No LDR Only available"," ","21-12Rollup"
"Netiohlp.dll","Net_Protocol","6.2.22000.282","0","6-Oct-2021","GDR","5008215","December 14, 2021-KB5008215 (OS Build 22000.376)","http://support.microsoft.com/kb/5008215","No LDR Only available","No LDR Only available","No LDR Only available"," ","21-12Rollup"
"Tdx.sys","Net_Protocol","6.2.22000.194","0","11-Sep-2021","GDR","5008215","December 14, 2021-KB5008215 (OS Build 22000.376)","http://support.microsoft.com/kb/5008215","No LDR Only available","No LDR Only available","No LDR Only available"," ","21-12Rollup"
"Iphlpapi.dll","Net_Protocol","6.2.22000.282","0","6-Oct-2021","GDR","5008215","December 14, 2021-KB5008215 (OS Build 22000.376)","http://support.microsoft.com/kb/5008215","No LDR Only available","No LDR Only available","No LDR Only available"," ","21-12Rollup"
"Csc.sys","Net_CSC_Offline","6.2.22000.348","0","16-Nov-2021","GDR","5008215","December 14, 2021-KB5008215 (OS Build 22000.376)","http://support.microsoft.com/kb/5008215","No LDR Only available","No LDR Only available","No LDR Only available"," ","21-12Rollup"
"Cscapi.dll","Net_CSC_Offline","6.2.22000.51","0","18-Jun-2021","GDR","5008215","December 14, 2021-KB5008215 (OS Build 22000.376)","http://support.microsoft.com/kb/5008215","No LDR Only available","No LDR Only available","No LDR Only available"," ","21-12Rollup"
"Cscdll.dll","Net_CSC_Offline","6.2.22000.51","0","18-Jun-2021","GDR","5008215","December 14, 2021-KB5008215 (OS Build 22000.376)","http://support.microsoft.com/kb/5008215","No LDR Only available","No LDR Only available","No LDR Only available"," ","21-12Rollup"
"Cscmig.dll","Net_CSC_Offline","6.2.22000.348","0","17-Nov-2021","GDR","5008215","December 14, 2021-KB5008215 (OS Build 22000.376)","http://support.microsoft.com/kb/5008215","No LDR Only available","No LDR Only available","No LDR Only available"," ","21-12Rollup"
"Cscui.dll","Net_CSC_Offline","6.2.22000.51","0","18-Jun-2021","GDR","5008215","December 14, 2021-KB5008215 (OS Build 22000.376)","http://support.microsoft.com/kb/5008215","No LDR Only available","No LDR Only available","No LDR Only available"," ","21-12Rollup"
"Mrxdav.sys","Net_WebDAV","6.2.22000.282","0","7-Oct-2021","GDR","5008215","December 14, 2021-KB5008215 (OS Build 22000.376)","http://support.microsoft.com/kb/5008215","No LDR Only available","No LDR Only available","No LDR Only available"," ","21-12Rollup"
"Webclnt.dll","Net_WebDAV","6.2.22000.282","0","7-Oct-2021","GDR","5008215","December 14, 2021-KB5008215 (OS Build 22000.376)","http://support.microsoft.com/kb/5008215","No LDR Only available","No LDR Only available","No LDR Only available"," ","21-12Rollup"
"Davclnt.dll","Net_WebDAV","6.2.22000.282","0","7-Oct-2021","GDR","5008215","December 14, 2021-KB5008215 (OS Build 22000.376)","http://support.microsoft.com/kb/5008215","No LDR Only available","No LDR Only available","No LDR Only available"," ","21-12Rollup"
"Shell32.dll","Net_WebDAV","6.2.22000.348","0","17-Nov-2021","GDR","5008215","December 14, 2021-KB5008215 (OS Build 22000.376)","http://support.microsoft.com/kb/5008215","No LDR Only available","No LDR Only available","No LDR Only available"," ","21-12Rollup"
"Winhttp.dll","Net_WebDAV","6.2.22000.282","0","6-Oct-2021","GDR","5008215","December 14, 2021-KB5008215 (OS Build 22000.376)","http://support.microsoft.com/kb/5008215","No LDR Only available","No LDR Only available","No LDR Only available"," ","21-12Rollup"
"Dhcpcore.dll","Net_DHCP_Client","6.2.22000.71","0","7-Jul-2021","GDR","5008215","December 14, 2021-KB5008215 (OS Build 22000.376)","http://support.microsoft.com/kb/5008215","No LDR Only available","No LDR Only available","No LDR Only available"," ","21-12Rollup"
"Dhcpcsvc.dll","Net_DHCP_Client","6.2.22000.71","0","7-Jul-2021","GDR","5008215","December 14, 2021-KB5008215 (OS Build 22000.376)","http://support.microsoft.com/kb/5008215","No LDR Only available","No LDR Only available","No LDR Only available"," ","21-12Rollup"
"dnsapi.dll","Net_DNS_Client","6.2.22000.282","0","6-Oct-2021","GDR","5008215","December 14, 2021-KB5008215 (OS Build 22000.376)","http://support.microsoft.com/kb/5008215","No LDR Only available","No LDR Only available","No LDR Only available"," ","21-12Rollup"
"dnsrslvr.dll","Net_DNS_Client","6.2.22000.282","0","6-Oct-2021","GDR","5008215","December 14, 2021-KB5008215 (OS Build 22000.376)","http://support.microsoft.com/kb/5008215","No LDR Only available","No LDR Only available","No LDR Only available"," ","21-12Rollup"
"Rpcss.dll","Net_RPC","6.2.22000.376","1","6-Dec-2021","GDR","5008215","December 14, 2021-KB5008215 (OS Build 22000.376)","http://support.microsoft.com/kb/5008215","No LDR Only available","No LDR Only available","No LDR Only available"," ","21-12Rollup"
"Rpchttp.dll","Net_RPC","6.2.22000.51","1","18-Jun-2021","GDR","5008215","December 14, 2021-KB5008215 (OS Build 22000.376)","http://support.microsoft.com/kb/5008215","No LDR Only available","No LDR Only available","No LDR Only available"," ","21-12Rollup"
"Rpcrt4.dll","Net_RPC","6.2.22000.258","1","4-Oct-2021","GDR","5008215","December 14, 2021-KB5008215 (OS Build 22000.376)","http://support.microsoft.com/kb/5008215","No LDR Only available","No LDR Only available","No LDR Only available"," ","21-12Rollup"
"Bfe.dll","Net_Ipsec_BFE","6.2.22000.318","1","2-Nov-2021","GDR","5008215","December 14, 2021-KB5008215 (OS Build 22000.376)","http://support.microsoft.com/kb/5008215","No LDR Only available","No LDR Only available","No LDR Only available"," ","21-12Rollup"
"Ikeext.dll","Net_Ipsec_BFE","6.2.22000.348","1","16-Nov-2021","GDR","5008215","December 14, 2021-KB5008215 (OS Build 22000.376)","http://support.microsoft.com/kb/5008215","No LDR Only available","No LDR Only available","No LDR Only available"," ","21-12Rollup"
"Fwpuclnt.dll","Net_Ipsec_BFE","6.2.22000.318","1","21-Sep-21","GDR","5006746","October 21, 2021-KB5006746 (OS Build 22000.282) Preview","http://support.microsoft.com/kb/5006746","No LDR Only available","No LDR Only available","No LDR Only available"," ","21-10Rollup"
"Iphlpsvc.dll","Net_DirectAccess_Client","6.2.22000.376","1","2-Dec-2021","GDR","5008215","December 14, 2021-KB5008215 (OS Build 22000.376)","http://support.microsoft.com/kb/5008215","No LDR Only available","No LDR Only available","No LDR Only available"," ","21-12Rollup"
"Netcorehc.dll","Net_DirectAccess_Client","6.2.22000.318","1","3-Nov-2021","GDR","5008215","December 14, 2021-KB5008215 (OS Build 22000.376)","http://support.microsoft.com/kb/5008215","No LDR Only available","No LDR Only available","No LDR Only available"," ","21-12Rollup"
"Daotpcredentialprovider.dll","Net_DirectAccess_Client","6.2.22000.51","1","18-Jun-2021","GDR","5008215","December 14, 2021-KB5008215 (OS Build 22000.376)","http://support.microsoft.com/kb/5008215","No LDR Only available","No LDR Only available","No LDR Only available"," ","21-12Rollup"
"dot3svc.dll","Net_IEEE802.1x","6.2.22000.65","1","3-Jul-2021","GDR","5008215","December 14, 2021-KB5008215 (OS Build 22000.376)","http://support.microsoft.com/kb/5008215","No LDR Only available","No LDR Only available","No LDR Only available"," ","21-12Rollup"
"Rastls.dll","Net_IEEE802.1x","6.2.22000.120","1","28-Jul-2021","GDR","5008215","December 14, 2021-KB5008215 (OS Build 22000.376)","http://support.microsoft.com/kb/5008215","No LDR Only available","No LDR Only available","No LDR Only available"," ","21-12Rollup"
"wlansvc.dll","Net_WLAN_Client","6.2.22000.376","1","6-Dec-2021","GDR","5008215","December 14, 2021-KB5008215 (OS Build 22000.376)","http://support.microsoft.com/kb/5008215","No LDR Only available","No LDR Only available","No LDR Only available"," ","21-12Rollup"
"wlanmsm.dll","Net_WLAN_Client","6.2.22000.282","1","6-Oct-2021","GDR","5008215","December 14, 2021-KB5008215 (OS Build 22000.376)","http://support.microsoft.com/kb/5008215","No LDR Only available","No LDR Only available","No LDR Only available"," ","21-12Rollup"
"wlanapi.dll","Net_WLAN_Client","6.2.22000.194","1","11-Sep-2021","GDR","5008215","December 14, 2021-KB5008215 (OS Build 22000.376)","http://support.microsoft.com/kb/5008215","No LDR Only available","No LDR Only available","No LDR Only available"," ","21-12Rollup"
"wlansec.dll","Net_WLAN_Client","6.2.22000.282","1","6-Oct-2021","GDR","5008215","December 14, 2021-KB5008215 (OS Build 22000.376)","http://support.microsoft.com/kb/5008215","No LDR Only available","No LDR Only available","No LDR Only available"," ","21-12Rollup"
"wlansvcpal.dll","Net_WLAN_Client","6.2.22000.282","1","6-Oct-2021","GDR","5008215","December 14, 2021-KB5008215 (OS Build 22000.376)","http://support.microsoft.com/kb/5008215","No LDR Only available","No LDR Only available","No LDR Only available"," ","21-12Rollup"
"wlanhlp.dll","Net_WLAN_Client","6.2.22000.282","1","6-Oct-2021","GDR","5008215","December 14, 2021-KB5008215 (OS Build 22000.376)","http://support.microsoft.com/kb/5008215","No LDR Only available","No LDR Only available","No LDR Only available"," ","21-12Rollup"
"Netcfgx.dll","Net_Config","6.2.22000.194","1","12-Sep-2021","GDR","5008215","December 14, 2021-KB5008215 (OS Build 22000.376)","http://support.microsoft.com/kb/5008215","No LDR Only available","No LDR Only available","No LDR Only available"," ","21-12Rollup"
"Rasapi32.dll","HNV_Net","6.2.22000.348","1","16-Nov-2021","GDR","5008215","December 14, 2021-KB5008215 (OS Build 22000.376)","http://support.microsoft.com/kb/5008215","No LDR Only available","No LDR Only available","No LDR Only available"," ","21-12Rollup"
"Mprapi.dll","HNV_Net","6.2.22000.318","1","2-Nov-2021","GDR","5008215","December 14, 2021-KB5008215 (OS Build 22000.376)","http://support.microsoft.com/kb/5008215","No LDR Only available","No LDR Only available","No LDR Only available"," ","21-12Rollup"
"Dhcpcore6.dll","Net_IPv6","6.2.22000.71","1","7-Jul-2021","GDR","5008215","December 14, 2021-KB5008215 (OS Build 22000.376)","http://support.microsoft.com/kb/5008215","No LDR Only available","No LDR Only available","No LDR Only available"," ","21-12Rollup"
"Dhcpcsvc6.dll","Net_IPv6","6.2.22000.71","1","7-Jul-2021","GDR","5008215","December 14, 2021-KB5008215 (OS Build 22000.376)","http://support.microsoft.com/kb/5008215","No LDR Only available","No LDR Only available","No LDR Only available"," ","21-12Rollup"
"WebIo.dll","Net_BranchCache","6.2.22000.282","1","6-Oct-2021","GDR","5008215","December 14, 2021-KB5008215 (OS Build 22000.376)","http://support.microsoft.com/kb/5008215","No LDR Only available","No LDR Only available","No LDR Only available"," ","21-12Rollup"
"MpsSvc.dll","Net_Firewall","6.2.22000.348","1","16-Nov-2021","GDR","5008215","December 14, 2021-KB5008215 (OS Build 22000.376)","http://support.microsoft.com/kb/5008215","No LDR Only available","No LDR Only available","No LDR Only available"," ","21-12Rollup"
"Ntoskrnl.exe","Core_Kernel","6.2.22000.376","0","2-Dec-2021","GDR","5008215","December 14, 2021-KB5008215 (OS Build 22000.376)","http://support.microsoft.com/kb/5008215","No LDR Only available","No LDR Only available","No LDR Only available"," ","21-12Rollup"
"Crashdmp.sys","Core_Kernel","6.2.22000.282","0","6-Oct-2021","GDR","5008215","December 14, 2021-KB5008215 (OS Build 22000.376)","http://support.microsoft.com/kb/5008215","No LDR Only available","No LDR Only available","No LDR Only available"," ","21-12Rollup"
"Ntdll.dll","Core_Kernel","6.2.22000.348","0","16-Nov-2021","GDR","5008215","December 14, 2021-KB5008215 (OS Build 22000.376)","http://support.microsoft.com/kb/5008215","No LDR Only available","No LDR Only available","No LDR Only available"," ","21-12Rollup"
"win32k.sys","Core_Kernel","6.2.22000.348","0","16-Nov-2021","GDR","5008215","December 14, 2021-KB5008215 (OS Build 22000.376)","http://support.microsoft.com/kb/5008215","No LDR Only available","No LDR Only available","No LDR Only available"," ","21-12Rollup"
"Ntfs.sys","Core_FileSystem","6.2.22000.376","0","2-Dec-2021","GDR","5008215","December 14, 2021-KB5008215 (OS Build 22000.376)","http://support.microsoft.com/kb/5008215","No LDR Only available","No LDR Only available","No LDR Only available"," ","21-12Rollup"
"Storport.sys","Core_DiskSystem","6.2.22000.376","0","6-Dec-2021","GDR","5008215","December 14, 2021-KB5008215 (OS Build 22000.376)","http://support.microsoft.com/kb/5008215","No LDR Only available","No LDR Only available","No LDR Only available"," ","21-12Rollup"
"Repdrvfs.dll","Core_WMI","6.2.22000.282","0","6-Oct-2021","GDR","5008215","December 14, 2021-KB5008215 (OS Build 22000.376)","http://support.microsoft.com/kb/5008215","No LDR Only available","No LDR Only available","No LDR Only available"," ","21-12Rollup"
"Advapi32.dll","Core_Apps","6.2.22000.282","0","6-Oct-2021","GDR","5008215","December 14, 2021-KB5008215 (OS Build 22000.376)","http://support.microsoft.com/kb/5008215","No LDR Only available","No LDR Only available","No LDR Only available"," ","21-12Rollup"
"Mshtml.dll","IE_Client","11.0.22000.376","0","3-Dec-2021","GDR","5008215","December 14, 2021-KB5008215 (OS Build 22000.376)","http://support.microsoft.com/kb/5008215","No LDR Only available","No LDR Only available","No LDR Only available"," ","21-12Rollup"
"5008215","WinWin11_21-12_B_rollup_KB"," ","0","14-Dec-2021","GDR","5008215","December 14, 2021-KB5008215 (OS Build 22000.376)","http://support.microsoft.com/kb/5008215","KB only","KB only","KB only"," ","21-12Rollup"
