"Binary","Component","Version","Prio","Published","Branch","Article","Title","Link","LDROnlyKB","LDROnlyTitle","LDROnlyLink","Comment","RollupInfo"
"Ntoskrnl.exe","Core_Kernel","6.2.18362.1500","0","13-Apr-21","GDR","5001337","April 13, 2021-KB5001337 (OS Build 18363.1500)","http://support.microsoft.com/kb/5001337","KB only","KB only","KB only"," ","21-04Rollup"
"Crashdmp.sys","Core_Kernel","6.2.18362.693","0","7-Mar-20","GDR","5001337","April 13, 2021-KB5001337 (OS Build 18363.1500)","http://support.microsoft.com/kb/5001337","KB only","KB only","KB only"," ","21-04Rollup"
"Ntdll.dll","Core_Kernel","6.2.18362.1500","0","13-Apr-21","GDR","5001337","April 13, 2021-KB5001337 (OS Build 18363.1500)","http://support.microsoft.com/kb/5001337","KB only","KB only","KB only"," ","21-04Rollup"
"Hal.dll","Core_Kernel","6.2.18362.1411","0","16-Feb-21","GDR","5001337","April 13, 2021-KB5001337 (OS Build 18363.1500)","http://support.microsoft.com/kb/5001337","KB only","KB only","KB only"," ","21-04Rollup"
"Fltmgr.sys","Core_Kernel","6.2.18362.1110","0","16-Sep-20","GDR","5001337","April 13, 2021-KB5001337 (OS Build 18363.1500)","http://support.microsoft.com/kb/5001337","KB only","KB only","KB only"," ","21-04Rollup"
"win32k.sys","Core_Kernel","6.2.18362.1474","0","25-Mar-21","GDR","5001337","April 13, 2021-KB5001337 (OS Build 18363.1500)","http://support.microsoft.com/kb/5001337","KB only","KB only","KB only"," ","21-04Rollup"
"Ntfs.sys","Core_FileSystem","6.2.18362.1500","0","13-Apr-21","GDR","5001337","April 13, 2021-KB5001337 (OS Build 18363.1500)","http://support.microsoft.com/kb/5001337","KB only","KB only","KB only"," ","21-04Rollup"
"dedup.sys","Core_FileSystem","6.2.18362.1","0","23-Jan-20","GDR","5001337","April 13, 2021-KB5001337 (OS Build 18363.1500)","http://support.microsoft.com/kb/5001337","KB only","KB only","KB only"," ","21-04Rollup"
"Msiscsi.sys","Core_DiskSystem","6.2.18362.1350","0","27-Jan-21","GDR","5001337","April 13, 2021-KB5001337 (OS Build 18363.1500)","http://support.microsoft.com/kb/5001337","KB only","KB only","KB only"," ","21-04Rollup"
"Iscsitgt.dll","Core_DiskSystem","6.2.18362.1","0","21-Jul-20","GDR","5001337","April 13, 2021-KB5001337 (OS Build 18363.1500)","http://support.microsoft.com/kb/5001337","KB only","KB only","KB only"," ","21-04Rollup"
"Storport.sys","Core_DiskSystem","6.2.18362.1350","0","27-Jan-21","GDR","5001337","April 13, 2021-KB5001337 (OS Build 18363.1500)","http://support.microsoft.com/kb/5001337","KB only","KB only","KB only"," ","21-04Rollup"
"Repdrvfs.dll","Core_WMI","6.2.18362.1","0","8-Feb-20","GDR","5001337","April 13, 2021-KB5001337 (OS Build 18363.1500)","http://support.microsoft.com/kb/5001337","KB only","KB only","KB only"," ","21-04Rollup"
"Mpio.sys","Core_MPIO","6.2.18362.693","0","7-Mar-20","GDR","5001337","April 13, 2021-KB5001337 (OS Build 18363.1500)","http://support.microsoft.com/kb/5001337","KB only","KB only","KB only"," ","21-04Rollup"
"Vssapi.dll","Core_VSS","6.2.18362.1316","1","27-Jan-21","GDR","5001337","April 13, 2021-KB5001337 (OS Build 18363.1500)","http://support.microsoft.com/kb/5001337","KB only","KB only","KB only"," ","21-04Rollup"
"Swprv.dll","Core_VSS","6.2.18362.1316","1","5-Jun-20","GDR","5001337","April 13, 2021-KB5001337 (OS Build 18363.1500)","http://support.microsoft.com/kb/5001337","KB only","KB only","KB only"," ","21-04Rollup"
"spp.dll","Core_VSS","6.2.18362.1316","1","27-Jan-21","GDR","5001337","April 13, 2021-KB5001337 (OS Build 18363.1500)","http://support.microsoft.com/kb/5001337","KB only","KB only","KB only"," ","21-04Rollup"
"wbengine.exe","Core_VSS","6.2.18362.1316","1","21-Jul-20","GDR","5001337","April 13, 2021-KB5001337 (OS Build 18363.1500)","http://support.microsoft.com/kb/5001337","KB only","KB only","KB only"," ","21-04Rollup"
"blbsrv.dll","Core_VSS","6.2.18362.1","1","6-May-20","GDR","5001337","April 13, 2021-KB5001337 (OS Build 18363.1500)","http://support.microsoft.com/kb/5001337","KB only","KB only","KB only"," ","21-04Rollup"
"pci.sys","Core_Sys","6.2.18362.1350","1","27-Jan-21","GDR","5001337","April 13, 2021-KB5001337 (OS Build 18363.1500)","http://support.microsoft.com/kb/5001337","KB only","KB only","KB only"," ","21-04Rollup"
"Volmgr.sys","Core_Sys","6.2.18362.1500","1","13-Apr-21","GDR","5001337","April 13, 2021-KB5001337 (OS Build 18363.1500)","http://support.microsoft.com/kb/5001337","KB only","KB only","KB only"," ","21-04Rollup"
"Advapi32.dll","Core_Apps","6.2.18362.752","0","24-Mar-20","GDR","5001337","April 13, 2021-KB5001337 (OS Build 18363.1500)","http://support.microsoft.com/kb/5001337","KB only","KB only","KB only"," ","21-04Rollup"
"Tzres.dll","Core_TimeZone","6.2.18362.1","1","22-Jan-20","GDR","5001337","April 13, 2021-KB5001337 (OS Build 18363.1500)","http://support.microsoft.com/kb/5001337","KB only","KB only","KB only"," ","21-04Rollup"
"Clussvc.exe","Cluster_Core","6.2.18362.900","0","22-Jan-20","GDR","5001337","April 13, 2021-KB5001337 (OS Build 18363.1500)","http://support.microsoft.com/kb/5001337","KB only","KB only","KB only"," ","21-04Rollup"
"ClusWMI.dll","Cluster_Core","6.2.18362.1","0","22-Jan-20","GDR","5001337","April 13, 2021-KB5001337 (OS Build 18363.1500)","http://support.microsoft.com/kb/5001337","KB only","KB only","KB only"," ","21-04Rollup"
"Rhs.exe","Cluster_Core","6.2.18362.1049","0","23-Jan-20","GDR","5001337","April 13, 2021-KB5001337 (OS Build 18363.1500)","http://support.microsoft.com/kb/5001337","KB only","KB only","KB only"," ","21-04Rollup"
"Clusres.dll","Cluster_Core","6.2.18362.387","0","23-Jan-20","GDR","5001337","April 13, 2021-KB5001337 (OS Build 18363.1500)","http://support.microsoft.com/kb/5001337","KB only","KB only","KB only"," ","21-04Rollup"
"Clusres2.dll","Cluster_Core","6.2.18362.1049","0","23-Jan-20","GDR","5001337","April 13, 2021-KB5001337 (OS Build 18363.1500)","http://support.microsoft.com/kb/5001337","KB only","KB only","KB only"," ","21-04Rollup"
"Csvflt.sys","Cluster_CSV","6.2.18362.267","0","23-Jan-20","GDR","5001337","April 13, 2021-KB5001337 (OS Build 18363.1500)","http://support.microsoft.com/kb/5001337","KB only","KB only","KB only"," ","21-04Rollup"
"Csvfs.sys","Cluster_CSV","6.2.18362.628","0","22-Jan-20","GDR","5001337","April 13, 2021-KB5001337 (OS Build 18363.1500)","http://support.microsoft.com/kb/5001337","KB only","KB only","KB only"," ","21-04Rollup"
"Vhdmp.sys","Cluster_CSV","6.2.18362.1171","0","20-Oct-20","GDR","5001337","April 13, 2021-KB5001337 (OS Build 18363.1500)","http://support.microsoft.com/kb/5001337","KB only","KB only","KB only"," ","21-04Rollup"
"Volsnap.sys","Cluster_Volsnap","6.2.18362.693","0","7-Mar-20","GDR","5001337","April 13, 2021-KB5001337 (OS Build 18363.1500)","http://support.microsoft.com/kb/5001337","KB only","KB only","KB only"," ","21-04Rollup"
"Cprepsrv.exe","Cluster_Validation","6.2.18362.387","1","22-Jan-20","GDR","5001337","April 13, 2021-KB5001337 (OS Build 18363.1500)","http://support.microsoft.com/kb/5001337","KB only","KB only","KB only"," ","21-04Rollup"
"Failoverclusters.agent.interop.dll","Cluster_Validation","6.2.18362.1237","1","10-Jan-21","GDR","5001337","April 13, 2021-KB5001337 (OS Build 18363.1500)","http://support.microsoft.com/kb/5001337","KB only","KB only","KB only"," ","21-04Rollup"
"Vmswitch.sys","Hyper-V_Net","6.2.18362.1377","1","13-Oct-20","GDR","5001337","April 13, 2021-KB5001337 (OS Build 18363.1500)","http://support.microsoft.com/kb/5001337","KB only","KB only","KB only"," ","21-04Rollup"
"Ndisimplatform.sys","Hyper-V_Net","6.2.18362.693","1","7-Mar-20","GDR","5001337","April 13, 2021-KB5001337 (OS Build 18363.1500)","http://support.microsoft.com/kb/5001337","KB only","KB only","KB only"," ","21-04Rollup"
"Vmms.exe","Hyper-V_Net","6.2.18362.1316","1","16-Sep-20","GDR","5001337","April 13, 2021-KB5001337 (OS Build 18363.1500)","http://support.microsoft.com/kb/5001337","KB only","KB only","KB only"," ","21-04Rollup"
"Winnat.sys","Hyper-V_Net","6.2.18362.1440","1","18-Mar-21","GDR","5001337","April 13, 2021-KB5001337 (OS Build 18363.1500)","http://support.microsoft.com/kb/5001337","KB only","KB only","KB only"," ","21-04Rollup"
"Wmisvc.dll","Hyper-V_Net","6.2.18362.1411","1","16-Feb-21","GDR","5001337","April 13, 2021-KB5001337 (OS Build 18363.1500)","http://support.microsoft.com/kb/5001337","KB only","KB only","KB only"," ","21-04Rollup"
"Vmbus.sys","Hyper-V_Net","6.2.18362.1350","1","27-Jan-21","GDR","5001337","April 13, 2021-KB5001337 (OS Build 18363.1500)","http://support.microsoft.com/kb/5001337","KB only","KB only","KB only"," ","21-04Rollup"
"Rasapi32.dll","HNV_Net","6.2.18362.1474","1","25-Mar-21","GDR","5001337","April 13, 2021-KB5001337 (OS Build 18363.1500)","http://support.microsoft.com/kb/5001337","KB only","KB only","KB only"," ","21-04Rollup"
"Vmwp.exe","Hyper-V_app","6.2.18362.1316","1","08-Sep-20","GDR","5001337","April 13, 2021-KB5001337 (OS Build 18363.1500)","http://support.microsoft.com/kb/5001337","KB only","KB only","KB only"," ","21-04Rollup"
"Tcpip.sys","Net_Protocol","6.2.18362.1500","0","13-Apr-21","GDR","5001337","April 13, 2021-KB5001337 (OS Build 18363.1500)","http://support.microsoft.com/kb/5001337","KB only","KB only","KB only"," ","21-04Rollup"
"Afd.sys","Net_Protocol","6.2.18362.1049","0","20-Aug-20","GDR","5001337","April 13, 2021-KB5001337 (OS Build 18363.1500)","http://support.microsoft.com/kb/5001337","KB only","KB only","KB only"," ","21-04Rollup"
"Netio.sys","Net_Protocol","6.2.18362.1474","0","25-Mar-21","GDR","5001337","April 13, 2021-KB5001337 (OS Build 18363.1500)","http://support.microsoft.com/kb/5001337","KB only","KB only","KB only"," ","21-04Rollup"
"Ndis.sys","Net_Protocol","6.2.18362.1474","0","25-Mar-21","GDR","5001337","April 13, 2021-KB5001337 (OS Build 18363.1500)","http://support.microsoft.com/kb/5001337","KB only","KB only","KB only"," ","21-04Rollup"
"srv.sys","Net_SMB_Server","6.2.18362.900","0","11-Feb-20","GDR","5001337","April 13, 2021-KB5001337 (OS Build 18363.1500)","http://support.microsoft.com/kb/5001337","KB only","KB only","KB only"," ","21-04Rollup"
"srv2.sys","Net_SMB_Server","6.2.18362.1500","0","13-Apr-21","GDR","5001337","April 13, 2021-KB5001337 (OS Build 18363.1500)","http://support.microsoft.com/kb/5001337","KB only","KB only","KB only"," ","21-04Rollup"
"srvnet.sys","Net_SMB_Server","6.2.18362.1171","0","20-Oct-20","GDR","5001337","April 13, 2021-KB5001337 (OS Build 18363.1500)","http://support.microsoft.com/kb/5001337","KB only","KB only","KB only"," ","21-04Rollup"
"Mrxsmb.sys","Net_SMB_Client","6.2.18362.1379","0","11-Feb-21","GDR","5001337","April 13, 2021-KB5001337 (OS Build 18363.1500)","http://support.microsoft.com/kb/5001337","KB only","KB only","KB only"," ","21-04Rollup"
"Mrxsmb10.sys","Net_SMB_Client","6.2.18362.1049","0","20-Aug-20","GDR","5001337","April 13, 2021-KB5001337 (OS Build 18363.1500)","http://support.microsoft.com/kb/5001337","KB only","KB only","KB only"," ","21-04Rollup"
"Mrxsmb20.sys","Net_SMB_Client","6.2.18362.1379","0","11-Feb-21","GDR","5001337","April 13, 2021-KB5001337 (OS Build 18363.1500)","http://support.microsoft.com/kb/5001337","KB only","KB only","KB only"," ","21-04Rollup"
"Rdbss.sys","Net_SMB_Client","6.2.18362.1379","0","11-Feb-21","GDR","5001337","April 13, 2021-KB5001337 (OS Build 18363.1500)","http://support.microsoft.com/kb/5001337","KB only","KB only","KB only"," ","21-04Rollup"
"Netbt.sys","Net_SMB_Client","6.2.18362.1139","0","13-Oct-20","GDR","5001337","April 13, 2021-KB5001337 (OS Build 18363.1500)","http://support.microsoft.com/kb/5001337","KB only","KB only","KB only"," ","21-04Rollup"
"Mup.sys","Net_SMB_Client","6.2.18362.1379","0","11-Feb-21","GDR","5001337","April 13, 2021-KB5001337 (OS Build 18363.1500)","http://support.microsoft.com/kb/5001337","KB only","KB only","KB only"," ","21-04Rollup"
"wkssvc.dll","Net_SMB_Client","6.2.18362.1411","0","16-Feb-21","GDR","5001337","April 13, 2021-KB5001337 (OS Build 18363.1500)","http://support.microsoft.com/kb/5001337","KB only","KB only","KB only"," ","21-04Rollup"
"5001205","Win2016_1903_21-03_SSU_KB"," ","0","25-Mar-2021","GDR","5001205","KB5001205: Servicing stack update for Windows 10, version 1909: March 25, 2021","http://support.microsoft.com/kb/5001205","KB only","KB only","KB Only"," ","No Rollup"
"5001406","Win2016_1903_21-04_SSU_KB"," ","0","13-Apr-2021","GDR","5001406","KB5001406: Servicing stack update for Windows 10, version 1909: April 13, 2021","http://support.microsoft.com/kb/5001406","KB only","KB only","KB Only"," ","No Rollup"
"5001337","Win201619H1_21-04_B_rollup_KB"," ","0","13-Apr-2021","GDR","5001337","April 13, 2021-KB5001337 (OS Build 18363.1500)","http://support.microsoft.com/kb/5001337","KB only","KB only","KB only"," ","21-04Rollup"
