"Binary","Component","Version","Prio","Published","Branch","Article","Title","Link","LDROnlyKB","LDROnlyTitle","LDROnlyLink","Comment","RollupInfo"
"srv.sys","Net_SMB_Server","6.2.10240.19325","0","08-Jun-2022","GDR","5018425","October 11, 2022-KB5018425 (OS Build 10240.19507))","http://support.microsoft.com/kb/5018425","No LDR Only available","No LDR Only available","No LDR Only available"," ","22-10Rollup"
"srv2.sys","Net_SMB_Server","6.2.10240.19325","0","08-Jun-2022","GDR","5018425","October 11, 2022-KB5018425 (OS Build 10240.19507))","http://support.microsoft.com/kb/5018425","No LDR Only available","No LDR Only available","No LDR Only available"," ","22-10Rollup"
"srvnet.sys","Net_SMB_Server","6.2.10240.19297","0","02-May-2022","GDR","5018425","October 11, 2022-KB5018425 (OS Build 10240.19507))","http://support.microsoft.com/kb/5018425","No LDR Only available","No LDR Only available","No LDR Only available"," ","22-10Rollup"
"Srvsvc.dll","Net_SMB_Server","6.2.10240.19297","0","02-May-2022","GDR","5018425","October 11, 2022-KB5018425 (OS Build 10240.19507))","http://support.microsoft.com/kb/5018425","No LDR Only available","No LDR Only available","No LDR Only available"," ","22-10Rollup"
"Mrxsmb.sys","Net_SMB_Client","6.2.10240.19265","0","30-Mar-2022","GDR","5018425","October 11, 2022-KB5018425 (OS Build 10240.19507))","http://support.microsoft.com/kb/5018425","No LDR Only available","No LDR Only available","No LDR Only available"," ","22-10Rollup"
"Mrxsmb10.sys","Net_SMB_Client","6.2.10240.19265","0","30-Mar-2022","GDR","5018425","October 11, 2022-KB5018425 (OS Build 10240.19507))","http://support.microsoft.com/kb/5018425","No LDR Only available","No LDR Only available","No LDR Only available"," ","22-10Rollup"
"Mrxsmb20.sys","Net_SMB_Client","6.2.10240.19265","0","30-Mar-2022","GDR","5018425","October 11, 2022-KB5018425 (OS Build 10240.19507))","http://support.microsoft.com/kb/5018425","No LDR Only available","No LDR Only available","No LDR Only available"," ","22-10Rollup"
"Rdbss.sys","Net_SMB_Client","6.2.10240.19060","0","11-Sep-2021","GDR","5018425","October 11, 2022-KB5018425 (OS Build 10240.19507))","http://support.microsoft.com/kb/5018425","No LDR Only available","No LDR Only available","No LDR Only available"," ","22-10Rollup"
"Netbt.sys","Net_SMB_Client","6.2.10240.18725","0","29-Sep-2020","GDR","5018425","October 11, 2022-KB5018425 (OS Build 10240.19507))","http://support.microsoft.com/kb/5018425","No LDR Only available","No LDR Only available","No LDR Only available"," ","22-10Rollup"
"wkssvc.dll","Net_SMB_Client","6.2.10240.19177","0","04-Jan-2022","GDR","5018425","October 11, 2022-KB5018425 (OS Build 10240.19507))","http://support.microsoft.com/kb/5018425","No LDR Only available","No LDR Only available","No LDR Only available"," ","22-10Rollup"
"Mpr.dll","Net_SMB_Client","6.2.10240.18158","0","06-Mar-2019","GDR","5018425","October 11, 2022-KB5018425 (OS Build 10240.19507))","http://support.microsoft.com/kb/5018425","No LDR Only available","No LDR Only available","No LDR Only available"," ","22-10Rollup"
"NtLanman.dll","Net_SMB_Client","6.2.10240.18158","0","05-Mar-2019","GDR","5018425","October 11, 2022-KB5018425 (OS Build 10240.19507))","http://support.microsoft.com/kb/5018425","No LDR Only available","No LDR Only available","No LDR Only available"," ","22-10Rollup"
"Tcpip.sys","Net_Protocol","6.2.10240.19444","0","06-Sep-2022","GDR","5018425","October 11, 2022-KB5018425 (OS Build 10240.19507))","http://support.microsoft.com/kb/5018425","No LDR Only available","No LDR Only available","No LDR Only available"," ","22-10Rollup"
"Afd.sys","Net_Protocol","6.2.10240.19325","0","08-Jun-2022","GDR","5018425","October 11, 2022-KB5018425 (OS Build 10240.19507))","http://support.microsoft.com/kb/5018425","No LDR Only available","No LDR Only available","No LDR Only available"," ","22-10Rollup"
"Netio.sys","Net_Protocol","6.2.10240.19003","0","05-Jul-2021","GDR","5018425","October 11, 2022-KB5018425 (OS Build 10240.19507))","http://support.microsoft.com/kb/5018425","No LDR Only available","No LDR Only available","No LDR Only available"," ","22-10Rollup"
"Ndis.sys","Net_Protocol","6.2.10240.18756","0","28-Oct-2020","GDR","5018425","October 11, 2022-KB5018425 (OS Build 10240.19507))","http://support.microsoft.com/kb/5018425","No LDR Only available","No LDR Only available","No LDR Only available"," ","22-10Rollup"
"Tdx.sys","Net_Protocol","6.2.10240.19060","0","11-Sep-2021","GDR","5018425","October 11, 2022-KB5018425 (OS Build 10240.19507))","http://support.microsoft.com/kb/5018425","No LDR Only available","No LDR Only available","No LDR Only available"," ","22-10Rollup"
"Tunnel.sys","Net_IPv6","6.2.10240.16412","1","29-Jul-2015","GDR","5018425","October 11, 2022-KB5018425 (OS Build 10240.19507))","http://support.microsoft.com/kb/5018425","No LDR Only available","No LDR Only available","No LDR Only available"," ","22-10Rollup"
"Dhcpcore6.dll","Net_IPv6","6.2.10240.18696","1","01-Sep-2020","GDR","5018425","October 11, 2022-KB5018425 (OS Build 10240.19507))","http://support.microsoft.com/kb/5018425","No LDR Only available","No LDR Only available","No LDR Only available"," ","22-10Rollup"
"Dhcpcsvc6.dll","Net_IPv6","6.2.10240.18696","1","01-Sep-2020","GDR","5018425","October 11, 2022-KB5018425 (OS Build 10240.19507))","http://support.microsoft.com/kb/5018425","No LDR Only available","No LDR Only available","No LDR Only available"," ","22-10Rollup"
"Nlasvc.dll","Net_NLA","6.2.10240.19235","0","01-Mar-2022","GDR","5018425","October 11, 2022-KB5018425 (OS Build 10240.19507))","http://support.microsoft.com/kb/5018425","No LDR Only available","No LDR Only available","No LDR Only available"," ","22-10Rollup"
"Ncsi.dll","Net_NLA","6.2.10240.17738","0","01-Jan-2018","GDR","5018425","October 11, 2022-KB5018425 (OS Build 10240.19507))","http://support.microsoft.com/kb/5018425","No LDR Only available","No LDR Only available","No LDR Only available"," ","22-10Rollup"
"Nlaapi.dll","Net_NLA","6.2.10240.17738","0","01-Jan-2018","GDR","5018425","October 11, 2022-KB5018425 (OS Build 10240.19507))","http://support.microsoft.com/kb/5018425","No LDR Only available","No LDR Only available","No LDR Only available"," ","22-10Rollup"
"rpcxdr.sys","Net_NFS_Srv","6.2.10240.19360","0","27-Jun-2022","GDR","5018425","October 11, 2022-KB5018425 (OS Build 10240.19507))","http://support.microsoft.com/kb/5018425","No LDR Only available","No LDR Only available","No LDR Only available"," ","22-10Rollup"
"Csc.sys","Net_CSC_Offline","6.2.10240.17946","1","07-Aug-2018","GDR","5018425","October 11, 2022-KB5018425 (OS Build 10240.19507))","http://support.microsoft.com/kb/5018425","No LDR Only available","No LDR Only available","No LDR Only available"," ","22-10Rollup"
"Cscsvc.dll","Net_CSC_Offline","6.2.10240.18932","1","26-Apr-2021","GDR","5018425","October 11, 2022-KB5018425 (OS Build 10240.19507))","http://support.microsoft.com/kb/5018425","No LDR Only available","No LDR Only available","No LDR Only available"," ","22-10Rollup"
"Cscmig.dll","Net_CSC_Offline","6.2.10240.18818","1","07-Jan-2021","GDR","5018425","October 11, 2022-KB5018425 (OS Build 10240.19507))","http://support.microsoft.com/kb/5018425","No LDR Only available","No LDR Only available","No LDR Only available"," ","22-10Rollup"
"Cscui.dll","Net_CSC_Offline","6.2.10240.19235","1","01-Mar-2022","GDR","5018425","October 11, 2022-KB5018425 (OS Build 10240.19507))","http://support.microsoft.com/kb/5018425","No LDR Only available","No LDR Only available","No LDR Only available"," ","22-10Rollup"
"Mrxdav.sys","Net_WebDAV","6.2.10240.17146","1","29-Sep-2016","GDR","5018425","October 11, 2022-KB5018425 (OS Build 10240.19507))","http://support.microsoft.com/kb/5018425","No LDR Only available","No LDR Only available","No LDR Only available"," ","22-10Rollup"
"Shell32.dll","Net_WebDAV","6.2.10240.19297","1","02-May-2022","GDR","5018425","October 11, 2022-KB5018425 (OS Build 10240.19507))","http://support.microsoft.com/kb/5018425","No LDR Only available","No LDR Only available","No LDR Only available"," ","22-10Rollup"
"Winhttp.dll","Net_WebDAV","6.2.10240.18132","1","05-Feb-2019","GDR","5018425","October 11, 2022-KB5018425 (OS Build 10240.19507))","http://support.microsoft.com/kb/5018425","No LDR Only available","No LDR Only available","No LDR Only available"," ","22-10Rollup"
"Dfsc.sys","Net_DFS-N_Client","6.2.10240.19444","0","06-Sep-2022","GDR","5018425","October 11, 2022-KB5018425 (OS Build 10240.19507))","http://support.microsoft.com/kb/5018425","No LDR Only available","No LDR Only available","No LDR Only available"," ","22-10Rollup"
"Dhcpcore.dll","Net_DHCP_Client","6.2.10240.18696","1","01-Sep-2020","GDR","5018425","October 11, 2022-KB5018425 (OS Build 10240.19507))","http://support.microsoft.com/kb/5018425","No LDR Only available","No LDR Only available","No LDR Only available"," ","22-10Rollup"
"Dhcpcsvc.dll","Net_DHCP_Client","6.2.10240.18696","1","01-Sep-2020","GDR","5018425","October 11, 2022-KB5018425 (OS Build 10240.19507))","http://support.microsoft.com/kb/5018425","No LDR Only available","No LDR Only available","No LDR Only available"," ","22-10Rollup"
"Nfsclnt.exe","Net_NFS_Client","6.2.10240.16384","1","09-Jul-2015","GDR","5018425","October 11, 2022-KB5018425 (OS Build 10240.19507))","http://support.microsoft.com/kb/5018425","No LDR Only available","No LDR Only available","No LDR Only available"," ","22-10Rollup"
"Nfsnp.dll","Net_NFS_Client","6.2.10240.16384","1","09-Jul-2015","GDR","5018425","October 11, 2022-KB5018425 (OS Build 10240.19507))","http://support.microsoft.com/kb/5018425","No LDR Only available","No LDR Only available","No LDR Only available"," ","22-10Rollup"
"Nfsrdr.sys","Net_NFS_Client","6.2.10240.16384","1","09-Jul-2015","GDR","5018425","October 11, 2022-KB5018425 (OS Build 10240.19507))","http://support.microsoft.com/kb/5018425","No LDR Only available","No LDR Only available","No LDR Only available"," ","22-10Rollup"
"dnsapi.dll","Net_DNS_Client","6.2.10240.18906","1","08-Apr-2021","GDR","5018425","October 11, 2022-KB5018425 (OS Build 10240.19507))","http://support.microsoft.com/kb/5018425","No LDR Only available","No LDR Only available","No LDR Only available"," ","22-10Rollup"
"dnsrslvr.dll","Net_DNS_Client","6.2.10240.18906","1","08-Apr-2021","GDR","5018425","October 11, 2022-KB5018425 (OS Build 10240.19507))","http://support.microsoft.com/kb/5018425","No LDR Only available","No LDR Only available","No LDR Only available"," ","22-10Rollup"
"Rpcss.dll","Net_RPC","6.2.10240.19325","1","08-Jun-2022","GDR","5018425","October 11, 2022-KB5018425 (OS Build 10240.19507))","http://support.microsoft.com/kb/5018425","No LDR Only available","No LDR Only available","No LDR Only available"," ","22-10Rollup"
"Rpchttp.dll","Net_RPC","6.2.10240.17643","1","18-Sep-2017","GDR","5018425","October 11, 2022-KB5018425 (OS Build 10240.19507))","http://support.microsoft.com/kb/5018425","No LDR Only available","No LDR Only available","No LDR Only available"," ","22-10Rollup"
"Rpcrt4.dll","Net_RPC","6.2.10240.19297","1","02-May-2022","GDR","5018425","October 11, 2022-KB5018425 (OS Build 10240.19507))","http://support.microsoft.com/kb/5018425","No LDR Only available","No LDR Only available","No LDR Only available"," ","22-10Rollup"
"Bfe.dll","Net_Ipsec_BFE","6.2.10240.18394","1","23-Oct-2019","GDR","5018425","October 11, 2022-KB5018425 (OS Build 10240.19507))","http://support.microsoft.com/kb/5018425","No LDR Only available","No LDR Only available","No LDR Only available"," ","22-10Rollup"
"Ikeext.dll","Net_Ipsec_BFE","6.2.10240.19444","1","06-Sep-2022","GDR","5018425","October 11, 2022-KB5018425 (OS Build 10240.19507))","http://support.microsoft.com/kb/5018425","No LDR Only available","No LDR Only available","No LDR Only available"," ","22-10Rollup"
"Fwpuclnt.dll","Net_Ipsec_BFE","6.2.10240.18394","1","23-Oct-2019","GDR","5018425","October 11, 2022-KB5018425 (OS Build 10240.19507))","http://support.microsoft.com/kb/5018425","No LDR Only available","No LDR Only available","No LDR Only available"," ","22-10Rollup"
"Iphlpsvc.dll","Net_DirectAccess_Client","6.2.10240.19235","1","01-Mar-2022","GDR","5018425","October 11, 2022-KB5018425 (OS Build 10240.19507))","http://support.microsoft.com/kb/5018425","No LDR Only available","No LDR Only available","No LDR Only available"," ","22-10Rollup"
"Iphlpsvcmigplugin.dll","Net_DirectAccess_Client","6.2.10240.18818","1","07-Jan-2021","GDR","5018425","October 11, 2022-KB5018425 (OS Build 10240.19507))","http://support.microsoft.com/kb/5018425","No LDR Only available","No LDR Only available","No LDR Only available"," ","22-10Rollup"
"Netcorehc.dll","Net_DirectAccess_Client","6.2.10240.18818","1","07-Jan-2021","GDR","5018425","October 11, 2022-KB5018425 (OS Build 10240.19507))","http://support.microsoft.com/kb/5018425","No LDR Only available","No LDR Only available","No LDR Only available"," ","22-10Rollup"
"Daotpcredentialprovider.dll","Net_DirectAccess_Client","6.2.10240.17073","1","16-Aug-2016","GDR","5018425","October 11, 2022-KB5018425 (OS Build 10240.19507))","http://support.microsoft.com/kb/5018425","No LDR Only available","No LDR Only available","No LDR Only available"," ","22-10Rollup"
"Rdpcore.dll","Net_DirectAccess_Client","6.2.10240.19235","1","01-Mar-2022","GDR","5018425","October 11, 2022-KB5018425 (OS Build 10240.19507))","http://support.microsoft.com/kb/5018425","No LDR Only available","No LDR Only available","No LDR Only available"," ","22-10Rollup"
"dot3svc.dll","Net_IEEE802.1x","6.2.10240.17738","1","01-Jan-2018","GDR","5018425","October 11, 2022-KB5018425 (OS Build 10240.19507))","http://support.microsoft.com/kb/5018425","No LDR Only available","No LDR Only available","No LDR Only available"," ","22-10Rollup"
"Rastls.dll","Net_IEEE802.1x","6.2.10240.19177","1","04-Jan-2022","GDR","5018425","October 11, 2022-KB5018425 (OS Build 10240.19507))","http://support.microsoft.com/kb/5018425","No LDR Only available","No LDR Only available","No LDR Only available"," ","22-10Rollup"
"wlansvc.dll","Net_WLAN_Client","6.2.10240.19297","1","02-May-2022","GDR","5018425","October 11, 2022-KB5018425 (OS Build 10240.19507))","http://support.microsoft.com/kb/5018425","No LDR Only available","No LDR Only available","No LDR Only available"," ","22-10Rollup"
"wlanmsm.dll","Net_WLAN_Client","6.2.10240.19297","1","02-May-2022","GDR","5018425","October 11, 2022-KB5018425 (OS Build 10240.19507))","http://support.microsoft.com/kb/5018425","No LDR Only available","No LDR Only available","No LDR Only available"," ","22-10Rollup"
"wlanapi.dll","Net_WLAN_Client","6.2.10240.19060","1","11-Sep-2021","GDR","5018425","October 11, 2022-KB5018425 (OS Build 10240.19507))","http://support.microsoft.com/kb/5018425","No LDR Only available","No LDR Only available","No LDR Only available"," ","22-10Rollup"
"wlansec.dll","Net_WLAN_Client","6.2.10240.19297","1","02-May-2022","GDR","5018425","October 11, 2022-KB5018425 (OS Build 10240.19507))","http://support.microsoft.com/kb/5018425","No LDR Only available","No LDR Only available","No LDR Only available"," ","22-10Rollup"
"wlansvcpal.dll","Net_WLAN_Client","6.2.10240.16384","1","09-Jul-2015","GDR","5018425","October 11, 2022-KB5018425 (OS Build 10240.19507))","http://support.microsoft.com/kb/5018425","No LDR Only available","No LDR Only available","No LDR Only available"," ","22-10Rollup"
"wlanhlp.dll","Net_WLAN_Client","6.2.10240.16384","1","09-Jul-2015","GDR","5018425","October 11, 2022-KB5018425 (OS Build 10240.19507))","http://support.microsoft.com/kb/5018425","No LDR Only available","No LDR Only available","No LDR Only available"," ","22-10Rollup"
"Netcfgx.dll","Net_Config","6.2.10240.19235","1","01-Mar-2022","GDR","5018425","October 11, 2022-KB5018425 (OS Build 10240.19507))","http://support.microsoft.com/kb/5018425","No LDR Only available","No LDR Only available","No LDR Only available"," ","22-10Rollup"
"WorkFolders.exe","Net_WorkFolders","6.2.10240.16384","1","09-Jul-2015","GDR","5018425","October 11, 2022-KB5018425 (OS Build 10240.19507))","http://support.microsoft.com/kb/5018425","No LDR Only available","No LDR Only available","No LDR Only available"," ","22-10Rollup"
"WorkFoldersshell.dll","Net_WorkFolders","6.2.10240.18818","1","07-Jan-2021","GDR","5018425","October 11, 2022-KB5018425 (OS Build 10240.19507))","http://support.microsoft.com/kb/5018425","No LDR Only available","No LDR Only available","No LDR Only available"," ","22-10Rollup"
"WorkFolderssvc.dll","Net_WorkFolders","6.2.10240.19265","1","29-Mar-2022","GDR","5018425","October 11, 2022-KB5018425 (OS Build 10240.19507))","http://support.microsoft.com/kb/5018425","No LDR Only available","No LDR Only available","No LDR Only available"," ","22-10Rollup"
"WorkFolderscontrol.dll","Net_WorkFolders","6.2.10240.18818","1","07-Jan-2021","GDR","5018425","October 11, 2022-KB5018425 (OS Build 10240.19507))","http://support.microsoft.com/kb/5018425","No LDR Only available","No LDR Only available","No LDR Only available"," ","22-10Rollup"
"WorkFoldersGPExt.dll","Net_WorkFolders","6.2.10240.16384","1","09-Jul-2015","GDR","5018425","October 11, 2022-KB5018425 (OS Build 10240.19507))","http://support.microsoft.com/kb/5018425","No LDR Only available","No LDR Only available","No LDR Only available"," ","22-10Rollup"
"WebIo.dll","Net_BranchCache","6.2.10240.17643","1","18-Sep-2017","GDR","5018425","October 11, 2022-KB5018425 (OS Build 10240.19507))","http://support.microsoft.com/kb/5018425","No LDR Only available","No LDR Only available","No LDR Only available"," ","22-10Rollup"
"Pacer.sys","Net_QoS","6.2.10240.17738","1","01-Jan-2018","GDR","5018425","October 11, 2022-KB5018425 (OS Build 10240.19507))","http://support.microsoft.com/kb/5018425","No LDR Only available","No LDR Only available","No LDR Only available"," ","22-10Rollup"
"Mpsdrv.sys","Net_Firewall","6.2.10240.17976","1","05-Sep-2018","GDR","5018425","October 11, 2022-KB5018425 (OS Build 10240.19507))","http://support.microsoft.com/kb/5018425","No LDR Only available","No LDR Only available","No LDR Only available"," ","22-10Rollup"
"MpsSvc.dll","Net_Firewall","6.2.10240.19086","1","04-Oct-2021","GDR","5018425","October 11, 2022-KB5018425 (OS Build 10240.19507))","http://support.microsoft.com/kb/5018425","No LDR Only available","No LDR Only available","No LDR Only available"," ","22-10Rollup"
"qmgr.dll","Net_BiTS","7.8.10240.19235","1","01-Mar-2022","GDR","5018425","October 11, 2022-KB5018425 (OS Build 10240.19507))","http://support.microsoft.com/kb/5018425","No LDR Only available","No LDR Only available","No LDR Only available"," ","22-10Rollup"
"rasmans.dll","Net_VPN","6.2.10240.19444","1","06-Sep-2022","GDR","5018425","October 11, 2022-KB5018425 (OS Build 10240.19507))","http://support.microsoft.com/kb/5018425","No LDR Only available","No LDR Only available","No LDR Only available"," ","22-10Rollup"
"Netlogon.dll","Dom_NETLOGON","6.2.10240.19297","0","02-May-2022","GDR","5018425","October 11, 2022-KB5018425 (OS Build 10240.19507))","http://support.microsoft.com/kb/5018425","No LDR Only available","No LDR Only available","No LDR Only available"," ","22-10Rollup"
"LogonCli.dll","Dom_NETLOGON","6.2.10240.19297","0","02-May-2022","GDR","5018425","October 11, 2022-KB5018425 (OS Build 10240.19507))","http://support.microsoft.com/kb/5018425","No LDR Only available","No LDR Only available","No LDR Only available"," ","22-10Rollup"
"Winlogon.exe","Dom_WINLOGON","6.2.10240.18333","0","28-Aug-2019","GDR","5018425","October 11, 2022-KB5018425 (OS Build 10240.19507))","http://support.microsoft.com/kb/5018425","No LDR Only available","No LDR Only available","No LDR Only available"," ","22-10Rollup"
"Kerberos.dll","Dom_KERBEROS","6.2.10240.19387","0","03-Aug-2022","GDR","5018425","October 11, 2022-KB5018425 (OS Build 10240.19507))","http://support.microsoft.com/kb/5018425","No LDR Only available","No LDR Only available","No LDR Only available"," ","22-10Rollup"
"Msv1_0.dll","Dom_NTLM","6.2.10240.19387","1","04-Aug-2022","GDR","5018425","October 11, 2022-KB5018425 (OS Build 10240.19507))","http://support.microsoft.com/kb/5018425","No LDR Only available","No LDR Only available","No LDR Only available"," ","22-10Rollup"
"Wldap32.dll","Dom_LDAPClient","6.2.10240.19444","0","06-Sep-2022","GDR","5018425","October 11, 2022-KB5018425 (OS Build 10240.19507))","http://support.microsoft.com/kb/5018425","No LDR Only available","No LDR Only available","No LDR Only available"," ","22-10Rollup"
"Lsass.exe","Dom_LSA","6.2.10240.17643","0","18-Sep-2017","GDR","5018425","October 11, 2022-KB5018425 (OS Build 10240.19507))","http://support.microsoft.com/kb/5018425","No LDR Only available","No LDR Only available","No LDR Only available"," ","22-10Rollup"
"Lsasrv.dll","Dom_LSA","6.2.10240.19444","0","06-Sep-2022","GDR","5018425","October 11, 2022-KB5018425 (OS Build 10240.19507))","http://support.microsoft.com/kb/5018425","No LDR Only available","No LDR Only available","No LDR Only available"," ","22-10Rollup"
"Ksecdd.sys","Dom_LSA","6.2.10240.19235","0","01-Mar-2022","GDR","5018425","October 11, 2022-KB5018425 (OS Build 10240.19507))","http://support.microsoft.com/kb/5018425","No LDR Only available","No LDR Only available","No LDR Only available"," ","22-10Rollup"
"Ksecpkg.sys","Dom_LSA","6.2.10240.18215","0","03-May-2019","GDR","5018425","October 11, 2022-KB5018425 (OS Build 10240.19507))","http://support.microsoft.com/kb/5018425","No LDR Only available","No LDR Only available","No LDR Only available"," ","22-10Rollup"
"Sspicli.dll","Dom_LSA","6.2.10240.19235","0","01-Mar-2022","GDR","5018425","October 11, 2022-KB5018425 (OS Build 10240.19507))","http://support.microsoft.com/kb/5018425","No LDR Only available","No LDR Only available","No LDR Only available"," ","22-10Rollup"
"Sspisrv.dll","Dom_LSA","6.2.10240.17643","0","18-Sep-2017","GDR","5018425","October 11, 2022-KB5018425 (OS Build 10240.19507))","http://support.microsoft.com/kb/5018425","No LDR Only available","No LDR Only available","No LDR Only available"," ","22-10Rollup"
"Schannel.dll","Dom_LSA","6.2.10240.19444","0","06-Sep-2022","GDR","5018425","October 11, 2022-KB5018425 (OS Build 10240.19507))","http://support.microsoft.com/kb/5018425","No LDR Only available","No LDR Only available","No LDR Only available"," ","22-10Rollup"
"Scesrv.dll","Dom_SecAuditAndConfig","6.2.10240.19177","1","04-Jan-2022","GDR","5018425","October 11, 2022-KB5018425 (OS Build 10240.19507))","http://support.microsoft.com/kb/5018425","No LDR Only available","No LDR Only available","No LDR Only available"," ","22-10Rollup"
"AclUI.dll","Dom_SecAuditAndConfig","6.2.10240.18036","1","24-Oct-2018","GDR","5018425","October 11, 2022-KB5018425 (OS Build 10240.19507))","http://support.microsoft.com/kb/5018425","No LDR Only available","No LDR Only available","No LDR Only available"," ","22-10Rollup"
"Winscard.dll","Dom_SC_Provider","6.2.10240.18036","1","24-Oct-2018","GDR","5018425","October 11, 2022-KB5018425 (OS Build 10240.19507))","http://support.microsoft.com/kb/5018425","No LDR Only available","No LDR Only available","No LDR Only available"," ","22-10Rollup"
"Basecsp.dll","Dom_SC_Provider","6.2.10240.17831","1","24-Mar-2018","GDR","5018425","October 11, 2022-KB5018425 (OS Build 10240.19507))","http://support.microsoft.com/kb/5018425","No LDR Only available","No LDR Only available","No LDR Only available"," ","22-10Rollup"
"Scksp.dll","Dom_SC_Provider","6.2.10240.17831","1","23-Mar-2018","GDR","5018425","October 11, 2022-KB5018425 (OS Build 10240.19507))","http://support.microsoft.com/kb/5018425","No LDR Only available","No LDR Only available","No LDR Only available"," ","22-10Rollup"
"ScardSvr.dll","Dom_SC_Srv","6.2.10240.17738","1","01-Jan-2018","GDR","5018425","October 11, 2022-KB5018425 (OS Build 10240.19507))","http://support.microsoft.com/kb/5018425","No LDR Only available","No LDR Only available","No LDR Only available"," ","22-10Rollup"
"Scfilter.sys","Dom_SC_Srv","6.2.10240.19444","1","06-Sep-2022","GDR","5018425","October 11, 2022-KB5018425 (OS Build 10240.19507))","http://support.microsoft.com/kb/5018425","No LDR Only available","No LDR Only available","No LDR Only available"," ","22-10Rollup"
"Certprop.dll","Dom_SC_Srv","6.2.10240.17831","1","23-Mar-2018","GDR","5018425","October 11, 2022-KB5018425 (OS Build 10240.19507))","http://support.microsoft.com/kb/5018425","No LDR Only available","No LDR Only available","No LDR Only available"," ","22-10Rollup"
"Crypt32.dll","Dom_CRYPTO","6.2.10240.19387","1","03-Aug-2022","GDR","5018425","October 11, 2022-KB5018425 (OS Build 10240.19507))","http://support.microsoft.com/kb/5018425","No LDR Only available","No LDR Only available","No LDR Only available"," ","22-10Rollup"
"Cryptsvc.dll","Dom_CRYPTO","6.2.10240.16942","1","27-May-2016","GDR","5018425","October 11, 2022-KB5018425 (OS Build 10240.19507))","http://support.microsoft.com/kb/5018425","No LDR Only available","No LDR Only available","No LDR Only available"," ","22-10Rollup"
"Wintrust.dll","Dom_CRYPTO","6.2.10240.19297","1","02-May-2022","GDR","5018425","October 11, 2022-KB5018425 (OS Build 10240.19507))","http://support.microsoft.com/kb/5018425","No LDR Only available","No LDR Only available","No LDR Only available"," ","22-10Rollup"
"Cryptdll.dll","Dom_CRYPTO","6.2.10240.18215","1","03-May-2019","GDR","5018425","October 11, 2022-KB5018425 (OS Build 10240.19507))","http://support.microsoft.com/kb/5018425","No LDR Only available","No LDR Only available","No LDR Only available"," ","22-10Rollup"
"Cryptcatsvc.dll","Dom_CRYPTO","6.2.10240.18696","1","01-Sep-2020","GDR","5018425","October 11, 2022-KB5018425 (OS Build 10240.19507))","http://support.microsoft.com/kb/5018425","No LDR Only available","No LDR Only available","No LDR Only available"," ","22-10Rollup"
"Dimsroam.dll","Dom_DIMS","6.2.10240.18818","1","07-Jan-2021","GDR","5018425","October 11, 2022-KB5018425 (OS Build 10240.19507))","http://support.microsoft.com/kb/5018425","No LDR Only available","No LDR Only available","No LDR Only available"," ","22-10Rollup"
"Adprovider.dll","Dom_DIMS","6.2.10240.18818","1","07-Jan-2021","GDR","5018425","October 11, 2022-KB5018425 (OS Build 10240.19507))","http://support.microsoft.com/kb/5018425","No LDR Only available","No LDR Only available","No LDR Only available"," ","22-10Rollup"
"Capiprovider.dll","Dom_DIMS","6.2.10240.19444","1","06-Sep-2022","GDR","5018425","October 11, 2022-KB5018425 (OS Build 10240.19507))","http://support.microsoft.com/kb/5018425","No LDR Only available","No LDR Only available","No LDR Only available"," ","22-10Rollup"
"Cngprovider.dll","Dom_DIMS","6.2.10240.19444","1","06-Sep-2022","GDR","5018425","October 11, 2022-KB5018425 (OS Build 10240.19507))","http://support.microsoft.com/kb/5018425","No LDR Only available","No LDR Only available","No LDR Only available"," ","22-10Rollup"
"Dpapiprovider.dll","Dom_DIMS","6.2.10240.19444","1","06-Sep-2022","GDR","5018425","October 11, 2022-KB5018425 (OS Build 10240.19507))","http://support.microsoft.com/kb/5018425","No LDR Only available","No LDR Only available","No LDR Only available"," ","22-10Rollup"
"Wincredprovider.dll","Dom_DIMS","6.2.10240.18818","1","07-Jan-2021","GDR","5018425","October 11, 2022-KB5018425 (OS Build 10240.19507))","http://support.microsoft.com/kb/5018425","No LDR Only available","No LDR Only available","No LDR Only available"," ","22-10Rollup"
"Gpapi.dll","Dom_GPSVC","6.2.10240.18725","1","29-Sep-2020","GDR","5018425","October 11, 2022-KB5018425 (OS Build 10240.19507))","http://support.microsoft.com/kb/5018425","No LDR Only available","No LDR Only available","No LDR Only available"," ","22-10Rollup"
"Gpsvc.dll","Dom_GPSVC","6.2.10240.19444","1","06-Sep-2022","GDR","5018425","October 11, 2022-KB5018425 (OS Build 10240.19507))","http://support.microsoft.com/kb/5018425","No LDR Only available","No LDR Only available","No LDR Only available"," ","22-10Rollup"
"Userenv.dll","Dom_GPSVC","6.2.10240.18725","1","29-Sep-2020","GDR","5018425","October 11, 2022-KB5018425 (OS Build 10240.19507))","http://support.microsoft.com/kb/5018425","No LDR Only available","No LDR Only available","No LDR Only available"," ","22-10Rollup"
"Appmgmts.dll","Dom_GPExt","6.2.10240.18725","1","29-Sep-2020","GDR","5018425","October 11, 2022-KB5018425 (OS Build 10240.19507))","http://support.microsoft.com/kb/5018425","No LDR Only available","No LDR Only available","No LDR Only available"," ","22-10Rollup"
"Gpprefcl.dll","Dom_GPP","6.2.10240.19444","1","06-Sep-2022","GDR","5018425","October 11, 2022-KB5018425 (OS Build 10240.19507))","http://support.microsoft.com/kb/5018425","No LDR Only available","No LDR Only available","No LDR Only available"," ","22-10Rollup"
"Profsvc.dll","Dom_ProfProc","6.2.10240.19177","1","04-Jan-2022","GDR","5018425","October 11, 2022-KB5018425 (OS Build 10240.19507))","http://support.microsoft.com/kb/5018425","No LDR Only available","No LDR Only available","No LDR Only available"," ","22-10Rollup"
"Esent.dll","Dom_ESENT","6.2.10240.19235","0","01-Mar-2022","GDR","5018425","October 11, 2022-KB5018425 (OS Build 10240.19507))","http://support.microsoft.com/kb/5018425","No LDR Only available","No LDR Only available","No LDR Only available"," ","22-10Rollup"
"Ntdsai.dll","Dom_NTDSAI","6.2.10240.19387","0","03-Aug-2022","GDR","5018425","October 11, 2022-KB5018425 (OS Build 10240.19507))","http://support.microsoft.com/kb/5018425","No LDR Only available","No LDR Only available","No LDR Only available"," ","22-10Rollup"
"Samsrv.dll","Dom_SAMSRV","6.2.10240.19360","0","28-Jun-2022","GDR","5018425","October 11, 2022-KB5018425 (OS Build 10240.19507))","http://support.microsoft.com/kb/5018425","No LDR Only available","No LDR Only available","No LDR Only available"," ","22-10Rollup"
"Samlib.dll","Dom_SAMSRV","6.2.10240.19003","0","05-Jul-2021","GDR","5018425","October 11, 2022-KB5018425 (OS Build 10240.19507))","http://support.microsoft.com/kb/5018425","No LDR Only available","No LDR Only available","No LDR Only available"," ","22-10Rollup"
"Vhdmp.sys","Cluster_CSV","6.2.10240.19387","0","03-Aug-2022","GDR","5018425","October 11, 2022-KB5018425 (OS Build 10240.19507))","http://support.microsoft.com/kb/5018425","No LDR Only available","No LDR Only available","No LDR Only available"," ","22-10Rollup"
"Ntoskrnl.exe","Core_Kernel","6.2.10240.19444","0","06-Sep-2022","GDR","5018425","October 11, 2022-KB5018425 (OS Build 10240.19507))","http://support.microsoft.com/kb/5018425","No LDR Only available","No LDR Only available","No LDR Only available"," ","22-10Rollup"
"Ntdll.dll","Core_Kernel","6.2.10240.19235","0","01-Mar-2022","GDR","5018425","October 11, 2022-KB5018425 (OS Build 10240.19507))","http://support.microsoft.com/kb/5018425","No LDR Only available","No LDR Only available","No LDR Only available"," ","22-10Rollup"
"Hal.dll","Core_Kernel","6.2.10240.19235","0","01-Mar-2022","GDR","5018425","October 11, 2022-KB5018425 (OS Build 10240.19507))","http://support.microsoft.com/kb/5018425","No LDR Only available","No LDR Only available","No LDR Only available"," ","22-10Rollup"
"Fltmgr.sys","Core_Kernel","6.2.10240.18967","0","05-Jun-2021","GDR","5018425","October 11, 2022-KB5018425 (OS Build 10240.19507))","http://support.microsoft.com/kb/5018425","No LDR Only available","No LDR Only available","No LDR Only available"," ","22-10Rollup"
"win32k.sys","Core_Kernel","6.2.10240.16384","0","09-Jul-2015","GDR","5018425","October 11, 2022-KB5018425 (OS Build 10240.19507))","http://support.microsoft.com/kb/5018425","No LDR Only available","No LDR Only available","No LDR Only available"," ","22-10Rollup"
"Ntfs.sys","Core_FileSystem","6.2.10240.19297","0","02-May-2022","GDR","5018425","October 11, 2022-KB5018425 (OS Build 10240.19507))","http://support.microsoft.com/kb/5018425","No LDR Only available","No LDR Only available","No LDR Only available"," ","22-10Rollup"
"Storport.sys","Core_DiskSystem","6.2.10240.19145","0","03-Dec-2021","GDR","5018425","October 11, 2022-KB5018425 (OS Build 10240.19507))","http://support.microsoft.com/kb/5018425","No LDR Only available","No LDR Only available","No LDR Only available"," ","22-10Rollup"
"Repdrvfs.dll","Core_WMI","6.2.10240.18545","0","30-Mar-2020","GDR","5018425","October 11, 2022-KB5018425 (OS Build 10240.19507))","http://support.microsoft.com/kb/5018425","No LDR Only available","No LDR Only available","No LDR Only available"," ","22-10Rollup"
"Advapi32.dll","Core_Apps","6.2.10240.19177","0","04-Jan-2022","GDR","5018425","October 11, 2022-KB5018425 (OS Build 10240.19507))","http://support.microsoft.com/kb/5018425","No LDR Only available","No LDR Only available","No LDR Only available"," ","22-10Rollup"
"Vssapi.dll","Core_VSS","6.2.10240.18818","1","07-Jan-2021","GDR","5018425","October 11, 2022-KB5018425 (OS Build 10240.19507))","http://support.microsoft.com/kb/5018425","No LDR Only available","No LDR Only available","No LDR Only available"," ","22-10Rollup"
"Vsstrace.dll","Core_VSS","6.2.10240.18818","1","07-Jan-2021","GDR","5018425","October 11, 2022-KB5018425 (OS Build 10240.19507))","http://support.microsoft.com/kb/5018425","No LDR Only available","No LDR Only available","No LDR Only available"," ","22-10Rollup"
"Swprv.dll","Core_VSS","6.2.10240.18818","1","07-Jan-2021","GDR","5018425","October 11, 2022-KB5018425 (OS Build 10240.19507))","http://support.microsoft.com/kb/5018425","No LDR Only available","No LDR Only available","No LDR Only available"," ","22-10Rollup"
"spp.dll","Core_VSS","6.2.10240.18818","1","07-Jan-2021","GDR","5018425","October 11, 2022-KB5018425 (OS Build 10240.19507))","http://support.microsoft.com/kb/5018425","No LDR Only available","No LDR Only available","No LDR Only available"," ","22-10Rollup"
"wbengine.exe","Core_VSS","6.2.10240.18818","1","07-Jan-2021","GDR","5018425","October 11, 2022-KB5018425 (OS Build 10240.19507))","http://support.microsoft.com/kb/5018425","No LDR Only available","No LDR Only available","No LDR Only available"," ","22-10Rollup"
"pci.sys","Core_Sys","6.2.10240.19003","1","05-Jul-2021","GDR","5018425","October 11, 2022-KB5018425 (OS Build 10240.19507))","http://support.microsoft.com/kb/5018425","No LDR Only available","No LDR Only available","No LDR Only available"," ","22-10Rollup"
"Volmgr.sys","Core_Sys","6.2.10240.18906","1","08-Apr-2021","GDR","5018425","October 11, 2022-KB5018425 (OS Build 10240.19507))","http://support.microsoft.com/kb/5018425","No LDR Only available","No LDR Only available","No LDR Only available"," ","22-10Rollup"
"Tzres.dll","Core_TimeZone","6.2.10240.19204","1","28-Jan-2022","GDR","5018425","October 11, 2022-KB5018425 (OS Build 10240.19507))","http://support.microsoft.com/kb/5018425","No LDR Only available","No LDR Only available","No LDR Only available"," ","22-10Rollup"
"Vmswitch.sys","Hyper-V_Net","6.2.10240.19360","1","28-Jun-2022","GDR","5018425","October 11, 2022-KB5018425 (OS Build 10240.19507))","http://support.microsoft.com/kb/5018425","No LDR Only available","No LDR Only available","No LDR Only available"," ","22-10Rollup"
"Wnv.sys","Hyper-V_Net","6.2.10240.19444","1","06-Sep-2022","GDR","5018425","October 11, 2022-KB5018425 (OS Build 10240.19507))","http://support.microsoft.com/kb/5018425","No LDR Only available","No LDR Only available","No LDR Only available"," ","22-10Rollup"
"Vmsntfy.dll","Hyper-V_Net","6.2.10240.18818","1","07-Jan-2021","GDR","5018425","October 11, 2022-KB5018425 (OS Build 10240.19507))","http://support.microsoft.com/kb/5018425","No LDR Only available","No LDR Only available","No LDR Only available"," ","22-10Rollup"
"Ndisimplatform.sys","Hyper-V_Net","6.2.10240.18818","1","07-Jan-2021","GDR","5018425","October 11, 2022-KB5018425 (OS Build 10240.19507))","http://support.microsoft.com/kb/5018425","No LDR Only available","No LDR Only available","No LDR Only available"," ","22-10Rollup"
"Vmms.exe","Hyper-V_Net","6.2.10240.19235","1","01-Mar-2022","GDR","5018425","October 11, 2022-KB5018425 (OS Build 10240.19507))","http://support.microsoft.com/kb/5018425","No LDR Only available","No LDR Only available","No LDR Only available"," ","22-10Rollup"
"Winnat.sys","Hyper-V_Net","6.2.10240.19086","1","04-Oct-2021","GDR","5018425","October 11, 2022-KB5018425 (OS Build 10240.19507))","http://support.microsoft.com/kb/5018425","No LDR Only available","No LDR Only available","No LDR Only available"," ","22-10Rollup"
"pvhdparser.sys","Hyper-V_Net","6.2.10240.17738","1","01-Jan-2018","GDR","5018425","October 11, 2022-KB5018425 (OS Build 10240.19507))","http://support.microsoft.com/kb/5018425","No LDR Only available","No LDR Only available","No LDR Only available"," ","22-10Rollup"
"Wmisvc.dll","Hyper-V_Net","6.2.10240.18666","1","05-Aug-2020","GDR","5018425","October 11, 2022-KB5018425 (OS Build 10240.19507))","http://support.microsoft.com/kb/5018425","No LDR Only available","No LDR Only available","No LDR Only available"," ","22-10Rollup"
"Vmbus.sys","Hyper-V_Net","6.2.10240.17738","1","01-Jan-2018","GDR","5018425","October 11, 2022-KB5018425 (OS Build 10240.19507))","http://support.microsoft.com/kb/5018425","No LDR Only available","No LDR Only available","No LDR Only available"," ","22-10Rollup"
"Rasapi32.dll","HNV_Net","6.2.10240.18874","1","26-Feb-2021","GDR","5018425","October 11, 2022-KB5018425 (OS Build 10240.19507))","http://support.microsoft.com/kb/5018425","No LDR Only available","No LDR Only available","No LDR Only available"," ","22-10Rollup"
"Mprapi.dll","HNV_Net","6.2.10240.19235","1","01-Mar-2022","GDR","5018425","October 11, 2022-KB5018425 (OS Build 10240.19507))","http://support.microsoft.com/kb/5018425","No LDR Only available","No LDR Only available","No LDR Only available"," ","22-10Rollup"
"Vmwp.exe","Hyper-V_app","6.2.10240.19235","1","01-Mar-2022","GDR","5018425","October 11, 2022-KB5018425 (OS Build 10240.19507))","http://support.microsoft.com/kb/5018425","No LDR Only available","No LDR Only available","No LDR Only available"," ","22-10Rollup"
"Rdpshell.exe","RDS_remote_App","6.2.10240.16384","0","09-Jul-2015","GDR","5018425","October 11, 2022-KB5018425 (OS Build 10240.19507))","http://support.microsoft.com/kb/5018425","No LDR Only available","No LDR Only available","No LDR Only available"," ","22-10Rollup"
"Rdsdwmdr.dll","RDS_remote_App","6.2.10240.18485","0","27-Jan-2020","GDR","5018425","October 11, 2022-KB5018425 (OS Build 10240.19507))","http://support.microsoft.com/kb/5018425","No LDR Only available","No LDR Only available","No LDR Only available"," ","22-10Rollup"
"Audioeng.dll","RDS_devRdr","6.2.10240.18818","1","07-Jan-2021","GDR","5018425","October 11, 2022-KB5018425 (OS Build 10240.19507))","http://support.microsoft.com/kb/5018425","No LDR Only available","No LDR Only available","No LDR Only available"," ","22-10Rollup"
"Audiokse.dll","RDS_devRdr","6.2.10240.18818","1","07-Jan-2021","GDR","5018425","October 11, 2022-KB5018425 (OS Build 10240.19507))","http://support.microsoft.com/kb/5018425","No LDR Only available","No LDR Only available","No LDR Only available"," ","22-10Rollup"
"Audioses.dll","RDS_devRdr","6.2.10240.18818","1","07-Jan-2021","GDR","5018425","October 11, 2022-KB5018425 (OS Build 10240.19507))","http://support.microsoft.com/kb/5018425","No LDR Only available","No LDR Only available","No LDR Only available"," ","22-10Rollup"
"Audiosrv.dll","RDS_devRdr","6.2.10240.18818","1","07-Jan-2021","GDR","5018425","October 11, 2022-KB5018425 (OS Build 10240.19507))","http://support.microsoft.com/kb/5018425","No LDR Only available","No LDR Only available","No LDR Only available"," ","22-10Rollup"
"Vmrdvcore.dll","RDS_vHost","6.2.10240.17738","0","01-Jan-2018","GDR","5018425","October 11, 2022-KB5018425 (OS Build 10240.19507))","http://support.microsoft.com/kb/5018425","No LDR Only available","No LDR Only available","No LDR Only available"," ","22-10Rollup"
"dxgkrnl.sys","RDS_host","6.2.10240.19235","1","01-Mar-2022","GDR","5018425","October 11, 2022-KB5018425 (OS Build 10240.19507))","http://support.microsoft.com/kb/5018425","No LDR Only available","No LDR Only available","No LDR Only available"," ","22-10Rollup"
"sessenv.dll","RDS_host","6.2.10240.18036","1","24-Oct-2018","GDR","5018425","October 11, 2022-KB5018425 (OS Build 10240.19507))","http://support.microsoft.com/kb/5018425","No LDR Only available","No LDR Only available","No LDR Only available"," ","22-10Rollup"
"Localspl.dll","Print_Spool","6.2.10240.19387","0","03-Aug-2022","GDR","5018425","October 11, 2022-KB5018425 (OS Build 10240.19507))","http://support.microsoft.com/kb/5018425","No LDR Only available","No LDR Only available","No LDR Only available"," ","22-10Rollup"
"Win32spl.dll","Print_Spool","6.2.10240.19265","0","30-Mar-2022","GDR","5018425","October 11, 2022-KB5018425 (OS Build 10240.19507))","http://support.microsoft.com/kb/5018425","No LDR Only available","No LDR Only available","No LDR Only available"," ","22-10Rollup"
"Spoolss.dll","Print_Spool","6.2.10240.19265","0","30-Mar-2022","GDR","5018425","October 11, 2022-KB5018425 (OS Build 10240.19507))","http://support.microsoft.com/kb/5018425","No LDR Only available","No LDR Only available","No LDR Only available"," ","22-10Rollup"
"Spoolsv.exe","Print_Spool","6.2.10240.19444","0","06-Sep-2022","GDR","5018425","October 11, 2022-KB5018425 (OS Build 10240.19507))","http://support.microsoft.com/kb/5018425","No LDR Only available","No LDR Only available","No LDR Only available"," ","22-10Rollup"
"Winspool.drv","Print_Spool","6.2.10240.19297","0","02-May-2022","GDR","5018425","October 11, 2022-KB5018425 (OS Build 10240.19507))","http://support.microsoft.com/kb/5018425","No LDR Only available","No LDR Only available","No LDR Only available"," ","22-10Rollup"
"Ntprint.exe","Print_App","6.2.10240.19086","0","04-Oct-2021","GDR","5018425","October 11, 2022-KB5018425 (OS Build 10240.19507))","http://support.microsoft.com/kb/5018425","No LDR Only available","No LDR Only available","No LDR Only available"," ","22-10Rollup"
"Printui.dll","Print_App","6.2.10240.19060","0","11-Sep-2021","GDR","5018425","October 11, 2022-KB5018425 (OS Build 10240.19507))","http://support.microsoft.com/kb/5018425","No LDR Only available","No LDR Only available","No LDR Only available"," ","22-10Rollup"
"Printfilterpipelineprxy.dll","Print_App","6.2.10240.18818","0","07-Jan-2021","GDR","5018425","October 11, 2022-KB5018425 (OS Build 10240.19507))","http://support.microsoft.com/kb/5018425","No LDR Only available","No LDR Only available","No LDR Only available"," ","22-10Rollup"
"Printfilterpipelinesvc.exe","Print_App","6.2.10240.19235","0","01-Mar-2022","GDR","5018425","October 11, 2022-KB5018425 (OS Build 10240.19507))","http://support.microsoft.com/kb/5018425","No LDR Only available","No LDR Only available","No LDR Only available"," ","22-10Rollup"
"Printbrm.exe","Print_App","6.2.10240.18608","0","02-Jun-2020","GDR","5018425","October 11, 2022-KB5018425 (OS Build 10240.19507))","http://support.microsoft.com/kb/5018425","No LDR Only available","No LDR Only available","No LDR Only available"," ","22-10Rollup"
"splwow64.exe","Print_App","6.2.10240.18818","0","07-Jan-2021","GDR","5018425","October 11, 2022-KB5018425 (OS Build 10240.19507))","http://support.microsoft.com/kb/5018425","No LDR Only available","No LDR Only available","No LDR Only available"," ","22-10Rollup"
"Mshtml.dll","IE_Client","11.0.10240.19444","0","06-Sep-2022","GDR","5018425","October 11, 2022-KB5018425 (OS Build 10240.19507))","http://support.microsoft.com/kb/5018425","No LDR Only available","No LDR Only available","No LDR Only available"," ","22-10Rollup"
"5001399","Win2016_21_04_SSU_KB"," ","0","13-Apr-2021","GDR","5001399","KB5001399: Servicing stack update for Windows 10: April 13, 2021","http://support.microsoft.com/kb/5001399","No LDR Only available","No LDR Only available","No LDR Only available"," ","No Rollup"
"5018425","Win2016_22-10_B_rollup_KB"," ","0","11-Oct-2022","GDR","5018425","October 11, 2022-KB5018425 (OS Build 10240.19507))","http://support.microsoft.com/kb/5018425","No LDR Only available","No LDR Only available","No LDR Only available"," ","22-10Rollup"
