"Binary","Component","Version","Prio","Published","Branch","Article","Title","Link","LDROnlyKB","LDROnlyTitle","LDROnlyLink","Comment","RollupInfo"
"Ntoskrnl.exe","Core_Kernel","6.2.22000.1574","0","30-Jan-2023","GDR","5022836","February 14, 2023-KB5022836 (OS Build 22000.1574)","http://support.microsoft.com/kb/5022836","No LDR Only available","No LDR Only available","No LDR Only available"," ","23-02Rollup"
"Ntkrnlpa.exe","Core_Kernel","6.2.22000.1","0","","RTM","5022836","","","","","","",""
"Crashdmp.sys","Core_Kernel","6.2.22000.918","0","02-Feb-2023","GDR","5022836","February 14, 2023-KB5022836 (OS Build 22000.1574)","http://support.microsoft.com/kb/5022836","No LDR Only available","No LDR Only available","No LDR Only available"," ","23-02Rollup"
"Ntdll.dll","Core_Kernel","6.2.22000.918","0","02-Feb-2023","GDR","5022836","February 14, 2023-KB5022836 (OS Build 22000.1574)","http://support.microsoft.com/kb/5022836","No LDR Only available","No LDR Only available","No LDR Only available"," ","23-02Rollup"
"Hal.dll","Core_Kernel","6.2.22000.1219","0","02-Feb-2023","GDR","5022836","February 14, 2023-KB5022836 (OS Build 22000.1574)","http://support.microsoft.com/kb/5022836","No LDR Only available","No LDR Only available","No LDR Only available"," ","23-02Rollup"
"Fltmgr.sys","Core_Kernel","6.2.22000.1281","0","02-Feb-2023","GDR","5022836","February 14, 2023-KB5022836 (OS Build 22000.1574)","http://support.microsoft.com/kb/5022836","No LDR Only available","No LDR Only available","No LDR Only available"," ","23-02Rollup"
"win32k.sys","Core_Kernel","6.2.22000.1574","0","30-Jan-2023","GDR","5022836","February 14, 2023-KB5022836 (OS Build 22000.1574)","http://support.microsoft.com/kb/5022836","No LDR Only available","No LDR Only available","No LDR Only available"," ","23-02Rollup"
"Ntfs.sys","Core_FileSystem","6.2.22000.1281","0","02-Feb-2023","GDR","5022836","February 14, 2023-KB5022836 (OS Build 22000.1574)","http://support.microsoft.com/kb/5022836","No LDR Only available","No LDR Only available","No LDR Only available"," ","23-02Rollup"
"dedup.sys","Core_FileSystem","6.2.22000.1","0","","RTM","5022836","","","","","","",""
"Msiscsi.sys","Core_DiskSystem","6.2.22000.653","0","02-Feb-2023","GDR","5022836","February 14, 2023-KB5022836 (OS Build 22000.1574)","http://support.microsoft.com/kb/5022836","No LDR Only available","No LDR Only available","No LDR Only available"," ","23-02Rollup"
"Iscsitgt.dll","Core_DiskSystem","6.2.22000.1","0","","RTM","5022836","","","","","","",""
"Storport.sys","Core_DiskSystem","6.2.22000.1281","0","02-Feb-2023","GDR","5022836","February 14, 2023-KB5022836 (OS Build 22000.1574)","http://support.microsoft.com/kb/5022836","No LDR Only available","No LDR Only available","No LDR Only available"," ","23-02Rollup"
"Repdrvfs.dll","Core_WMI","6.2.22000.593","0","02-Feb-2023","GDR","5022836","February 14, 2023-KB5022836 (OS Build 22000.1574)","http://support.microsoft.com/kb/5022836","No LDR Only available","No LDR Only available","No LDR Only available"," ","23-02Rollup"
"Mpio.sys","Core_MPIO","6.2.22000.1","0","","RTM","5022836","","","","","","",""
"Msdsm.sys","Core_MPIO","6.2.22000.1","0","","RTM","5022836","","","","","","",""
"Advapi32.dll","Core_Apps","6.2.22000.1098","0","02-Feb-2023","GDR","5022836","February 14, 2023-KB5022836 (OS Build 22000.1574)","http://support.microsoft.com/kb/5022836","No LDR Only available","No LDR Only available","No LDR Only available"," ","23-02Rollup"
"Vssapi.dll","Core_VSS","6.2.22000.653","1","02-Feb-2023","GDR","5022836","February 14, 2023-KB5022836 (OS Build 22000.1574)","http://support.microsoft.com/kb/5022836","No LDR Only available","No LDR Only available","No LDR Only available"," ","23-02Rollup"
"Vsstrace.dll","Core_VSS","6.2.22000.434","1","02-Feb-2023","GDR","5022836","February 14, 2023-KB5022836 (OS Build 22000.1574)","http://support.microsoft.com/kb/5022836","No LDR Only available","No LDR Only available","No LDR Only available"," ","23-02Rollup"
"vsssvc.exe","Core_VSS","6.2.22000.1","1","","RTM","5022836","","","","","","",""
"Swprv.dll","Core_VSS","6.2.22000.653","1","14-Jun-2022","GDR","5022836","February 14, 2023-KB5022836 (OS Build 22000.1574)","http://support.microsoft.com/kb/5022836","No LDR Only available","No LDR Only available","No LDR Only available","rEX","23-02Rollup"
"spp.dll","Core_VSS","6.2.22000.1165","1","02-Feb-2023","GDR","5022836","February 14, 2023-KB5022836 (OS Build 22000.1574)","http://support.microsoft.com/kb/5022836","No LDR Only available","No LDR Only available","No LDR Only available"," ","23-02Rollup"
"wbengine.exe","Core_VSS","6.2.22000.653","1","02-Feb-2023","GDR","5022836","February 14, 2023-KB5022836 (OS Build 22000.1574)","http://support.microsoft.com/kb/5022836","No LDR Only available","No LDR Only available","No LDR Only available"," ","23-02Rollup"
"blbsrv.dll","Core_VSS","6.2.22000.1","1","","RTM","5022836","","","","","","",""
"Volsnap.sys","Cluster_Volsnap","6.2.22000.1","0","","RTM","5022836","","","","","","",""
"pci.sys","Core_Sys","6.2.22000.1281","1","02-Feb-2023","GDR","5022836","February 14, 2023-KB5022836 (OS Build 22000.1574)","http://support.microsoft.com/kb/5022836","No LDR Only available","No LDR Only available","No LDR Only available"," ","23-02Rollup"
"Termdd.sys","Core_Sys","6.2.22000.1","1","","RTM","5022836","","","","","","",""
"Volmgr.sys","Core_Sys","6.2.22000.778","1","02-Feb-2023","GDR","5022836","February 14, 2023-KB5022836 (OS Build 22000.1574)","http://support.microsoft.com/kb/5022836","No LDR Only available","No LDR Only available","No LDR Only available"," ","23-02Rollup"
"Crypt32.dll","Dom_CRYPTO","6.2.22000.1098","1","02-Feb-2023","GDR","5022836","February 14, 2023-KB5022836 (OS Build 22000.1574)","http://support.microsoft.com/kb/5022836","No LDR Only available","No LDR Only available","No LDR Only available"," ","23-02Rollup"
"Cryptsvc.dll","Dom_CRYPTO","6.2.22000.1516","1","02-Feb-2023","GDR","5022836","February 14, 2023-KB5022836 (OS Build 22000.1574)","http://support.microsoft.com/kb/5022836","No LDR Only available","No LDR Only available","No LDR Only available"," ","23-02Rollup"
"Cryptnet.dll","Dom_CRYPTO","6.2.22000.1455","1","02-Feb-2023","GDR","5022836","February 14, 2023-KB5022836 (OS Build 22000.1574)","http://support.microsoft.com/kb/5022836","No LDR Only available","No LDR Only available","No LDR Only available"," ","23-02Rollup"
"Wintrust.dll","Dom_CRYPTO","6.2.22000.1516","1","02-Feb-2023","GDR","5022836","February 14, 2023-KB5022836 (OS Build 22000.1574)","http://support.microsoft.com/kb/5022836","No LDR Only available","No LDR Only available","No LDR Only available"," ","23-02Rollup"
"Cryptdll.dll","Dom_CRYPTO","6.2.22000.653","1","02-Feb-2023","GDR","5022836","February 14, 2023-KB5022836 (OS Build 22000.1574)","http://support.microsoft.com/kb/5022836","No LDR Only available","No LDR Only available","No LDR Only available"," ","23-02Rollup"
"Cryptcatsvc.dll","Dom_CRYPTO","6.2.22000.1574","1","30-Jan-2023","GDR","5022836","February 14, 2023-KB5022836 (OS Build 22000.1574)","http://support.microsoft.com/kb/5022836","No LDR Only available","No LDR Only available","No LDR Only available"," ","23-02Rollup"
"Tzres.dll","Core_TimeZone","6.2.22000.1281","1","02-Feb-2023","GDR","5022836","February 14, 2023-KB5022836 (OS Build 22000.1574)","http://support.microsoft.com/kb/5022836","No LDR Only available","No LDR Only available","No LDR Only available"," ","23-02Rollup"
"5022836","Win11_23-02_B_rollup_KB"," ","0","14-Feb-2023","GDR","5022836","February 14, 2023-KB5022836 (OS Build 22000.1574)","http://support.microsoft.com/kb/5022836","No LDR Only available","No LDR Only available","No LDR Only available"," ","23-02Rollup"
