"Binary","Component","Version","Prio","Published","Branch","Article","Title","Link","LDROnlyKB","LDROnlyTitle","LDROnlyLink","Comment","RollupInfo"
"Ntoskrnl.exe","Core_Kernel","6.2.17763.2366","0","14-Dec-21","GDR","5008218","December 14, 2021-KB5008218 (OS Build 17763.2366)","http://support.microsoft.com/kb/5008218","No LDR Only available","No LDR Only available","No LDR Only available"," ","21-12Rollup"
"Crashdmp.sys","Core_Kernel","6.2.17763.771","0","12-Sep-2019","GDR","5008218","December 14, 2021-KB5008218 (OS Build 17763.2366)","http://support.microsoft.com/kb/5008218","No LDR Only available","No LDR Only available","No LDR Only available"," ","21-12Rollup"
"Ntdll.dll","Core_Kernel","6.2.17763.2237","0","10/4/2021 23:50","GDR","5008218","December 14, 2021-KB5008218 (OS Build 17763.2366)","http://support.microsoft.com/kb/5008218","No LDR Only available","No LDR Only available","No LDR Only available"," ","21-12Rollup"
"Hal.dll","Core_Kernel","6.2.17763.2061","0","5-Jul-2021","GDR","5008218","December 14, 2021-KB5008218 (OS Build 17763.2366)","http://support.microsoft.com/kb/5008218","No LDR Only available","No LDR Only available","No LDR Only available"," ","21-12Rollup"
"Fltmgr.sys","Core_Kernel","6.2.17763.2090","0","13-Jul-2021","GDR","5008218","December 14, 2021-KB5008218 (OS Build 17763.2366)","http://support.microsoft.com/kb/5008218","No LDR Only available","No LDR Only available","No LDR Only available"," ","21-12Rollup"
"win32k.sys","Core_Kernel","6.2.17763.557","0","21-Sep-21","GDR","5008218","December 14, 2021-KB5008218 (OS Build 17763.2366)","http://support.microsoft.com/kb/5008218","No LDR Only available","No LDR Only available","No LDR Only available"," ","21-12Rollup"
"Ntfs.sys","Core_FileSystem","6.2.17763.2366","0","14-Dec-21","GDR","5008218","December 14, 2021-KB5008218 (OS Build 17763.2366)","http://support.microsoft.com/kb/5008218","No LDR Only available","No LDR Only available","No LDR Only available"," ","21-12Rollup"
"dedup.sys","Core_FileSystem","6.2.17763.2061","0","5-Jul-2021","GDR","5008218","December 14, 2021-KB5008218 (OS Build 17763.2366)","http://support.microsoft.com/kb/5008218","No LDR Only available","No LDR Only available","No LDR Only available"," ","21-12Rollup"
"Msiscsi.sys","Core_DiskSystem","6.2.17763.1728","0","9-Jan-2021","GDR","5008218","December 14, 2021-KB5008218 (OS Build 17763.2366)","http://support.microsoft.com/kb/5008218","No LDR Only available","No LDR Only available","No LDR Only available"," ","21-12Rollup"
"Iscsitgt.dll","Core_DiskSystem","6.2.17763.1697","0","7-Jan-2021","GDR","5008218","December 14, 2021-KB5008218 (OS Build 17763.2366)","http://support.microsoft.com/kb/5008218","No LDR Only available","No LDR Only available","No LDR Only available"," ","21-12Rollup"
"Storport.sys","Core_DiskSystem","6.2.17763.2366","0","4-Dec-2021","GDR","5008218","December 14, 2021-KB5008218 (OS Build 17763.2366)","http://support.microsoft.com/kb/5008218","No LDR Only available","No LDR Only available","No LDR Only available"," ","21-12Rollup"
"Repdrvfs.dll","Core_WMI","6.2.17763.2145","0","7/30/2021 22:28","GDR","5008218","December 14, 2021-KB5008218 (OS Build 17763.2366)","http://support.microsoft.com/kb/5008218","No LDR Only available","No LDR Only available","No LDR Only available"," ","21-12Rollup"
"Mpio.sys","Core_MPIO","6.2.17763.1554","0","14-Oct-2020","GDR","5008218","December 14, 2021-KB5008218 (OS Build 17763.2366)","http://support.microsoft.com/kb/5008218","No LDR Only available","No LDR Only available","No LDR Only available"," ","21-12Rollup"
"Msdsm.sys","Core_MPIO","6.2.17763.652","0","14-Jul-2019","GDR","5008218","December 14, 2021-KB5008218 (OS Build 17763.2366)","http://support.microsoft.com/kb/5008218","No LDR Only available","No LDR Only available","No LDR Only available"," ","21-12Rollup"
"Vssapi.dll","Core_VSS","6.2.17763.2268","1","8-Oct-2021","GDR","5008218","December 14, 2021-KB5008218 (OS Build 17763.2366)","http://support.microsoft.com/kb/5008218","No LDR Only available","No LDR Only available","No LDR Only available"," ","21-12Rollup"
"Vsstrace.dll","Core_VSS","6.2.17763.1","1","14-Sep-2018","GDR","5008218","December 14, 2021-KB5008218 (OS Build 17763.2366)","http://support.microsoft.com/kb/5008218","No LDR Only available","No LDR Only available","No LDR Only available"," ","21-12Rollup"
"Swprv.dll","Core_VSS","6.2.17763.2268","1","10/8/2021 0:35","GDR","5008218","December 14, 2021-KB5008218 (OS Build 17763.2366)","http://support.microsoft.com/kb/5008218","No LDR Only available","No LDR Only available","No LDR Only available"," ","21-12Rollup"
"spp.dll","Core_VSS","6.2.17763.1697","1","7-Jan-2021","GDR","5008218","December 14, 2021-KB5008218 (OS Build 17763.2366)","http://support.microsoft.com/kb/5008218","No LDR Only available","No LDR Only available","No LDR Only available"," ","21-12Rollup"
"wbengine.exe","Core_VSS","6.2.17763.1697","1","7-Jan-2021","GDR","5008218","December 14, 2021-KB5008218 (OS Build 17763.2366)","http://support.microsoft.com/kb/5008218","No LDR Only available","No LDR Only available","No LDR Only available"," ","21-12Rollup"
"blbsrv.dll","Core_VSS","6.2.17763.1697","1","7-Jan-2021","GDR","5008218","December 14, 2021-KB5008218 (OS Build 17763.2366)","http://support.microsoft.com/kb/5008218","No LDR Only available","No LDR Only available","No LDR Only available"," ","21-12Rollup"
"pci.sys","Core_Sys","6.2.17763.2061","1","5-Jul-2021","GDR","5008218","December 14, 2021-KB5008218 (OS Build 17763.2366)","http://support.microsoft.com/kb/5008218","No LDR Only available","No LDR Only available","No LDR Only available"," ","21-12Rollup"
"Volmgr.sys","Core_Sys","6.2.17763.1879","1","8-Apr-2021","GDR","5008218","December 14, 2021-KB5008218 (OS Build 17763.2366)","http://support.microsoft.com/kb/5008218","No LDR Only available","No LDR Only available","No LDR Only available"," ","21-12Rollup"
"Advapi32.dll","Core_Apps","6.2.17763.2300","0","11/2/2021 2:09","GDR","5008218","December 14, 2021-KB5008218 (OS Build 17763.2366)","http://support.microsoft.com/kb/5008218","No LDR Only available","No LDR Only available","No LDR Only available"," ","21-12Rollup"
"Tzres.dll","Core_TimeZone","6.2.17763.2330","1","11/16/2021 19:35","GDR","5008218","December 14, 2021-KB5008218 (OS Build 17763.2366)","http://support.microsoft.com/kb/5008218","No LDR Only available","No LDR Only available","No LDR Only available"," ","21-12Rollup"
"Clussvc.exe","Cluster_Core","6.2.17763.2268","0","8-Oct-2021","GDR","5008218","December 14, 2021-KB5008218 (OS Build 17763.2366)","http://support.microsoft.com/kb/5008218","No LDR Only available","No LDR Only available","No LDR Only available"," ","21-12Rollup"
"ClusWMI.dll","Cluster_Core","6.2.17763.2213","0","15-Sep-2021","GDR","5008218","December 14, 2021-KB5008218 (OS Build 17763.2366)","http://support.microsoft.com/kb/5008218","No LDR Only available","No LDR Only available","No LDR Only available"," ","21-12Rollup"
"Rhs.exe","Cluster_Core","6.2.17763.2213","0","15-Sep-2021","GDR","5008218","December 14, 2021-KB5008218 (OS Build 17763.2366)","http://support.microsoft.com/kb/5008218","No LDR Only available","No LDR Only available","No LDR Only available"," ","21-12Rollup"
"Clusres.dll","Cluster_Core","6.2.17763.2330","0","14-Nov-21","GDR","5008218","December 14, 2021-KB5008218 (OS Build 17763.2366)","http://support.microsoft.com/kb/5008218","No LDR Only available","No LDR Only available","No LDR Only available"," ","21-12Rollup"
"Clusres2.dll","Cluster_Core","6.2.17763.2213","0","15-Sep-2021","GDR","5008218","December 14, 2021-KB5008218 (OS Build 17763.2366)","http://support.microsoft.com/kb/5008218","No LDR Only available","No LDR Only available","No LDR Only available"," ","21-12Rollup"
"Netft.sys","Cluster_Core","6.2.17763.2268","0","8-Oct-2021","GDR","5008218","December 14, 2021-KB5008218 (OS Build 17763.2366)","http://support.microsoft.com/kb/5008218","No LDR Only available","No LDR Only available","No LDR Only available"," ","21-12Rollup"
"Csvflt.sys","Cluster_CSV","6.2.17763.529","0","17-May-2019","GDR","5008218","December 14, 2021-KB5008218 (OS Build 17763.2366)","http://support.microsoft.com/kb/5008218","No LDR Only available","No LDR Only available","No LDR Only available"," ","21-12Rollup"
"Csvfs.sys","Cluster_CSV","6.2.17763.1490","0","11-Sep-2020","GDR","5008218","December 14, 2021-KB5008218 (OS Build 17763.2366)","http://support.microsoft.com/kb/5008218","No LDR Only available","No LDR Only available","No LDR Only available"," ","21-12Rollup"
"Vhdmp.sys","Cluster_CSV","6.2.17763.1554","0","10/14/2020 20:36","GDR","5008218","December 14, 2021-KB5008218 (OS Build 17763.2366)","http://support.microsoft.com/kb/5008218","No LDR Only available","No LDR Only available","No LDR Only available"," ","21-12Rollup"
"Svhdxflt.sys","Cluster_CSV","6.2.17763.1879","0","8-Apr-2021","GDR","5008218","December 14, 2021-KB5008218 (OS Build 17763.2366)","http://support.microsoft.com/kb/5008218","No LDR Only available","No LDR Only available","No LDR Only available"," ","21-12Rollup"
"Volsnap.sys","Cluster_Volsnap","6.2.17763.831","0","10/3/2019 18:31","GDR","5008218","December 14, 2021-KB5008218 (OS Build 17763.2366)","http://support.microsoft.com/kb/5008218","No LDR Only available","No LDR Only available","No LDR Only available"," ","21-12Rollup"
"Cprepsrv.exe","Cluster_Validation","6.2.17763.2213","1","15-Sep-2021","GDR","5008218","December 14, 2021-KB5008218 (OS Build 17763.2366)","http://support.microsoft.com/kb/5008218","No LDR Only available","No LDR Only available","No LDR Only available"," ","21-12Rollup"
"Failoverclusters.agent.interop.dll","Cluster_Validation","6.2.17763.1","1","14-Sep-2018","GDR","5008218","December 14, 2021-KB5008218 (OS Build 17763.2366)","http://support.microsoft.com/kb/5008218","No LDR Only available","No LDR Only available","No LDR Only available"," ","21-12Rollup"
"Vmswitch.sys","Hyper-V_Net","6.2.17763.2300","1","11/1/2021 18:45","GDR","5008218","December 14, 2021-KB5008218 (OS Build 17763.2366)","http://support.microsoft.com/kb/5008218","No LDR Only available","No LDR Only available","No LDR Only available"," ","21-12Rollup"
"Wnv.sys","Hyper-V_Net","6.2.17763.2330","1","11/16/2021 17:50","GDR","5008218","December 14, 2021-KB5008218 (OS Build 17763.2366)","http://support.microsoft.com/kb/5008218","No LDR Only available","No LDR Only available","No LDR Only available"," ","21-12Rollup"
"Ndisimplatform.sys","Hyper-V_Net","6.2.17763.1","1","9/14/2018 17:47","GDR","5008218","December 14, 2021-KB5008218 (OS Build 17763.2366)","http://support.microsoft.com/kb/5008218","No LDR Only available","No LDR Only available","No LDR Only available"," ","21-12Rollup"
"Vmms.exe","Hyper-V_Net","6.2.17763.2268","1","8-Oct-2021","GDR","5008218","December 14, 2021-KB5008218 (OS Build 17763.2366)","http://support.microsoft.com/kb/5008218","No LDR Only available","No LDR Only available","No LDR Only available"," ","21-12Rollup"
"Winnat.sys","Hyper-V_Net","6.2.17763.2268","1","7-Oct-2021","GDR","5008218","December 14, 2021-KB5008218 (OS Build 17763.2366)","http://support.microsoft.com/kb/5008218","No LDR Only available","No LDR Only available","No LDR Only available"," ","21-12Rollup"
"pvhdparser.sys","Hyper-V_Net","6.2.17763.1554","1","10/14/2020 20:37","GDR","5008218","December 14, 2021-KB5008218 (OS Build 17763.2366)","http://support.microsoft.com/kb/5008218","No LDR Only available","No LDR Only available","No LDR Only available"," ","21-12Rollup"
"Wmisvc.dll","Hyper-V_Net","6.2.17763.1790","1","9-Feb-2021","GDR","5008218","December 14, 2021-KB5008218 (OS Build 17763.2366)","http://support.microsoft.com/kb/5008218","No LDR Only available","No LDR Only available","No LDR Only available"," ","21-12Rollup"
"Vmbus.sys","Hyper-V_Net","6.2.17763.2145","1","30-Jul-2021","GDR","5008218","December 14, 2021-KB5008218 (OS Build 17763.2366)","http://support.microsoft.com/kb/5008218","No LDR Only available","No LDR Only available","No LDR Only available"," ","21-12Rollup"
"Rasapi32.dll","HNV_Net","6.2.17763.1817","1","2/26/2021 1:06","GDR","5008218","December 14, 2021-KB5008218 (OS Build 17763.2366)","http://support.microsoft.com/kb/5008218","No LDR Only available","No LDR Only available","No LDR Only available"," ","21-12Rollup"
"Vmwp.exe","Hyper-V_app","6.2.17763.2268","1","7-Oct-2021","GDR","5008218","December 14, 2021-KB5008218 (OS Build 17763.2366)","http://support.microsoft.com/kb/5008218","No LDR Only available","No LDR Only available","No LDR Only available"," ","21-12Rollup"
"Tcpip.sys","Net_Protocol","6.2.17763.2366","0","14-Dec-21","GDR","5008218","December 14, 2021-KB5008218 (OS Build 17763.2366)","http://support.microsoft.com/kb/5008218","No LDR Only available","No LDR Only available","No LDR Only available"," ","21-12Rollup"
"Afd.sys","Net_Protocol","6.2.17763.2183","0","11-Sep-2021","GDR","5008218","December 14, 2021-KB5008218 (OS Build 17763.2366)","http://support.microsoft.com/kb/5008218","No LDR Only available","No LDR Only available","No LDR Only available"," ","21-12Rollup"
"Netio.sys","Net_Protocol","6.2.17763.2213","0","15-Sep-2021","GDR","5008218","December 14, 2021-KB5008218 (OS Build 17763.2366)","http://support.microsoft.com/kb/5008218","No LDR Only available","No LDR Only available","No LDR Only available"," ","21-12Rollup"
"Ndis.sys","Net_Protocol","6.2.17763.2268","0","10/7/2021 20:38","GDR","5008218","December 14, 2021-KB5008218 (OS Build 17763.2366)","http://support.microsoft.com/kb/5008218","No LDR Only available","No LDR Only available","No LDR Only available"," ","21-12Rollup"
"Netiohlp.dll","Net_Protocol","6.2.17763.292","0","1/15/2019 21:55","GDR","5008218","December 14, 2021-KB5008218 (OS Build 17763.2366)","http://support.microsoft.com/kb/5008218","No LDR Only available","No LDR Only available","No LDR Only available"," ","21-12Rollup"
"Tdx.sys","Net_Protocol","6.2.17763.2183","0","11-Sep-2021","GDR","5008218","December 14, 2021-KB5008218 (OS Build 17763.2366)","http://support.microsoft.com/kb/5008218","No LDR Only available","No LDR Only available","No LDR Only available"," ","21-12Rollup"
"Iphlpapi.dll","Net_Protocol","6.2.17763.2213","0","9/15/2021 15:08","GDR","5008218","December 14, 2021-KB5008218 (OS Build 17763.2366)","http://support.microsoft.com/kb/5008218","No LDR Only available","No LDR Only available","No LDR Only available"," ","21-12Rollup"
"srv.sys","Net_SMB_Server","6.2.17763.2061","0","5-Jul-2021","GDR","5008218","December 14, 2021-KB5008218 (OS Build 17763.2366)","http://support.microsoft.com/kb/5008218","No LDR Only available","No LDR Only available","No LDR Only available"," ","21-12Rollup"
"srv2.sys","Net_SMB_Server","6.2.17763.2145","0","7/30/2021 22:29","GDR","5008218","December 14, 2021-KB5008218 (OS Build 17763.2366)","http://support.microsoft.com/kb/5008218","No LDR Only available","No LDR Only available","No LDR Only available"," ","21-12Rollup"
"srvnet.sys","Net_SMB_Server","6.2.17763.2213","0","15-Sep-2021","GDR","5008218","December 14, 2021-KB5008218 (OS Build 17763.2366)","http://support.microsoft.com/kb/5008218","No LDR Only available","No LDR Only available","No LDR Only available"," ","21-12Rollup"
"Srvsvc.dll","Net_SMB_Server","6.2.17763.529","0","16-May-2019","GDR","5008218","December 14, 2021-KB5008218 (OS Build 17763.2366)","http://support.microsoft.com/kb/5008218","No LDR Only available","No LDR Only available","No LDR Only available"," ","21-12Rollup"
"Mrxsmb.sys","Net_SMB_Client","6.2.17763.2145","0","7/30/2021 22:49","GDR","5008218","December 14, 2021-KB5008218 (OS Build 17763.2366)","http://support.microsoft.com/kb/5008218","No LDR Only available","No LDR Only available","No LDR Only available"," ","21-12Rollup"
"Mrxsmb10.sys","Net_SMB_Client","6.2.17763.2145","0","30-Jul-2021","GDR","5008218","December 14, 2021-KB5008218 (OS Build 17763.2366)","http://support.microsoft.com/kb/5008218","No LDR Only available","No LDR Only available","No LDR Only available"," ","21-12Rollup"
"Mrxsmb20.sys","Net_SMB_Client","6.2.17763.2183","0","11-Sep-2021","GDR","5008218","December 14, 2021-KB5008218 (OS Build 17763.2366)","http://support.microsoft.com/kb/5008218","No LDR Only available","No LDR Only available","No LDR Only available"," ","21-12Rollup"
"Rdbss.sys","Net_SMB_Client","6.2.17763.2183","0","11-Sep-2021","GDR","5008218","December 14, 2021-KB5008218 (OS Build 17763.2366)","http://support.microsoft.com/kb/5008218","No LDR Only available","No LDR Only available","No LDR Only available"," ","21-12Rollup"
"Netbt.sys","Net_SMB_Client","6.2.17763.1518","0","9/29/2020 21:34","GDR","5008218","December 14, 2021-KB5008218 (OS Build 17763.2366)","http://support.microsoft.com/kb/5008218","No LDR Only available","No LDR Only available","No LDR Only available"," ","21-12Rollup"
"Mup.sys","Net_SMB_Client","6.2.17763.1","0","14-Sep-2018","GDR","5008218","December 14, 2021-KB5008218 (OS Build 17763.2366)","http://support.microsoft.com/kb/5008218","No LDR Only available","No LDR Only available","No LDR Only available"," ","21-12Rollup"
"wkssvc.dll","Net_SMB_Client","6.2.17763.2145","0","30-Jul-2021","GDR","5008218","December 14, 2021-KB5008218 (OS Build 17763.2366)","http://support.microsoft.com/kb/5008218","No LDR Only available","No LDR Only available","No LDR Only available"," ","21-12Rollup"
"Mpr.dll","Net_SMB_Client","6.2.17763.404","0","28-Mar-2019","GDR","5008218","December 14, 2021-KB5008218 (OS Build 17763.2366)","http://support.microsoft.com/kb/5008218","No LDR Only available","No LDR Only available","No LDR Only available"," ","21-12Rollup"
"NtLanman.dll","Net_SMB_Client","6.2.17763.404","0","28-Mar-2019","GDR","5008218","December 14, 2021-KB5008218 (OS Build 17763.2366)","http://support.microsoft.com/kb/5008218","No LDR Only available","No LDR Only available","No LDR Only available"," ","21-12Rollup"
"5005112","Win2016RS5_21_08_SSU_KB"," ","0","08-Jun-2021","GDR","5005112","KB5005112: Servicing stack update for Windows 10, version 1809: August 10, 2021","http://support.microsoft.com/kb/5005112","KB only","KB only","KB Only"," ","No Rollup"
"5008218","Win2016RS5_21-12_B_rollup_KB"," ","0","14-Dec-2021","GDR","5008218","December 14, 2021-KB5008218 (OS Build 17763.2366)","http://support.microsoft.com/kb/5008218","KB only","KB only","KB only"," ","21-12Rollup"
