"Binary","Component","Version","Prio","Published","Branch","Article","Title","Link","LDROnlyKB","LDROnlyTitle","LDROnlyLink","Comment","RollupInfo"
"Netlogon.dll","Dom_NETLOGON","6.2.20348.946","0","13-Oct-2022","GDR","5020436","October 17, 2022-KB5020436 (OS Build 20348.1131) Out-of-band","http://support.microsoft.com/kb/5020436","No LDR Only available","No LDR Only available","No LDR Only available"," ","22-10Rollup"
"LogonCli.dll","Dom_NETLOGON","6.2.20348.1129","0","13-Oct-2022","GDR","5020436","October 17, 2022-KB5020436 (OS Build 20348.1131) Out-of-band","http://support.microsoft.com/kb/5020436","No LDR Only available","No LDR Only available","No LDR Only available"," ","22-10Rollup"
"Winlogon.exe","Dom_WINLOGON","6.2.20348.1070","0","13-Oct-2022","GDR","5020436","October 17, 2022-KB5020436 (OS Build 20348.1131) Out-of-band","http://support.microsoft.com/kb/5020436","No LDR Only available","No LDR Only available","No LDR Only available"," ","22-10Rollup"
"Kerberos.dll","Dom_KERBEROS","6.2.20348.1129","0","13-Oct-2022","GDR","5020436","October 17, 2022-KB5020436 (OS Build 20348.1131) Out-of-band","http://support.microsoft.com/kb/5020436","No LDR Only available","No LDR Only available","No LDR Only available"," ","22-10Rollup"
"Msv1_0.dll","Dom_NTLM","6.2.20348.1070","1","13-Oct-2022","GDR","5020436","October 17, 2022-KB5020436 (OS Build 20348.1131) Out-of-band","http://support.microsoft.com/kb/5020436","No LDR Only available","No LDR Only available","No LDR Only available"," ","22-10Rollup"
"Wldap32.dll","Dom_LDAPClient","6.2.20348.1006","0","13-Oct-2022","GDR","5020436","October 17, 2022-KB5020436 (OS Build 20348.1131) Out-of-band","http://support.microsoft.com/kb/5020436","No LDR Only available","No LDR Only available","No LDR Only available"," ","22-10Rollup"
"Lsass.exe","Dom_LSA","6.2.20348.1129","0","13-Oct-2022","GDR","5020436","October 17, 2022-KB5020436 (OS Build 20348.1131) Out-of-band","http://support.microsoft.com/kb/5020436","No LDR Only available","No LDR Only available","No LDR Only available"," ","22-10Rollup"
"Lsasrv.dll","Dom_LSA","6.2.20348.1129","0","13-Oct-2022","GDR","5020436","October 17, 2022-KB5020436 (OS Build 20348.1131) Out-of-band","http://support.microsoft.com/kb/5020436","No LDR Only available","No LDR Only available","No LDR Only available"," ","22-10Rollup"
"Ksecdd.sys","Dom_LSA","6.2.20348.1129","0","13-Oct-2022","GDR","5020436","October 17, 2022-KB5020436 (OS Build 20348.1131) Out-of-band","http://support.microsoft.com/kb/5020436","No LDR Only available","No LDR Only available","No LDR Only available"," ","22-10Rollup"
"Ksecpkg.sys","Dom_LSA","6.2.20348.1129","0","13-Oct-2022","GDR","5020436","October 17, 2022-KB5020436 (OS Build 20348.1131) Out-of-band","http://support.microsoft.com/kb/5020436","No LDR Only available","No LDR Only available","No LDR Only available"," ","22-10Rollup"
"Secur32.dll","Dom_LSA","6.2.20348.1129","0","13-Oct-2022","GDR","5020436","October 17, 2022-KB5020436 (OS Build 20348.1131) Out-of-band","http://support.microsoft.com/kb/5020436","No LDR Only available","No LDR Only available","No LDR Only available"," ","22-10Rollup"
"Sspicli.dll","Dom_LSA","6.2.20348.1129","0","13-Oct-2022","GDR","5020436","October 17, 2022-KB5020436 (OS Build 20348.1131) Out-of-band","http://support.microsoft.com/kb/5020436","No LDR Only available","No LDR Only available","No LDR Only available"," ","22-10Rollup"
"Sspisrv.dll","Dom_LSA","6.2.20348.1129","0","13-Oct-2022","GDR","5020436","October 17, 2022-KB5020436 (OS Build 20348.1131) Out-of-band","http://support.microsoft.com/kb/5020436","No LDR Only available","No LDR Only available","No LDR Only available"," ","22-10Rollup"
"Schannel.dll","Dom_LSA","6.2.20348.1131","0","12-Oct-2022","GDR","5020436","October 17, 2022-KB5020436 (OS Build 20348.1131) Out-of-band","http://support.microsoft.com/kb/5020436","No LDR Only available","No LDR Only available","No LDR Only available"," ","22-10Rollup"
"dpapisvr.dll","Dom_LSA","6.2.20348.1","0","","RTM","5020436","","","","","","",""
"Scesrv.dll","Dom_SecAuditAndConfig","6.2.20348.1129","1","13-Oct-2022","GDR","5020436","October 17, 2022-KB5020436 (OS Build 20348.1131) Out-of-band","http://support.microsoft.com/kb/5020436","No LDR Only available","No LDR Only available","No LDR Only available"," ","22-10Rollup"
"AclUI.dll","Dom_SecAuditAndConfig","6.2.20348.380","1","13-Oct-2022","GDR","5020436","October 17, 2022-KB5020436 (OS Build 20348.1131) Out-of-band","http://support.microsoft.com/kb/5020436","No LDR Only available","No LDR Only available","No LDR Only available"," ","22-10Rollup"
"Winscard.dll","Dom_SC_Provider","6.2.20348.1","1","","RTM","5020436","","","","","","",""
"Basecsp.dll","Dom_SC_Provider","6.2.20348.1","1","","RTM","5020436","","","","","","",""
"Scksp.dll","Dom_SC_Provider","6.2.20348.1","1","","RTM","5020436","","","","","","",""
"ScardSvr.dll","Dom_SC_Srv","6.2.20348.1","1","","RTM","5020436","","","","","","",""
"Scfilter.sys","Dom_SC_Srv","6.2.20348.1","1","","RTM","5020436","","","","","","",""
"Certprop.dll","Dom_SC_Srv","6.2.20348.1","1","","RTM","5020436","","","","","","",""
"Crypt32.dll","Dom_CRYPTO","6.2.20348.1129","1","13-Oct-2022","GDR","5020436","October 17, 2022-KB5020436 (OS Build 20348.1131) Out-of-band","http://support.microsoft.com/kb/5020436","No LDR Only available","No LDR Only available","No LDR Only available"," ","22-10Rollup"
"Cryptsvc.dll","Dom_CRYPTO","6.2.20348.1","1","","RTM","5020436","","","","","","",""
"Cryptnet.dll","Dom_CRYPTO","6.2.20348.1","1","","RTM","5020436","","","","","","",""
"Wintrust.dll","Dom_CRYPTO","6.2.20348.1129","1","13-Oct-2022","GDR","5020436","October 17, 2022-KB5020436 (OS Build 20348.1131) Out-of-band","http://support.microsoft.com/kb/5020436","No LDR Only available","No LDR Only available","No LDR Only available"," ","22-10Rollup"
"Cryptdll.dll","Dom_CRYPTO","6.2.20348.1","1","","RTM","5020436","","","","","","",""
"Cryptcatsvc.dll","Dom_CRYPTO","6.2.20348.1","1","","RTM","5020436","","","","","","",""
"Dimsroam.dll","Dom_DIMS","6.2.20348.1006","0","13-Oct-2022","GDR","5020436","October 17, 2022-KB5020436 (OS Build 20348.1131) Out-of-band","http://support.microsoft.com/kb/5020436","No LDR Only available","No LDR Only available","No LDR Only available"," ","22-10Rollup"
"Dimsjob.dll","Dom_DIMS","6.2.20348.1","0","","RTM","5020436","","","","","","",""
"Adprovider.dll","Dom_DIMS","6.2.20348.1006","0","13-Oct-2022","GDR","5020436","October 17, 2022-KB5020436 (OS Build 20348.1131) Out-of-band","http://support.microsoft.com/kb/5020436","No LDR Only available","No LDR Only available","No LDR Only available"," ","22-10Rollup"
"Capiprovider.dll","Dom_DIMS","6.2.20348.1006","0","13-Oct-2022","GDR","5020436","October 17, 2022-KB5020436 (OS Build 20348.1131) Out-of-band","http://support.microsoft.com/kb/5020436","No LDR Only available","No LDR Only available","No LDR Only available"," ","22-10Rollup"
"Cngprovider.dll","Dom_DIMS","6.2.20348.1006","0","13-Oct-2022","GDR","5020436","October 17, 2022-KB5020436 (OS Build 20348.1131) Out-of-band","http://support.microsoft.com/kb/5020436","No LDR Only available","No LDR Only available","No LDR Only available"," ","22-10Rollup"
"Dpapiprovider.dll","Dom_DIMS","6.2.20348.1006","0","13-Oct-2022","GDR","5020436","October 17, 2022-KB5020436 (OS Build 20348.1131) Out-of-band","http://support.microsoft.com/kb/5020436","No LDR Only available","No LDR Only available","No LDR Only available"," ","22-10Rollup"
"Wincredprovider.dll","Dom_DIMS","6.2.20348.1006","0","13-Oct-2022","GDR","5020436","October 17, 2022-KB5020436 (OS Build 20348.1131) Out-of-band","http://support.microsoft.com/kb/5020436","No LDR Only available","No LDR Only available","No LDR Only available"," ","22-10Rollup"
"Gpapi.dll","Dom_GPSVC","6.2.20348.1006","0","13-Sep-2022","GDR","5020436","October 17, 2022-KB5020436 (OS Build 20348.1131) Out-of-band","http://support.microsoft.com/kb/5020436","No LDR Only available","No LDR Only available","No LDR Only available","rEX","22-10Rollup"
"Gpsvc.dll","Dom_GPSVC","6.2.20348.1006","0","13-Oct-2022","GDR","5020436","October 17, 2022-KB5020436 (OS Build 20348.1131) Out-of-band","http://support.microsoft.com/kb/5020436","No LDR Only available","No LDR Only available","No LDR Only available"," ","22-10Rollup"
"Gpmgmt.dll","Dom_GPSVC","6.2.20348.380","0","13-Oct-2022","GDR","5020436","October 17, 2022-KB5020436 (OS Build 20348.1131) Out-of-band","http://support.microsoft.com/kb/5020436","No LDR Only available","No LDR Only available","No LDR Only available"," ","22-10Rollup"
"Gprsop.dll","Dom_GPSVC","6.2.20348.380","0","13-Oct-2022","GDR","5020436","October 17, 2022-KB5020436 (OS Build 20348.1131) Out-of-band","http://support.microsoft.com/kb/5020436","No LDR Only available","No LDR Only available","No LDR Only available"," ","22-10Rollup"
"Userenv.dll","Dom_GPSVC","6.2.20348.1","0","","RTM","5020436","","","","","","",""
"Gpprnext.dll","Dom_GPExt","6.2.20348.1","0","","RTM","5020436","","","","","","",""
"Appmgmts.dll","Dom_GPExt","6.2.20348.1","0","","RTM","5020436","","","","","","",""
"Gpprefcl.dll","Dom_GPP","6.2.20348.1129","0","13-Oct-2022","GDR","5020436","October 17, 2022-KB5020436 (OS Build 20348.1131) Out-of-band","http://support.microsoft.com/kb/5020436","No LDR Only available","No LDR Only available","No LDR Only available"," ","22-10Rollup"
"Gpme.dll","Dom_GPP","6.2.20348.1070","0","13-Oct-2022","GDR","5020436","October 17, 2022-KB5020436 (OS Build 20348.1131) Out-of-band","http://support.microsoft.com/kb/5020436","No LDR Only available","No LDR Only available","No LDR Only available"," ","22-10Rollup"
"Gppref.dll","Dom_GPP","6.2.20348.1129","0","13-Oct-2022","GDR","5020436","October 17, 2022-KB5020436 (OS Build 20348.1131) Out-of-band","http://support.microsoft.com/kb/5020436","No LDR Only available","No LDR Only available","No LDR Only available"," ","22-10Rollup"
"Gpprefbr.dll","Dom_GPP","6.2.20348.1129","0","13-Oct-2022","GDR","5020436","October 17, 2022-KB5020436 (OS Build 20348.1131) Out-of-band","http://support.microsoft.com/kb/5020436","No LDR Only available","No LDR Only available","No LDR Only available"," ","22-10Rollup"
"Gpprefcn.dll","Dom_GPP","6.2.20348.1129","0","13-Oct-2022","GDR","5020436","October 17, 2022-KB5020436 (OS Build 20348.1131) Out-of-band","http://support.microsoft.com/kb/5020436","No LDR Only available","No LDR Only available","No LDR Only available"," ","22-10Rollup"
"Gpregistrybrowser.dll","Dom_GPP","6.2.20348.1070","0","13-Oct-2022","GDR","5020436","October 17, 2022-KB5020436 (OS Build 20348.1131) Out-of-band","http://support.microsoft.com/kb/5020436","No LDR Only available","No LDR Only available","No LDR Only available"," ","22-10Rollup"
"Propshts.dll","Dom_GPP","6.2.20348.1129","0","13-Oct-2022","GDR","5020436","October 17, 2022-KB5020436 (OS Build 20348.1131) Out-of-band","http://support.microsoft.com/kb/5020436","No LDR Only available","No LDR Only available","No LDR Only available"," ","22-10Rollup"
"Profprov.dll","Dom_ProfProc","6.2.20348.1","0","","RTM","5020436","","","","","","",""
"Profsvc.dll","Dom_ProfProc","6.2.20348.1070","0","13-Oct-2022","GDR","5020436","October 17, 2022-KB5020436 (OS Build 20348.1131) Out-of-band","http://support.microsoft.com/kb/5020436","No LDR Only available","No LDR Only available","No LDR Only available"," ","22-10Rollup"
"Fdeploy.dll","Dom_FolderRedir","6.2.20348.1","0","","RTM","5020436","","","","","","",""
"Esent.dll","Dom_ESENT","6.2.20348.803","0","13-Oct-2022","GDR","5020436","October 17, 2022-KB5020436 (OS Build 20348.1131) Out-of-band","http://support.microsoft.com/kb/5020436","No LDR Only available","No LDR Only available","No LDR Only available"," ","22-10Rollup"
"Ntdsai.dll","Dom_NTDSAI","6.2.20348.1129","0","13-Oct-2022","GDR","5020436","October 17, 2022-KB5020436 (OS Build 20348.1131) Out-of-band","http://support.microsoft.com/kb/5020436","No LDR Only available","No LDR Only available","No LDR Only available"," ","22-10Rollup"
"Ntdsutil.exe","Dom_NTDSAI","6.2.20348.946","0","13-Oct-2022","GDR","5020436","October 17, 2022-KB5020436 (OS Build 20348.1131) Out-of-band","http://support.microsoft.com/kb/5020436","No LDR Only available","No LDR Only available","No LDR Only available"," ","22-10Rollup"
"Samsrv.dll","Dom_SAMSRV","6.2.20348.1129","0","13-Oct-2022","GDR","5020436","October 17, 2022-KB5020436 (OS Build 20348.1131) Out-of-band","http://support.microsoft.com/kb/5020436","No LDR Only available","No LDR Only available","No LDR Only available"," ","22-10Rollup"
"Samlib.dll","Dom_SAMSRV","6.2.20348.1129","0","13-Oct-2022","GDR","5020436","October 17, 2022-KB5020436 (OS Build 20348.1131) Out-of-band","http://support.microsoft.com/kb/5020436","No LDR Only available","No LDR Only available","No LDR Only available"," ","22-10Rollup"
"Mrxsmb.sys","Net_SMB_Client","6.2.20348.1070","0","13-Oct-2022","GDR","5020436","October 17, 2022-KB5020436 (OS Build 20348.1131) Out-of-band","http://support.microsoft.com/kb/5020436","No LDR Only available","No LDR Only available","No LDR Only available"," ","22-10Rollup"
"Mrxsmb10.sys","Net_SMB_Client","6.2.20348.946","0","13-Oct-2022","GDR","5020436","October 17, 2022-KB5020436 (OS Build 20348.1131) Out-of-band","http://support.microsoft.com/kb/5020436","No LDR Only available","No LDR Only available","No LDR Only available"," ","22-10Rollup"
"Mrxsmb20.sys","Net_SMB_Client","6.2.20348.1070","0","13-Oct-2022","GDR","5020436","October 17, 2022-KB5020436 (OS Build 20348.1131) Out-of-band","http://support.microsoft.com/kb/5020436","No LDR Only available","No LDR Only available","No LDR Only available"," ","22-10Rollup"
"Rdbss.sys","Net_SMB_Client","6.2.20348.946","0","13-Oct-2022","GDR","5020436","October 17, 2022-KB5020436 (OS Build 20348.1131) Out-of-band","http://support.microsoft.com/kb/5020436","No LDR Only available","No LDR Only available","No LDR Only available"," ","22-10Rollup"
"Netbt.sys","Net_SMB_Client","6.2.20348.1","0","","RTM","5020436","","","","","","",""
"Mup.sys","Net_SMB_Client","6.2.20348.1","0","","RTM","5020436","","","","","","",""
"wkssvc.dll","Net_SMB_Client","6.2.20348.1129","0","13-Oct-2022","GDR","5020436","October 17, 2022-KB5020436 (OS Build 20348.1131) Out-of-band","http://support.microsoft.com/kb/5020436","No LDR Only available","No LDR Only available","No LDR Only available"," ","22-10Rollup"
"Mpr.dll","Net_SMB_Client","6.2.20348.803","0","13-Oct-2022","GDR","5020436","October 17, 2022-KB5020436 (OS Build 20348.1131) Out-of-band","http://support.microsoft.com/kb/5020436","No LDR Only available","No LDR Only available","No LDR Only available"," ","22-10Rollup"
"NtLanman.dll","Net_SMB_Client","6.2.20348.859","0","13-Oct-2022","GDR","5020436","October 17, 2022-KB5020436 (OS Build 20348.1131) Out-of-band","http://support.microsoft.com/kb/5020436","No LDR Only available","No LDR Only available","No LDR Only available"," ","22-10Rollup"
"Tcpip.sys","Net_Protocol","6.2.20348.1129","0","13-Oct-2022","GDR","5020436","October 17, 2022-KB5020436 (OS Build 20348.1131) Out-of-band","http://support.microsoft.com/kb/5020436","No LDR Only available","No LDR Only available","No LDR Only available"," ","22-10Rollup"
"Afd.sys","Net_Protocol","6.2.20348.768","0","13-Oct-2022","GDR","5020436","October 17, 2022-KB5020436 (OS Build 20348.1131) Out-of-band","http://support.microsoft.com/kb/5020436","No LDR Only available","No LDR Only available","No LDR Only available"," ","22-10Rollup"
"Netio.sys","Net_Protocol","6.2.20348.740","0","13-Oct-2022","GDR","5020436","October 17, 2022-KB5020436 (OS Build 20348.1131) Out-of-band","http://support.microsoft.com/kb/5020436","No LDR Only available","No LDR Only available","No LDR Only available"," ","22-10Rollup"
"Ndis.sys","Net_Protocol","6.2.20348.320","0","13-Oct-2022","GDR","5020436","October 17, 2022-KB5020436 (OS Build 20348.1131) Out-of-band","http://support.microsoft.com/kb/5020436","No LDR Only available","No LDR Only available","No LDR Only available"," ","22-10Rollup"
"Netiohlp.dll","Net_Protocol","6.2.20348.1","0","","RTM","5020436","","","","","","",""
"Tdx.sys","Net_Protocol","6.2.20348.230","0","13-Oct-2022","GDR","5020436","October 17, 2022-KB5020436 (OS Build 20348.1131) Out-of-band","http://support.microsoft.com/kb/5020436","No LDR Only available","No LDR Only available","No LDR Only available"," ","22-10Rollup"
"Iphlpapi.dll","Net_Protocol","6.2.20348.261","0","13-Oct-2022","GDR","5020436","October 17, 2022-KB5020436 (OS Build 20348.1131) Out-of-band","http://support.microsoft.com/kb/5020436","No LDR Only available","No LDR Only available","No LDR Only available"," ","22-10Rollup"
"Dfsc.sys","Net_DFS-N_Client","6.2.20348.1006","0","13-Oct-2022","GDR","5020436","October 17, 2022-KB5020436 (OS Build 20348.1131) Out-of-band","http://support.microsoft.com/kb/5020436","No LDR Only available","No LDR Only available","No LDR Only available"," ","22-10Rollup"
"Csc.sys","Net_CSC_Offline","6.2.20348.946","0","13-Oct-2022","GDR","5020436","October 17, 2022-KB5020436 (OS Build 20348.1131) Out-of-band","http://support.microsoft.com/kb/5020436","No LDR Only available","No LDR Only available","No LDR Only available"," ","22-10Rollup"
"Cscapi.dll","Net_CSC_Offline","6.2.20348.1","0","","RTM","5020436","","","","","","",""
"Cscdll.dll","Net_CSC_Offline","6.2.20348.1","0","","RTM","5020436","","","","","","",""
"Cscsvc.dll","Net_CSC_Offline","6.2.20348.1070","0","13-Oct-2022","GDR","5020436","October 17, 2022-KB5020436 (OS Build 20348.1131) Out-of-band","http://support.microsoft.com/kb/5020436","No LDR Only available","No LDR Only available","No LDR Only available"," ","22-10Rollup"
"Cscmig.dll","Net_CSC_Offline","6.2.20348.946","0","13-Oct-2022","GDR","5020436","October 17, 2022-KB5020436 (OS Build 20348.1131) Out-of-band","http://support.microsoft.com/kb/5020436","No LDR Only available","No LDR Only available","No LDR Only available"," ","22-10Rollup"
"Cscui.dll","Net_CSC_Offline","6.2.20348.1","0","","RTM","5020436","","","","","","",""
"Mrxdav.sys","Net_WebDAV","6.2.20348.558","0","13-Oct-2022","GDR","5020436","October 17, 2022-KB5020436 (OS Build 20348.1131) Out-of-band","http://support.microsoft.com/kb/5020436","No LDR Only available","No LDR Only available","No LDR Only available"," ","22-10Rollup"
"Webclnt.dll","Net_WebDAV","6.2.20348.558","0","13-Oct-2022","GDR","5020436","October 17, 2022-KB5020436 (OS Build 20348.1131) Out-of-band","http://support.microsoft.com/kb/5020436","No LDR Only available","No LDR Only available","No LDR Only available"," ","22-10Rollup"
"Davclnt.dll","Net_WebDAV","6.2.20348.1","0","","RTM","5020436","","","","","","",""
"Shell32.dll","Net_WebDAV","6.2.20348.946","0","13-Oct-2022","GDR","5020436","October 17, 2022-KB5020436 (OS Build 20348.1131) Out-of-band","http://support.microsoft.com/kb/5020436","No LDR Only available","No LDR Only available","No LDR Only available"," ","22-10Rollup"
"Winhttp.dll","Net_WebDAV","6.2.20348.681","0","13-Oct-2022","GDR","5020436","October 17, 2022-KB5020436 (OS Build 20348.1131) Out-of-band","http://support.microsoft.com/kb/5020436","No LDR Only available","No LDR Only available","No LDR Only available"," ","22-10Rollup"
"Dhcpcore.dll","Net_DHCP_Client","6.2.20348.1129","0","13-Oct-2022","GDR","5020436","October 17, 2022-KB5020436 (OS Build 20348.1131) Out-of-band","http://support.microsoft.com/kb/5020436","No LDR Only available","No LDR Only available","No LDR Only available"," ","22-10Rollup"
"Dhcpcsvc.dll","Net_DHCP_Client","6.2.20348.1129","0","13-Oct-2022","GDR","5020436","October 17, 2022-KB5020436 (OS Build 20348.1131) Out-of-band","http://support.microsoft.com/kb/5020436","No LDR Only available","No LDR Only available","No LDR Only available"," ","22-10Rollup"
"dnsapi.dll","Net_DNS_Client","6.2.20348.859","0","13-Oct-2022","GDR","5020436","October 17, 2022-KB5020436 (OS Build 20348.1131) Out-of-band","http://support.microsoft.com/kb/5020436","No LDR Only available","No LDR Only available","No LDR Only available"," ","22-10Rollup"
"dnsrslvr.dll","Net_DNS_Client","6.2.20348.859","0","13-Oct-2022","GDR","5020436","October 17, 2022-KB5020436 (OS Build 20348.1131) Out-of-band","http://support.microsoft.com/kb/5020436","No LDR Only available","No LDR Only available","No LDR Only available"," ","22-10Rollup"
"Dnscacheugc.exe","Net_DNS_Client","6.2.20348.1","0","","RTM","5020436","","","","","","",""
"Rpcss.dll","Net_RPC","6.2.20348.1070","1","13-Oct-2022","GDR","5020436","October 17, 2022-KB5020436 (OS Build 20348.1131) Out-of-band","http://support.microsoft.com/kb/5020436","No LDR Only available","No LDR Only available","No LDR Only available"," ","22-10Rollup"
"Rpchttp.dll","Net_RPC","6.2.20348.1","1","","RTM","5020436","","","","","","",""
"Rpcrt4.dll","Net_RPC","6.2.20348.803","1","13-Oct-2022","GDR","5020436","October 17, 2022-KB5020436 (OS Build 20348.1131) Out-of-band","http://support.microsoft.com/kb/5020436","No LDR Only available","No LDR Only available","No LDR Only available"," ","22-10Rollup"
"Bfe.dll","Net_Ipsec_BFE","6.2.20348.1006","1","13-Oct-2022","GDR","5020436","October 17, 2022-KB5020436 (OS Build 20348.1131) Out-of-band","http://support.microsoft.com/kb/5020436","No LDR Only available","No LDR Only available","No LDR Only available"," ","22-10Rollup"
"Ikeext.dll","Net_Ipsec_BFE","6.2.20348.1006","1","13-Oct-2022","GDR","5020436","October 17, 2022-KB5020436 (OS Build 20348.1131) Out-of-band","http://support.microsoft.com/kb/5020436","No LDR Only available","No LDR Only available","No LDR Only available"," ","22-10Rollup"
"Fwpuclnt.dll","Net_Ipsec_BFE","6.2.20348.1006","1","13-Sep-2022","GDR","5020436","October 17, 2022-KB5020436 (OS Build 20348.1131) Out-of-band","http://support.microsoft.com/kb/5020436","No LDR Only available","No LDR Only available","No LDR Only available","rEX","22-10Rollup"
"Iphlpsvc.dll","Net_DirectAccess_Client","6.2.20348.946","1","13-Oct-2022","GDR","5020436","October 17, 2022-KB5020436 (OS Build 20348.1131) Out-of-band","http://support.microsoft.com/kb/5020436","No LDR Only available","No LDR Only available","No LDR Only available"," ","22-10Rollup"
"Iphlpsvcmigplugin.dll","Net_DirectAccess_Client","6.2.20348.1","1","","RTM","5020436","","","","","","",""
"Netcorehc.dll","Net_DirectAccess_Client","6.2.20348.1","1","","RTM","5020436","","","","","","",""
"Daotpcredentialprovider.dll","Net_DirectAccess_Client","6.2.20348.1","1","","RTM","5020436","","","","","","",""
"Rdpcore.dll","Net_DirectAccess_Client","6.2.20348.1070","1","13-Oct-2022","GDR","5020436","October 17, 2022-KB5020436 (OS Build 20348.1131) Out-of-band","http://support.microsoft.com/kb/5020436","No LDR Only available","No LDR Only available","No LDR Only available"," ","22-10Rollup"
"dot3svc.dll","Net_IEEE802.1x","6.2.20348.946","1","13-Oct-2022","GDR","5020436","October 17, 2022-KB5020436 (OS Build 20348.1131) Out-of-band","http://support.microsoft.com/kb/5020436","No LDR Only available","No LDR Only available","No LDR Only available"," ","22-10Rollup"
"Rastls.dll","Net_IEEE802.1x","6.2.20348.1070","1","13-Oct-2022","GDR","5020436","October 17, 2022-KB5020436 (OS Build 20348.1131) Out-of-band","http://support.microsoft.com/kb/5020436","No LDR Only available","No LDR Only available","No LDR Only available"," ","22-10Rollup"
"wlansvc.dll","Net_WLAN_Client","6.2.20348.1129","1","13-Oct-2022","GDR","5020436","October 17, 2022-KB5020436 (OS Build 20348.1131) Out-of-band","http://support.microsoft.com/kb/5020436","No LDR Only available","No LDR Only available","No LDR Only available"," ","22-10Rollup"
"wlanmsm.dll","Net_WLAN_Client","6.2.20348.1129","1","13-Oct-2022","GDR","5020436","October 17, 2022-KB5020436 (OS Build 20348.1131) Out-of-band","http://support.microsoft.com/kb/5020436","No LDR Only available","No LDR Only available","No LDR Only available"," ","22-10Rollup"
"wlanapi.dll","Net_WLAN_Client","6.2.20348.707","1","13-Oct-2022","GDR","5020436","October 17, 2022-KB5020436 (OS Build 20348.1131) Out-of-band","http://support.microsoft.com/kb/5020436","No LDR Only available","No LDR Only available","No LDR Only available"," ","22-10Rollup"
"wlansec.dll","Net_WLAN_Client","6.2.20348.1129","1","13-Oct-2022","GDR","5020436","October 17, 2022-KB5020436 (OS Build 20348.1131) Out-of-band","http://support.microsoft.com/kb/5020436","No LDR Only available","No LDR Only available","No LDR Only available"," ","22-10Rollup"
"wlansvcpal.dll","Net_WLAN_Client","6.2.20348.1129","1","13-Oct-2022","GDR","5020436","October 17, 2022-KB5020436 (OS Build 20348.1131) Out-of-band","http://support.microsoft.com/kb/5020436","No LDR Only available","No LDR Only available","No LDR Only available"," ","22-10Rollup"
"wlanhlp.dll","Net_WLAN_Client","6.2.20348.1129","1","13-Oct-2022","GDR","5020436","October 17, 2022-KB5020436 (OS Build 20348.1131) Out-of-band","http://support.microsoft.com/kb/5020436","No LDR Only available","No LDR Only available","No LDR Only available"," ","22-10Rollup"
"Netcfgx.dll","Net_Config","6.2.20348.1","1","","RTM","5020436","","","","","","",""
"Rasapi32.dll","HNV_Net","6.2.20348.859","1","13-Oct-2022","GDR","5020436","October 17, 2022-KB5020436 (OS Build 20348.1131) Out-of-band","http://support.microsoft.com/kb/5020436","No LDR Only available","No LDR Only available","No LDR Only available"," ","22-10Rollup"
"Mprapi.dll","HNV_Net","6.2.20348.617","1","13-Oct-2022","GDR","5020436","October 17, 2022-KB5020436 (OS Build 20348.1131) Out-of-band","http://support.microsoft.com/kb/5020436","No LDR Only available","No LDR Only available","No LDR Only available"," ","22-10Rollup"
"Tunnel.sys","Net_IPv6","6.2.20348.1","1","","RTM","5020436","","","","","","",""
"Dhcpcore6.dll","Net_IPv6","6.2.20348.1129","1","13-Oct-2022","GDR","5020436","October 17, 2022-KB5020436 (OS Build 20348.1131) Out-of-band","http://support.microsoft.com/kb/5020436","No LDR Only available","No LDR Only available","No LDR Only available"," ","22-10Rollup"
"Dhcpcsvc6.dll","Net_IPv6","6.2.20348.1129","1","13-Oct-2022","GDR","5020436","October 17, 2022-KB5020436 (OS Build 20348.1131) Out-of-band","http://support.microsoft.com/kb/5020436","No LDR Only available","No LDR Only available","No LDR Only available"," ","22-10Rollup"
"WebIo.dll","Net_BranchCache","6.2.20348.1","1","","RTM","5020436","","","","","","",""
"Smbhash.exe","Net_BranchCache","6.2.20348.1","1","","RTM","5020436","","","","","","",""
"Pacer.sys","Net_QoS","6.2.20348.1","1","","RTM","5020436","","","","","","",""
"Mpsdrv.sys","Net_Firewall","6.2.20348.1","1","","RTM","5020436","","","","","","",""
"MpsSvc.dll","Net_Firewall","6.2.20348.946","1","13-Oct-2022","GDR","5020436","October 17, 2022-KB5020436 (OS Build 20348.1131) Out-of-band","http://support.microsoft.com/kb/5020436","No LDR Only available","No LDR Only available","No LDR Only available"," ","22-10Rollup"
"Ntoskrnl.exe","Core_Kernel","6.2.20348.1129","0","13-Oct-2022","GDR","5020436","October 17, 2022-KB5020436 (OS Build 20348.1131) Out-of-band","http://support.microsoft.com/kb/5020436","No LDR Only available","No LDR Only available","No LDR Only available"," ","22-10Rollup"
"Ntkrnlpa.exe","Core_Kernel","6.2.20348.1","0","","RTM","5020436","","","","","","",""
"Crashdmp.sys","Core_Kernel","6.2.20348.946","0","13-Oct-2022","GDR","5020436","October 17, 2022-KB5020436 (OS Build 20348.1131) Out-of-band","http://support.microsoft.com/kb/5020436","No LDR Only available","No LDR Only available","No LDR Only available"," ","22-10Rollup"
"Ntdll.dll","Core_Kernel","6.2.20348.1129","0","13-Oct-2022","GDR","5020436","October 17, 2022-KB5020436 (OS Build 20348.1131) Out-of-band","http://support.microsoft.com/kb/5020436","No LDR Only available","No LDR Only available","No LDR Only available"," ","22-10Rollup"
"Hal.dll","Core_Kernel","6.2.20348.558","0","13-Oct-2022","GDR","5020436","October 17, 2022-KB5020436 (OS Build 20348.1131) Out-of-band","http://support.microsoft.com/kb/5020436","No LDR Only available","No LDR Only available","No LDR Only available"," ","22-10Rollup"
"Fltmgr.sys","Core_Kernel","6.2.20348.803","0","13-Oct-2022","GDR","5020436","October 17, 2022-KB5020436 (OS Build 20348.1131) Out-of-band","http://support.microsoft.com/kb/5020436","No LDR Only available","No LDR Only available","No LDR Only available"," ","22-10Rollup"
"win32k.sys","Core_Kernel","6.2.20348.1129","0","13-Oct-2022","GDR","5020436","October 17, 2022-KB5020436 (OS Build 20348.1131) Out-of-band","http://support.microsoft.com/kb/5020436","No LDR Only available","No LDR Only available","No LDR Only available"," ","22-10Rollup"
"Ntfs.sys","Core_FileSystem","6.2.20348.1129","0","13-Oct-2022","GDR","5020436","October 17, 2022-KB5020436 (OS Build 20348.1131) Out-of-band","http://support.microsoft.com/kb/5020436","No LDR Only available","No LDR Only available","No LDR Only available"," ","22-10Rollup"
"dedup.sys","Core_FileSystem","6.2.20348.740","0","13-Oct-2022","GDR","5020436","October 17, 2022-KB5020436 (OS Build 20348.1131) Out-of-band","http://support.microsoft.com/kb/5020436","No LDR Only available","No LDR Only available","No LDR Only available"," ","22-10Rollup"
"Msiscsi.sys","Core_DiskSystem","6.2.20348.1","0","","RTM","5020436","","","","","","",""
"Iscsitgt.dll","Core_DiskSystem","6.2.20348.1","0","","RTM","5020436","","","","","","",""
"Storport.sys","Core_DiskSystem","6.2.20348.946","0","13-Oct-2022","GDR","5020436","October 17, 2022-KB5020436 (OS Build 20348.1131) Out-of-band","http://support.microsoft.com/kb/5020436","No LDR Only available","No LDR Only available","No LDR Only available"," ","22-10Rollup"
"Repdrvfs.dll","Core_WMI","6.2.20348.617","0","13-Oct-2022","GDR","5020436","October 17, 2022-KB5020436 (OS Build 20348.1131) Out-of-band","http://support.microsoft.com/kb/5020436","No LDR Only available","No LDR Only available","No LDR Only available"," ","22-10Rollup"
"Advapi32.dll","Core_Apps","6.2.20348.1129","0","13-Oct-2022","GDR","5020436","October 17, 2022-KB5020436 (OS Build 20348.1131) Out-of-band","http://support.microsoft.com/kb/5020436","No LDR Only available","No LDR Only available","No LDR Only available"," ","22-10Rollup"
"Mshtml.dll","IE_Client","11.0.20348.1129","0","13-Oct-2022","GDR","5020436","October 17, 2022-KB5020436 (OS Build 20348.1131) Out-of-band","http://support.microsoft.com/kb/5020436","No LDR Only available","No LDR Only available","No LDR Only available"," ","22-10Rollup"
"5020436","Win2022_22-10_B_rollup_KB"," ","0","18-Oct-2022","GDR","5020436","October 17, 2022-KB5020436 (OS Build 20348.1131) Out-of-band","http://support.microsoft.com/kb/5020436","No LDR Only available","No LDR Only available","No LDR Only available"," ","22-10Rollup"
