"Binary","Component","Version","Prio","Published","Branch","Article","Title","Link","LDROnlyKB","LDROnlyTitle","LDROnlyLink","Comment","RollupInfo"
"Netlogon.dll","Dom_NETLOGON","6.2.17763.2867","0","05-Apr-2022","GDR","5014692","June 14, 2022-KB5014692 (OS Build 17763.3046)","http://support.microsoft.com/kb/5014692","No LDR Only available","No LDR Only available","No LDR Only available"," ","22-06Rollup"
"LogonCli.dll","Dom_NETLOGON","6.2.17763.2989","0","14-May-2022","GDR","5014692","June 14, 2022-KB5014692 (OS Build 17763.3046)","http://support.microsoft.com/kb/5014692","No LDR Only available","No LDR Only available","No LDR Only available"," ","22-06Rollup"
"Winlogon.exe","Dom_WINLOGON","6.2.17763.2989","0","14-May-2022","GDR","5014692","June 14, 2022-KB5014692 (OS Build 17763.3046)","http://support.microsoft.com/kb/5014692","No LDR Only available","No LDR Only available","No LDR Only available"," ","22-06Rollup"
"Kerberos.dll","Dom_KERBEROS","6.2.17763.3046","0","08-Jun-2022","GDR","5014692","June 14, 2022-KB5014692 (OS Build 17763.3046)","http://support.microsoft.com/kb/5014692","No LDR Only available","No LDR Only available","No LDR Only available"," ","22-06Rollup"
"Msv1_0.dll","Dom_NTLM","6.2.17763.3046","1","08-Jun-2022","GDR","5014692","June 14, 2022-KB5014692 (OS Build 17763.3046)","http://support.microsoft.com/kb/5014692","No LDR Only available","No LDR Only available","No LDR Only available"," ","22-06Rollup"
"Wldap32.dll","Dom_LDAPClient","6.2.17763.3046","0","08-Jun-2022","GDR","5014692","June 14, 2022-KB5014692 (OS Build 17763.3046)","http://support.microsoft.com/kb/5014692","No LDR Only available","No LDR Only available","No LDR Only available"," ","22-06Rollup"
"Lsass.exe","Dom_LSA","6.2.17763.2686","0","01-Mar-2022","GDR","5014692","June 14, 2022-KB5014692 (OS Build 17763.3046)","http://support.microsoft.com/kb/5014692","No LDR Only available","No LDR Only available","No LDR Only available"," ","22-06Rollup"
"Lsasrv.dll","Dom_LSA","6.2.17763.3046","0","08-Jun-2022","GDR","5014692","June 14, 2022-KB5014692 (OS Build 17763.3046)","http://support.microsoft.com/kb/5014692","No LDR Only available","No LDR Only available","No LDR Only available"," ","22-06Rollup"
"Ksecdd.sys","Dom_LSA","6.2.17763.2686","0","01-Mar-2022","GDR","5014692","June 14, 2022-KB5014692 (OS Build 17763.3046)","http://support.microsoft.com/kb/5014692","No LDR Only available","No LDR Only available","No LDR Only available"," ","22-06Rollup"
"Ksecpkg.sys","Dom_LSA","6.2.17763.503","0","11-May-2019","GDR","5014692","June 14, 2022-KB5014692 (OS Build 17763.3046)","http://support.microsoft.com/kb/5014692","No LDR Only available","No LDR Only available","No LDR Only available"," ","22-06Rollup"
"Secur32.dll","Dom_LSA","6.2.17763.1","0","14-Sep-2018","GDR","5014692","June 14, 2022-KB5014692 (OS Build 17763.3046)","http://support.microsoft.com/kb/5014692","No LDR Only available","No LDR Only available","No LDR Only available"," ","22-06Rollup"
"Sspicli.dll","Dom_LSA","6.2.17763.2686","0","01-Mar-2022","GDR","5014692","June 14, 2022-KB5014692 (OS Build 17763.3046)","http://support.microsoft.com/kb/5014692","No LDR Only available","No LDR Only available","No LDR Only available"," ","22-06Rollup"
"Sspisrv.dll","Dom_LSA","6.2.17763.1","0","14-Sep-2018","GDR","5014692","June 14, 2022-KB5014692 (OS Build 17763.3046)","http://support.microsoft.com/kb/5014692","No LDR Only available","No LDR Only available","No LDR Only available"," ","22-06Rollup"
"Schannel.dll","Dom_LSA","6.2.17763.2989","0","14-May-2022","GDR","5014692","June 14, 2022-KB5014692 (OS Build 17763.3046)","http://support.microsoft.com/kb/5014692","No LDR Only available","No LDR Only available","No LDR Only available"," ","22-06Rollup"
"Scesrv.dll","Dom_SecAuditAndConfig","6.2.17763.2452","1","05-Jan-2022","GDR","5014692","June 14, 2022-KB5014692 (OS Build 17763.3046)","http://support.microsoft.com/kb/5014692","No LDR Only available","No LDR Only available","No LDR Only available"," ","22-06Rollup"
"AclUI.dll","Dom_SecAuditAndConfig","6.2.17763.1999","1","05-Jun-2021","GDR","5014692","June 14, 2022-KB5014692 (OS Build 17763.3046)","http://support.microsoft.com/kb/5014692","No LDR Only available","No LDR Only available","No LDR Only available"," ","22-06Rollup"
"Winscard.dll","Dom_SC_Provider","6.2.17763.1790","1","09-Feb-2021","GDR","5014692","June 14, 2022-KB5014692 (OS Build 17763.3046)","http://support.microsoft.com/kb/5014692","No LDR Only available","No LDR Only available","No LDR Only available"," ","22-06Rollup"
"ScardSvr.dll","Dom_SC_Srv","6.2.17763.1790","1","09-Feb-2021","GDR","5014692","June 14, 2022-KB5014692 (OS Build 17763.3046)","http://support.microsoft.com/kb/5014692","No LDR Only available","No LDR Only available","No LDR Only available"," ","22-06Rollup"
"Scfilter.sys","Dom_SC_Srv","6.2.17763.1","1","14-Sep-2018","GDR","5014692","June 14, 2022-KB5014692 (OS Build 17763.3046)","http://support.microsoft.com/kb/5014692","No LDR Only available","No LDR Only available","No LDR Only available"," ","22-06Rollup"
"Certprop.dll","Dom_SC_Srv","6.2.17763.1","1","14-Sep-2018","GDR","5014692","June 14, 2022-KB5014692 (OS Build 17763.3046)","http://support.microsoft.com/kb/5014692","No LDR Only available","No LDR Only available","No LDR Only available"," ","22-06Rollup"
"Crypt32.dll","Dom_CRYPTO","6.2.17763.2268","1","07-Oct-2021","GDR","5014692","June 14, 2022-KB5014692 (OS Build 17763.3046)","http://support.microsoft.com/kb/5014692","No LDR Only available","No LDR Only available","No LDR Only available"," ","22-06Rollup"
"Cryptnet.dll","Dom_CRYPTO","6.2.17763.1911","1","15-Apr-2021","GDR","5014692","June 14, 2022-KB5014692 (OS Build 17763.3046)","http://support.microsoft.com/kb/5014692","No LDR Only available","No LDR Only available","No LDR Only available"," ","22-06Rollup"
"Wintrust.dll","Dom_CRYPTO","6.2.17763.2989","1","14-May-2022","GDR","5014692","June 14, 2022-KB5014692 (OS Build 17763.3046)","http://support.microsoft.com/kb/5014692","No LDR Only available","No LDR Only available","No LDR Only available"," ","22-06Rollup"
"Cryptdll.dll","Dom_CRYPTO","6.2.17763.503","1","11-May-2019","GDR","5014692","June 14, 2022-KB5014692 (OS Build 17763.3046)","http://support.microsoft.com/kb/5014692","No LDR Only available","No LDR Only available","No LDR Only available"," ","22-06Rollup"
"Cryptcatsvc.dll","Dom_CRYPTO","6.2.17763.1457","1","01-Sep-2020","GDR","5014692","June 14, 2022-KB5014692 (OS Build 17763.3046)","http://support.microsoft.com/kb/5014692","No LDR Only available","No LDR Only available","No LDR Only available"," ","22-06Rollup"
"Dimsroam.dll","Dom_DIMS","6.2.17763.1","0","14-Sep-2018","GDR","5014692","June 14, 2022-KB5014692 (OS Build 17763.3046)","http://support.microsoft.com/kb/5014692","No LDR Only available","No LDR Only available","No LDR Only available"," ","22-06Rollup"
"Adprovider.dll","Dom_DIMS","6.2.17763.1697","0","07-Jan-2021","GDR","5014692","June 14, 2022-KB5014692 (OS Build 17763.3046)","http://support.microsoft.com/kb/5014692","No LDR Only available","No LDR Only available","No LDR Only available"," ","22-06Rollup"
"Capiprovider.dll","Dom_DIMS","6.2.17763.1697","0","07-Jan-2021","GDR","5014692","June 14, 2022-KB5014692 (OS Build 17763.3046)","http://support.microsoft.com/kb/5014692","No LDR Only available","No LDR Only available","No LDR Only available"," ","22-06Rollup"
"Cngprovider.dll","Dom_DIMS","6.2.17763.1697","0","07-Jan-2021","GDR","5014692","June 14, 2022-KB5014692 (OS Build 17763.3046)","http://support.microsoft.com/kb/5014692","No LDR Only available","No LDR Only available","No LDR Only available"," ","22-06Rollup"
"Dpapiprovider.dll","Dom_DIMS","6.2.17763.1697","0","07-Jan-2021","GDR","5014692","June 14, 2022-KB5014692 (OS Build 17763.3046)","http://support.microsoft.com/kb/5014692","No LDR Only available","No LDR Only available","No LDR Only available"," ","22-06Rollup"
"Wincredprovider.dll","Dom_DIMS","6.2.17763.1697","0","07-Jan-2021","GDR","5014692","June 14, 2022-KB5014692 (OS Build 17763.3046)","http://support.microsoft.com/kb/5014692","No LDR Only available","No LDR Only available","No LDR Only available"," ","22-06Rollup"
"Gpapi.dll","Dom_GPSVC","6.2.17763.2989","0","14-May-2022","GDR","5014692","June 14, 2022-KB5014692 (OS Build 17763.3046)","http://support.microsoft.com/kb/5014692","No LDR Only available","No LDR Only available","No LDR Only available"," ","22-06Rollup"
"Gpsvc.dll","Dom_GPSVC","6.2.17763.2989","0","14-May-2022","GDR","5014692","June 14, 2022-KB5014692 (OS Build 17763.3046)","http://support.microsoft.com/kb/5014692","No LDR Only available","No LDR Only available","No LDR Only available"," ","22-06Rollup"
"Gpmgmt.dll","Dom_GPSVC","6.2.17763.1697","0","07-Jan-2021","GDR","5014692","June 14, 2022-KB5014692 (OS Build 17763.3046)","http://support.microsoft.com/kb/5014692","No LDR Only available","No LDR Only available","No LDR Only available"," ","22-06Rollup"
"Gprsop.dll","Dom_GPSVC","6.2.17763.1518","0","30-Sep-2020","GDR","5014692","June 14, 2022-KB5014692 (OS Build 17763.3046)","http://support.microsoft.com/kb/5014692","No LDR Only available","No LDR Only available","No LDR Only available"," ","22-06Rollup"
"Userenv.dll","Dom_GPSVC","6.2.17763.1728","0","08-Jan-2021","GDR","5014692","June 14, 2022-KB5014692 (OS Build 17763.3046)","http://support.microsoft.com/kb/5014692","No LDR Only available","No LDR Only available","No LDR Only available"," ","22-06Rollup"
"Appmgmts.dll","Dom_GPExt","6.2.17763.1518","0","30-Sep-2020","GDR","5014692","June 14, 2022-KB5014692 (OS Build 17763.3046)","http://support.microsoft.com/kb/5014692","No LDR Only available","No LDR Only available","No LDR Only available"," ","22-06Rollup"
"Gpprefcl.dll","Dom_GPP","6.2.17763.2686","0","14-Jun-2022","GDR","5014692","June 14, 2022-KB5014692 (OS Build 17763.3046)","http://support.microsoft.com/kb/5014692","No LDR Only available","No LDR Only available","No LDR Only available"," ","22-06Rollup"
"Gpme.dll","Dom_GPP","6.2.17763.2989","0","14-May-2022","GDR","5014692","June 14, 2022-KB5014692 (OS Build 17763.3046)","http://support.microsoft.com/kb/5014692","No LDR Only available","No LDR Only available","No LDR Only available"," ","22-06Rollup"
"Gppref.dll","Dom_GPP","6.2.17763.2989","0","14-May-2022","GDR","5014692","June 14, 2022-KB5014692 (OS Build 17763.3046)","http://support.microsoft.com/kb/5014692","No LDR Only available","No LDR Only available","No LDR Only available"," ","22-06Rollup"
"Gpprefbr.dll","Dom_GPP","6.2.17763.2989","0","14-May-2022","GDR","5014692","June 14, 2022-KB5014692 (OS Build 17763.3046)","http://support.microsoft.com/kb/5014692","No LDR Only available","No LDR Only available","No LDR Only available"," ","22-06Rollup"
"Gpprefcn.dll","Dom_GPP","6.2.17763.2989","0","14-May-2022","GDR","5014692","June 14, 2022-KB5014692 (OS Build 17763.3046)","http://support.microsoft.com/kb/5014692","No LDR Only available","No LDR Only available","No LDR Only available"," ","22-06Rollup"
"Gpregistrybrowser.dll","Dom_GPP","6.2.17763.2989","0","14-May-2022","GDR","5014692","June 14, 2022-KB5014692 (OS Build 17763.3046)","http://support.microsoft.com/kb/5014692","No LDR Only available","No LDR Only available","No LDR Only available"," ","22-06Rollup"
"Propshts.dll","Dom_GPP","6.2.17763.2989","0","14-May-2022","GDR","5014692","June 14, 2022-KB5014692 (OS Build 17763.3046)","http://support.microsoft.com/kb/5014692","No LDR Only available","No LDR Only available","No LDR Only available"," ","22-06Rollup"
"Profsvc.dll","Dom_ProfProc","6.2.17763.2989","0","14-May-2022","GDR","5014692","June 14, 2022-KB5014692 (OS Build 17763.3046)","http://support.microsoft.com/kb/5014692","No LDR Only available","No LDR Only available","No LDR Only available"," ","22-06Rollup"
"Esent.dll","Dom_ESENT","6.2.17763.2989","0","14-May-2022","GDR","5014692","June 14, 2022-KB5014692 (OS Build 17763.3046)","http://support.microsoft.com/kb/5014692","No LDR Only available","No LDR Only available","No LDR Only available"," ","22-06Rollup"
"Ntdsai.dll","Dom_NTDSAI","6.2.17763.3046","0","08-Jun-2022","GDR","5014692","June 14, 2022-KB5014692 (OS Build 17763.3046)","http://support.microsoft.com/kb/5014692","No LDR Only available","No LDR Only available","No LDR Only available"," ","22-06Rollup"
"Ntdsutil.exe","Dom_NTDSAI","6.2.17763.2452","0","05-Jan-2022","GDR","5014692","June 14, 2022-KB5014692 (OS Build 17763.3046)","http://support.microsoft.com/kb/5014692","No LDR Only available","No LDR Only available","No LDR Only available"," ","22-06Rollup"
"Samsrv.dll","Dom_SAMSRV","6.2.17763.2989","0","14-May-2022","GDR","5014692","June 14, 2022-KB5014692 (OS Build 17763.3046)","http://support.microsoft.com/kb/5014692","No LDR Only available","No LDR Only available","No LDR Only available"," ","22-06Rollup"
"Samlib.dll","Dom_SAMSRV","6.2.17763.2989","0","14-May-2022","GDR","5014692","June 14, 2022-KB5014692 (OS Build 17763.3046)","http://support.microsoft.com/kb/5014692","No LDR Only available","No LDR Only available","No LDR Only available"," ","22-06Rollup"
"Mrxsmb.sys","Net_SMB_Client","6.2.17763.2989","0","14-May-2022","GDR","5014692","June 14, 2022-KB5014692 (OS Build 17763.3046)","http://support.microsoft.com/kb/5014692","No LDR Only available","No LDR Only available","No LDR Only available"," ","22-06Rollup"
"Mrxsmb10.sys","Net_SMB_Client","6.2.17763.2803","0","01-Apr-2022","GDR","5014692","June 14, 2022-KB5014692 (OS Build 17763.3046)","http://support.microsoft.com/kb/5014692","No LDR Only available","No LDR Only available","No LDR Only available"," ","22-06Rollup"
"Mrxsmb20.sys","Net_SMB_Client","6.2.17763.2989","0","14-May-2022","GDR","5014692","June 14, 2022-KB5014692 (OS Build 17763.3046)","http://support.microsoft.com/kb/5014692","No LDR Only available","No LDR Only available","No LDR Only available"," ","22-06Rollup"
"Rdbss.sys","Net_SMB_Client","6.2.17763.2628","0","10-Feb-2022","GDR","5014692","June 14, 2022-KB5014692 (OS Build 17763.3046)","http://support.microsoft.com/kb/5014692","No LDR Only available","No LDR Only available","No LDR Only available"," ","22-06Rollup"
"Netbt.sys","Net_SMB_Client","6.2.17763.1518","0","29-Sep-2020","GDR","5014692","June 14, 2022-KB5014692 (OS Build 17763.3046)","http://support.microsoft.com/kb/5014692","No LDR Only available","No LDR Only available","No LDR Only available"," ","22-06Rollup"
"Mup.sys","Net_SMB_Client","6.2.17763.1","0","14-Sep-2018","GDR","5014692","June 14, 2022-KB5014692 (OS Build 17763.3046)","http://support.microsoft.com/kb/5014692","No LDR Only available","No LDR Only available","No LDR Only available"," ","22-06Rollup"
"wkssvc.dll","Net_SMB_Client","6.2.17763.2452","0","04-Jan-2022","GDR","5014692","June 14, 2022-KB5014692 (OS Build 17763.3046)","http://support.microsoft.com/kb/5014692","No LDR Only available","No LDR Only available","No LDR Only available"," ","22-06Rollup"
"Mpr.dll","Net_SMB_Client","6.2.17763.404","0","28-Mar-2019","GDR","5014692","June 14, 2022-KB5014692 (OS Build 17763.3046)","http://support.microsoft.com/kb/5014692","No LDR Only available","No LDR Only available","No LDR Only available"," ","22-06Rollup"
"NtLanman.dll","Net_SMB_Client","6.2.17763.404","0","28-Mar-2019","GDR","5014692","June 14, 2022-KB5014692 (OS Build 17763.3046)","http://support.microsoft.com/kb/5014692","No LDR Only available","No LDR Only available","No LDR Only available"," ","22-06Rollup"
"Tcpip.sys","Net_Protocol","6.2.17763.2746","0","08-Mar-2022","GDR","5014692","June 14, 2022-KB5014692 (OS Build 17763.3046)","http://support.microsoft.com/kb/5014692","No LDR Only available","No LDR Only available","No LDR Only available"," ","22-06Rollup"
"Afd.sys","Net_Protocol","6.2.17763.3046","0","08-Jun-2022","GDR","5014692","June 14, 2022-KB5014692 (OS Build 17763.3046)","http://support.microsoft.com/kb/5014692","No LDR Only available","No LDR Only available","No LDR Only available"," ","22-06Rollup"
"Netio.sys","Net_Protocol","6.2.17763.2213","0","15-Sep-2021","GDR","5014692","June 14, 2022-KB5014692 (OS Build 17763.3046)","http://support.microsoft.com/kb/5014692","No LDR Only available","No LDR Only available","No LDR Only available"," ","22-06Rollup"
"Ndis.sys","Net_Protocol","6.2.17763.2268","0","07-Oct-2021","GDR","5014692","June 14, 2022-KB5014692 (OS Build 17763.3046)","http://support.microsoft.com/kb/5014692","No LDR Only available","No LDR Only available","No LDR Only available"," ","22-06Rollup"
"Netiohlp.dll","Net_Protocol","6.2.17763.292","0","15-Jan-2019","GDR","5014692","June 14, 2022-KB5014692 (OS Build 17763.3046)","http://support.microsoft.com/kb/5014692","No LDR Only available","No LDR Only available","No LDR Only available"," ","22-06Rollup"
"Tdx.sys","Net_Protocol","6.2.17763.2183","0","11-Sep-2021","GDR","5014692","June 14, 2022-KB5014692 (OS Build 17763.3046)","http://support.microsoft.com/kb/5014692","No LDR Only available","No LDR Only available","No LDR Only available"," ","22-06Rollup"
"Iphlpapi.dll","Net_Protocol","6.2.17763.2989","0","14-May-2022","GDR","5014692","June 14, 2022-KB5014692 (OS Build 17763.3046)","http://support.microsoft.com/kb/5014692","No LDR Only available","No LDR Only available","No LDR Only available"," ","22-06Rollup"
"Csc.sys","Net_CSC_Offline","6.2.17763.2330","0","16-Nov-2021","GDR","5014692","June 14, 2022-KB5014692 (OS Build 17763.3046)","http://support.microsoft.com/kb/5014692","No LDR Only available","No LDR Only available","No LDR Only available"," ","22-06Rollup"
"Cscapi.dll","Net_CSC_Offline","6.2.17763.404","0","29-Mar-2019","GDR","5014692","June 14, 2022-KB5014692 (OS Build 17763.3046)","http://support.microsoft.com/kb/5014692","No LDR Only available","No LDR Only available","No LDR Only available"," ","22-06Rollup"
"Cscdll.dll","Net_CSC_Offline","6.2.17763.404","0","29-Mar-2019","GDR","5014692","June 14, 2022-KB5014692 (OS Build 17763.3046)","http://support.microsoft.com/kb/5014692","No LDR Only available","No LDR Only available","No LDR Only available"," ","22-06Rollup"
"Cscsvc.dll","Net_CSC_Offline","6.2.17763.1935","0","07-May-2021","GDR","5014692","June 14, 2022-KB5014692 (OS Build 17763.3046)","http://support.microsoft.com/kb/5014692","No LDR Only available","No LDR Only available","No LDR Only available"," ","22-06Rollup"
"Cscmig.dll","Net_CSC_Offline","6.2.17763.2330","0","14-Jun-2022","GDR","5014692","June 14, 2022-KB5014692 (OS Build 17763.3046)","http://support.microsoft.com/kb/5014692","No LDR Only available","No LDR Only available","No LDR Only available"," ","22-06Rollup"
"Cscui.dll","Net_CSC_Offline","6.2.17763.2989","0","14-May-2022","GDR","5014692","June 14, 2022-KB5014692 (OS Build 17763.3046)","http://support.microsoft.com/kb/5014692","No LDR Only available","No LDR Only available","No LDR Only available"," ","22-06Rollup"
"Mrxdav.sys","Net_WebDAV","6.2.17763.2867","0","06-Apr-2022","GDR","5014692","June 14, 2022-KB5014692 (OS Build 17763.3046)","http://support.microsoft.com/kb/5014692","No LDR Only available","No LDR Only available","No LDR Only available"," ","22-06Rollup"
"Webclnt.dll","Net_WebDAV","6.2.17763.2867","0","06-Apr-2022","GDR","5014692","June 14, 2022-KB5014692 (OS Build 17763.3046)","http://support.microsoft.com/kb/5014692","No LDR Only available","No LDR Only available","No LDR Only available"," ","22-06Rollup"
"Shell32.dll","Net_WebDAV","6.2.17763.2928","0","03-May-2022","GDR","5014692","June 14, 2022-KB5014692 (OS Build 17763.3046)","http://support.microsoft.com/kb/5014692","No LDR Only available","No LDR Only available","No LDR Only available"," ","22-06Rollup"
"Winhttp.dll","Net_WebDAV","6.2.17763.1971","0","10-May-2021","GDR","5014692","June 14, 2022-KB5014692 (OS Build 17763.3046)","http://support.microsoft.com/kb/5014692","No LDR Only available","No LDR Only available","No LDR Only available"," ","22-06Rollup"
"Dhcpcore.dll","Net_DHCP_Client","6.2.17763.2989","0","14-May-2022","GDR","5014692","June 14, 2022-KB5014692 (OS Build 17763.3046)","http://support.microsoft.com/kb/5014692","No LDR Only available","No LDR Only available","No LDR Only available"," ","22-06Rollup"
"Dhcpcsvc.dll","Net_DHCP_Client","6.2.17763.2989","0","14-May-2022","GDR","5014692","June 14, 2022-KB5014692 (OS Build 17763.3046)","http://support.microsoft.com/kb/5014692","No LDR Only available","No LDR Only available","No LDR Only available"," ","22-06Rollup"
"dnsapi.dll","Net_DNS_Client","6.2.17763.2989","0","14-May-2022","GDR","5014692","June 14, 2022-KB5014692 (OS Build 17763.3046)","http://support.microsoft.com/kb/5014692","No LDR Only available","No LDR Only available","No LDR Only available"," ","22-06Rollup"
"dnsrslvr.dll","Net_DNS_Client","6.2.17763.2989","0","14-May-2022","GDR","5014692","June 14, 2022-KB5014692 (OS Build 17763.3046)","http://support.microsoft.com/kb/5014692","No LDR Only available","No LDR Only available","No LDR Only available"," ","22-06Rollup"
"Rpcss.dll","Net_RPC","6.2.17763.3046","1","08-Jun-2022","GDR","5014692","June 14, 2022-KB5014692 (OS Build 17763.3046)","http://support.microsoft.com/kb/5014692","No LDR Only available","No LDR Only available","No LDR Only available"," ","22-06Rollup"
"Rpcrt4.dll","Net_RPC","6.2.17763.2928","1","03-May-2022","GDR","5014692","June 14, 2022-KB5014692 (OS Build 17763.3046)","http://support.microsoft.com/kb/5014692","No LDR Only available","No LDR Only available","No LDR Only available"," ","22-06Rollup"
"Bfe.dll","Net_Ipsec_BFE","6.2.17763.2989","1","14-May-2022","GDR","5014692","June 14, 2022-KB5014692 (OS Build 17763.3046)","http://support.microsoft.com/kb/5014692","No LDR Only available","No LDR Only available","No LDR Only available"," ","22-06Rollup"
"Ikeext.dll","Net_Ipsec_BFE","6.2.17763.2989","1","14-May-2022","GDR","5014692","June 14, 2022-KB5014692 (OS Build 17763.3046)","http://support.microsoft.com/kb/5014692","No LDR Only available","No LDR Only available","No LDR Only available"," ","22-06Rollup"
"Fwpuclnt.dll","Net_Ipsec_BFE","6.2.17763.2989","1","14-May-2022","GDR","5014692","June 14, 2022-KB5014692 (OS Build 17763.3046)","http://support.microsoft.com/kb/5014692","No LDR Only available","No LDR Only available","No LDR Only available"," ","22-06Rollup"
"Iphlpsvc.dll","Net_DirectAccess_Client","6.2.17763.2989","1","14-May-2022","GDR","5014692","June 14, 2022-KB5014692 (OS Build 17763.3046)","http://support.microsoft.com/kb/5014692","No LDR Only available","No LDR Only available","No LDR Only available"," ","22-06Rollup"
"Netcorehc.dll","Net_DirectAccess_Client","6.2.17763.1697","1","07-Jan-2021","GDR","5014692","June 14, 2022-KB5014692 (OS Build 17763.3046)","http://support.microsoft.com/kb/5014692","No LDR Only available","No LDR Only available","No LDR Only available"," ","22-06Rollup"
"Rdpcore.dll","Net_DirectAccess_Client","6.2.17763.2989","1","14-May-2022","GDR","5014692","June 14, 2022-KB5014692 (OS Build 17763.3046)","http://support.microsoft.com/kb/5014692","No LDR Only available","No LDR Only available","No LDR Only available"," ","22-06Rollup"
"dot3svc.dll","Net_IEEE802.1x","6.2.17763.2989","1","14-May-2022","GDR","5014692","June 14, 2022-KB5014692 (OS Build 17763.3046)","http://support.microsoft.com/kb/5014692","No LDR Only available","No LDR Only available","No LDR Only available"," ","22-06Rollup"
"Rastls.dll","Net_IEEE802.1x","6.2.17763.2452","1","05-Jan-2022","GDR","5014692","June 14, 2022-KB5014692 (OS Build 17763.3046)","http://support.microsoft.com/kb/5014692","No LDR Only available","No LDR Only available","No LDR Only available"," ","22-06Rollup"
"wlansvc.dll","Net_WLAN_Client","6.2.17763.2989","1","14-May-2022","GDR","5014692","June 14, 2022-KB5014692 (OS Build 17763.3046)","http://support.microsoft.com/kb/5014692","No LDR Only available","No LDR Only available","No LDR Only available"," ","22-06Rollup"
"wlanmsm.dll","Net_WLAN_Client","6.2.17763.2989","1","14-May-2022","GDR","5014692","June 14, 2022-KB5014692 (OS Build 17763.3046)","http://support.microsoft.com/kb/5014692","No LDR Only available","No LDR Only available","No LDR Only available"," ","22-06Rollup"
"wlanapi.dll","Net_WLAN_Client","6.2.17763.2989","1","14-May-2022","GDR","5014692","June 14, 2022-KB5014692 (OS Build 17763.3046)","http://support.microsoft.com/kb/5014692","No LDR Only available","No LDR Only available","No LDR Only available"," ","22-06Rollup"
"wlansec.dll","Net_WLAN_Client","6.2.17763.2989","1","14-May-2022","GDR","5014692","June 14, 2022-KB5014692 (OS Build 17763.3046)","http://support.microsoft.com/kb/5014692","No LDR Only available","No LDR Only available","No LDR Only available"," ","22-06Rollup"
"wlansvcpal.dll","Net_WLAN_Client","6.2.17763.1","1","14-Sep-2018","GDR","5014692","June 14, 2022-KB5014692 (OS Build 17763.3046)","http://support.microsoft.com/kb/5014692","No LDR Only available","No LDR Only available","No LDR Only available"," ","22-06Rollup"
"wlanhlp.dll","Net_WLAN_Client","6.2.17763.134","1","01-Nov-2018","GDR","5014692","June 14, 2022-KB5014692 (OS Build 17763.3046)","http://support.microsoft.com/kb/5014692","No LDR Only available","No LDR Only available","No LDR Only available"," ","22-06Rollup"
"Netcfgx.dll","Net_Config","6.2.17763.1697","1","07-Jan-2021","GDR","5014692","June 14, 2022-KB5014692 (OS Build 17763.3046)","http://support.microsoft.com/kb/5014692","No LDR Only available","No LDR Only available","No LDR Only available"," ","22-06Rollup"
"Rasapi32.dll","HNV_Net","6.2.17763.1817","1","26-Feb-2021","GDR","5014692","June 14, 2022-KB5014692 (OS Build 17763.3046)","http://support.microsoft.com/kb/5014692","No LDR Only available","No LDR Only available","No LDR Only available"," ","22-06Rollup"
"Tunnel.sys","Net_IPv6","6.2.17763.864","1","07-Nov-2019","GDR","5014692","June 14, 2022-KB5014692 (OS Build 17763.3046)","http://support.microsoft.com/kb/5014692","No LDR Only available","No LDR Only available","No LDR Only available"," ","22-06Rollup"
"Dhcpcore6.dll","Net_IPv6","6.2.17763.2989","1","14-May-2022","GDR","5014692","June 14, 2022-KB5014692 (OS Build 17763.3046)","http://support.microsoft.com/kb/5014692","No LDR Only available","No LDR Only available","No LDR Only available"," ","22-06Rollup"
"Dhcpcsvc6.dll","Net_IPv6","6.2.17763.2989","1","14-May-2022","GDR","5014692","June 14, 2022-KB5014692 (OS Build 17763.3046)","http://support.microsoft.com/kb/5014692","No LDR Only available","No LDR Only available","No LDR Only available"," ","22-06Rollup"
"WebIo.dll","Net_BranchCache","6.2.17763.2989","1","14-May-2022","GDR","5014692","June 14, 2022-KB5014692 (OS Build 17763.3046)","http://support.microsoft.com/kb/5014692","No LDR Only available","No LDR Only available","No LDR Only available"," ","22-06Rollup"
"Pacer.sys","Net_QoS","6.2.17763.1397","1","05-Aug-2020","GDR","5014692","June 14, 2022-KB5014692 (OS Build 17763.3046)","http://support.microsoft.com/kb/5014692","No LDR Only available","No LDR Only available","No LDR Only available"," ","22-06Rollup"
"Mpsdrv.sys","Net_Firewall","6.2.17763.404","1","28-Mar-2019","GDR","5014692","June 14, 2022-KB5014692 (OS Build 17763.3046)","http://support.microsoft.com/kb/5014692","No LDR Only available","No LDR Only available","No LDR Only available"," ","22-06Rollup"
"MpsSvc.dll","Net_Firewall","6.2.17763.2989","1","14-May-2022","GDR","5014692","June 14, 2022-KB5014692 (OS Build 17763.3046)","http://support.microsoft.com/kb/5014692","No LDR Only available","No LDR Only available","No LDR Only available"," ","22-06Rollup"
"Ntoskrnl.exe","Core_Kernel","6.2.17763.3046","0","08-Jun-2022","GDR","5014692","June 14, 2022-KB5014692 (OS Build 17763.3046)","http://support.microsoft.com/kb/5014692","No LDR Only available","No LDR Only available","No LDR Only available"," ","22-06Rollup"
"Crashdmp.sys","Core_Kernel","6.2.17763.771","0","12-Sep-2019","GDR","5014692","June 14, 2022-KB5014692 (OS Build 17763.3046)","http://support.microsoft.com/kb/5014692","No LDR Only available","No LDR Only available","No LDR Only available"," ","22-06Rollup"
"Ntdll.dll","Core_Kernel","6.2.17763.2989","0","14-May-2022","GDR","5014692","June 14, 2022-KB5014692 (OS Build 17763.3046)","http://support.microsoft.com/kb/5014692","No LDR Only available","No LDR Only available","No LDR Only available"," ","22-06Rollup"
"Hal.dll","Core_Kernel","6.2.17763.2867","0","06-Apr-2022","GDR","5014692","June 14, 2022-KB5014692 (OS Build 17763.3046)","http://support.microsoft.com/kb/5014692","No LDR Only available","No LDR Only available","No LDR Only available"," ","22-06Rollup"
"Fltmgr.sys","Core_Kernel","6.2.17763.2510","0","18-Jan-2022","GDR","5014692","June 14, 2022-KB5014692 (OS Build 17763.3046)","http://support.microsoft.com/kb/5014692","No LDR Only available","No LDR Only available","No LDR Only available"," ","22-06Rollup"
"win32k.sys","Core_Kernel","6.2.17763.557","0","14-Jun-2022","GDR","5014692","June 14, 2022-KB5014692 (OS Build 17763.3046)","http://support.microsoft.com/kb/5014692","No LDR Only available","No LDR Only available","No LDR Only available"," ","22-06Rollup"
"Ntfs.sys","Core_FileSystem","6.2.17763.2989","0","14-May-2022","GDR","5014692","June 14, 2022-KB5014692 (OS Build 17763.3046)","http://support.microsoft.com/kb/5014692","No LDR Only available","No LDR Only available","No LDR Only available"," ","22-06Rollup"
"dedup.sys","Core_FileSystem","6.2.17763.2989","0","14-May-2022","GDR","5014692","June 14, 2022-KB5014692 (OS Build 17763.3046)","http://support.microsoft.com/kb/5014692","No LDR Only available","No LDR Only available","No LDR Only available"," ","22-06Rollup"
"Msiscsi.sys","Core_DiskSystem","6.2.17763.1728","0","09-Jan-2021","GDR","5014692","June 14, 2022-KB5014692 (OS Build 17763.3046)","http://support.microsoft.com/kb/5014692","No LDR Only available","No LDR Only available","No LDR Only available"," ","22-06Rollup"
"Iscsitgt.dll","Core_DiskSystem","6.2.17763.1697","0","07-Jan-2021","GDR","5014692","June 14, 2022-KB5014692 (OS Build 17763.3046)","http://support.microsoft.com/kb/5014692","No LDR Only available","No LDR Only available","No LDR Only available"," ","22-06Rollup"
"Storport.sys","Core_DiskSystem","6.2.17763.2628","0","10-Feb-2022","GDR","5014692","June 14, 2022-KB5014692 (OS Build 17763.3046)","http://support.microsoft.com/kb/5014692","No LDR Only available","No LDR Only available","No LDR Only available"," ","22-06Rollup"
"Repdrvfs.dll","Core_WMI","6.2.17763.2989","0","14-May-2022","GDR","5014692","June 14, 2022-KB5014692 (OS Build 17763.3046)","http://support.microsoft.com/kb/5014692","No LDR Only available","No LDR Only available","No LDR Only available"," ","22-06Rollup"
"Advapi32.dll","Core_Apps","6.2.17763.2989","0","14-May-2022","GDR","5014692","June 14, 2022-KB5014692 (OS Build 17763.3046)","http://support.microsoft.com/kb/5014692","No LDR Only available","No LDR Only available","No LDR Only available"," ","22-06Rollup"
"Mshtml.dll","IE_Client","11.0.17763.2989","0","14-May-2022","GDR","5014692","June 14, 2022-KB5014692 (OS Build 17763.3046)","http://support.microsoft.com/kb/5014692","No LDR Only available","No LDR Only available","No LDR Only available"," ","22-06Rollup"
"5005112","Win2016RS5_21_08_SSU_KB"," ","0","08-Jun-2021","GDR","5005112","KB5005112: Servicing stack update for Windows 10, version 1809: August 10, 2021","http://support.microsoft.com/kb/5005112","No LDR Only available","No LDR Only available","No LDR Only available"," ","No Rollup"
"5014692","Win2016RS5_22-06_B_rollup_KB"," ","0","14-Jun-2022","GDR","5014692","June 14, 2022-KB5014692 (OS Build 17763.3046)","http://support.microsoft.com/kb/5014692","No LDR Only available","No LDR Only available","No LDR Only available"," ","22-06Rollup"
