"Binary","Component","Version","Prio","Published","Branch","Article","Title","Link","LDROnlyKB","LDROnlyTitle","LDROnlyLink","Comment","RollupInfo"
"Clussvc.exe","Cluster_Core","6.2.22000.1","0","","RTM","5026436","","","","","","",""
"ClusWMI.dll","Cluster_Core","6.2.22000.1","0","","RTM","5026436","","","","","","",""
"Rhs.exe","Cluster_Core","6.2.22000.1","0","","RTM","5026436","","","","","","",""
"Clusres.dll","Cluster_Core","6.2.22000.1","0","","RTM","5026436","","","","","","",""
"Clusres2.dll","Cluster_Core","6.2.22000.1","0","","RTM","5026436","","","","","","",""
"Netft.sys","Cluster_Core","6.2.22000.1","0","","RTM","5026436","","","","","","",""
"Clusauthmgr.dll","Cluster_Core","6.2.22000.1","0","","RTM","5026436","","","","","","",""
"Witness.dll","Cluster_Core","6.2.22000.1","0","","RTM","5026436","","","","","","",""
"Csvflt.sys","Cluster_CSV","6.2.22000.1","0","","RTM","5026436","","","","","","",""
"Csvfs.sys","Cluster_CSV","6.2.22000.1","0","","RTM","5026436","","","","","","",""
"Csvfilter.sys","Cluster_CSV","6.2.22000.1","0","","RTM","5026436","","","","","","",""
"Vhdmp.sys","Cluster_CSV","6.2.22000.1936","0","14-May-2023","GDR","5026436","May 23, 2023-KB5026436 (OS Build 22000.2003) Preview","http://support.microsoft.com/kb/5026436","No LDR Only available","No LDR Only available","No LDR Only available"," ","23-05Rollup"
"Svhdxflt.sys","Cluster_CSV","6.2.22000.1","0","","RTM","5026436","","","","","","",""
"Clusdisk.sys","Cluster_Disk","6.2.22000.1","0","","RTM","5026436","","","","","","",""
"Volsnap.sys","Cluster_Volsnap","6.2.22000.1","0","","RTM","5026436","","","","","","",""
"Cprepsrv.exe","Cluster_Validation","6.2.22000.1","1","","RTM","5026436","","","","","","",""
"Failoverclusters.agent.interop.dll","Cluster_Validation","6.2.22000.1","1","","RTM","5026436","","","","","","",""
"Microsoft.failoverclusters.framework.dll","Cluster_Validation","6.2.22000.1","1","","RTM","5026436","","","","","","",""
"Mpio.sys","Core_MPIO","6.2.22000.1","0","","RTM","5026436","","","","","","",""
"Msdsm.sys","Core_MPIO","6.2.22000.1","0","","RTM","5026436","","","","","","",""
"Storport.sys","Core_DiskSystem","6.2.22000.2003","0","14-May-2023","GDR","5026436","May 23, 2023-KB5026436 (OS Build 22000.2003) Preview","http://support.microsoft.com/kb/5026436","No LDR Only available","No LDR Only available","No LDR Only available"," ","23-05Rollup"
"5026436","Win11_23-05_D_rollup_KB"," ","0","24-May-2023","GDR","5026436","May 23, 2023-KB5026436 (OS Build 22000.2003) Preview","http://support.microsoft.com/kb/5026436","No LDR Only available","No LDR Only available","No LDR Only available"," ","23-05Rollup"
