"Binary","Component","Version","Prio","Published","Branch","Article","Title","Link","LDROnlyKB","LDROnlyTitle","LDROnlyLink","Comment","RollupInfo"
"Clussvc.exe","Cluster_Core","6.2.22621.1105","0","31-Jan-2023","GDR","5022845","February 14, 2023-KB5022845 (OS Build 22621.1265)","http://support.microsoft.com/kb/5022845","No LDR Only available","No LDR Only available","No LDR Only available"," ","23-02Rollup"
"ClusWMI.dll","Cluster_Core","6.2.22621.608","0","31-Jan-2023","GDR","5022845","February 14, 2023-KB5022845 (OS Build 22621.1265)","http://support.microsoft.com/kb/5022845","No LDR Only available","No LDR Only available","No LDR Only available"," ","23-02Rollup"
"Rhs.exe","Cluster_Core","6.2.22621.1","0","","RTM","5022845","","","","","","",""
"Clusres.dll","Cluster_Core","6.2.22621.900","0","31-Jan-2023","GDR","5022845","February 14, 2023-KB5022845 (OS Build 22621.1265)","http://support.microsoft.com/kb/5022845","No LDR Only available","No LDR Only available","No LDR Only available"," ","23-02Rollup"
"Clusres2.dll","Cluster_Core","6.2.22621.674","0","31-Jan-2023","GDR","5022845","February 14, 2023-KB5022845 (OS Build 22621.1265)","http://support.microsoft.com/kb/5022845","No LDR Only available","No LDR Only available","No LDR Only available"," ","23-02Rollup"
"Netft.sys","Cluster_Core","6.2.22621.608","0","31-Jan-2023","GDR","5022845","February 14, 2023-KB5022845 (OS Build 22621.1265)","http://support.microsoft.com/kb/5022845","No LDR Only available","No LDR Only available","No LDR Only available"," ","23-02Rollup"
"Clusauthmgr.dll","Cluster_Core","6.2.22621.1","0","","RTM","5022845","","","","","","",""
"Witness.dll","Cluster_Core","6.2.22621.1","0","","RTM","5022845","","","","","","",""
"Csvflt.sys","Cluster_CSV","6.2.22621.1","0","","RTM","5022845","","","","","","",""
"Csvfs.sys","Cluster_CSV","6.2.22621.608","0","31-Jan-2023","GDR","5022845","February 14, 2023-KB5022845 (OS Build 22621.1265)","http://support.microsoft.com/kb/5022845","No LDR Only available","No LDR Only available","No LDR Only available"," ","23-02Rollup"
"Csvfilter.sys","Cluster_CSV","6.2.22621.1","0","","RTM","5022845","","","","","","",""
"Vhdmp.sys","Cluster_CSV","6.2.22621.900","0","31-Jan-2023","GDR","5022845","February 14, 2023-KB5022845 (OS Build 22621.1265)","http://support.microsoft.com/kb/5022845","No LDR Only available","No LDR Only available","No LDR Only available"," ","23-02Rollup"
"Svhdxflt.sys","Cluster_CSV","6.2.22621.608","0","31-Jan-2023","GDR","5022845","February 14, 2023-KB5022845 (OS Build 22621.1265)","http://support.microsoft.com/kb/5022845","No LDR Only available","No LDR Only available","No LDR Only available"," ","23-02Rollup"
"Clusdisk.sys","Cluster_Disk","6.2.22621.1","0","","RTM","5022845","","","","","","",""
"Volsnap.sys","Cluster_Volsnap","6.2.22621.1","0","","RTM","5022845","","","","","","",""
"Cprepsrv.exe","Cluster_Validation","6.2.22621.608","1","31-Jan-2023","GDR","5022845","February 14, 2023-KB5022845 (OS Build 22621.1265)","http://support.microsoft.com/kb/5022845","No LDR Only available","No LDR Only available","No LDR Only available"," ","23-02Rollup"
"Failoverclusters.agent.interop.dll","Cluster_Validation","6.2.22621.608","1","31-Jan-2023","GDR","5022845","February 14, 2023-KB5022845 (OS Build 22621.1265)","http://support.microsoft.com/kb/5022845","No LDR Only available","No LDR Only available","No LDR Only available"," ","23-02Rollup"
"Microsoft.failoverclusters.framework.dll","Cluster_Validation","6.2.22621.1","1","","RTM","5022845","","","","","","",""
"Mpio.sys","Core_MPIO","6.2.22621.1","0","","RTM","5022845","","","","","","",""
"Msdsm.sys","Core_MPIO","6.2.22621.1","0","","RTM","5022845","","","","","","",""
"Storport.sys","Core_DiskSystem","6.2.22621.900","0","13-Dec-2022","GDR","5022845","February 14, 2023-KB5022845 (OS Build 22621.1265)","http://support.microsoft.com/kb/5022845","No LDR Only available","No LDR Only available","No LDR Only available","rEX","23-02Rollup"
"5022845","Win1122H2_23-02_B_rollup_KB"," ","0","14-Feb-2023","GDR","5022845","February 14, 2023-KB5022845 (OS Build 22621.1265)","http://support.microsoft.com/kb/5022845","No LDR Only available","No LDR Only available","No LDR Only available"," ","23-02Rollup"
