"Binary","Component","Version","Prio","Published","Branch","Article","Title","Link","LDROnlyKB","LDROnlyTitle","LDROnlyLink","Comment","RollupInfo"
"Ntoskrnl.exe","Core_Kernel","6.3.9600.21013","0","13-Jun-2023","GDR","5027271","June 13, 2023-KB5027271 (Monthly Rollup)","http://support.microsoft.com/kb/5027271","No LDR Only available","No LDR Only available","No LDR Only available","rEX","23-06Rollup"
"Ntkrnlpa.exe","Core_Kernel","6.3.9600.0","0","","RTM","5027271","","","","","","",""
"crashdmp.sys","Core_Kernel","6.3.9600.17622","0","20.12.2014","GDR","3027113 (v1.0)","Can't save a dump file when the system crashes and the Round Robin MPIO policy is used in Windows Server 201","http://support.microsoft.com/kb/3027113","No LDR Only available","No LDR Only available","No LDR Only available"," ","No Rollup"
"Ntdll.dll","Core_Kernel","6.3.9600.20718","0","13-Dec-2022","GDR","5027271","June 13, 2023-KB5027271 (Monthly Rollup)","http://support.microsoft.com/kb/5027271","No LDR Only available","No LDR Only available","No LDR Only available","rEX","23-06Rollup"
"Hal.dll","Core_Kernel","6.3.9600.20512","0","12-Jul-2022","GDR","5027271","June 13, 2023-KB5027271 (Monthly Rollup)","http://support.microsoft.com/kb/5027271","No LDR Only available","No LDR Only available","No LDR Only available"," ","23-06Rollup"
"Fltmgr.sys","Core_Kernel","6.3.9600.20037","0","12-May-2021","GDR","5027271","June 13, 2023-KB5027271 (Monthly Rollup)","http://support.microsoft.com/kb/5027271","No LDR Only available","No LDR Only available","No LDR Only available"," ","23-06Rollup"
"win32k.sys","Core_Kernel","6.3.9600.21009","0","13-Jun-2023","GDR","5027271","June 13, 2023-KB5027271 (Monthly Rollup)","http://support.microsoft.com/kb/5027271","No LDR Only available","No LDR Only available","No LDR Only available","rEX","23-06Rollup"
"Ntfs.sys","Core_FileSystem","6.3.9600.21013","0","13-Jun-2023","GDR","5027271","June 13, 2023-KB5027271 (Monthly Rollup)","http://support.microsoft.com/kb/5027271","No LDR Only available","No LDR Only available","No LDR Only available","rEX","23-06Rollup"
"dedup.sys","Core_FileSystem","6.3.9600.19242","0","21-Dec-2018","GDR","5027271","June 13, 2023-KB5027271 (Monthly Rollup)","http://support.microsoft.com/kb/5027271","No LDR Only available","No LDR Only available","No LDR Only available"," ","23-06Rollup"
"Msiscsi.sys","Core_DiskSystem","6.3.9600.20961","0","07-Apr-2023","GDR","5027271","June 13, 2023-KB5027271 (Monthly Rollup)","http://support.microsoft.com/kb/5027271","No LDR Only available","No LDR Only available","No LDR Only available"," ","23-06Rollup"
"Iscsitgt.dll","Core_DiskSystem","6.3.9600.19913","0","08-Dec-2020","GDR","5027271","June 13, 2023-KB5027271 (Monthly Rollup)","http://support.microsoft.com/kb/5027271","No LDR Only available","No LDR Only available","No LDR Only available"," ","23-06Rollup"
"Storport.sys","Core_DiskSystem","6.3.9600.20518","0","28-Jul-2022","GDR","5027271","June 13, 2023-KB5027271 (Monthly Rollup)","http://support.microsoft.com/kb/5027271","No LDR Only available","No LDR Only available","No LDR Only available"," ","23-06Rollup"
"repdrvfs.dll","Core_WMI","6.3.9600.17475","0","29.10.2014","GDR","3173424 (v3.0)","Servicing stack update for Windows 8.1 and Windows Server 2012 R2: July 12, 2016","http://support.microsoft.com/kb/3173424","No LDR Only available","No LDR Only available","No LDR Only available"," ","No Rollup"
"Mpio.sys","Core_MPIO","6.3.9600.19343","0","08-Apr-2019","GDR","5027271","June 13, 2023-KB5027271 (Monthly Rollup)","http://support.microsoft.com/kb/5027271","No LDR Only available","No LDR Only available","No LDR Only available"," ","23-06Rollup"
"Msdsm.sys","Core_MPIO","6.3.9600.18592","0","10-Feb-2017","GDR","5027271","June 13, 2023-KB5027271 (Monthly Rollup)","http://support.microsoft.com/kb/5027271","No LDR Only available","No LDR Only available","No LDR Only available"," ","23-06Rollup"
"Advapi32.dll","Core_Apps","6.3.9600.20969","0","09-May-2023","GDR","5027271","June 13, 2023-KB5027271 (Monthly Rollup)","http://support.microsoft.com/kb/5027271","No LDR Only available","No LDR Only available","No LDR Only available","rEX","23-06Rollup"
"vssapi.dll","Core_VSS","6.3.9600.17466","1","22.10.2014","GDR","2996928 (v1.1)","Backup task fails with a time-out error in Window","http://support.microsoft.com/kb/2996928","No LDR Only available","No LDR Only available","No LDR Only available"," ","14-12Rollup"
"vsstrace.dll","Core_VSS","6.3.9600.17466","1","22.10.2014","GDR","2996928 (v1.1)","Backup task fails with a time-out error in Window","http://support.microsoft.com/kb/2996928","No LDR Only available","No LDR Only available","No LDR Only available"," ","14-12Rollup"
"vsssvc.exe","Core_VSS","6.3.9600.0","1","","RTM","5027271","","","","","","",""
"swprv.dll","Core_VSS","6.3.9600.17415","1","30.10.2014","GDR","3000850 (v1.7)","November 2014 update rollup for Windows RT 8.1, Windows 8.1, and Windows Server 2012 R","http://support.microsoft.com/kb/3000850","No LDR Only available","No LDR Only available","No LDR Only available"," ","14-11Rollup"
"spp.dll","Core_VSS","6.3.9600.17415","1","18.11.2014","GDR","3000850 (v1.8)","November 2014 update rollup for Windows RT 8.1, Windows 8.1, and Windows Server 2012 R","http://support.microsoft.com/kb/3000850","No LDR Only available","No LDR Only available","No LDR Only available"," ","14-11Rollup"
"wbengine.exe","Core_VSS","6.3.9600.19692","1","04-Apr-2020","GDR","5027271","June 13, 2023-KB5027271 (Monthly Rollup)","http://support.microsoft.com/kb/5027271","No LDR Only available","No LDR Only available","No LDR Only available"," ","23-06Rollup"
"blbsrv.dll","Core_VSS","6.3.9600.18192","1","10.01.2016","GDR","3134813 (v1.0)","Windows Server Backup may hit process freeze and backup operation fails in Windows Server 2012 R2","http://support.microsoft.com/kb/3134813","No LDR Only available","No LDR Only available","No LDR Only available","rEX","No Rollup"
"volsnap.sys","Cluster_Volsnap","6.3.9600.18788","0","08-Nov-2022","GDR","3145384","MinDiffAreaFileSize registry value limit is increased from 3 GB to 50 GB in Windows 8.1 or Windows Server 2012 R2","http://support.microsoft.com/kb/3145384","No LDR Only available","No LDR Only available","No LDR Only available","rEX","No Rollup"
"pci.sys","Core_Sys","6.3.9600.18939","1","10-Feb-2018","GDR","5027271","June 13, 2023-KB5027271 (Monthly Rollup)","http://support.microsoft.com/kb/5027271","No LDR Only available","No LDR Only available","No LDR Only available"," ","23-06Rollup"
"Termdd.sys","Core_Sys","6.3.9600.0","1","","RTM","5027271","","","","","","",""
"Volmgr.sys","Core_Sys","6.3.9600.20237","1","15-Dec-2021","GDR","5027271","June 13, 2023-KB5027271 (Monthly Rollup)","http://support.microsoft.com/kb/5027271","No LDR Only available","No LDR Only available","No LDR Only available"," ","23-06Rollup"
"Crypt32.dll","Dom_CRYPTO","6.3.9600.20512","1","11-Jul-2022","GDR","5027271","June 13, 2023-KB5027271 (Monthly Rollup)","http://support.microsoft.com/kb/5027271","No LDR Only available","No LDR Only available","No LDR Only available"," ","23-06Rollup"
"cryptsvc.dll","Dom_CRYPTO","6.3.9600.17415","1","30.10.2014","GDR","3000850 (v1.7)","November 2014 update rollup for Windows RT 8.1, Windows 8.1, and Windows Server 2012 R","http://support.microsoft.com/kb/3000850","No LDR Only available","No LDR Only available","No LDR Only available"," ","14-11Rollup"
"Cryptnet.dll","Dom_CRYPTO","6.3.9600.18878","1","05-Dec-2017","GDR","5027271","June 13, 2023-KB5027271 (Monthly Rollup)","http://support.microsoft.com/kb/5027271","No LDR Only available","No LDR Only available","No LDR Only available"," ","23-06Rollup"
"Wintrust.dll","Dom_CRYPTO","6.3.9600.20369","1","27-Apr-2022","GDR","5027271","June 13, 2023-KB5027271 (Monthly Rollup)","http://support.microsoft.com/kb/5027271","No LDR Only available","No LDR Only available","No LDR Only available"," ","23-06Rollup"
"Cryptdll.dll","Dom_CRYPTO","6.3.9600.19343","1","05-Apr-2019","GDR","5027271","June 13, 2023-KB5027271 (Monthly Rollup)","http://support.microsoft.com/kb/5027271","No LDR Only available","No LDR Only available","No LDR Only available"," ","23-06Rollup"
"Cryptcatsvc.dll","Dom_CRYPTO","6.3.9600.19812","1","14-Aug-2020","GDR","5027271","June 13, 2023-KB5027271 (Monthly Rollup)","http://support.microsoft.com/kb/5027271","No LDR Only available","No LDR Only available","No LDR Only available"," ","23-06Rollup"
"Tzres.dll","Core_TimeZone","6.3.9600.16384","1","01-Jan-2022","GDR","5027271","June 13, 2023-KB5027271 (Monthly Rollup)","http://support.microsoft.com/kb/5027271","No LDR Only available","No LDR Only available","No LDR Only available"," ","23-06Rollup"
"5001403","Win2012R2_21_04_SSU_KB","KBOnlyVersion","0","13-Apr-2021","GDR","5001403","KB5001403: Servicing stack update for Windows 8.1, Windows RT 8.1, and Windows Server 2012 R2: April 13, 2021","http://support.microsoft.com/kb/5001403","No LDR Only available","No LDR Only available","No LDR Only available"," ","No Rollup"
"3123245","All_OS_2012R2_important_KB","KBOnlyVersion","0","14-Apr-2016","GDR","3123245 (v4.0)","Update improves port exhaustion identification in Windows Server 2012 R2","http://support.microsoft.com/kb/3123245","No LDR Only available","No LDR Only available","No LDR Only available"," ","No Rollup"
"2919355","Win2012R2_14_04_rollup_KB"," ","0","24.02.2014","GDR","2919355 (v1.14)","Windows RT 8.1, Windows 8.1, and Windows Server 2012 R2 Update: April 2014","http://support.microsoft.com/kb/2919355","No LDR Only available","No LDR Only available","No LDR Only available"," ","14-04Rollup"
"3000850","Win2012R2_14_11_rollup_KB"," ","0","18.11.2014","GDR","3000850 (v2.0)","November 2014 update rollup for Windows RT 8.1, Windows 8.1, and Windows Server 2012 R2","http://support.microsoft.com/kb/3000850","No LDR Only available","No LDR Only available","No LDR Only available"," ","14-11Rollup"
"3013769","Win2012R2_14_12_rollup_KB"," ","0","10.12.2014","GDR","3013769 (v2.0)","December 2014 update rollup for Windows RT 8.1, Windows 8.1, and Windows Server 2012 R2","http://support.microsoft.com/kb/3013769","No LDR Only available","No LDR Only available","No LDR Only available"," ","14-12Rollup"
"3172614","Win2012R2_16_07_rollup_KB"," ","0","19.07.2016","GDR","3172614 (v1.0)","July 2016 update rollup for Windows RT 8.1, Windows 8.1, and Windows Server 2012 R2","http://support.microsoft.com/kb/3172614","No LDR Only available","No LDR Only available","No LDR Only available"," ","16-07Rollup"
"3179574","Win2012R2_16_08_rollup_KB"," ","0","16.08.2016","GDR","3179574 (v1.0)","August 2016 update rollup for Windows RT 8.1, Windows 8.1, and Windows Server 2012 R2","http://support.microsoft.com/kb/3179574","No LDR Only available","No LDR Only available","No LDR Only available"," ","16-08Rollup"
"5027271","Win2012R2_23-06_B_rollup_KB"," ","0","13-Jun-2023","GDR","5027271","June 13, 2023-KB5027271 (Monthly Rollup)","http://support.microsoft.com/kb/5027271","No LDR Only available","No LDR Only available","No LDR Only available"," ","23-06Rollup"
