"Binary","Component","Version","Prio","Published","Branch","Article","Title","Link","LDROnlyKB","LDROnlyTitle","LDROnlyLink","Comment","RollupInfo"
"Robocopy.exe","Net_Applications","6.2.20348.1547","1","09-Mar-2023","GDR","5023705","March 14, 2023-KB5023705 (OS Build 20348.1607)","http://support.microsoft.com/kb/5023705","No LDR Only available","No LDR Only available","No LDR Only available"," ","23-03Rollup"
"srv.sys","Net_SMB_Server","6.2.20348.1194","0","09-Mar-2023","GDR","5023705","March 14, 2023-KB5023705 (OS Build 20348.1607)","http://support.microsoft.com/kb/5023705","No LDR Only available","No LDR Only available","No LDR Only available"," ","23-03Rollup"
"srv2.sys","Net_SMB_Server","6.2.20348.1547","0","09-Mar-2023","GDR","5023705","March 14, 2023-KB5023705 (OS Build 20348.1607)","http://support.microsoft.com/kb/5023705","No LDR Only available","No LDR Only available","No LDR Only available"," ","23-03Rollup"
"srvnet.sys","Net_SMB_Server","6.2.20348.1607","0","08-Mar-2023","GDR","5023705","March 14, 2023-KB5023705 (OS Build 20348.1607)","http://support.microsoft.com/kb/5023705","No LDR Only available","No LDR Only available","No LDR Only available"," ","23-03Rollup"
"Srvsvc.dll","Net_SMB_Server","6.2.20348.1129","0","09-Mar-2023","GDR","5023705","March 14, 2023-KB5023705 (OS Build 20348.1607)","http://support.microsoft.com/kb/5023705","No LDR Only available","No LDR Only available","No LDR Only available"," ","23-03Rollup"
"Mrxsmb.sys","Net_SMB_Client","6.2.20348.1607","0","08-Mar-2023","GDR","5023705","March 14, 2023-KB5023705 (OS Build 20348.1607)","http://support.microsoft.com/kb/5023705","No LDR Only available","No LDR Only available","No LDR Only available"," ","23-03Rollup"
"Mrxsmb10.sys","Net_SMB_Client","6.2.20348.1607","0","09-Mar-2023","GDR","5023705","March 14, 2023-KB5023705 (OS Build 20348.1607)","http://support.microsoft.com/kb/5023705","No LDR Only available","No LDR Only available","No LDR Only available"," ","23-03Rollup"
"Mrxsmb20.sys","Net_SMB_Client","6.2.20348.1607","0","08-Mar-2023","GDR","5023705","March 14, 2023-KB5023705 (OS Build 20348.1607)","http://support.microsoft.com/kb/5023705","No LDR Only available","No LDR Only available","No LDR Only available"," ","23-03Rollup"
"Rdbss.sys","Net_SMB_Client","6.2.20348.1547","0","09-Mar-2023","GDR","5023705","March 14, 2023-KB5023705 (OS Build 20348.1607)","http://support.microsoft.com/kb/5023705","No LDR Only available","No LDR Only available","No LDR Only available"," ","23-03Rollup"
"Netbt.sys","Net_SMB_Client","6.2.20348.1","0","","RTM","5023705","","","","","","",""
"Mup.sys","Net_SMB_Client","6.2.20348.1","0","","RTM","5023705","","","","","","",""
"wkssvc.dll","Net_SMB_Client","6.2.20348.1547","0","09-Mar-2023","GDR","5023705","March 14, 2023-KB5023705 (OS Build 20348.1607)","http://support.microsoft.com/kb/5023705","No LDR Only available","No LDR Only available","No LDR Only available"," ","23-03Rollup"
"Mpr.dll","Net_SMB_Client","6.2.20348.803","0","09-Mar-2023","GDR","5023705","March 14, 2023-KB5023705 (OS Build 20348.1607)","http://support.microsoft.com/kb/5023705","No LDR Only available","No LDR Only available","No LDR Only available"," ","23-03Rollup"
"NtLanman.dll","Net_SMB_Client","6.2.20348.1547","0","09-Mar-2023","GDR","5023705","March 14, 2023-KB5023705 (OS Build 20348.1607)","http://support.microsoft.com/kb/5023705","No LDR Only available","No LDR Only available","No LDR Only available"," ","23-03Rollup"
"Tcpip.sys","Net_Protocol","6.2.20348.1607","0","08-Mar-2023","GDR","5023705","March 14, 2023-KB5023705 (OS Build 20348.1607)","http://support.microsoft.com/kb/5023705","No LDR Only available","No LDR Only available","No LDR Only available"," ","23-03Rollup"
"Afd.sys","Net_Protocol","6.2.20348.1547","0","09-Mar-2023","GDR","5023705","March 14, 2023-KB5023705 (OS Build 20348.1607)","http://support.microsoft.com/kb/5023705","No LDR Only available","No LDR Only available","No LDR Only available"," ","23-03Rollup"
"Netio.sys","Net_Protocol","6.2.20348.1607","0","08-Mar-2023","GDR","5023705","March 14, 2023-KB5023705 (OS Build 20348.1607)","http://support.microsoft.com/kb/5023705","No LDR Only available","No LDR Only available","No LDR Only available"," ","23-03Rollup"
"Ndis.sys","Net_Protocol","6.2.20348.320","0","09-Mar-2023","GDR","5023705","March 14, 2023-KB5023705 (OS Build 20348.1607)","http://support.microsoft.com/kb/5023705","No LDR Only available","No LDR Only available","No LDR Only available"," ","23-03Rollup"
"Netiohlp.dll","Net_Protocol","6.2.20348.1194","0","09-Mar-2023","GDR","5023705","March 14, 2023-KB5023705 (OS Build 20348.1607)","http://support.microsoft.com/kb/5023705","No LDR Only available","No LDR Only available","No LDR Only available"," ","23-03Rollup"
"Tdx.sys","Net_Protocol","6.2.20348.230","0","09-Mar-2023","GDR","5023705","March 14, 2023-KB5023705 (OS Build 20348.1607)","http://support.microsoft.com/kb/5023705","No LDR Only available","No LDR Only available","No LDR Only available"," ","23-03Rollup"
"Iphlpapi.dll","Net_Protocol","6.2.20348.261","0","09-Mar-2023","GDR","5023705","March 14, 2023-KB5023705 (OS Build 20348.1607)","http://support.microsoft.com/kb/5023705","No LDR Only available","No LDR Only available","No LDR Only available"," ","23-03Rollup"
"Tunnel.sys","Net_IPv6","6.2.20348.1194","1","09-Mar-2023","GDR","5023705","March 14, 2023-KB5023705 (OS Build 20348.1607)","http://support.microsoft.com/kb/5023705","No LDR Only available","No LDR Only available","No LDR Only available"," ","23-03Rollup"
"Dhcpcore6.dll","Net_IPv6","6.2.20348.1607","1","08-Mar-2023","GDR","5023705","March 14, 2023-KB5023705 (OS Build 20348.1607)","http://support.microsoft.com/kb/5023705","No LDR Only available","No LDR Only available","No LDR Only available"," ","23-03Rollup"
"Dhcpcsvc6.dll","Net_IPv6","6.2.20348.1607","1","08-Mar-2023","GDR","5023705","March 14, 2023-KB5023705 (OS Build 20348.1607)","http://support.microsoft.com/kb/5023705","No LDR Only available","No LDR Only available","No LDR Only available"," ","23-03Rollup"
"Nlasvc.dll","Net_NLA","6.2.20348.469","0","09-Mar-2023","GDR","5023705","March 14, 2023-KB5023705 (OS Build 20348.1607)","http://support.microsoft.com/kb/5023705","No LDR Only available","No LDR Only available","No LDR Only available"," ","23-03Rollup"
"Ncsi.dll","Net_NLA","6.2.20348.469","0","09-Mar-2023","GDR","5023705","March 14, 2023-KB5023705 (OS Build 20348.1607)","http://support.microsoft.com/kb/5023705","No LDR Only available","No LDR Only available","No LDR Only available"," ","23-03Rollup"
"Nlaapi.dll","Net_NLA","6.2.20348.469","0","09-Mar-2023","GDR","5023705","March 14, 2023-KB5023705 (OS Build 20348.1607)","http://support.microsoft.com/kb/5023705","No LDR Only available","No LDR Only available","No LDR Only available"," ","23-03Rollup"
"Dns.exe","Net_DNS_Srv","6.2.20348.1607","0","09-Mar-2023","GDR","5023705","March 14, 2023-KB5023705 (OS Build 20348.1607)","http://support.microsoft.com/kb/5023705","No LDR Only available","No LDR Only available","No LDR Only available"," ","23-03Rollup"
"Dhcpssvc.dll","Net_DHCP_Srv","6.2.20348.1070","0","09-Mar-2023","GDR","5023705","March 14, 2023-KB5023705 (OS Build 20348.1607)","http://support.microsoft.com/kb/5023705","No LDR Only available","No LDR Only available","No LDR Only available"," ","23-03Rollup"
"Dfssvc.exe","Net_DFS-N_Srv","6.2.20348.143","0","09-Mar-2023","GDR","5023705","March 14, 2023-KB5023705 (OS Build 20348.1607)","http://support.microsoft.com/kb/5023705","No LDR Only available","No LDR Only available","No LDR Only available"," ","23-03Rollup"
"Nfssvc.exe","Net_NFS_Srv","6.2.20348.1070","0","09-Mar-2023","GDR","5023705","March 14, 2023-KB5023705 (OS Build 20348.1607)","http://support.microsoft.com/kb/5023705","No LDR Only available","No LDR Only available","No LDR Only available"," ","23-03Rollup"
"Nfssvr.sys","Net_NFS_Srv","6.2.20348.1070","0","09-Mar-2023","GDR","5023705","March 14, 2023-KB5023705 (OS Build 20348.1607)","http://support.microsoft.com/kb/5023705","No LDR Only available","No LDR Only available","No LDR Only available"," ","23-03Rollup"
"Msnfsflt.sys","Net_NFS_Srv","6.2.20348.1070","0","09-Mar-2023","GDR","5023705","March 14, 2023-KB5023705 (OS Build 20348.1607)","http://support.microsoft.com/kb/5023705","No LDR Only available","No LDR Only available","No LDR Only available"," ","23-03Rollup"
"portmap.sys","Net_NFS_Srv","6.2.20348.1006","0","09-Mar-2023","GDR","5023705","March 14, 2023-KB5023705 (OS Build 20348.1607)","http://support.microsoft.com/kb/5023705","No LDR Only available","No LDR Only available","No LDR Only available"," ","23-03Rollup"
"rpcxdr.sys","Net_NFS_Srv","6.2.20348.825","0","09-Mar-2023","GDR","5023705","March 14, 2023-KB5023705 (OS Build 20348.1607)","http://support.microsoft.com/kb/5023705","No LDR Only available","No LDR Only available","No LDR Only available"," ","23-03Rollup"
"Nlb.sys","Net_NLB_Srv","6.2.20348.1","0","","RTM","5023705","","","","","","",""
"Csc.sys","Net_CSC_Offline","6.2.20348.946","1","09-Mar-2023","GDR","5023705","March 14, 2023-KB5023705 (OS Build 20348.1607)","http://support.microsoft.com/kb/5023705","No LDR Only available","No LDR Only available","No LDR Only available"," ","23-03Rollup"
"Cscapi.dll","Net_CSC_Offline","6.2.20348.1","1","","RTM","5023705","","","","","","",""
"Cscdll.dll","Net_CSC_Offline","6.2.20348.1","1","","RTM","5023705","","","","","","",""
"Cscsvc.dll","Net_CSC_Offline","6.2.20348.1070","1","09-Mar-2023","GDR","5023705","March 14, 2023-KB5023705 (OS Build 20348.1607)","http://support.microsoft.com/kb/5023705","No LDR Only available","No LDR Only available","No LDR Only available"," ","23-03Rollup"
"Cscmig.dll","Net_CSC_Offline","6.2.20348.946","1","09-Mar-2023","GDR","5023705","March 14, 2023-KB5023705 (OS Build 20348.1607)","http://support.microsoft.com/kb/5023705","No LDR Only available","No LDR Only available","No LDR Only available"," ","23-03Rollup"
"Cscui.dll","Net_CSC_Offline","6.2.20348.1","1","","RTM","5023705","","","","","","",""
"Mrxdav.sys","Net_WebDAV","6.2.20348.558","1","09-Mar-2023","GDR","5023705","March 14, 2023-KB5023705 (OS Build 20348.1607)","http://support.microsoft.com/kb/5023705","No LDR Only available","No LDR Only available","No LDR Only available"," ","23-03Rollup"
"Webclnt.dll","Net_WebDAV","6.2.20348.558","1","09-Mar-2023","GDR","5023705","March 14, 2023-KB5023705 (OS Build 20348.1607)","http://support.microsoft.com/kb/5023705","No LDR Only available","No LDR Only available","No LDR Only available"," ","23-03Rollup"
"Davclnt.dll","Net_WebDAV","6.2.20348.1","1","","RTM","5023705","","","","","","",""
"Shell32.dll","Net_WebDAV","6.2.20348.1607","1","08-Mar-2023","GDR","5023705","March 14, 2023-KB5023705 (OS Build 20348.1607)","http://support.microsoft.com/kb/5023705","No LDR Only available","No LDR Only available","No LDR Only available"," ","23-03Rollup"
"Winhttp.dll","Net_WebDAV","6.2.20348.1607","1","08-Mar-2023","GDR","5023705","March 14, 2023-KB5023705 (OS Build 20348.1607)","http://support.microsoft.com/kb/5023705","No LDR Only available","No LDR Only available","No LDR Only available"," ","23-03Rollup"
"Dfsc.sys","Net_DFS-N_Client","6.2.20348.1547","0","09-Mar-2023","GDR","5023705","March 14, 2023-KB5023705 (OS Build 20348.1607)","http://support.microsoft.com/kb/5023705","No LDR Only available","No LDR Only available","No LDR Only available"," ","23-03Rollup"
"Dhcpcore.dll","Net_DHCP_Client","6.2.20348.1607","1","08-Mar-2023","GDR","5023705","March 14, 2023-KB5023705 (OS Build 20348.1607)","http://support.microsoft.com/kb/5023705","No LDR Only available","No LDR Only available","No LDR Only available"," ","23-03Rollup"
"Dhcpcsvc.dll","Net_DHCP_Client","6.2.20348.1607","1","08-Mar-2023","GDR","5023705","March 14, 2023-KB5023705 (OS Build 20348.1607)","http://support.microsoft.com/kb/5023705","No LDR Only available","No LDR Only available","No LDR Only available"," ","23-03Rollup"
"Nfsclnt.exe","Net_NFS_Client","6.2.20348.558","1","09-Mar-2023","GDR","5023705","March 14, 2023-KB5023705 (OS Build 20348.1607)","http://support.microsoft.com/kb/5023705","No LDR Only available","No LDR Only available","No LDR Only available"," ","23-03Rollup"
"Nfsnp.dll","Net_NFS_Client","6.2.20348.1","1","","RTM","5023705","","","","","","",""
"Nfsrdr.sys","Net_NFS_Client","6.2.20348.558","1","09-Mar-2023","GDR","5023705","March 14, 2023-KB5023705 (OS Build 20348.1607)","http://support.microsoft.com/kb/5023705","No LDR Only available","No LDR Only available","No LDR Only available"," ","23-03Rollup"
"Psxdll.dll","Net_Posix","6.2.20348.1","1","","RTM","5023705","","","","","","",""
"Psxdllsvr.dll","Net_Posix","6.2.20348.1","1","","RTM","5023705","","","","","","",""
"Psxss.exe","Net_Posix","6.2.20348.1","1","","RTM","5023705","","","","","","",""
"Posix.exe","Net_Posix","6.2.20348.1","1","","RTM","5023705","","","","","","",""
"dnsapi.dll","Net_DNS_Client","6.2.20348.1547","1","09-Mar-2023","GDR","5023705","March 14, 2023-KB5023705 (OS Build 20348.1607)","http://support.microsoft.com/kb/5023705","No LDR Only available","No LDR Only available","No LDR Only available"," ","23-03Rollup"
"dnsrslvr.dll","Net_DNS_Client","6.2.20348.1547","1","09-Mar-2023","GDR","5023705","March 14, 2023-KB5023705 (OS Build 20348.1607)","http://support.microsoft.com/kb/5023705","No LDR Only available","No LDR Only available","No LDR Only available"," ","23-03Rollup"
"Dnscacheugc.exe","Net_DNS_Client","6.2.20348.1","1","","RTM","5023705","","","","","","",""
"Rpcss.dll","Net_RPC","6.2.20348.1607","1","08-Mar-2023","GDR","5023705","March 14, 2023-KB5023705 (OS Build 20348.1607)","http://support.microsoft.com/kb/5023705","No LDR Only available","No LDR Only available","No LDR Only available"," ","23-03Rollup"
"Rpchttp.dll","Net_RPC","6.2.20348.1607","1","09-Mar-2023","GDR","5023705","March 14, 2023-KB5023705 (OS Build 20348.1607)","http://support.microsoft.com/kb/5023705","No LDR Only available","No LDR Only available","No LDR Only available"," ","23-03Rollup"
"Rpcrt4.dll","Net_RPC","6.2.20348.1607","1","08-Mar-2023","GDR","5023705","March 14, 2023-KB5023705 (OS Build 20348.1607)","http://support.microsoft.com/kb/5023705","No LDR Only available","No LDR Only available","No LDR Only available"," ","23-03Rollup"
"Bfe.dll","Net_Ipsec_BFE","6.2.20348.1607","1","08-Mar-2023","GDR","5023705","March 14, 2023-KB5023705 (OS Build 20348.1607)","http://support.microsoft.com/kb/5023705","No LDR Only available","No LDR Only available","No LDR Only available"," ","23-03Rollup"
"Ikeext.dll","Net_Ipsec_BFE","6.2.20348.1607","1","08-Mar-2023","GDR","5023705","March 14, 2023-KB5023705 (OS Build 20348.1607)","http://support.microsoft.com/kb/5023705","No LDR Only available","No LDR Only available","No LDR Only available"," ","23-03Rollup"
"Fwpuclnt.dll","Net_Ipsec_BFE","6.2.20348.1487","1","10-Jan-2023","GDR","5023705","March 14, 2023-KB5023705 (OS Build 20348.1607)","http://support.microsoft.com/kb/5023705","No LDR Only available","No LDR Only available","No LDR Only available","rEX","23-03Rollup"
"Iphlpsvc.dll","Net_DirectAccess_Client","6.2.20348.946","1","09-Mar-2023","GDR","5023705","March 14, 2023-KB5023705 (OS Build 20348.1607)","http://support.microsoft.com/kb/5023705","No LDR Only available","No LDR Only available","No LDR Only available"," ","23-03Rollup"
"Iphlpsvcmigplugin.dll","Net_DirectAccess_Client","6.2.20348.1","1","","RTM","5023705","","","","","","",""
"Netcorehc.dll","Net_DirectAccess_Client","6.2.20348.1","1","","RTM","5023705","","","","","","",""
"Daotpcredentialprovider.dll","Net_DirectAccess_Client","6.2.20348.1","1","","RTM","5023705","","","","","","",""
"Rdpcore.dll","Net_DirectAccess_Client","6.2.20348.1070","1","09-Mar-2023","GDR","5023705","March 14, 2023-KB5023705 (OS Build 20348.1607)","http://support.microsoft.com/kb/5023705","No LDR Only available","No LDR Only available","No LDR Only available"," ","23-03Rollup"
"Damgmt.dll","Net_DirectAccess_Srv","6.2.20348.1","1","","RTM","5023705","","","","","","",""
"Ramgmtui.exe","Net_DirectAccess_Srv","6.2.20348.1","1","","RTM","5023705","","","","","","",""
"Ramgmtsvc.dll","Net_DirectAccess_Srv","6.2.20348.1","1","","RTM","5023705","","","","","","",""
"Rasclusterres.dll","Net_DirectAccess_Srv","6.2.20348.1","1","","RTM","5023705","","","","","","",""
"Raserverpsprovider.dll","Net_DirectAccess_Srv","6.2.20348.617","1","09-Mar-2023","GDR","5023705","March 14, 2023-KB5023705 (OS Build 20348.1607)","http://support.microsoft.com/kb/5023705","No LDR Only available","No LDR Only available","No LDR Only available"," ","23-03Rollup"
"dot3svc.dll","Net_IEEE802.1x","6.2.20348.946","1","09-Mar-2023","GDR","5023705","March 14, 2023-KB5023705 (OS Build 20348.1607)","http://support.microsoft.com/kb/5023705","No LDR Only available","No LDR Only available","No LDR Only available"," ","23-03Rollup"
"Rastls.dll","Net_IEEE802.1x","6.2.20348.1547","1","09-Mar-2023","GDR","5023705","March 14, 2023-KB5023705 (OS Build 20348.1607)","http://support.microsoft.com/kb/5023705","No LDR Only available","No LDR Only available","No LDR Only available"," ","23-03Rollup"
"wlansvc.dll","Net_WLAN_Client","6.2.20348.1487","1","09-Mar-2023","GDR","5023705","March 14, 2023-KB5023705 (OS Build 20348.1607)","http://support.microsoft.com/kb/5023705","No LDR Only available","No LDR Only available","No LDR Only available"," ","23-03Rollup"
"wlanmsm.dll","Net_WLAN_Client","6.2.20348.1487","1","09-Mar-2023","GDR","5023705","March 14, 2023-KB5023705 (OS Build 20348.1607)","http://support.microsoft.com/kb/5023705","No LDR Only available","No LDR Only available","No LDR Only available"," ","23-03Rollup"
"wlanapi.dll","Net_WLAN_Client","6.2.20348.1487","1","09-Mar-2023","GDR","5023705","March 14, 2023-KB5023705 (OS Build 20348.1607)","http://support.microsoft.com/kb/5023705","No LDR Only available","No LDR Only available","No LDR Only available"," ","23-03Rollup"
"wlansec.dll","Net_WLAN_Client","6.2.20348.1487","1","09-Mar-2023","GDR","5023705","March 14, 2023-KB5023705 (OS Build 20348.1607)","http://support.microsoft.com/kb/5023705","No LDR Only available","No LDR Only available","No LDR Only available"," ","23-03Rollup"
"wlansvcpal.dll","Net_WLAN_Client","6.2.20348.1487","1","09-Mar-2023","GDR","5023705","March 14, 2023-KB5023705 (OS Build 20348.1607)","http://support.microsoft.com/kb/5023705","No LDR Only available","No LDR Only available","No LDR Only available"," ","23-03Rollup"
"wlanhlp.dll","Net_WLAN_Client","6.2.20348.1487","1","09-Mar-2023","GDR","5023705","March 14, 2023-KB5023705 (OS Build 20348.1607)","http://support.microsoft.com/kb/5023705","No LDR Only available","No LDR Only available","No LDR Only available"," ","23-03Rollup"
"Netcfgx.dll","Net_Config","6.2.20348.1","1","","RTM","5023705","","","","","","",""
"WorkFolders.exe","Net_WorkFolders","6.2.20348.1","1","","RTM","5023705","","","","","","",""
"WorkFoldersshell.dll","Net_WorkFolders","6.2.20348.1","1","","RTM","5023705","","","","","","",""
"WorkFolderssvc.dll","Net_WorkFolders","6.2.20348.1","1","","RTM","5023705","","","","","","",""
"WorkFolderscontrol.dll","Net_WorkFolders","6.2.20348.1","1","","RTM","5023705","","","","","","",""
"WorkFoldersGPExt.dll","Net_WorkFolders","6.2.20348.1","1","","RTM","5023705","","","","","","",""
"Syncsharesvc.dll","Net_WorkFolders","6.2.20348.803","1","09-Mar-2023","GDR","5023705","March 14, 2023-KB5023705 (OS Build 20348.1607)","http://support.microsoft.com/kb/5023705","No LDR Only available","No LDR Only available","No LDR Only available"," ","23-03Rollup"
"Syncsharesrv.dll","Net_WorkFolders","6.2.20348.803","1","09-Mar-2023","GDR","5023705","March 14, 2023-KB5023705 (OS Build 20348.1607)","http://support.microsoft.com/kb/5023705","No LDR Only available","No LDR Only available","No LDR Only available"," ","23-03Rollup"
"Syncsharettlib.dll","Net_WorkFolders","6.2.20348.803","1","09-Mar-2023","GDR","5023705","March 14, 2023-KB5023705 (OS Build 20348.1607)","http://support.microsoft.com/kb/5023705","No LDR Only available","No LDR Only available","No LDR Only available"," ","23-03Rollup"
"Syncsharettsvc.exe","Net_WorkFolders","6.2.20348.803","1","09-Mar-2023","GDR","5023705","March 14, 2023-KB5023705 (OS Build 20348.1607)","http://support.microsoft.com/kb/5023705","No LDR Only available","No LDR Only available","No LDR Only available"," ","23-03Rollup"
"WebIo.dll","Net_BranchCache","6.2.20348.1607","1","08-Mar-2023","GDR","5023705","March 14, 2023-KB5023705 (OS Build 20348.1607)","http://support.microsoft.com/kb/5023705","No LDR Only available","No LDR Only available","No LDR Only available"," ","23-03Rollup"
"Smbhash.exe","Net_BranchCache","6.2.20348.1","1","","RTM","5023705","","","","","","",""
"Pacer.sys","Net_QoS","6.2.20348.1","1","","RTM","5023705","","","","","","",""
"Mpsdrv.sys","Net_Firewall","6.2.20348.1","1","","RTM","5023705","","","","","","",""
"MpsSvc.dll","Net_Firewall","6.2.20348.1311","1","09-Mar-2023","GDR","5023705","March 14, 2023-KB5023705 (OS Build 20348.1607)","http://support.microsoft.com/kb/5023705","No LDR Only available","No LDR Only available","No LDR Only available"," ","23-03Rollup"
"qmgr.dll","Net_BiTS","7.8.20348.1","1","13-Sep-2022","GDR","5023705","March 14, 2023-KB5023705 (OS Build 20348.1607)","http://support.microsoft.com/kb/5023705","No LDR Only available","No LDR Only available","No LDR Only available","rEX","23-03Rollup"
"rasmans.dll","Net_VPN","6.2.20348.1194","1","09-Mar-2023","GDR","5023705","March 14, 2023-KB5023705 (OS Build 20348.1607)","http://support.microsoft.com/kb/5023705","No LDR Only available","No LDR Only available","No LDR Only available"," ","23-03Rollup"
"Netlogon.dll","Dom_NETLOGON","6.2.20348.1487","0","09-Mar-2023","GDR","5023705","March 14, 2023-KB5023705 (OS Build 20348.1607)","http://support.microsoft.com/kb/5023705","No LDR Only available","No LDR Only available","No LDR Only available"," ","23-03Rollup"
"LogonCli.dll","Dom_NETLOGON","6.2.20348.1194","0","09-Mar-2023","GDR","5023705","March 14, 2023-KB5023705 (OS Build 20348.1607)","http://support.microsoft.com/kb/5023705","No LDR Only available","No LDR Only available","No LDR Only available"," ","23-03Rollup"
"Winlogon.exe","Dom_WINLOGON","6.2.20348.1547","0","09-Mar-2023","GDR","5023705","March 14, 2023-KB5023705 (OS Build 20348.1607)","http://support.microsoft.com/kb/5023705","No LDR Only available","No LDR Only available","No LDR Only available"," ","23-03Rollup"
"Kerberos.dll","Dom_KERBEROS","6.2.20348.1547","0","09-Mar-2023","GDR","5023705","March 14, 2023-KB5023705 (OS Build 20348.1607)","http://support.microsoft.com/kb/5023705","No LDR Only available","No LDR Only available","No LDR Only available"," ","23-03Rollup"
"Msv1_0.dll","Dom_NTLM","6.2.20348.1487","1","09-Mar-2023","GDR","5023705","March 14, 2023-KB5023705 (OS Build 20348.1607)","http://support.microsoft.com/kb/5023705","No LDR Only available","No LDR Only available","No LDR Only available"," ","23-03Rollup"
"Wldap32.dll","Dom_LDAPClient","6.2.20348.1487","0","09-Mar-2023","GDR","5023705","March 14, 2023-KB5023705 (OS Build 20348.1607)","http://support.microsoft.com/kb/5023705","No LDR Only available","No LDR Only available","No LDR Only available"," ","23-03Rollup"
"Lsass.exe","Dom_LSA","6.2.20348.1194","0","09-Mar-2023","GDR","5023705","March 14, 2023-KB5023705 (OS Build 20348.1607)","http://support.microsoft.com/kb/5023705","No LDR Only available","No LDR Only available","No LDR Only available"," ","23-03Rollup"
"Lsasrv.dll","Dom_LSA","6.2.20348.1607","0","08-Mar-2023","GDR","5023705","March 14, 2023-KB5023705 (OS Build 20348.1607)","http://support.microsoft.com/kb/5023705","No LDR Only available","No LDR Only available","No LDR Only available"," ","23-03Rollup"
"Ksecdd.sys","Dom_LSA","6.2.20348.1194","0","09-Mar-2023","GDR","5023705","March 14, 2023-KB5023705 (OS Build 20348.1607)","http://support.microsoft.com/kb/5023705","No LDR Only available","No LDR Only available","No LDR Only available"," ","23-03Rollup"
"Ksecpkg.sys","Dom_LSA","6.2.20348.1607","0","08-Mar-2023","GDR","5023705","March 14, 2023-KB5023705 (OS Build 20348.1607)","http://support.microsoft.com/kb/5023705","No LDR Only available","No LDR Only available","No LDR Only available"," ","23-03Rollup"
"Secur32.dll","Dom_LSA","6.2.20348.1607","0","08-Mar-2023","GDR","5023705","March 14, 2023-KB5023705 (OS Build 20348.1607)","http://support.microsoft.com/kb/5023705","No LDR Only available","No LDR Only available","No LDR Only available"," ","23-03Rollup"
"Sspicli.dll","Dom_LSA","6.2.20348.1194","0","09-Mar-2023","GDR","5023705","March 14, 2023-KB5023705 (OS Build 20348.1607)","http://support.microsoft.com/kb/5023705","No LDR Only available","No LDR Only available","No LDR Only available"," ","23-03Rollup"
"Sspisrv.dll","Dom_LSA","6.2.20348.1194","0","09-Mar-2023","GDR","5023705","March 14, 2023-KB5023705 (OS Build 20348.1607)","http://support.microsoft.com/kb/5023705","No LDR Only available","No LDR Only available","No LDR Only available"," ","23-03Rollup"
"Schannel.dll","Dom_LSA","6.2.20348.1607","0","08-Mar-2023","GDR","5023705","March 14, 2023-KB5023705 (OS Build 20348.1607)","http://support.microsoft.com/kb/5023705","No LDR Only available","No LDR Only available","No LDR Only available"," ","23-03Rollup"
"dpapisvr.dll","Dom_LSA","6.2.20348.1","0","","RTM","5023705","","","","","","",""
"Scesrv.dll","Dom_SecAuditAndConfig","6.2.20348.1129","1","09-Mar-2023","GDR","5023705","March 14, 2023-KB5023705 (OS Build 20348.1607)","http://support.microsoft.com/kb/5023705","No LDR Only available","No LDR Only available","No LDR Only available"," ","23-03Rollup"
"AclUI.dll","Dom_SecAuditAndConfig","6.2.20348.380","1","09-Mar-2023","GDR","5023705","March 14, 2023-KB5023705 (OS Build 20348.1607)","http://support.microsoft.com/kb/5023705","No LDR Only available","No LDR Only available","No LDR Only available"," ","23-03Rollup"
"Winscard.dll","Dom_SC_Provider","6.2.20348.1","1","","RTM","5023705","","","","","","",""
"Basecsp.dll","Dom_SC_Provider","6.2.20348.1","1","","RTM","5023705","","","","","","",""
"Scksp.dll","Dom_SC_Provider","6.2.20348.1","1","","RTM","5023705","","","","","","",""
"ScardSvr.dll","Dom_SC_Srv","6.2.20348.1487","1","09-Mar-2023","GDR","5023705","March 14, 2023-KB5023705 (OS Build 20348.1607)","http://support.microsoft.com/kb/5023705","No LDR Only available","No LDR Only available","No LDR Only available"," ","23-03Rollup"
"Scfilter.sys","Dom_SC_Srv","6.2.20348.1","1","","RTM","5023705","","","","","","",""
"Certprop.dll","Dom_SC_Srv","6.2.20348.1","1","","RTM","5023705","","","","","","",""
"Crypt32.dll","Dom_CRYPTO","6.2.20348.1194","1","09-Mar-2023","GDR","5023705","March 14, 2023-KB5023705 (OS Build 20348.1607)","http://support.microsoft.com/kb/5023705","No LDR Only available","No LDR Only available","No LDR Only available"," ","23-03Rollup"
"Cryptsvc.dll","Dom_CRYPTO","6.2.20348.1","1","","RTM","5023705","","","","","","",""
"Cryptnet.dll","Dom_CRYPTO","6.2.20348.1","1","","RTM","5023705","","","","","","",""
"Wintrust.dll","Dom_CRYPTO","6.2.20348.1607","1","08-Mar-2023","GDR","5023705","March 14, 2023-KB5023705 (OS Build 20348.1607)","http://support.microsoft.com/kb/5023705","No LDR Only available","No LDR Only available","No LDR Only available"," ","23-03Rollup"
"Cryptdll.dll","Dom_CRYPTO","6.2.20348.1","1","","RTM","5023705","","","","","","",""
"Cryptcatsvc.dll","Dom_CRYPTO","6.2.20348.1","1","","RTM","5023705","","","","","","",""
"Dimsroam.dll","Dom_DIMS","6.2.20348.1006","1","09-Mar-2023","GDR","5023705","March 14, 2023-KB5023705 (OS Build 20348.1607)","http://support.microsoft.com/kb/5023705","No LDR Only available","No LDR Only available","No LDR Only available"," ","23-03Rollup"
"Dimsjob.dll","Dom_DIMS","6.2.20348.1","1","","RTM","5023705","","","","","","",""
"Adprovider.dll","Dom_DIMS","6.2.20348.1006","1","09-Mar-2023","GDR","5023705","March 14, 2023-KB5023705 (OS Build 20348.1607)","http://support.microsoft.com/kb/5023705","No LDR Only available","No LDR Only available","No LDR Only available"," ","23-03Rollup"
"Capiprovider.dll","Dom_DIMS","6.2.20348.1006","1","09-Mar-2023","GDR","5023705","March 14, 2023-KB5023705 (OS Build 20348.1607)","http://support.microsoft.com/kb/5023705","No LDR Only available","No LDR Only available","No LDR Only available"," ","23-03Rollup"
"Cngprovider.dll","Dom_DIMS","6.2.20348.1006","1","09-Mar-2023","GDR","5023705","March 14, 2023-KB5023705 (OS Build 20348.1607)","http://support.microsoft.com/kb/5023705","No LDR Only available","No LDR Only available","No LDR Only available"," ","23-03Rollup"
"Dpapiprovider.dll","Dom_DIMS","6.2.20348.1006","1","09-Mar-2023","GDR","5023705","March 14, 2023-KB5023705 (OS Build 20348.1607)","http://support.microsoft.com/kb/5023705","No LDR Only available","No LDR Only available","No LDR Only available"," ","23-03Rollup"
"Wincredprovider.dll","Dom_DIMS","6.2.20348.1006","1","09-Mar-2023","GDR","5023705","March 14, 2023-KB5023705 (OS Build 20348.1607)","http://support.microsoft.com/kb/5023705","No LDR Only available","No LDR Only available","No LDR Only available"," ","23-03Rollup"
"Gpapi.dll","Dom_GPSVC","6.2.20348.1547","1","14-Feb-2023","GDR","5023705","March 14, 2023-KB5023705 (OS Build 20348.1607)","http://support.microsoft.com/kb/5023705","No LDR Only available","No LDR Only available","No LDR Only available","rEX","23-03Rollup"
"Gpsvc.dll","Dom_GPSVC","6.2.20348.1547","1","09-Mar-2023","GDR","5023705","March 14, 2023-KB5023705 (OS Build 20348.1607)","http://support.microsoft.com/kb/5023705","No LDR Only available","No LDR Only available","No LDR Only available"," ","23-03Rollup"
"Gpmgmt.dll","Dom_GPSVC","6.2.20348.380","1","09-Mar-2023","GDR","5023705","March 14, 2023-KB5023705 (OS Build 20348.1607)","http://support.microsoft.com/kb/5023705","No LDR Only available","No LDR Only available","No LDR Only available"," ","23-03Rollup"
"Gprsop.dll","Dom_GPSVC","6.2.20348.380","1","09-Mar-2023","GDR","5023705","March 14, 2023-KB5023705 (OS Build 20348.1607)","http://support.microsoft.com/kb/5023705","No LDR Only available","No LDR Only available","No LDR Only available"," ","23-03Rollup"
"Userenv.dll","Dom_GPSVC","6.2.20348.1","1","","RTM","5023705","","","","","","",""
"Gpprnext.dll","Dom_GPExt","6.2.20348.1","1","","RTM","5023705","","","","","","",""
"Appmgmts.dll","Dom_GPExt","6.2.20348.1","1","","RTM","5023705","","","","","","",""
"Gpprefcl.dll","Dom_GPP","6.2.20348.1607","1","09-Mar-2023","GDR","5023705","March 14, 2023-KB5023705 (OS Build 20348.1607)","http://support.microsoft.com/kb/5023705","No LDR Only available","No LDR Only available","No LDR Only available"," ","23-03Rollup"
"Gpme.dll","Dom_GPP","6.2.20348.1070","1","09-Mar-2023","GDR","5023705","March 14, 2023-KB5023705 (OS Build 20348.1607)","http://support.microsoft.com/kb/5023705","No LDR Only available","No LDR Only available","No LDR Only available"," ","23-03Rollup"
"Gppref.dll","Dom_GPP","6.2.20348.1366","1","13-Dec-2022","GDR","5023705","March 14, 2023-KB5023705 (OS Build 20348.1607)","http://support.microsoft.com/kb/5023705","No LDR Only available","No LDR Only available","No LDR Only available","rEX","23-03Rollup"
"Gpprefbr.dll","Dom_GPP","6.2.20348.1487","1","10-Jan-2023","GDR","5023705","March 14, 2023-KB5023705 (OS Build 20348.1607)","http://support.microsoft.com/kb/5023705","No LDR Only available","No LDR Only available","No LDR Only available","rEX","23-03Rollup"
"Gpprefcn.dll","Dom_GPP","6.2.20348.1129","1","09-Mar-2023","GDR","5023705","March 14, 2023-KB5023705 (OS Build 20348.1607)","http://support.microsoft.com/kb/5023705","No LDR Only available","No LDR Only available","No LDR Only available"," ","23-03Rollup"
"Gpregistrybrowser.dll","Dom_GPP","6.2.20348.1070","1","09-Mar-2023","GDR","5023705","March 14, 2023-KB5023705 (OS Build 20348.1607)","http://support.microsoft.com/kb/5023705","No LDR Only available","No LDR Only available","No LDR Only available"," ","23-03Rollup"
"Propshts.dll","Dom_GPP","6.2.20348.1607","1","09-Mar-2023","GDR","5023705","March 14, 2023-KB5023705 (OS Build 20348.1607)","http://support.microsoft.com/kb/5023705","No LDR Only available","No LDR Only available","No LDR Only available"," ","23-03Rollup"
"Profprov.dll","Dom_ProfProc","6.2.20348.1","1","","RTM","5023705","","","","","","",""
"Profsvc.dll","Dom_ProfProc","6.2.20348.1547","1","09-Mar-2023","GDR","5023705","March 14, 2023-KB5023705 (OS Build 20348.1607)","http://support.microsoft.com/kb/5023705","No LDR Only available","No LDR Only available","No LDR Only available"," ","23-03Rollup"
"Fdeploy.dll","Dom_FolderRedir","6.2.20348.1","1","","RTM","5023705","","","","","","",""
"Esent.dll","Dom_ESENT","6.2.20348.1607","0","08-Mar-2023","GDR","5023705","March 14, 2023-KB5023705 (OS Build 20348.1607)","http://support.microsoft.com/kb/5023705","No LDR Only available","No LDR Only available","No LDR Only available"," ","23-03Rollup"
"Ntdsai.dll","Dom_NTDSAI","6.2.20348.1607","0","09-Mar-2023","GDR","5023705","March 14, 2023-KB5023705 (OS Build 20348.1607)","http://support.microsoft.com/kb/5023705","No LDR Only available","No LDR Only available","No LDR Only available"," ","23-03Rollup"
"Ntdsutil.exe","Dom_NTDSAI","6.2.20348.1487","0","09-Mar-2023","GDR","5023705","March 14, 2023-KB5023705 (OS Build 20348.1607)","http://support.microsoft.com/kb/5023705","No LDR Only available","No LDR Only available","No LDR Only available"," ","23-03Rollup"
"Samsrv.dll","Dom_SAMSRV","6.2.20348.1607","0","08-Mar-2023","GDR","5023705","March 14, 2023-KB5023705 (OS Build 20348.1607)","http://support.microsoft.com/kb/5023705","No LDR Only available","No LDR Only available","No LDR Only available"," ","23-03Rollup"
"Samlib.dll","Dom_SAMSRV","6.2.20348.1194","0","18-Oct-2022","GDR","5023705","March 14, 2023-KB5023705 (OS Build 20348.1607)","http://support.microsoft.com/kb/5023705","No LDR Only available","No LDR Only available","No LDR Only available","rEX","23-03Rollup"
"Kdcsvc.dll","Dom_KDCSVC","6.2.20348.1607","0","09-Mar-2023","GDR","5023705","March 14, 2023-KB5023705 (OS Build 20348.1607)","http://support.microsoft.com/kb/5023705","No LDR Only available","No LDR Only available","No LDR Only available"," ","23-03Rollup"
"Dfsrs.exe","Dom_DFS-R","6.2.20348.502","0","09-Mar-2023","GDR","5023705","March 14, 2023-KB5023705 (OS Build 20348.1607)","http://support.microsoft.com/kb/5023705","No LDR Only available","No LDR Only available","No LDR Only available"," ","23-03Rollup"
"Dfsrress.dll","Dom_DFS-R","6.2.20348.380","0","09-Mar-2023","GDR","5023705","March 14, 2023-KB5023705 (OS Build 20348.1607)","http://support.microsoft.com/kb/5023705","No LDR Only available","No LDR Only available","No LDR Only available"," ","23-03Rollup"
"Dfsrro.sys","Dom_DFS-R","6.2.20348.1","0","","RTM","5023705","","","","","","",""
"Microsoft.identityserver.service.dll","Dom_ADFS","6.2.20348.1547","0","09-Mar-2023","GDR","5023705","March 14, 2023-KB5023705 (OS Build 20348.1607)","http://support.microsoft.com/kb/5023705","No LDR Only available","No LDR Only available","No LDR Only available"," ","23-03Rollup"
"Microsoft.identityserver.webhost.dll","Dom_ADFS","6.2.20348.1","0","","RTM","5023705","","","","","","",""
"Microsoft.identityserver.web.dll","Dom_ADFS","6.2.20348.1607","0","09-Mar-2023","GDR","5023705","March 14, 2023-KB5023705 (OS Build 20348.1607)","http://support.microsoft.com/kb/5023705","No LDR Only available","No LDR Only available","No LDR Only available"," ","23-03Rollup"
"Microsoft.identityserver.dll","Dom_ADFS","6.2.20348.1547","0","09-Mar-2023","GDR","5023705","March 14, 2023-KB5023705 (OS Build 20348.1607)","http://support.microsoft.com/kb/5023705","No LDR Only available","No LDR Only available","No LDR Only available"," ","23-03Rollup"
"Microsoft.identityserver.proxyservice.exe","Dom_ADFS","6.2.20348.1","0","","RTM","5023705","","","","","","",""
"Clussvc.exe","Cluster_Core","6.2.20348.1607","0","09-Mar-2023","GDR","5023705","March 14, 2023-KB5023705 (OS Build 20348.1607)","http://support.microsoft.com/kb/5023705","No LDR Only available","No LDR Only available","No LDR Only available"," ","23-03Rollup"
"ClusWMI.dll","Cluster_Core","6.2.20348.1607","0","09-Mar-2023","GDR","5023705","March 14, 2023-KB5023705 (OS Build 20348.1607)","http://support.microsoft.com/kb/5023705","No LDR Only available","No LDR Only available","No LDR Only available"," ","23-03Rollup"
"Rhs.exe","Cluster_Core","6.2.20348.1487","0","10-Jan-2023","GDR","5023705","March 14, 2023-KB5023705 (OS Build 20348.1607)","http://support.microsoft.com/kb/5023705","No LDR Only available","No LDR Only available","No LDR Only available","rEX","23-03Rollup"
"Clusres.dll","Cluster_Core","6.2.20348.1607","0","09-Mar-2023","GDR","5023705","March 14, 2023-KB5023705 (OS Build 20348.1607)","http://support.microsoft.com/kb/5023705","No LDR Only available","No LDR Only available","No LDR Only available"," ","23-03Rollup"
"Clusres2.dll","Cluster_Core","6.2.20348.1607","0","09-Mar-2023","GDR","5023705","March 14, 2023-KB5023705 (OS Build 20348.1607)","http://support.microsoft.com/kb/5023705","No LDR Only available","No LDR Only available","No LDR Only available"," ","23-03Rollup"
"Netft.sys","Cluster_Core","6.2.20348.380","0","09-Mar-2023","GDR","5023705","March 14, 2023-KB5023705 (OS Build 20348.1607)","http://support.microsoft.com/kb/5023705","No LDR Only available","No LDR Only available","No LDR Only available"," ","23-03Rollup"
"Clusauthmgr.dll","Cluster_Core","6.2.20348.469","0","09-Mar-2023","GDR","5023705","March 14, 2023-KB5023705 (OS Build 20348.1607)","http://support.microsoft.com/kb/5023705","No LDR Only available","No LDR Only available","No LDR Only available"," ","23-03Rollup"
"Witness.dll","Cluster_Core","6.2.20348.1547","0","09-Mar-2023","GDR","5023705","March 14, 2023-KB5023705 (OS Build 20348.1607)","http://support.microsoft.com/kb/5023705","No LDR Only available","No LDR Only available","No LDR Only available"," ","23-03Rollup"
"Csvflt.sys","Cluster_CSV","6.2.20348.707","0","09-Mar-2023","GDR","5023705","March 14, 2023-KB5023705 (OS Build 20348.1607)","http://support.microsoft.com/kb/5023705","No LDR Only available","No LDR Only available","No LDR Only available"," ","23-03Rollup"
"Csvfs.sys","Cluster_CSV","6.2.20348.1547","0","09-Mar-2023","GDR","5023705","March 14, 2023-KB5023705 (OS Build 20348.1607)","http://support.microsoft.com/kb/5023705","No LDR Only available","No LDR Only available","No LDR Only available"," ","23-03Rollup"
"Csvfilter.sys","Cluster_CSV","6.2.20348.1","0","","RTM","5023705","","","","","","",""
"Vhdmp.sys","Cluster_CSV","6.2.20348.1311","0","09-Mar-2023","GDR","5023705","March 14, 2023-KB5023705 (OS Build 20348.1607)","http://support.microsoft.com/kb/5023705","No LDR Only available","No LDR Only available","No LDR Only available"," ","23-03Rollup"
"Svhdxflt.sys","Cluster_CSV","6.2.20348.707","0","09-Mar-2023","GDR","5023705","March 14, 2023-KB5023705 (OS Build 20348.1607)","http://support.microsoft.com/kb/5023705","No LDR Only available","No LDR Only available","No LDR Only available"," ","23-03Rollup"
"Clusdisk.sys","Cluster_Disk","6.2.20348.707","0","09-Mar-2023","GDR","5023705","March 14, 2023-KB5023705 (OS Build 20348.1607)","http://support.microsoft.com/kb/5023705","No LDR Only available","No LDR Only available","No LDR Only available"," ","23-03Rollup"
"Volsnap.sys","Cluster_Volsnap","6.2.20348.1","0","","RTM","5023705","","","","","","",""
"Cprepsrv.exe","Cluster_Validation","6.2.20348.1607","1","09-Mar-2023","GDR","5023705","March 14, 2023-KB5023705 (OS Build 20348.1607)","http://support.microsoft.com/kb/5023705","No LDR Only available","No LDR Only available","No LDR Only available"," ","23-03Rollup"
"Failoverclusters.agent.interop.dll","Cluster_Validation","6.2.20348.946","1","09-Mar-2023","GDR","5023705","March 14, 2023-KB5023705 (OS Build 20348.1607)","http://support.microsoft.com/kb/5023705","No LDR Only available","No LDR Only available","No LDR Only available"," ","23-03Rollup"
"Microsoft.failoverclusters.framework.dll","Cluster_Validation","6.2.20348.1607","1","09-Mar-2023","GDR","5023705","March 14, 2023-KB5023705 (OS Build 20348.1607)","http://support.microsoft.com/kb/5023705","No LDR Only available","No LDR Only available","No LDR Only available"," ","23-03Rollup"
"Ntoskrnl.exe","Core_Kernel","6.2.20348.1607","0","08-Mar-2023","GDR","5023705","March 14, 2023-KB5023705 (OS Build 20348.1607)","http://support.microsoft.com/kb/5023705","No LDR Only available","No LDR Only available","No LDR Only available"," ","23-03Rollup"
"Ntkrnlpa.exe","Core_Kernel","6.2.20348.1","0","","RTM","5023705","","","","","","",""
"Crashdmp.sys","Core_Kernel","6.2.20348.946","0","09-Mar-2023","GDR","5023705","March 14, 2023-KB5023705 (OS Build 20348.1607)","http://support.microsoft.com/kb/5023705","No LDR Only available","No LDR Only available","No LDR Only available"," ","23-03Rollup"
"Ntdll.dll","Core_Kernel","6.2.20348.1607","0","08-Mar-2023","GDR","5023705","March 14, 2023-KB5023705 (OS Build 20348.1607)","http://support.microsoft.com/kb/5023705","No LDR Only available","No LDR Only available","No LDR Only available"," ","23-03Rollup"
"Hal.dll","Core_Kernel","6.2.20348.558","0","09-Mar-2023","GDR","5023705","March 14, 2023-KB5023705 (OS Build 20348.1607)","http://support.microsoft.com/kb/5023705","No LDR Only available","No LDR Only available","No LDR Only available"," ","23-03Rollup"
"Fltmgr.sys","Core_Kernel","6.2.20348.803","0","09-Mar-2023","GDR","5023705","March 14, 2023-KB5023705 (OS Build 20348.1607)","http://support.microsoft.com/kb/5023705","No LDR Only available","No LDR Only available","No LDR Only available"," ","23-03Rollup"
"win32k.sys","Core_Kernel","6.2.20348.1607","0","08-Mar-2023","GDR","5023705","March 14, 2023-KB5023705 (OS Build 20348.1607)","http://support.microsoft.com/kb/5023705","No LDR Only available","No LDR Only available","No LDR Only available"," ","23-03Rollup"
"Ntfs.sys","Core_FileSystem","6.2.20348.1547","0","09-Mar-2023","GDR","5023705","March 14, 2023-KB5023705 (OS Build 20348.1607)","http://support.microsoft.com/kb/5023705","No LDR Only available","No LDR Only available","No LDR Only available"," ","23-03Rollup"
"dedup.sys","Core_FileSystem","6.2.20348.1547","0","09-Mar-2023","GDR","5023705","March 14, 2023-KB5023705 (OS Build 20348.1607)","http://support.microsoft.com/kb/5023705","No LDR Only available","No LDR Only available","No LDR Only available"," ","23-03Rollup"
"Msiscsi.sys","Core_DiskSystem","6.2.20348.1","0","","RTM","5023705","","","","","","",""
"Iscsitgt.dll","Core_DiskSystem","6.2.20348.1","0","","RTM","5023705","","","","","","",""
"Storport.sys","Core_DiskSystem","6.2.20348.1607","0","08-Mar-2023","GDR","5023705","March 14, 2023-KB5023705 (OS Build 20348.1607)","http://support.microsoft.com/kb/5023705","No LDR Only available","No LDR Only available","No LDR Only available"," ","23-03Rollup"
"Repdrvfs.dll","Core_WMI","6.2.20348.617","0","09-Mar-2023","GDR","5023705","March 14, 2023-KB5023705 (OS Build 20348.1607)","http://support.microsoft.com/kb/5023705","No LDR Only available","No LDR Only available","No LDR Only available"," ","23-03Rollup"
"Mpio.sys","Core_MPIO","6.2.20348.1","0","","RTM","5023705","","","","","","",""
"Msdsm.sys","Core_MPIO","6.2.20348.1","0","","RTM","5023705","","","","","","",""
"Advapi32.dll","Core_Apps","6.2.20348.1607","0","08-Mar-2023","GDR","5023705","March 14, 2023-KB5023705 (OS Build 20348.1607)","http://support.microsoft.com/kb/5023705","No LDR Only available","No LDR Only available","No LDR Only available"," ","23-03Rollup"
"Vssapi.dll","Core_VSS","6.2.20348.320","1","09-Mar-2023","GDR","5023705","March 14, 2023-KB5023705 (OS Build 20348.1607)","http://support.microsoft.com/kb/5023705","No LDR Only available","No LDR Only available","No LDR Only available"," ","23-03Rollup"
"Vsstrace.dll","Core_VSS","6.2.20348.320","1","09-Mar-2023","GDR","5023705","March 14, 2023-KB5023705 (OS Build 20348.1607)","http://support.microsoft.com/kb/5023705","No LDR Only available","No LDR Only available","No LDR Only available"," ","23-03Rollup"
"vsssvc.exe","Core_VSS","6.2.20348.1","1","","RTM","5023705","","","","","","",""
"Swprv.dll","Core_VSS","6.2.20348.740","1","09-Mar-2023","GDR","5023705","March 14, 2023-KB5023705 (OS Build 20348.1607)","http://support.microsoft.com/kb/5023705","No LDR Only available","No LDR Only available","No LDR Only available"," ","23-03Rollup"
"spp.dll","Core_VSS","6.2.20348.1547","1","09-Mar-2023","GDR","5023705","March 14, 2023-KB5023705 (OS Build 20348.1607)","http://support.microsoft.com/kb/5023705","No LDR Only available","No LDR Only available","No LDR Only available"," ","23-03Rollup"
"wbengine.exe","Core_VSS","6.2.20348.1","1","","RTM","5023705","","","","","","",""
"blbsrv.dll","Core_VSS","6.2.20348.1","1","","RTM","5023705","","","","","","",""
"pci.sys","Core_Sys","6.2.20348.1487","1","09-Mar-2023","GDR","5023705","March 14, 2023-KB5023705 (OS Build 20348.1607)","http://support.microsoft.com/kb/5023705","No LDR Only available","No LDR Only available","No LDR Only available"," ","23-03Rollup"
"Termdd.sys","Core_Sys","6.2.20348.1","1","","RTM","5023705","","","","","","",""
"Volmgr.sys","Core_Sys","6.2.20348.803","1","09-Mar-2023","GDR","5023705","March 14, 2023-KB5023705 (OS Build 20348.1607)","http://support.microsoft.com/kb/5023705","No LDR Only available","No LDR Only available","No LDR Only available"," ","23-03Rollup"
"Tzres.dll","Core_TimeZone","6.2.20348.1607","1","08-Mar-2023","GDR","5023705","March 14, 2023-KB5023705 (OS Build 20348.1607)","http://support.microsoft.com/kb/5023705","No LDR Only available","No LDR Only available","No LDR Only available"," ","23-03Rollup"
"Vmswitch.sys","Hyper-V_Net","6.2.20348.1547","1","09-Mar-2023","GDR","5023705","March 14, 2023-KB5023705 (OS Build 20348.1607)","http://support.microsoft.com/kb/5023705","No LDR Only available","No LDR Only available","No LDR Only available"," ","23-03Rollup"
"Mslbfoprovider.sys","Hyper-V_Net","6.2.20348.1","1","","RTM","5023705","","","","","","",""
"Wnv.sys","Hyper-V_Net","6.2.20348.1","1","","RTM","5023705","","","","","","",""
"Vmsntfy.dll","Hyper-V_Net","6.2.20348.1","1","","RTM","5023705","","","","","","",""
"Ndisimplatform.sys","Hyper-V_Net","6.2.20348.1","1","","RTM","5023705","","","","","","",""
"Vmms.exe","Hyper-V_Net","6.2.20348.1607","1","09-Mar-2023","GDR","5023705","March 14, 2023-KB5023705 (OS Build 20348.1607)","http://support.microsoft.com/kb/5023705","No LDR Only available","No LDR Only available","No LDR Only available"," ","23-03Rollup"
"Winnat.sys","Hyper-V_Net","6.2.20348.320","1","09-Mar-2023","GDR","5023705","March 14, 2023-KB5023705 (OS Build 20348.1607)","http://support.microsoft.com/kb/5023705","No LDR Only available","No LDR Only available","No LDR Only available"," ","23-03Rollup"
"pvhdparser.sys","Hyper-V_Net","6.2.20348.643","1","09-Mar-2023","GDR","5023705","March 14, 2023-KB5023705 (OS Build 20348.1607)","http://support.microsoft.com/kb/5023705","No LDR Only available","No LDR Only available","No LDR Only available"," ","23-03Rollup"
"Wmisvc.dll","Hyper-V_Net","6.2.20348.1","1","","RTM","5023705","","","","","","",""
"Vmbus.sys","Hyper-V_Net","6.2.20348.469","1","09-Mar-2023","GDR","5023705","March 14, 2023-KB5023705 (OS Build 20348.1607)","http://support.microsoft.com/kb/5023705","No LDR Only available","No LDR Only available","No LDR Only available"," ","23-03Rollup"
"Rasapi32.dll","HNV_Net","6.2.20348.859","1","09-Mar-2023","GDR","5023705","March 14, 2023-KB5023705 (OS Build 20348.1607)","http://support.microsoft.com/kb/5023705","No LDR Only available","No LDR Only available","No LDR Only available"," ","23-03Rollup"
"Mprapi.dll","HNV_Net","6.2.20348.617","1","09-Mar-2023","GDR","5023705","March 14, 2023-KB5023705 (OS Build 20348.1607)","http://support.microsoft.com/kb/5023705","No LDR Only available","No LDR Only available","No LDR Only available"," ","23-03Rollup"
"Vmwp.exe","Hyper-V_app","6.2.20348.1311","1","09-Mar-2023","GDR","5023705","March 14, 2023-KB5023705 (OS Build 20348.1607)","http://support.microsoft.com/kb/5023705","No LDR Only available","No LDR Only available","No LDR Only available"," ","23-03Rollup"
"Rdpshell.exe","RDS_remote_App","6.2.20348.740","0","23-Aug-2022","GDR","5023705","March 14, 2023-KB5023705 (OS Build 20348.1607)","http://support.microsoft.com/kb/5023705","No LDR Only available","No LDR Only available","No LDR Only available","rEX","23-03Rollup"
"Rdsdwmdr.dll","RDS_remote_App","6.2.20348.1547","0","09-Mar-2023","GDR","5023705","March 14, 2023-KB5023705 (OS Build 20348.1607)","http://support.microsoft.com/kb/5023705","No LDR Only available","No LDR Only available","No LDR Only available"," ","23-03Rollup"
"Tscfgwmi.dll","RDS_remote_App","6.2.20348.1","0","","RTM","5023705","","","","","","",""
"Audioeng.dll","RDS_devRdr","6.2.20348.558","1","09-Mar-2023","GDR","5023705","March 14, 2023-KB5023705 (OS Build 20348.1607)","http://support.microsoft.com/kb/5023705","No LDR Only available","No LDR Only available","No LDR Only available"," ","23-03Rollup"
"Audiokse.dll","RDS_devRdr","6.2.20348.558","1","09-Mar-2023","GDR","5023705","March 14, 2023-KB5023705 (OS Build 20348.1607)","http://support.microsoft.com/kb/5023705","No LDR Only available","No LDR Only available","No LDR Only available"," ","23-03Rollup"
"Audioses.dll","RDS_devRdr","6.2.20348.143","1","09-Mar-2023","GDR","5023705","March 14, 2023-KB5023705 (OS Build 20348.1607)","http://support.microsoft.com/kb/5023705","No LDR Only available","No LDR Only available","No LDR Only available"," ","23-03Rollup"
"Audiosrv.dll","RDS_devRdr","6.2.20348.558","1","09-Mar-2023","GDR","5023705","March 14, 2023-KB5023705 (OS Build 20348.1607)","http://support.microsoft.com/kb/5023705","No LDR Only available","No LDR Only available","No LDR Only available"," ","23-03Rollup"
"Wsepno.dll","RDS_msTsc","7.0.20348.1","1","13-Sep-2022","GDR","5023705","March 14, 2023-KB5023705 (OS Build 20348.1607)","http://support.microsoft.com/kb/5023705","No LDR Only available","No LDR Only available","No LDR Only available","rEX","23-03Rollup"
"Xpsgdiconverter.dll","RDS_msTsc","6.2.20348.1070","1","09-Mar-2023","GDR","5023705","March 14, 2023-KB5023705 (OS Build 20348.1607)","http://support.microsoft.com/kb/5023705","No LDR Only available","No LDR Only available","No LDR Only available"," ","23-03Rollup"
"Vmrdvcore.dll","RDS_vHost","6.2.20348.1","0","","RTM","5023705","","","","","","",""
"Tsvmhasvc.dll","RDS_vHost","6.2.20348.1","0","","RTM","5023705","","","","","","",""
"Tssdis.exe","RDS_vHost","6.2.20348.1","0","","RTM","5023705","","","","","","",""
"aaedge.dll","RDS_gateway","6.2.20348.1070","1","09-Mar-2023","GDR","5023705","March 14, 2023-KB5023705 (OS Build 20348.1607)","http://support.microsoft.com/kb/5023705","No LDR Only available","No LDR Only available","No LDR Only available"," ","23-03Rollup"
"lserver.dll","RDS_license","6.2.20348.1","1","","RTM","5023705","","","","","","",""
"licmgr.exe","RDS_license","6.2.20348.1","1","","RTM","5023705","","","","","","",""
"dxgkrnl.sys","RDS_host","6.2.20348.1311","1","09-Mar-2023","GDR","5023705","March 14, 2023-KB5023705 (OS Build 20348.1607)","http://support.microsoft.com/kb/5023705","No LDR Only available","No LDR Only available","No LDR Only available"," ","23-03Rollup"
"sessenv.dll","RDS_host","6.2.20348.1070","1","09-Mar-2023","GDR","5023705","March 14, 2023-KB5023705 (OS Build 20348.1607)","http://support.microsoft.com/kb/5023705","No LDR Only available","No LDR Only available","No LDR Only available"," ","23-03Rollup"
"Localspl.dll","Print_Spool","6.2.20348.1607","0","09-Mar-2023","GDR","5023705","March 14, 2023-KB5023705 (OS Build 20348.1607)","http://support.microsoft.com/kb/5023705","No LDR Only available","No LDR Only available","No LDR Only available"," ","23-03Rollup"
"Win32spl.dll","Print_Spool","6.2.20348.1607","0","09-Mar-2023","GDR","5023705","March 14, 2023-KB5023705 (OS Build 20348.1607)","http://support.microsoft.com/kb/5023705","No LDR Only available","No LDR Only available","No LDR Only available"," ","23-03Rollup"
"Spoolss.dll","Print_Spool","6.2.20348.643","0","09-Mar-2023","GDR","5023705","March 14, 2023-KB5023705 (OS Build 20348.1607)","http://support.microsoft.com/kb/5023705","No LDR Only available","No LDR Only available","No LDR Only available"," ","23-03Rollup"
"Spoolsv.exe","Print_Spool","6.2.20348.1607","0","09-Mar-2023","GDR","5023705","March 14, 2023-KB5023705 (OS Build 20348.1607)","http://support.microsoft.com/kb/5023705","No LDR Only available","No LDR Only available","No LDR Only available"," ","23-03Rollup"
"Winspool.drv","Print_Spool","6.2.20348.1607","0","09-Mar-2023","GDR","5023705","March 14, 2023-KB5023705 (OS Build 20348.1607)","http://support.microsoft.com/kb/5023705","No LDR Only available","No LDR Only available","No LDR Only available"," ","23-03Rollup"
"Ntprint.exe","Print_App","6.2.20348.320","0","09-Mar-2023","GDR","5023705","March 14, 2023-KB5023705 (OS Build 20348.1607)","http://support.microsoft.com/kb/5023705","No LDR Only available","No LDR Only available","No LDR Only available"," ","23-03Rollup"
"Printui.dll","Print_App","6.2.20348.946","0","09-Mar-2023","GDR","5023705","March 14, 2023-KB5023705 (OS Build 20348.1607)","http://support.microsoft.com/kb/5023705","No LDR Only available","No LDR Only available","No LDR Only available"," ","23-03Rollup"
"Printcom.dll","Print_App","6.2.20348.1","0","","RTM","5023705","","","","","","",""
"Printfilterpipelineprxy.dll","Print_App","6.2.20348.1487","0","09-Mar-2023","GDR","5023705","March 14, 2023-KB5023705 (OS Build 20348.1607)","http://support.microsoft.com/kb/5023705","No LDR Only available","No LDR Only available","No LDR Only available"," ","23-03Rollup"
"Printfilterpipelinesvc.exe","Print_App","6.2.20348.1487","0","09-Mar-2023","GDR","5023705","March 14, 2023-KB5023705 (OS Build 20348.1607)","http://support.microsoft.com/kb/5023705","No LDR Only available","No LDR Only available","No LDR Only available"," ","23-03Rollup"
"Printbrm.exe","Print_App","6.2.20348.320","0","09-Mar-2023","GDR","5023705","March 14, 2023-KB5023705 (OS Build 20348.1607)","http://support.microsoft.com/kb/5023705","No LDR Only available","No LDR Only available","No LDR Only available"," ","23-03Rollup"
"splwow64.exe","Print_App","6.2.20348.1607","0","09-Mar-2023","GDR","5023705","March 14, 2023-KB5023705 (OS Build 20348.1607)","http://support.microsoft.com/kb/5023705","No LDR Only available","No LDR Only available","No LDR Only available"," ","23-03Rollup"
"Mxdwdrv.dll","Print_Driver","0.3.20348.1547","1","14-Feb-2023","GDR","5023705","March 14, 2023-KB5023705 (OS Build 20348.1607)","http://support.microsoft.com/kb/5023705","No LDR Only available","No LDR Only available","No LDR Only available","rEX","23-03Rollup"
"Pcl4res.dll","Print_Driver","0.3.5479.0","1","13-Sep-2022","GDR","5023705","March 14, 2023-KB5023705 (OS Build 20348.1607)","http://support.microsoft.com/kb/5023705","No LDR Only available","No LDR Only available","No LDR Only available","rEX","23-03Rollup"
"Pscript5.dll","Print_Driver","0.3.20348.1547","1","14-Feb-2023","GDR","5023705","March 14, 2023-KB5023705 (OS Build 20348.1607)","http://support.microsoft.com/kb/5023705","No LDR Only available","No LDR Only available","No LDR Only available","rEX","23-03Rollup"
"Unidrv.dll","Print_Driver","0.3.20348.1006","1","13-Sep-2022","GDR","5023705","March 14, 2023-KB5023705 (OS Build 20348.1607)","http://support.microsoft.com/kb/5023705","No LDR Only available","No LDR Only available","No LDR Only available","rEX","23-03Rollup"
"Unires.dll","Print_Driver","0.3.20348.1006","1","13-Sep-2022","GDR","5023705","March 14, 2023-KB5023705 (OS Build 20348.1607)","http://support.microsoft.com/kb/5023705","No LDR Only available","No LDR Only available","No LDR Only available","rEX","23-03Rollup"
"Xpssvcs.dll","Print_Driver","0.3.20348.1006","1","13-Sep-2022","GDR","5023705","March 14, 2023-KB5023705 (OS Build 20348.1607)","http://support.microsoft.com/kb/5023705","No LDR Only available","No LDR Only available","No LDR Only available","rEX","23-03Rollup"
"Mshtml.dll","IE_Client","11.0.20348.1547","0","09-Mar-2023","GDR","5023705","March 14, 2023-KB5023705 (OS Build 20348.1607)","http://support.microsoft.com/kb/5023705","No LDR Only available","No LDR Only available","No LDR Only available"," ","23-03Rollup"
"5023705","Win2022_23-03_B_rollup_KB"," ","0","14-Mar-2023","GDR","5023705","March 14, 2023-KB5023705 (OS Build 20348.1607)","http://support.microsoft.com/kb/5023705","No LDR Only available","No LDR Only available","No LDR Only available"," ","23-03Rollup"
