"Binary","Component","Version","Prio","Published","Branch","Article","Title","Link","LDROnlyKB","LDROnlyTitle","LDROnlyLink","Comment","RollupInfo"
"Ntoskrnl.exe","Core_Kernel","6.2.17763.3287","0","05-Aug-2022","GDR","5016623","August 9, 2022-KB5016623 (OS Build 17763.3287)","http://support.microsoft.com/kb/5016623","No LDR Only available","No LDR Only available","No LDR Only available"," ","22-08Rollup"
"Crashdmp.sys","Core_Kernel","6.2.17763.771","0","12-Sep-2019","GDR","5016623","August 9, 2022-KB5016623 (OS Build 17763.3287)","http://support.microsoft.com/kb/5016623","No LDR Only available","No LDR Only available","No LDR Only available"," ","22-08Rollup"
"win32k.sys","Core_Kernel","6.2.17763.557","0","07-Jun-2019","GDR","5016623","August 9, 2022-KB5016623 (OS Build 17763.3287)","http://support.microsoft.com/kb/5016623","No LDR Only available","No LDR Only available","No LDR Only available"," ","22-08Rollup"
"Rdpshell.exe","RDS_remote_App","6.2.17763.2989","0","14-May-2022","GDR","5016623","August 9, 2022-KB5016623 (OS Build 17763.3287)","http://support.microsoft.com/kb/5016623","No LDR Only available","No LDR Only available","No LDR Only available"," ","22-08Rollup"
"Rdsdwmdr.dll","RDS_remote_App","6.2.17763.3232","0","02-Jul-2022","GDR","5016623","August 9, 2022-KB5016623 (OS Build 17763.3287)","http://support.microsoft.com/kb/5016623","No LDR Only available","No LDR Only available","No LDR Only available"," ","22-08Rollup"
"Tscfgwmi.dll","RDS_remote_App","6.2.17763.1075","0","21-Feb-2020","GDR","5016623","August 9, 2022-KB5016623 (OS Build 17763.3287)","http://support.microsoft.com/kb/5016623","No LDR Only available","No LDR Only available","No LDR Only available"," ","22-08Rollup"
"Audioeng.dll","RDS_devRdr","6.2.17763.2989","1","14-May-2022","GDR","5016623","August 9, 2022-KB5016623 (OS Build 17763.3287)","http://support.microsoft.com/kb/5016623","No LDR Only available","No LDR Only available","No LDR Only available"," ","22-08Rollup"
"Audiokse.dll","RDS_devRdr","6.2.17763.2989","1","14-May-2022","GDR","5016623","August 9, 2022-KB5016623 (OS Build 17763.3287)","http://support.microsoft.com/kb/5016623","No LDR Only available","No LDR Only available","No LDR Only available"," ","22-08Rollup"
"Audioses.dll","RDS_devRdr","6.2.17763.2989","1","14-May-2022","GDR","5016623","August 9, 2022-KB5016623 (OS Build 17763.3287)","http://support.microsoft.com/kb/5016623","No LDR Only available","No LDR Only available","No LDR Only available"," ","22-08Rollup"
"Audiosrv.dll","RDS_devRdr","6.2.17763.2989","1","14-May-2022","GDR","5016623","August 9, 2022-KB5016623 (OS Build 17763.3287)","http://support.microsoft.com/kb/5016623","No LDR Only available","No LDR Only available","No LDR Only available"," ","22-08Rollup"
"Tsvmhasvc.dll","RDS_vHost","6.2.17763.973","0","03-Jan-2020","GDR","5016623","August 9, 2022-KB5016623 (OS Build 17763.3287)","http://support.microsoft.com/kb/5016623","No LDR Only available","No LDR Only available","No LDR Only available"," ","22-08Rollup"
"Tssdis.exe","RDS_vHost","6.2.17763.1790","0","09-Feb-2021","GDR","5016623","August 9, 2022-KB5016623 (OS Build 17763.3287)","http://support.microsoft.com/kb/5016623","No LDR Only available","No LDR Only available","No LDR Only available"," ","22-08Rollup"
"aaedge.dll","RDS_gateway","6.2.17763.2989","1","14-May-2022","GDR","5016623","August 9, 2022-KB5016623 (OS Build 17763.3287)","http://support.microsoft.com/kb/5016623","No LDR Only available","No LDR Only available","No LDR Only available"," ","22-08Rollup"
"lserver.dll","RDS_license","6.2.17763.1697","1","07-Jan-2021","GDR","5016623","August 9, 2022-KB5016623 (OS Build 17763.3287)","http://support.microsoft.com/kb/5016623","No LDR Only available","No LDR Only available","No LDR Only available"," ","22-08Rollup"
"dxgkrnl.sys","RDS_host","6.2.17763.2452","1","05-Jan-2022","GDR","5016623","August 9, 2022-KB5016623 (OS Build 17763.3287)","http://support.microsoft.com/kb/5016623","No LDR Only available","No LDR Only available","No LDR Only available"," ","22-08Rollup"
"sessenv.dll","RDS_host","6.2.17763.2989","1","14-May-2022","GDR","5016623","August 9, 2022-KB5016623 (OS Build 17763.3287)","http://support.microsoft.com/kb/5016623","No LDR Only available","No LDR Only available","No LDR Only available"," ","22-08Rollup"
"Profsvc.dll","Dom_ProfProc","6.2.17763.3113","1","18-Jun-2022","GDR","5016623","August 9, 2022-KB5016623 (OS Build 17763.3287)","http://support.microsoft.com/kb/5016623","No LDR Only available","No LDR Only available","No LDR Only available"," ","22-08Rollup"
"5005112","Win2016RS5_21_08_SSU_KB"," ","0","08-Jun-2021","GDR","5005112","KB5005112: Servicing stack update for Windows 10, version 1809: August 10, 2021","http://support.microsoft.com/kb/5005112","No LDR Only available","No LDR Only available","No LDR Only available"," ","No Rollup"
"5016623","Win2016RS5_22-08_B_rollup_KB"," ","0","09-Aug-2022","GDR","5016623","August 9, 2022-KB5016623 (OS Build 17763.3287)","http://support.microsoft.com/kb/5016623","No LDR Only available","No LDR Only available","No LDR Only available"," ","22-08Rollup"
