"Binary","Component","Version","Prio","Published","Branch","Article","Title","Link","LDROnlyKB","LDROnlyTitle","LDROnlyLink","Comment","RollupInfo"
"Netlogon.dll","Dom_NETLOGON","6.2.20348.469","0","5-Jan-2022","GDR","5009555","January 11, 2022-KB5009555 (OS Build 20348.469)","http://support.microsoft.com/kb/5009555","No LDR Only available","No LDR Only available","No LDR Only available"," ","22-01Rollup"
"LogonCli.dll","Dom_NETLOGON","6.2.20348.469","0","5-Jan-2022","GDR","5009555","January 11, 2022-KB5009555 (OS Build 20348.469)","http://support.microsoft.com/kb/5009555","No LDR Only available","No LDR Only available","No LDR Only available"," ","22-01Rollup"
"Winlogon.exe","Dom_WINLOGON","6.2.20348.320","0","5-Jan-2022","GDR","5009555","January 11, 2022-KB5009555 (OS Build 20348.469)","http://support.microsoft.com/kb/5009555","No LDR Only available","No LDR Only available","No LDR Only available"," ","22-01Rollup"
"Kerberos.dll","Dom_KERBEROS","6.2.20348.469","0","5-Jan-2022","GDR","5009555","January 11, 2022-KB5009555 (OS Build 20348.469)","http://support.microsoft.com/kb/5009555","No LDR Only available","No LDR Only available","No LDR Only available"," ","22-01Rollup"
"Msv1_0.dll","Dom_NTLM","6.2.20348.469","1","5-Jan-2022","GDR","5009555","January 11, 2022-KB5009555 (OS Build 20348.469)","http://support.microsoft.com/kb/5009555","No LDR Only available","No LDR Only available","No LDR Only available"," ","22-01Rollup"
"Lsass.exe","Dom_LSA","6.2.20348.261","0","5-Jan-2022","GDR","5009555","January 11, 2022-KB5009555 (OS Build 20348.469)","http://support.microsoft.com/kb/5009555","No LDR Only available","No LDR Only available","No LDR Only available"," ","22-01Rollup"
"Lsasrv.dll","Dom_LSA","6.2.20348.469","0","5-Jan-2022","GDR","5009555","January 11, 2022-KB5009555 (OS Build 20348.469)","http://support.microsoft.com/kb/5009555","No LDR Only available","No LDR Only available","No LDR Only available"," ","22-01Rollup"
"Ksecdd.sys","Dom_LSA","6.2.20348.261","0","5-Jan-2022","GDR","5009555","January 11, 2022-KB5009555 (OS Build 20348.469)","http://support.microsoft.com/kb/5009555","No LDR Only available","No LDR Only available","No LDR Only available"," ","22-01Rollup"
"Ksecpkg.sys","Dom_LSA","6.2.20348.469","0","5-Jan-2022","GDR","5009555","January 11, 2022-KB5009555 (OS Build 20348.469)","http://support.microsoft.com/kb/5009555","No LDR Only available","No LDR Only available","No LDR Only available"," ","22-01Rollup"
"Secur32.dll","Dom_LSA","6.2.20348.469","0","5-Jan-2022","GDR","5009555","January 11, 2022-KB5009555 (OS Build 20348.469)","http://support.microsoft.com/kb/5009555","No LDR Only available","No LDR Only available","No LDR Only available"," ","22-01Rollup"
"Sspicli.dll","Dom_LSA","6.2.20348.469","0","5-Jan-2022","GDR","5009555","January 11, 2022-KB5009555 (OS Build 20348.469)","http://support.microsoft.com/kb/5009555","No LDR Only available","No LDR Only available","No LDR Only available"," ","22-01Rollup"
"Sspisrv.dll","Dom_LSA","6.2.20348.261","0","5-Jan-2022","GDR","5009555","January 11, 2022-KB5009555 (OS Build 20348.469)","http://support.microsoft.com/kb/5009555","No LDR Only available","No LDR Only available","No LDR Only available"," ","22-01Rollup"
"Schannel.dll","Dom_LSA","6.2.20348.469","0","5-Jan-2022","GDR","5009555","January 11, 2022-KB5009555 (OS Build 20348.469)","http://support.microsoft.com/kb/5009555","No LDR Only available","No LDR Only available","No LDR Only available"," ","22-01Rollup"
"Scesrv.dll","Dom_SecAuditAndConfig","6.2.20348.469","1","5-Jan-2022","GDR","5009555","January 11, 2022-KB5009555 (OS Build 20348.469)","http://support.microsoft.com/kb/5009555","No LDR Only available","No LDR Only available","No LDR Only available"," ","22-01Rollup"
"AclUI.dll","Dom_SecAuditAndConfig","6.2.20348.380","1","5-Jan-2022","GDR","5009555","January 11, 2022-KB5009555 (OS Build 20348.469)","http://support.microsoft.com/kb/5009555","No LDR Only available","No LDR Only available","No LDR Only available"," ","22-01Rollup"
"Crypt32.dll","Dom_CRYPTO","6.2.20348.320","1","5-Jan-2022","GDR","5009555","January 11, 2022-KB5009555 (OS Build 20348.469)","http://support.microsoft.com/kb/5009555","No LDR Only available","No LDR Only available","No LDR Only available"," ","22-01Rollup"
"Wintrust.dll","Dom_CRYPTO","6.2.20348.469","1","5-Jan-2022","GDR","5009555","January 11, 2022-KB5009555 (OS Build 20348.469)","http://support.microsoft.com/kb/5009555","No LDR Only available","No LDR Only available","No LDR Only available"," ","22-01Rollup"
"Gpapi.dll","Dom_GPSVC","6.2.20348.143","1","5-Jan-2022","GDR","5009555","January 11, 2022-KB5009555 (OS Build 20348.469)","http://support.microsoft.com/kb/5009555","No LDR Only available","No LDR Only available","No LDR Only available"," ","22-01Rollup"
"Gpsvc.dll","Dom_GPSVC","6.2.20348.380","1","5-Jan-2022","GDR","5009555","January 11, 2022-KB5009555 (OS Build 20348.469)","http://support.microsoft.com/kb/5009555","No LDR Only available","No LDR Only available","No LDR Only available"," ","22-01Rollup"
"Gpmgmt.dll","Dom_GPSVC","6.2.20348.380","1","5-Jan-2022","GDR","5009555","January 11, 2022-KB5009555 (OS Build 20348.469)","http://support.microsoft.com/kb/5009555","No LDR Only available","No LDR Only available","No LDR Only available"," ","22-01Rollup"
"Gprsop.dll","Dom_GPSVC","6.2.20348.380","1","5-Jan-2022","GDR","5009555","January 11, 2022-KB5009555 (OS Build 20348.469)","http://support.microsoft.com/kb/5009555","No LDR Only available","No LDR Only available","No LDR Only available"," ","22-01Rollup"
"Gpprefcl.dll","Dom_GPP","6.2.20348.380","1","5-Jan-2022","GDR","5009555","January 11, 2022-KB5009555 (OS Build 20348.469)","http://support.microsoft.com/kb/5009555","No LDR Only available","No LDR Only available","No LDR Only available"," ","22-01Rollup"
"Gpme.dll","Dom_GPP","6.2.20348.380","1","5-Jan-2022","GDR","5009555","January 11, 2022-KB5009555 (OS Build 20348.469)","http://support.microsoft.com/kb/5009555","No LDR Only available","No LDR Only available","No LDR Only available"," ","22-01Rollup"
"Gppref.dll","Dom_GPP","6.2.20348.380","1","5-Jan-2022","GDR","5009555","January 11, 2022-KB5009555 (OS Build 20348.469)","http://support.microsoft.com/kb/5009555","No LDR Only available","No LDR Only available","No LDR Only available"," ","22-01Rollup"
"Gpprefbr.dll","Dom_GPP","6.2.20348.380","1","5-Jan-2022","GDR","5009555","January 11, 2022-KB5009555 (OS Build 20348.469)","http://support.microsoft.com/kb/5009555","No LDR Only available","No LDR Only available","No LDR Only available"," ","22-01Rollup"
"Gpprefcn.dll","Dom_GPP","6.2.20348.380","1","5-Jan-2022","GDR","5009555","January 11, 2022-KB5009555 (OS Build 20348.469)","http://support.microsoft.com/kb/5009555","No LDR Only available","No LDR Only available","No LDR Only available"," ","22-01Rollup"
"Gpregistrybrowser.dll","Dom_GPP","6.2.20348.380","1","5-Jan-2022","GDR","5009555","January 11, 2022-KB5009555 (OS Build 20348.469)","http://support.microsoft.com/kb/5009555","No LDR Only available","No LDR Only available","No LDR Only available"," ","22-01Rollup"
"Propshts.dll","Dom_GPP","6.2.20348.380","1","5-Jan-2022","GDR","5009555","January 11, 2022-KB5009555 (OS Build 20348.469)","http://support.microsoft.com/kb/5009555","No LDR Only available","No LDR Only available","No LDR Only available"," ","22-01Rollup"
"Repdrvfs.dll","Core_WMI","6.2.20348.202","0","5-Jan-2022","GDR","5009555","January 11, 2022-KB5009555 (OS Build 20348.469)","http://support.microsoft.com/kb/5009555","No LDR Only available","No LDR Only available","No LDR Only available"," ","22-01Rollup"
"Profsvc.dll","Dom_ProfProc","6.2.20348.469","1","5-Jan-2022","GDR","5009555","January 11, 2022-KB5009555 (OS Build 20348.469)","http://support.microsoft.com/kb/5009555","No LDR Only available","No LDR Only available","No LDR Only available"," ","22-01Rollup"
"Csc.sys","Net_CSC_Offline","6.2.20348.380","1","5-Jan-2022","GDR","5009555","January 11, 2022-KB5009555 (OS Build 20348.469)","http://support.microsoft.com/kb/5009555","No LDR Only available","No LDR Only available","No LDR Only available"," ","22-01Rollup"
"Cscsvc.dll","Net_CSC_Offline","6.2.20348.380","1","5-Jan-2022","GDR","5009555","January 11, 2022-KB5009555 (OS Build 20348.469)","http://support.microsoft.com/kb/5009555","No LDR Only available","No LDR Only available","No LDR Only available"," ","22-01Rollup"
"Cscmig.dll","Net_CSC_Offline","6.2.20348.380","1","5-Jan-2022","GDR","5009555","January 11, 2022-KB5009555 (OS Build 20348.469)","http://support.microsoft.com/kb/5009555","No LDR Only available","No LDR Only available","No LDR Only available"," ","22-01Rollup"
"Esent.dll","Dom_ESENT","6.2.20348.202","0","5-Jan-2022","GDR","5009555","January 11, 2022-KB5009555 (OS Build 20348.469)","http://support.microsoft.com/kb/5009555","No LDR Only available","No LDR Only available","No LDR Only available"," ","22-01Rollup"
"Ntdsai.dll","Dom_NTDSAI","6.2.20348.469","0","5-Jan-2022","GDR","5009555","January 11, 2022-KB5009555 (OS Build 20348.469)","http://support.microsoft.com/kb/5009555","No LDR Only available","No LDR Only available","No LDR Only available"," ","22-01Rollup"
"Ntdsutil.exe","Dom_NTDSAI","6.2.20348.469","0","5-Jan-2022","GDR","5009555","January 11, 2022-KB5009555 (OS Build 20348.469)","http://support.microsoft.com/kb/5009555","No LDR Only available","No LDR Only available","No LDR Only available"," ","22-01Rollup"
"Samsrv.dll","Dom_SAMSRV","6.2.20348.469","0","5-Jan-2022","GDR","5009555","January 11, 2022-KB5009555 (OS Build 20348.469)","http://support.microsoft.com/kb/5009555","No LDR Only available","No LDR Only available","No LDR Only available"," ","22-01Rollup"
"Samlib.dll","Dom_SAMSRV","6.2.20348.469","0","5-Jan-2022","GDR","5009555","January 11, 2022-KB5009555 (OS Build 20348.469)","http://support.microsoft.com/kb/5009555","No LDR Only available","No LDR Only available","No LDR Only available"," ","22-01Rollup"
"Kdcsvc.dll","Dom_KDCSVC","6.2.20348.469","0","5-Jan-2022","GDR","5009555","January 11, 2022-KB5009555 (OS Build 20348.469)","http://support.microsoft.com/kb/5009555","No LDR Only available","No LDR Only available","No LDR Only available"," ","22-01Rollup"
"Dfsrs.exe","Dom_DFS-R","6.2.20348.380","0","5-Jan-2022","GDR","5009555","January 11, 2022-KB5009555 (OS Build 20348.469)","http://support.microsoft.com/kb/5009555","No LDR Only available","No LDR Only available","No LDR Only available"," ","22-01Rollup"
"Dfsrress.dll","Dom_DFS-R","6.2.20348.380","0","5-Jan-2022","GDR","5009555","January 11, 2022-KB5009555 (OS Build 20348.469)","http://support.microsoft.com/kb/5009555","No LDR Only available","No LDR Only available","No LDR Only available"," ","22-01Rollup"
"Microsoft.identityserver.service.dll","Dom_ADFS","6.2.20348.288","0","5-Jan-2022","GDR","5009555","January 11, 2022-KB5009555 (OS Build 20348.469)","http://support.microsoft.com/kb/5009555","No LDR Only available","No LDR Only available","No LDR Only available"," ","22-01Rollup"
"Microsoft.identityserver.web.dll","Dom_ADFS","6.2.20348.320","0","5-Jan-2022","GDR","5009555","January 11, 2022-KB5009555 (OS Build 20348.469)","http://support.microsoft.com/kb/5009555","No LDR Only available","No LDR Only available","No LDR Only available"," ","22-01Rollup"
"Microsoft.identityserver.dll","Dom_ADFS","6.2.20348.143","0","5-Jan-2022","GDR","5009555","January 11, 2022-KB5009555 (OS Build 20348.469)","http://support.microsoft.com/kb/5009555","No LDR Only available","No LDR Only available","No LDR Only available"," ","22-01Rollup"
"5009555","Win2022_22-01_B_rollup_KB"," ","0","11-Jan-2022","GDR","5009555","January 11, 2022-KB5009555 (OS Build 20348.469)","http://support.microsoft.com/kb/5009555","KB only","KB only","KB only"," ","22-01Rollup"
