"Binary","Component","Version","Prio","Published","Branch","Article","Title","Link","LDROnlyKB","LDROnlyTitle","LDROnlyLink","Comment","RollupInfo"
"Ntoskrnl.exe","Core_Kernel","6.2.14393.5786","0","09-Mar-2023","GDR","5023697","March 14, 2023-KB5023697 (OS Build 14393.5786)","http://support.microsoft.com/kb/5023697","No LDR Only available","No LDR Only available","No LDR Only available"," ","23-03Rollup"
"Ntkrnlpa.exe","Core_Kernel","6.2.14393.0","0","","RTM","5023697","","","","","","",""
"Crashdmp.sys","Core_Kernel","6.2.14393.351","0","14-Oct-2016","GDR","5023697","March 14, 2023-KB5023697 (OS Build 14393.5786)","http://support.microsoft.com/kb/5023697","No LDR Only available","No LDR Only available","No LDR Only available"," ","23-03Rollup"
"Vssapi.dll","Core_VSS","6.2.14393.4169","1","07-Jan-2021","GDR","5023697","March 14, 2023-KB5023697 (OS Build 14393.5786)","http://support.microsoft.com/kb/5023697","No LDR Only available","No LDR Only available","No LDR Only available"," ","23-03Rollup"
"Vsstrace.dll","Core_VSS","6.2.14393.4169","1","07-Jan-2021","GDR","5023697","March 14, 2023-KB5023697 (OS Build 14393.5786)","http://support.microsoft.com/kb/5023697","No LDR Only available","No LDR Only available","No LDR Only available"," ","23-03Rollup"
"vsssvc.exe","Core_VSS","6.2.14393.0","1","","RTM","5023697","","","","","","",""
"Swprv.dll","Core_VSS","6.2.14393.4169","1","07-Jan-2021","GDR","5023697","March 14, 2023-KB5023697 (OS Build 14393.5786)","http://support.microsoft.com/kb/5023697","No LDR Only available","No LDR Only available","No LDR Only available"," ","23-03Rollup"
"spp.dll","Core_VSS","6.2.14393.4169","1","07-Jan-2021","GDR","5023697","March 14, 2023-KB5023697 (OS Build 14393.5786)","http://support.microsoft.com/kb/5023697","No LDR Only available","No LDR Only available","No LDR Only available"," ","23-03Rollup"
"wbengine.exe","Core_VSS","6.2.14393.4169","1","07-Jan-2021","GDR","5023697","March 14, 2023-KB5023697 (OS Build 14393.5786)","http://support.microsoft.com/kb/5023697","No LDR Only available","No LDR Only available","No LDR Only available"," ","23-03Rollup"
"blbsrv.dll","Core_VSS","6.2.14393.4169","1","07-Jan-2021","GDR","5023697","March 14, 2023-KB5023697 (OS Build 14393.5786)","http://support.microsoft.com/kb/5023697","No LDR Only available","No LDR Only available","No LDR Only available"," ","23-03Rollup"
"Volsnap.sys","Cluster_Volsnap","6.2.14393.1794","0","08-Oct-2017","GDR","5023697","March 14, 2023-KB5023697 (OS Build 14393.5786)","http://support.microsoft.com/kb/5023697","No LDR Only available","No LDR Only available","No LDR Only available"," ","23-03Rollup"
"pci.sys","Core_Sys","6.2.14393.4530","1","05-Jul-2021","GDR","5023697","March 14, 2023-KB5023697 (OS Build 14393.5786)","http://support.microsoft.com/kb/5023697","No LDR Only available","No LDR Only available","No LDR Only available"," ","23-03Rollup"
"Termdd.sys","Core_Sys","6.2.14393.0","1","","RTM","5023697","","","","","","",""
"Volmgr.sys","Core_Sys","6.2.14393.4350","1","08-Apr-2021","GDR","5023697","March 14, 2023-KB5023697 (OS Build 14393.5786)","http://support.microsoft.com/kb/5023697","No LDR Only available","No LDR Only available","No LDR Only available"," ","23-03Rollup"
"Crypt32.dll","Dom_CRYPTO","6.2.14393.5427","1","30-Sep-2022","GDR","5023697","March 14, 2023-KB5023697 (OS Build 14393.5786)","http://support.microsoft.com/kb/5023697","No LDR Only available","No LDR Only available","No LDR Only available"," ","23-03Rollup"
"Cryptsvc.dll","Dom_CRYPTO","6.2.14393.0","1","","RTM","5023697","","","","","","",""
"Cryptnet.dll","Dom_CRYPTO","6.2.14393.2035","1","10-Jan-2018","GDR","5023697","March 14, 2023-KB5023697 (OS Build 14393.5786)","http://support.microsoft.com/kb/5023697","No LDR Only available","No LDR Only available","No LDR Only available"," ","23-03Rollup"
"Wintrust.dll","Dom_CRYPTO","6.2.14393.5427","1","30-Sep-2022","GDR","5023697","March 14, 2023-KB5023697 (OS Build 14393.5786)","http://support.microsoft.com/kb/5023697","No LDR Only available","No LDR Only available","No LDR Only available"," ","23-03Rollup"
"Cryptdll.dll","Dom_CRYPTO","6.2.14393.2969","1","03-May-2019","GDR","5023697","March 14, 2023-KB5023697 (OS Build 14393.5786)","http://support.microsoft.com/kb/5023697","No LDR Only available","No LDR Only available","No LDR Only available"," ","23-03Rollup"
"Cryptcatsvc.dll","Dom_CRYPTO","6.2.14393.3930","1","01-Sep-2020","GDR","5023697","March 14, 2023-KB5023697 (OS Build 14393.5786)","http://support.microsoft.com/kb/5023697","No LDR Only available","No LDR Only available","No LDR Only available"," ","23-03Rollup"
"5005698","Win2016RS1_21_09_SSU_KB"," ","0","14-Sep-2021","GDR","5005698","KB5005698: Servicing stack update for Windows 10, version 1607: September 14, 2021","http://support.microsoft.com/kb/5005698","No LDR Only available","No LDR Only available","No LDR Only available"," ","No Rollup"
"5023697","Win2016RS1_23-03_B_rollup_KB"," ","0","14-Mar-2023","GDR","5023697","March 14, 2023-KB5023697 (OS Build 14393.5786)","http://support.microsoft.com/kb/5023697","No LDR Only available","No LDR Only available","No LDR Only available"," ","23-03Rollup"
