"Binary","Component","Version","Prio","Published","Branch","Article","Title","Link","LDROnlyKB","LDROnlyTitle","LDROnlyLink","Comment","RollupInfo"
"Netlogon.dll","Dom_NETLOGON","6.1.7601.26317","0","19-Dec-2022","GDR","5023769","March 14, 2023-KB5023769 (Monthly Rollup)","http://support.microsoft.com/kb/5023769","No LDR Only available","No LDR Only available","No LDR Only available"," ","23-03Rollup"
"LogonCli.dll","Dom_NETLOGON","6.1.7601.25951","0","18-Apr-2022","GDR","5023769","March 14, 2023-KB5023769 (Monthly Rollup)","http://support.microsoft.com/kb/5023769","No LDR Only available","No LDR Only available","No LDR Only available"," ","23-03Rollup"
"Winlogon.exe","Dom_WINLOGON","6.1.7601.24514","0","13-Aug-2019","GDR","5023769","March 14, 2023-KB5023769 (Monthly Rollup)","http://support.microsoft.com/kb/5023769","No LDR Only available","No LDR Only available","No LDR Only available"," ","23-03Rollup"
"Kerberos.dll","Dom_KERBEROS","6.1.7601.26174","0","08-Nov-2022","GDR","5023769","March 14, 2023-KB5023769 (Monthly Rollup)","http://support.microsoft.com/kb/5023769","No LDR Only available","No LDR Only available","No LDR Only available","rEX","23-03Rollup"
"Msv1_0.dll","Dom_NTLM","6.1.7601.26174","1","08-Nov-2022","GDR","5023769","March 14, 2023-KB5023769 (Monthly Rollup)","http://support.microsoft.com/kb/5023769","No LDR Only available","No LDR Only available","No LDR Only available","rEX","23-03Rollup"
"Wldap32.dll","Dom_LDAPClient","6.1.7601.26113","0","08-Nov-2022","GDR","5023769","March 14, 2023-KB5023769 (Monthly Rollup)","http://support.microsoft.com/kb/5023769","No LDR Only available","No LDR Only available","No LDR Only available","rEX","23-03Rollup"
"Lsass.exe","Dom_LSA","6.1.7601.26174","0","08-Nov-2022","GDR","5023769","March 14, 2023-KB5023769 (Monthly Rollup)","http://support.microsoft.com/kb/5023769","No LDR Only available","No LDR Only available","No LDR Only available","rEX","23-03Rollup"
"Lsasrv.dll","Dom_LSA","6.1.7601.26174","0","08-Nov-2022","GDR","5023769","March 14, 2023-KB5023769 (Monthly Rollup)","http://support.microsoft.com/kb/5023769","No LDR Only available","No LDR Only available","No LDR Only available","rEX","23-03Rollup"
"Ksecdd.sys","Dom_LSA","6.1.7601.26174","0","08-Nov-2022","GDR","5023769","March 14, 2023-KB5023769 (Monthly Rollup)","http://support.microsoft.com/kb/5023769","No LDR Only available","No LDR Only available","No LDR Only available","rEX","23-03Rollup"
"Ksecpkg.sys","Dom_LSA","6.1.7601.26174","0","08-Nov-2022","GDR","5023769","March 14, 2023-KB5023769 (Monthly Rollup)","http://support.microsoft.com/kb/5023769","No LDR Only available","No LDR Only available","No LDR Only available","rEX","23-03Rollup"
"Secur32.dll","Dom_LSA","6.1.7601.26174","0","08-Nov-2022","GDR","5023769","March 14, 2023-KB5023769 (Monthly Rollup)","http://support.microsoft.com/kb/5023769","No LDR Only available","No LDR Only available","No LDR Only available","rEX","23-03Rollup"
"Sspicli.dll","Dom_LSA","6.1.7601.26174","0","08-Nov-2022","GDR","5023769","March 14, 2023-KB5023769 (Monthly Rollup)","http://support.microsoft.com/kb/5023769","No LDR Only available","No LDR Only available","No LDR Only available","rEX","23-03Rollup"
"Sspisrv.dll","Dom_LSA","6.1.7601.26174","0","08-Nov-2022","GDR","5023769","March 14, 2023-KB5023769 (Monthly Rollup)","http://support.microsoft.com/kb/5023769","No LDR Only available","No LDR Only available","No LDR Only available","rEX","23-03Rollup"
"Schannel.dll","Dom_LSA","6.1.7601.26174","0","08-Nov-2022","GDR","5023769","March 14, 2023-KB5023769 (Monthly Rollup)","http://support.microsoft.com/kb/5023769","No LDR Only available","No LDR Only available","No LDR Only available","rEX","23-03Rollup"
"dpapisvr.dll","Dom_LSA","6.1.7601.0","0","","RTM","5023769","","","","","","",""
"Scesrv.dll","Dom_SecAuditAndConfig","6.1.7601.26159","1","08-Nov-2022","GDR","5023769","March 14, 2023-KB5023769 (Monthly Rollup)","http://support.microsoft.com/kb/5023769","No LDR Only available","No LDR Only available","No LDR Only available","rEX","23-03Rollup"
"aclui.dll","Dom_SecAuditAndConfig","6.1.7601.22587","1","01.02.2014","LDR","2928800 (v1.0)","Incorrect group name is displayed in folder permission list in Windows 7 or Windows Server 2008 R2","http://support.microsoft.com/kb/2928800","2928800 (v1.0)","Incorrect group name is displayed in folder permission list in Windows 7 or Windows Server 2008 R2","http://support.microsoft.com/kb/2928800"," ","16-04Rollup"
"Winscard.dll","Dom_SC_Provider","6.1.7601.24059","1","21-Feb-2018","GDR","5023769","March 14, 2023-KB5023769 (Monthly Rollup)","http://support.microsoft.com/kb/5023769","No LDR Only available","No LDR Only available","No LDR Only available"," ","23-03Rollup"
"Basecsp.dll","Dom_SC_Provider","6.1.7601.24080","1","06-Mar-2018","GDR","5023769","March 14, 2023-KB5023769 (Monthly Rollup)","http://support.microsoft.com/kb/5023769","No LDR Only available","No LDR Only available","No LDR Only available"," ","23-03Rollup"
"Scksp.dll","Dom_SC_Provider","6.1.7601.24080","1","06-Mar-2018","GDR","5023769","March 14, 2023-KB5023769 (Monthly Rollup)","http://support.microsoft.com/kb/5023769","No LDR Only available","No LDR Only available","No LDR Only available"," ","23-03Rollup"
"scardsvr.dll","Dom_SC_Srv","6.1.7601.22310","1","26.04.2013","LDR","2833914 (v2.0)","""Interactive Logon: Smart card removal behavior"" Group Policy setting doesn't work as expected in Windows 7 SP1 or Windows Server 2008 R2 SP1","http://support.microsoft.com/kb/2833914","2833914 (v2.0)","""Interactive Logon: Smart card removal behavior"" Group Policy setting doesn't work as expected in Windows 7 SP1 or Windows Server 2008 R2 SP1","http://support.microsoft.com/kb/2833914"," ","16-04Rollup"
"scfilter.sys","Dom_SC_Srv","6.1.7601.22310","1","26.04.2013","LDR","2833914 (v2.0)","""Interactive Logon: Smart card removal behavior"" Group Policy setting doesn't work as expected in Windows 7 SP1 or Windows Server 2008 R2 SP1","http://support.microsoft.com/kb/2833914","2833914 (v2.0)","""Interactive Logon: Smart card removal behavior"" Group Policy setting doesn't work as expected in Windows 7 SP1 or Windows Server 2008 R2 SP1","http://support.microsoft.com/kb/2833914"," ","16-04Rollup"
"certprop.dll","Dom_SC_Srv","6.1.7601.22310","1","26.04.2013","LDR","2833914 (v2.0)","""Interactive Logon: Smart card removal behavior"" Group Policy setting doesn't work as expected in Windows 7 SP1 or Windows Server 2008 R2 SP1","http://support.microsoft.com/kb/2833914","2833914 (v2.0)","""Interactive Logon: Smart card removal behavior"" Group Policy setting doesn't work as expected in Windows 7 SP1 or Windows Server 2008 R2 SP1","http://support.microsoft.com/kb/2833914"," ","16-04Rollup"
"Crypt32.dll","Dom_CRYPTO","6.1.7601.26058","1","11-Jul-2022","GDR","5023769","March 14, 2023-KB5023769 (Monthly Rollup)","http://support.microsoft.com/kb/5023769","No LDR Only available","No LDR Only available","No LDR Only available"," ","23-03Rollup"
"Cryptsvc.dll","Dom_CRYPTO","6.1.7601.26058","1","11-Jul-2022","GDR","5023769","March 14, 2023-KB5023769 (Monthly Rollup)","http://support.microsoft.com/kb/5023769","No LDR Only available","No LDR Only available","No LDR Only available"," ","23-03Rollup"
"Cryptnet.dll","Dom_CRYPTO","6.1.7601.26058","1","11-Jul-2022","GDR","5023769","March 14, 2023-KB5023769 (Monthly Rollup)","http://support.microsoft.com/kb/5023769","No LDR Only available","No LDR Only available","No LDR Only available"," ","23-03Rollup"
"Wintrust.dll","Dom_CRYPTO","6.1.7601.26058","1","11-Jul-2022","GDR","5023769","March 14, 2023-KB5023769 (Monthly Rollup)","http://support.microsoft.com/kb/5023769","No LDR Only available","No LDR Only available","No LDR Only available"," ","23-03Rollup"
"Cryptdll.dll","Dom_CRYPTO","6.1.7601.24432","1","04-Apr-2019","GDR","5023769","March 14, 2023-KB5023769 (Monthly Rollup)","http://support.microsoft.com/kb/5023769","No LDR Only available","No LDR Only available","No LDR Only available"," ","23-03Rollup"
"Cryptcatsvc.dll","Dom_CRYPTO","6.1.7601.0","1","","RTM","5023769","","","","","","",""
"dimsroam.dll","Dom_DIMS","6.1.7601.26112","1","08-Nov-2022","LDRGDR","2871997","Microsoft Security Advisory: Update to improve credentials protection and management: May 13, 2014","http://support.microsoft.com/kb/2871997","2520487 (v1.0)","AD DS database size increases significantly when the Credential Roaming feature is enabled in Windows 7 or in Windows Server 2008 R2","http://support.microsoft.com/kb/2520487","rEX","16-04Rollup"
"dimsjob.dll","Dom_DIMS","6.1.7601.22751","1","24.07.2014","LDR","2987452 (v1.0)","Performance issues when you use credential roaming on RD Session Host servers in Windows 7 or Windows Server 2008 R2","http://support.microsoft.com/kb/2987452","2987452 (v1.0)","Performance issues when you use credential roaming on RD Session Host servers in Windows 7 or Windows Server 2008 R2","http://support.microsoft.com/kb/2987452"," ","16-04Rollup"
"adprovider.dll","Dom_DIMS","6.1.7601.26112","1","08-Nov-2022","LDRGDR","2871997","Microsoft Security Advisory: Update to improve credentials protection and management: May 13, 2014","http://support.microsoft.com/kb/2871997","2520487 (v1.0)","AD DS database size increases significantly when the Credential Roaming feature is enabled in Windows 7 or in Windows Server 2008 R2","http://support.microsoft.com/kb/2520487","rEX","16-04Rollup"
"capiprovider.dll","Dom_DIMS","6.1.7601.26112","1","08-Nov-2022","LDRGDR","2871997","Microsoft Security Advisory: Update to improve credentials protection and management: May 13, 2014","http://support.microsoft.com/kb/2871997","2520487 (v1.0)","AD DS database size increases significantly when the Credential Roaming feature is enabled in Windows 7 or in Windows Server 2008 R2","http://support.microsoft.com/kb/2520487","rEX","16-04Rollup"
"cngprovider.dll","Dom_DIMS","6.1.7601.26112","1","08-Nov-2022","LDRGDR","2871997","Microsoft Security Advisory: Update to improve credentials protection and management: May 13, 2014","http://support.microsoft.com/kb/2871997","2520487 (v1.0)","AD DS database size increases significantly when the Credential Roaming feature is enabled in Windows 7 or in Windows Server 2008 R2","http://support.microsoft.com/kb/2520487","rEX","16-04Rollup"
"dpapiprovider.dll","Dom_DIMS","6.1.7601.26112","1","08-Nov-2022","LDRGDR","2871997","Microsoft Security Advisory: Update to improve credentials protection and management: May 13, 2014","http://support.microsoft.com/kb/2871997","2520487 (v1.0)","AD DS database size increases significantly when the Credential Roaming feature is enabled in Windows 7 or in Windows Server 2008 R2","http://support.microsoft.com/kb/2520487","rEX","16-04Rollup"
"wincredprovider.dll","Dom_DIMS","6.1.7601.26112","1","08-Nov-2022","LDRGDR","2871997","Microsoft Security Advisory: Update to improve credentials protection and management: May 13, 2014","http://support.microsoft.com/kb/2871997","2520487 (v1.0)","AD DS database size increases significantly when the Credential Roaming feature is enabled in Windows 7 or in Windows Server 2008 R2","http://support.microsoft.com/kb/2520487","rEX","16-04Rollup"
"Gpapi.dll","Dom_GPSVC","6.1.7601.25632","1","26-May-2021","GDR","5023769","March 14, 2023-KB5023769 (Monthly Rollup)","http://support.microsoft.com/kb/5023769","No LDR Only available","No LDR Only available","No LDR Only available"," ","23-03Rollup"
"Gpsvc.dll","Dom_GPSVC","6.1.7601.25632","1","26-May-2021","GDR","5023769","March 14, 2023-KB5023769 (Monthly Rollup)","http://support.microsoft.com/kb/5023769","No LDR Only available","No LDR Only available","No LDR Only available"," ","23-03Rollup"
"gpmgmt.dll","Dom_GPSVC","6.1.7601.22814","1","20.09.2014","LDR","3001265 (v1.0)","""Access Denied"" error occurs but all child objects under protected OU are deleted in Windows 7 or Windows Server 2008 R","http://support.microsoft.com/kb/3001265","3001265 (v1.0)","""Access Denied"" error occurs but all child objects under protected OU are deleted in Windows 7 or Windows Server 2008 R","http://support.microsoft.com/kb/3001265"," ","16-04Rollup"
"Gprsop.dll","Dom_GPSVC","6.1.7601.23403","1","25-Mar-2016","LDR","3125574","Convenience roll-up update for Windows 7 SP1 and Windows Server 2008 R2 SP1","http://support.microsoft.com/kb/3125574","No LDR Only available","No LDR Only available","No LDR Only available"," ","16-04Rollup"
"Userenv.dll","Dom_GPSVC","6.1.7601.25921","1","23-Mar-2022","GDR","5023769","March 14, 2023-KB5023769 (Monthly Rollup)","http://support.microsoft.com/kb/5023769","No LDR Only available","No LDR Only available","No LDR Only available"," ","23-03Rollup"
"gpprnext.dll","Dom_GPExt","6.1.7601.22137","0","13.08.2014","LDR","2775511 (v1.0)","An enterprise hotfix rollup is available for Windows 7 SP1 and Windows Server 2008 R2 SP1","http://support.microsoft.com/kb/2775511","2537549 (v1.0)","Cannot deploy a printer by using a GPO if read-only domain controllers are exclusively used in the domain environment in Windows 7 or in Windows Server 2008 R2","http://support.microsoft.com/kb/2537549"," ","16-04Rollup"
"appmgmts.dll","Dom_GPExt","6.1.7601.22137","1","13.08.2014","LDR","2775511 (v1.0)","An enterprise hotfix rollup is available for Windows 7 SP1 and Windows Server 2008 R2 SP1","http://support.microsoft.com/kb/2775511","2537556 (v1.0)","When you use a GPO for application deployment in Windows 7 or in Windows Server 2008 R2, the deployment fails","http://support.microsoft.com/kb/2537556"," ","16-04Rollup"
"Gpprefcl.dll","Dom_GPP","6.1.7601.26173","1","08-Nov-2022","GDR","5023769","March 14, 2023-KB5023769 (Monthly Rollup)","http://support.microsoft.com/kb/5023769","No LDR Only available","No LDR Only available","No LDR Only available","rEX","23-03Rollup"
"Gpme.dll","Dom_GPP","6.1.7601.24561","1","30-Sep-2020","GDR","5023769","March 14, 2023-KB5023769 (Monthly Rollup)","http://support.microsoft.com/kb/5023769","No LDR Only available","No LDR Only available","No LDR Only available"," ","23-03Rollup"
"Gppref.dll","Dom_GPP","6.1.7601.24561","1","01-Oct-2020","GDR","5023769","March 14, 2023-KB5023769 (Monthly Rollup)","http://support.microsoft.com/kb/5023769","No LDR Only available","No LDR Only available","No LDR Only available"," ","23-03Rollup"
"Gpprefbr.dll","Dom_GPP","6.1.7601.24561","1","01-Oct-2020","GDR","5023769","March 14, 2023-KB5023769 (Monthly Rollup)","http://support.microsoft.com/kb/5023769","No LDR Only available","No LDR Only available","No LDR Only available"," ","23-03Rollup"
"Gpprefcn.dll","Dom_GPP","6.1.7601.24561","1","01-Oct-2020","GDR","5023769","March 14, 2023-KB5023769 (Monthly Rollup)","http://support.microsoft.com/kb/5023769","No LDR Only available","No LDR Only available","No LDR Only available"," ","23-03Rollup"
"Gpregistrybrowser.dll","Dom_GPP","6.1.7601.24561","1","01-Oct-2020","GDR","5023769","March 14, 2023-KB5023769 (Monthly Rollup)","http://support.microsoft.com/kb/5023769","No LDR Only available","No LDR Only available","No LDR Only available"," ","23-03Rollup"
"Propshts.dll","Dom_GPP","6.1.7601.24561","1","01-Oct-2020","GDR","5023769","March 14, 2023-KB5023769 (Monthly Rollup)","http://support.microsoft.com/kb/5023769","No LDR Only available","No LDR Only available","No LDR Only available"," ","23-03Rollup"
"Repdrvfs.dll","Core_WMI","6.1.7601.24551","0","12-Mar-2020","GDR","5023769","March 14, 2023-KB5023769 (Monthly Rollup)","http://support.microsoft.com/kb/5023769","No LDR Only available","No LDR Only available","No LDR Only available"," ","23-03Rollup"
"Profprov.dll","Dom_ProfProc","6.1.7601.24561","1","24-Sep-2020","GDR","5023769","March 14, 2023-KB5023769 (Monthly Rollup)","http://support.microsoft.com/kb/5023769","No LDR Only available","No LDR Only available","No LDR Only available"," ","23-03Rollup"
"Profsvc.dll","Dom_ProfProc","6.1.7601.24561","1","24-Sep-2020","GDR","5023769","March 14, 2023-KB5023769 (Monthly Rollup)","http://support.microsoft.com/kb/5023769","No LDR Only available","No LDR Only available","No LDR Only available"," ","23-03Rollup"
"Fdeploy.dll","Dom_FolderRedir","6.1.7601.17514","0","14-Feb-2023","GDR","5023769","March 14, 2023-KB5023769 (Monthly Rollup)","http://support.microsoft.com/kb/5023769","No LDR Only available","No LDR Only available","No LDR Only available","rEX","23-03Rollup"
"Csc.sys","Net_CSC_Offline","6.1.7601.24197","1","29-Jun-2018","GDR","5023769","March 14, 2023-KB5023769 (Monthly Rollup)","http://support.microsoft.com/kb/5023769","No LDR Only available","No LDR Only available","No LDR Only available"," ","23-03Rollup"
"Cscapi.dll","Net_CSC_Offline","6.1.7601.24197","1","29-Jun-2018","GDR","5023769","March 14, 2023-KB5023769 (Monthly Rollup)","http://support.microsoft.com/kb/5023769","No LDR Only available","No LDR Only available","No LDR Only available"," ","23-03Rollup"
"Cscdll.dll","Net_CSC_Offline","6.1.7601.24197","1","29-Jun-2018","GDR","5023769","March 14, 2023-KB5023769 (Monthly Rollup)","http://support.microsoft.com/kb/5023769","No LDR Only available","No LDR Only available","No LDR Only available"," ","23-03Rollup"
"Cscsvc.dll","Net_CSC_Offline","6.1.7601.24564","1","14-Dec-2020","GDR","5023769","March 14, 2023-KB5023769 (Monthly Rollup)","http://support.microsoft.com/kb/5023769","No LDR Only available","No LDR Only available","No LDR Only available"," ","23-03Rollup"
"Cscmig.dll","Net_CSC_Offline","6.1.7601.24197","1","29-Jun-2018","GDR","5023769","March 14, 2023-KB5023769 (Monthly Rollup)","http://support.microsoft.com/kb/5023769","No LDR Only available","No LDR Only available","No LDR Only available"," ","23-03Rollup"
"cscui.dll","Net_CSC_Offline","6.1.7601.22699","1","23.05.2014","LDR","2967567 (v1.0)","Cannot access DFS root when the DFS path is offline and you log on to a Windows-based computer for the first time","http://support.microsoft.com/kb/2967567","2967567 (v1.0)","Cannot access DFS root when the DFS path is offline and you log on to a Windows-based computer for the first time","http://support.microsoft.com/kb/2967567"," ","16-04Rollup"
"esent.dll","Dom_ESENT","6.1.7601.22448","0","11.09.2013","LDR","2878563 (v1.0)","Applications experience up to three seconds of AD DS or AD LDS query latency in Windows Server 2008 R2 SP1","http://support.microsoft.com/kb/2878563","2878563 (v1.0)","Applications experience up to three seconds of AD DS or AD LDS query latency in Windows Server 2008 R2 SP1","http://support.microsoft.com/kb/2878563"," ","16-04Rollup"
"Ntdsai.dll","Dom_NTDSAI","6.1.7601.26359","0","05-Jan-2023","GDR","5023769","March 14, 2023-KB5023769 (Monthly Rollup)","http://support.microsoft.com/kb/5023769","No LDR Only available","No LDR Only available","No LDR Only available"," ","23-03Rollup"
"Ntdsutil.exe","Dom_NTDSAI","6.1.7601.21931","1","28.02.2012","LDR","2642658 (v2.0)","You cannot create users, computers, or groups on a domain controller that is running Windows Server 2008 R2","http://support.microsoft.com/kb/2642658","2642658 (v2.0)","You cannot create users, computers, or groups on a domain controller that is running Windows Server 2008 R2","http://support.microsoft.com/kb/2642658"," ","16-04Rollup"
"Samsrv.dll","Dom_SAMSRV","6.1.7601.26169","0","08-Nov-2022","GDR","5023769","March 14, 2023-KB5023769 (Monthly Rollup)","http://support.microsoft.com/kb/5023769","No LDR Only available","No LDR Only available","No LDR Only available","rEX","23-03Rollup"
"Samlib.dll","Dom_SAMSRV","6.1.7601.26169","0","08-Nov-2022","GDR","5023769","March 14, 2023-KB5023769 (Monthly Rollup)","http://support.microsoft.com/kb/5023769","No LDR Only available","No LDR Only available","No LDR Only available","rEX","23-03Rollup"
"Kdcsvc.dll","Dom_KDCSVC","6.1.7601.26359","0","05-Jan-2023","GDR","5023769","March 14, 2023-KB5023769 (Monthly Rollup)","http://support.microsoft.com/kb/5023769","No LDR Only available","No LDR Only available","No LDR Only available"," ","23-03Rollup"
"dfsrs.exe","Dom_DFS-R","6.1.7601.22842","0","13.10.2014","LDR","3002288 (v2.0)","DFSR service freezes when it calls a method on a Windows-based serve","http://support.microsoft.com/kb/3002288","3002288 (v2.0)","DFSR service freezes when it calls a method on a Windows-based serve","http://support.microsoft.com/kb/3002288"," ","16-04Rollup"
"Dfsrress.dll","Dom_DFS-R","6.1.7601.23403","0","25-Mar-2016","LDR","3125574","Convenience roll-up update for Windows 7 SP1 and Windows Server 2008 R2 SP1","http://support.microsoft.com/kb/3125574","No LDR Only available","No LDR Only available","No LDR Only available"," ","16-04Rollup"
"dfsrro.sys","Dom_DFS-R","6.1.7601.22335","0","22.05.2013","LDR","2851868 (v1.0)","""0x0000003B"" Stop error when you use the DFSR service on a Windows Server 2008 R2-based computer","http://support.microsoft.com/kb/2851868","2851868 (v1.0)","""0x0000003B"" Stop error when you use the DFSR service on a Windows Server 2008 R2-based computer","http://support.microsoft.com/kb/2851868"," ","16-04Rollup"
"Microsoft.identityserver.service.dll","Dom_ADFS","6.1.7601.23675","0","07-Feb-2017","GDR","5023769","March 14, 2023-KB5023769 (Monthly Rollup)","http://support.microsoft.com/kb/5023769","No LDR Only available","No LDR Only available","No LDR Only available"," ","23-03Rollup"
"Microsoft.identityserver.webhost.dll","Dom_ADFS","6.1.7601.0","0","","RTM","5023769","","","","","","",""
"Microsoft.identityserver.web.dll","Dom_ADFS","6.1.7601.0","0","","RTM","5023769","","","","","","",""
"Microsoft.identityserver.dll","Dom_ADFS","6.1.7601.23675","0","07-Feb-2017","GDR","5023769","March 14, 2023-KB5023769 (Monthly Rollup)","http://support.microsoft.com/kb/5023769","No LDR Only available","No LDR Only available","No LDR Only available"," ","23-03Rollup"
"Microsoft.identityserver.proxyservice.exe","Dom_ADFS","6.1.7601.0","0","","RTM","5023769","","","","","","",""
"3125574","Win2008R2_16_04B_rollup_KB"," ","0","07-May-2016","LDR","3125574","Convenience roll-up update for Windows 7 SP1 and Windows Server 2008 R2 SP1","http://support.microsoft.com/kb/3125574","No LDR Only available","No LDR Only available","No LDR Only available"," ","No Rollup"
"4490628","Win2008R2_19_03_SSU_KB"," ","0","12-Mar-2020","LDR","4490628","Servicing stack update for Windows 7 SP1 and Windows Server 2008 R2 SP1: March 12, 2019","http://support.microsoft.com/kb/4490628","No LDR Only available","No LDR Only available","No LDR Only available"," ","No Rollup"
"4474419","Win2008R2_19_09_SHA_KB"," ","0","23-Sep-2019","LDR","4474419","SHA-2 code signing support update for Windows Server 2008 R2, Windows 7, and Windows Server 2008: September 23, 2019","http://support.microsoft.com/kb/4474419","No LDR Only available","No LDR Only available","No LDR Only available"," ","No Rollup"
"4534310","Win2008R2_20-01_B_last-non-ESU"," ","0","14-Jan-2020","GDR","4534310 (v1.0)","January 14, 2020-KB4534310 (Monthly Rollup)","http://support.microsoft.com/kb/4534310","No LDR Only available","No LDR Only available","No LDR Only available"," ","20-01Rollup"
"4592510","Win2008R2_20_12_SSU_KB"," ","0","08-Dec-2020","LDR","4592510","Servicing stack update for Windows 7 SP1 and Server 2008 R2 SP1: December 8, 2020","http://support.microsoft.com/kb/4592510","No LDR Only available","No LDR Only available","No LDR Only available"," ","No Rollup"
"4538483","Win2008R2_20_02_ESU_KB"," ","0","11-Feb-2020","LDR","4538483","Extended Security Updates (ESU) Licensing Preparation Package for Windows 7 SP1 and Windows Server 2008 R2 SP1","http://support.microsoft.com/kb/4538483","No LDR Only available","No LDR Only available","No LDR Only available"," ","No Rollup"
"4575903","Win2008R2_21_02_ESU_KB"," ","0","09-Feb-2021","LDR","4575903","Update for the Extended Security Updates (ESU) Licensing Preparation Package for Windows 7 SP1 and Windows Server 2008 R2 SP1","http://support.microsoft.com/kb/4575903","No LDR Only available","No LDR Only available","No LDR Only available"," ","No Rollup"
"5010451","Win2008R2_22_02_SSU_KB"," ","0","08-Feb-2022","LDR","5010451","KB5010451: Servicing stack update for Windows 7 SP1 and Server 2008 R2 SP1: February 8, 2022","http://support.microsoft.com/kb/5010451","No LDR Only available","No LDR Only available","No LDR Only available"," ","No Rollup"
"5023769","Win2008R2_23-03_B_rollup_KB"," ","0","14-Mar-2023","GDR","5023769","March 14, 2023-KB5023769 (Monthly Rollup)","http://support.microsoft.com/kb/5023769","No LDR Only available","No LDR Only available","No LDR Only available"," ","23-03Rollup"
