"Binary","Component","Version","Prio","Published","Branch","Article","Title","Link","LDROnlyKB","LDROnlyTitle","LDROnlyLink","Comment","RollupInfo"
"Robocopy.exe","Net_Applications","6.2.22000.708","1","23-Aug-2022","GDR","5016691","August 25, 2022-KB5016691 (OS Build 22000.918) Preview","http://support.microsoft.com/kb/5016691","No LDR Only available","No LDR Only available","No LDR Only available"," ","22-08Rollup"
"srv.sys","Net_SMB_Server","6.2.22000.778","0","23-Aug-2022","GDR","5016691","August 25, 2022-KB5016691 (OS Build 22000.918) Preview","http://support.microsoft.com/kb/5016691","No LDR Only available","No LDR Only available","No LDR Only available"," ","22-08Rollup"
"srv2.sys","Net_SMB_Server","6.2.22000.918","0","23-Aug-2022","GDR","5016691","August 25, 2022-KB5016691 (OS Build 22000.918) Preview","http://support.microsoft.com/kb/5016691","No LDR Only available","No LDR Only available","No LDR Only available"," ","22-08Rollup"
"srvnet.sys","Net_SMB_Server","6.2.22000.856","0","23-Aug-2022","GDR","5016691","August 25, 2022-KB5016691 (OS Build 22000.918) Preview","http://support.microsoft.com/kb/5016691","No LDR Only available","No LDR Only available","No LDR Only available"," ","22-08Rollup"
"Srvsvc.dll","Net_SMB_Server","6.2.22000.795","0","23-Aug-2022","GDR","5016691","August 25, 2022-KB5016691 (OS Build 22000.918) Preview","http://support.microsoft.com/kb/5016691","No LDR Only available","No LDR Only available","No LDR Only available"," ","22-08Rollup"
"Mrxsmb.sys","Net_SMB_Client","6.2.22000.918","0","23-Aug-2022","GDR","5016691","August 25, 2022-KB5016691 (OS Build 22000.918) Preview","http://support.microsoft.com/kb/5016691","No LDR Only available","No LDR Only available","No LDR Only available"," ","22-08Rollup"
"Mrxsmb10.sys","Net_SMB_Client","6.2.22000.918","0","23-Aug-2022","GDR","5016691","August 25, 2022-KB5016691 (OS Build 22000.918) Preview","http://support.microsoft.com/kb/5016691","No LDR Only available","No LDR Only available","No LDR Only available"," ","22-08Rollup"
"Mrxsmb20.sys","Net_SMB_Client","6.2.22000.918","0","23-Aug-2022","GDR","5016691","August 25, 2022-KB5016691 (OS Build 22000.918) Preview","http://support.microsoft.com/kb/5016691","No LDR Only available","No LDR Only available","No LDR Only available"," ","22-08Rollup"
"Rdbss.sys","Net_SMB_Client","6.2.22000.918","0","23-Aug-2022","GDR","5016691","August 25, 2022-KB5016691 (OS Build 22000.918) Preview","http://support.microsoft.com/kb/5016691","No LDR Only available","No LDR Only available","No LDR Only available"," ","22-08Rollup"
"wkssvc.dll","Net_SMB_Client","6.2.22000.708","0","23-Aug-2022","GDR","5016691","August 25, 2022-KB5016691 (OS Build 22000.918) Preview","http://support.microsoft.com/kb/5016691","No LDR Only available","No LDR Only available","No LDR Only available"," ","22-08Rollup"
"Mpr.dll","Net_SMB_Client","6.2.22000.778","0","23-Aug-2022","GDR","5016691","August 25, 2022-KB5016691 (OS Build 22000.918) Preview","http://support.microsoft.com/kb/5016691","No LDR Only available","No LDR Only available","No LDR Only available"," ","22-08Rollup"
"NtLanman.dll","Net_SMB_Client","6.2.22000.832","0","23-Aug-2022","GDR","5016691","August 25, 2022-KB5016691 (OS Build 22000.918) Preview","http://support.microsoft.com/kb/5016691","No LDR Only available","No LDR Only available","No LDR Only available"," ","22-08Rollup"
"Tcpip.sys","Net_Protocol","6.2.22000.918","0","23-Aug-2022","GDR","5016691","August 25, 2022-KB5016691 (OS Build 22000.918) Preview","http://support.microsoft.com/kb/5016691","No LDR Only available","No LDR Only available","No LDR Only available"," ","22-08Rollup"
"Afd.sys","Net_Protocol","6.2.22000.739","0","23-Aug-2022","GDR","5016691","August 25, 2022-KB5016691 (OS Build 22000.918) Preview","http://support.microsoft.com/kb/5016691","No LDR Only available","No LDR Only available","No LDR Only available"," ","22-08Rollup"
"Netio.sys","Net_Protocol","6.2.22000.832","0","23-Aug-2022","GDR","5016691","August 25, 2022-KB5016691 (OS Build 22000.918) Preview","http://support.microsoft.com/kb/5016691","No LDR Only available","No LDR Only available","No LDR Only available"," ","22-08Rollup"
"Ndis.sys","Net_Protocol","6.2.22000.348","0","23-Aug-2022","GDR","5016691","August 25, 2022-KB5016691 (OS Build 22000.918) Preview","http://support.microsoft.com/kb/5016691","No LDR Only available","No LDR Only available","No LDR Only available"," ","22-08Rollup"
"Netiohlp.dll","Net_Protocol","6.2.22000.653","0","23-Aug-2022","GDR","5016691","August 25, 2022-KB5016691 (OS Build 22000.918) Preview","http://support.microsoft.com/kb/5016691","No LDR Only available","No LDR Only available","No LDR Only available"," ","22-08Rollup"
"Tdx.sys","Net_Protocol","6.2.22000.194","0","23-Aug-2022","GDR","5016691","August 25, 2022-KB5016691 (OS Build 22000.918) Preview","http://support.microsoft.com/kb/5016691","No LDR Only available","No LDR Only available","No LDR Only available"," ","22-08Rollup"
"Iphlpapi.dll","Net_Protocol","6.2.22000.282","0","23-Aug-2022","GDR","5016691","August 25, 2022-KB5016691 (OS Build 22000.918) Preview","http://support.microsoft.com/kb/5016691","No LDR Only available","No LDR Only available","No LDR Only available"," ","22-08Rollup"
"Dhcpcore6.dll","Net_IPv6","6.2.22000.918","1","23-Aug-2022","GDR","5016691","August 25, 2022-KB5016691 (OS Build 22000.918) Preview","http://support.microsoft.com/kb/5016691","No LDR Only available","No LDR Only available","No LDR Only available"," ","22-08Rollup"
"Dhcpcsvc6.dll","Net_IPv6","6.2.22000.918","1","23-Aug-2022","GDR","5016691","August 25, 2022-KB5016691 (OS Build 22000.918) Preview","http://support.microsoft.com/kb/5016691","No LDR Only available","No LDR Only available","No LDR Only available"," ","22-08Rollup"
"Ncsi.dll","Net_NLA","6.2.22000.708","0","23-Aug-2022","GDR","5016691","August 25, 2022-KB5016691 (OS Build 22000.918) Preview","http://support.microsoft.com/kb/5016691","No LDR Only available","No LDR Only available","No LDR Only available"," ","22-08Rollup"
"Nlaapi.dll","Net_NLA","6.2.22000.708","0","09-Aug-2022","GDR","5016691","August 25, 2022-KB5016691 (OS Build 22000.918) Preview","http://support.microsoft.com/kb/5016691","No LDR Only available","No LDR Only available","No LDR Only available"," ","22-08Rollup"
"rpcxdr.sys","Net_NFS_Srv","6.2.22000.795","0","23-Aug-2022","GDR","5016691","August 25, 2022-KB5016691 (OS Build 22000.918) Preview","http://support.microsoft.com/kb/5016691","No LDR Only available","No LDR Only available","No LDR Only available"," ","22-08Rollup"
"Csc.sys","Net_CSC_Offline","6.2.22000.918","1","23-Aug-2022","GDR","5016691","August 25, 2022-KB5016691 (OS Build 22000.918) Preview","http://support.microsoft.com/kb/5016691","No LDR Only available","No LDR Only available","No LDR Only available"," ","22-08Rollup"
"Cscapi.dll","Net_CSC_Offline","6.2.22000.51","1","23-Aug-2022","GDR","5016691","August 25, 2022-KB5016691 (OS Build 22000.918) Preview","http://support.microsoft.com/kb/5016691","No LDR Only available","No LDR Only available","No LDR Only available"," ","22-08Rollup"
"Cscdll.dll","Net_CSC_Offline","6.2.22000.51","1","23-Aug-2022","GDR","5016691","August 25, 2022-KB5016691 (OS Build 22000.918) Preview","http://support.microsoft.com/kb/5016691","No LDR Only available","No LDR Only available","No LDR Only available"," ","22-08Rollup"
"Cscmig.dll","Net_CSC_Offline","6.2.22000.918","1","23-Aug-2022","GDR","5016691","August 25, 2022-KB5016691 (OS Build 22000.918) Preview","http://support.microsoft.com/kb/5016691","No LDR Only available","No LDR Only available","No LDR Only available"," ","22-08Rollup"
"Cscui.dll","Net_CSC_Offline","6.2.22000.51","1","23-Aug-2022","GDR","5016691","August 25, 2022-KB5016691 (OS Build 22000.918) Preview","http://support.microsoft.com/kb/5016691","No LDR Only available","No LDR Only available","No LDR Only available"," ","22-08Rollup"
"Mrxdav.sys","Net_WebDAV","6.2.22000.653","1","09-Aug-2022","GDR","5016691","August 25, 2022-KB5016691 (OS Build 22000.918) Preview","http://support.microsoft.com/kb/5016691","No LDR Only available","No LDR Only available","No LDR Only available"," ","22-08Rollup"
"Webclnt.dll","Net_WebDAV","6.2.22000.653","1","09-Aug-2022","GDR","5016691","August 25, 2022-KB5016691 (OS Build 22000.918) Preview","http://support.microsoft.com/kb/5016691","No LDR Only available","No LDR Only available","No LDR Only available"," ","22-08Rollup"
"Davclnt.dll","Net_WebDAV","6.2.22000.740","1","23-Aug-2022","GDR","5016691","August 25, 2022-KB5016691 (OS Build 22000.918) Preview","http://support.microsoft.com/kb/5016691","No LDR Only available","No LDR Only available","No LDR Only available"," ","22-08Rollup"
"Shell32.dll","Net_WebDAV","6.2.22000.918","1","23-Aug-2022","GDR","5016691","August 25, 2022-KB5016691 (OS Build 22000.918) Preview","http://support.microsoft.com/kb/5016691","No LDR Only available","No LDR Only available","No LDR Only available"," ","22-08Rollup"
"Winhttp.dll","Net_WebDAV","6.2.22000.675","1","23-Aug-2022","GDR","5016691","August 25, 2022-KB5016691 (OS Build 22000.918) Preview","http://support.microsoft.com/kb/5016691","No LDR Only available","No LDR Only available","No LDR Only available"," ","22-08Rollup"
"Dhcpcore.dll","Net_DHCP_Client","6.2.22000.918","1","23-Aug-2022","GDR","5016691","August 25, 2022-KB5016691 (OS Build 22000.918) Preview","http://support.microsoft.com/kb/5016691","No LDR Only available","No LDR Only available","No LDR Only available"," ","22-08Rollup"
"Dhcpcsvc.dll","Net_DHCP_Client","6.2.22000.918","1","23-Aug-2022","GDR","5016691","August 25, 2022-KB5016691 (OS Build 22000.918) Preview","http://support.microsoft.com/kb/5016691","No LDR Only available","No LDR Only available","No LDR Only available"," ","22-08Rollup"
"Nfsclnt.exe","Net_NFS_Client","6.2.22000.740","1","23-Aug-2022","GDR","5016691","August 25, 2022-KB5016691 (OS Build 22000.918) Preview","http://support.microsoft.com/kb/5016691","No LDR Only available","No LDR Only available","No LDR Only available"," ","22-08Rollup"
"Nfsnp.dll","Net_NFS_Client","6.2.22000.653","1","23-Aug-2022","GDR","5016691","August 25, 2022-KB5016691 (OS Build 22000.918) Preview","http://support.microsoft.com/kb/5016691","No LDR Only available","No LDR Only available","No LDR Only available"," ","22-08Rollup"
"Nfsrdr.sys","Net_NFS_Client","6.2.22000.593","1","23-Aug-2022","GDR","5016691","August 25, 2022-KB5016691 (OS Build 22000.918) Preview","http://support.microsoft.com/kb/5016691","No LDR Only available","No LDR Only available","No LDR Only available"," ","22-08Rollup"
"dnsapi.dll","Net_DNS_Client","6.2.22000.918","1","23-Aug-2022","GDR","5016691","August 25, 2022-KB5016691 (OS Build 22000.918) Preview","http://support.microsoft.com/kb/5016691","No LDR Only available","No LDR Only available","No LDR Only available"," ","22-08Rollup"
"dnsrslvr.dll","Net_DNS_Client","6.2.22000.918","1","23-Aug-2022","GDR","5016691","August 25, 2022-KB5016691 (OS Build 22000.918) Preview","http://support.microsoft.com/kb/5016691","No LDR Only available","No LDR Only available","No LDR Only available"," ","22-08Rollup"
"Dnscacheugc.exe","Net_DNS_Client","6.2.22000.653","1","23-Aug-2022","GDR","5016691","August 25, 2022-KB5016691 (OS Build 22000.918) Preview","http://support.microsoft.com/kb/5016691","No LDR Only available","No LDR Only available","No LDR Only available"," ","22-08Rollup"
"Rpcss.dll","Net_RPC","6.2.22000.918","1","23-Aug-2022","GDR","5016691","August 25, 2022-KB5016691 (OS Build 22000.918) Preview","http://support.microsoft.com/kb/5016691","No LDR Only available","No LDR Only available","No LDR Only available"," ","22-08Rollup"
"Rpchttp.dll","Net_RPC","6.2.22000.653","1","23-Aug-2022","GDR","5016691","August 25, 2022-KB5016691 (OS Build 22000.918) Preview","http://support.microsoft.com/kb/5016691","No LDR Only available","No LDR Only available","No LDR Only available"," ","22-08Rollup"
"Rpcrt4.dll","Net_RPC","6.2.22000.675","1","23-Aug-2022","GDR","5016691","August 25, 2022-KB5016691 (OS Build 22000.918) Preview","http://support.microsoft.com/kb/5016691","No LDR Only available","No LDR Only available","No LDR Only available"," ","22-08Rollup"
"Bfe.dll","Net_Ipsec_BFE","6.2.22000.708","1","23-Aug-2022","GDR","5016691","August 25, 2022-KB5016691 (OS Build 22000.918) Preview","http://support.microsoft.com/kb/5016691","No LDR Only available","No LDR Only available","No LDR Only available"," ","22-08Rollup"
"Ikeext.dll","Net_Ipsec_BFE","6.2.22000.918","1","23-Aug-2022","GDR","5016691","August 25, 2022-KB5016691 (OS Build 22000.918) Preview","http://support.microsoft.com/kb/5016691","No LDR Only available","No LDR Only available","No LDR Only available"," ","22-08Rollup"
"Fwpuclnt.dll","Net_Ipsec_BFE","6.2.22000.708","1","09-Aug-2022","GDR","5016691","August 25, 2022-KB5016691 (OS Build 22000.918) Preview","http://support.microsoft.com/kb/5016691","No LDR Only available","No LDR Only available","No LDR Only available"," ","22-08Rollup"
"Iphlpsvc.dll","Net_DirectAccess_Client","6.2.22000.918","1","23-Aug-2022","GDR","5016691","August 25, 2022-KB5016691 (OS Build 22000.918) Preview","http://support.microsoft.com/kb/5016691","No LDR Only available","No LDR Only available","No LDR Only available"," ","22-08Rollup"
"Netcorehc.dll","Net_DirectAccess_Client","6.2.22000.653","1","23-Aug-2022","GDR","5016691","August 25, 2022-KB5016691 (OS Build 22000.918) Preview","http://support.microsoft.com/kb/5016691","No LDR Only available","No LDR Only available","No LDR Only available"," ","22-08Rollup"
"Daotpcredentialprovider.dll","Net_DirectAccess_Client","6.2.22000.653","1","23-Aug-2022","GDR","5016691","August 25, 2022-KB5016691 (OS Build 22000.918) Preview","http://support.microsoft.com/kb/5016691","No LDR Only available","No LDR Only available","No LDR Only available"," ","22-08Rollup"
"dot3svc.dll","Net_IEEE802.1x","6.2.22000.918","1","23-Aug-2022","GDR","5016691","August 25, 2022-KB5016691 (OS Build 22000.918) Preview","http://support.microsoft.com/kb/5016691","No LDR Only available","No LDR Only available","No LDR Only available"," ","22-08Rollup"
"Rastls.dll","Net_IEEE802.1x","6.2.22000.778","1","23-Aug-2022","GDR","5016691","August 25, 2022-KB5016691 (OS Build 22000.918) Preview","http://support.microsoft.com/kb/5016691","No LDR Only available","No LDR Only available","No LDR Only available"," ","22-08Rollup"
"wlansvc.dll","Net_WLAN_Client","6.2.22000.918","1","23-Aug-2022","GDR","5016691","August 25, 2022-KB5016691 (OS Build 22000.918) Preview","http://support.microsoft.com/kb/5016691","No LDR Only available","No LDR Only available","No LDR Only available"," ","22-08Rollup"
"wlanmsm.dll","Net_WLAN_Client","6.2.22000.918","1","23-Aug-2022","GDR","5016691","August 25, 2022-KB5016691 (OS Build 22000.918) Preview","http://support.microsoft.com/kb/5016691","No LDR Only available","No LDR Only available","No LDR Only available"," ","22-08Rollup"
"wlansec.dll","Net_WLAN_Client","6.2.22000.918","1","23-Aug-2022","GDR","5016691","August 25, 2022-KB5016691 (OS Build 22000.918) Preview","http://support.microsoft.com/kb/5016691","No LDR Only available","No LDR Only available","No LDR Only available"," ","22-08Rollup"
"wlansvcpal.dll","Net_WLAN_Client","6.2.22000.918","1","23-Aug-2022","GDR","5016691","August 25, 2022-KB5016691 (OS Build 22000.918) Preview","http://support.microsoft.com/kb/5016691","No LDR Only available","No LDR Only available","No LDR Only available"," ","22-08Rollup"
"wlanhlp.dll","Net_WLAN_Client","6.2.22000.918","1","23-Aug-2022","GDR","5016691","August 25, 2022-KB5016691 (OS Build 22000.918) Preview","http://support.microsoft.com/kb/5016691","No LDR Only available","No LDR Only available","No LDR Only available"," ","22-08Rollup"
"Netcfgx.dll","Net_Config","6.2.22000.653","1","23-Aug-2022","GDR","5016691","August 25, 2022-KB5016691 (OS Build 22000.918) Preview","http://support.microsoft.com/kb/5016691","No LDR Only available","No LDR Only available","No LDR Only available"," ","22-08Rollup"
"WorkFolders.exe","Net_WorkFolders","6.2.22000.613","1","23-Aug-2022","GDR","5016691","August 25, 2022-KB5016691 (OS Build 22000.918) Preview","http://support.microsoft.com/kb/5016691","No LDR Only available","No LDR Only available","No LDR Only available"," ","22-08Rollup"
"WorkFoldersshell.dll","Net_WorkFolders","6.2.22000.613","1","23-Aug-2022","GDR","5016691","August 25, 2022-KB5016691 (OS Build 22000.918) Preview","http://support.microsoft.com/kb/5016691","No LDR Only available","No LDR Only available","No LDR Only available"," ","22-08Rollup"
"WorkFolderssvc.dll","Net_WorkFolders","6.2.22000.613","1","23-Aug-2022","GDR","5016691","August 25, 2022-KB5016691 (OS Build 22000.918) Preview","http://support.microsoft.com/kb/5016691","No LDR Only available","No LDR Only available","No LDR Only available"," ","22-08Rollup"
"WorkFolderscontrol.dll","Net_WorkFolders","6.2.22000.613","1","23-Aug-2022","GDR","5016691","August 25, 2022-KB5016691 (OS Build 22000.918) Preview","http://support.microsoft.com/kb/5016691","No LDR Only available","No LDR Only available","No LDR Only available"," ","22-08Rollup"
"WebIo.dll","Net_BranchCache","6.2.22000.832","1","23-Aug-2022","GDR","5016691","August 25, 2022-KB5016691 (OS Build 22000.918) Preview","http://support.microsoft.com/kb/5016691","No LDR Only available","No LDR Only available","No LDR Only available"," ","22-08Rollup"
"MpsSvc.dll","Net_Firewall","6.2.22000.918","1","23-Aug-2022","GDR","5016691","August 25, 2022-KB5016691 (OS Build 22000.918) Preview","http://support.microsoft.com/kb/5016691","No LDR Only available","No LDR Only available","No LDR Only available"," ","22-08Rollup"
"qmgr.dll","Net_BiTS","7.8.22000.593","1","23-Aug-2022","GDR","5016691","August 25, 2022-KB5016691 (OS Build 22000.918) Preview","http://support.microsoft.com/kb/5016691","No LDR Only available","No LDR Only available","No LDR Only available"," ","22-08Rollup"
"rasmans.dll","Net_VPN","6.2.22000.778","1","23-Aug-2022","GDR","5016691","August 25, 2022-KB5016691 (OS Build 22000.918) Preview","http://support.microsoft.com/kb/5016691","No LDR Only available","No LDR Only available","No LDR Only available"," ","22-08Rollup"
"Netlogon.dll","Dom_NETLOGON","6.2.22000.918","0","23-Aug-2022","GDR","5016691","August 25, 2022-KB5016691 (OS Build 22000.918) Preview","http://support.microsoft.com/kb/5016691","No LDR Only available","No LDR Only available","No LDR Only available"," ","22-08Rollup"
"LogonCli.dll","Dom_NETLOGON","6.2.22000.918","0","23-Aug-2022","GDR","5016691","August 25, 2022-KB5016691 (OS Build 22000.918) Preview","http://support.microsoft.com/kb/5016691","No LDR Only available","No LDR Only available","No LDR Only available"," ","22-08Rollup"
"Winlogon.exe","Dom_WINLOGON","6.2.22000.832","0","23-Aug-2022","GDR","5016691","August 25, 2022-KB5016691 (OS Build 22000.918) Preview","http://support.microsoft.com/kb/5016691","No LDR Only available","No LDR Only available","No LDR Only available"," ","22-08Rollup"
"Kerberos.dll","Dom_KERBEROS","6.2.22000.918","0","23-Aug-2022","GDR","5016691","August 25, 2022-KB5016691 (OS Build 22000.918) Preview","http://support.microsoft.com/kb/5016691","No LDR Only available","No LDR Only available","No LDR Only available"," ","22-08Rollup"
"Msv1_0.dll","Dom_NTLM","6.2.22000.856","1","23-Aug-2022","GDR","5016691","August 25, 2022-KB5016691 (OS Build 22000.918) Preview","http://support.microsoft.com/kb/5016691","No LDR Only available","No LDR Only available","No LDR Only available"," ","22-08Rollup"
"Wldap32.dll","Dom_LDAPClient","6.2.22000.778","0","23-Aug-2022","GDR","5016691","August 25, 2022-KB5016691 (OS Build 22000.918) Preview","http://support.microsoft.com/kb/5016691","No LDR Only available","No LDR Only available","No LDR Only available"," ","22-08Rollup"
"Lsass.exe","Dom_LSA","6.2.22000.556","0","23-Aug-2022","GDR","5016691","August 25, 2022-KB5016691 (OS Build 22000.918) Preview","http://support.microsoft.com/kb/5016691","No LDR Only available","No LDR Only available","No LDR Only available"," ","22-08Rollup"
"Lsasrv.dll","Dom_LSA","6.2.22000.918","0","23-Aug-2022","GDR","5016691","August 25, 2022-KB5016691 (OS Build 22000.918) Preview","http://support.microsoft.com/kb/5016691","No LDR Only available","No LDR Only available","No LDR Only available"," ","22-08Rollup"
"Ksecdd.sys","Dom_LSA","6.2.22000.556","0","23-Aug-2022","GDR","5016691","August 25, 2022-KB5016691 (OS Build 22000.918) Preview","http://support.microsoft.com/kb/5016691","No LDR Only available","No LDR Only available","No LDR Only available"," ","22-08Rollup"
"Ksecpkg.sys","Dom_LSA","6.2.22000.918","0","23-Aug-2022","GDR","5016691","August 25, 2022-KB5016691 (OS Build 22000.918) Preview","http://support.microsoft.com/kb/5016691","No LDR Only available","No LDR Only available","No LDR Only available"," ","22-08Rollup"
"Secur32.dll","Dom_LSA","6.2.22000.675","0","23-Aug-2022","GDR","5016691","August 25, 2022-KB5016691 (OS Build 22000.918) Preview","http://support.microsoft.com/kb/5016691","No LDR Only available","No LDR Only available","No LDR Only available"," ","22-08Rollup"
"Sspicli.dll","Dom_LSA","6.2.22000.556","0","23-Aug-2022","GDR","5016691","August 25, 2022-KB5016691 (OS Build 22000.918) Preview","http://support.microsoft.com/kb/5016691","No LDR Only available","No LDR Only available","No LDR Only available"," ","22-08Rollup"
"Sspisrv.dll","Dom_LSA","6.2.22000.918","0","23-Aug-2022","GDR","5016691","August 25, 2022-KB5016691 (OS Build 22000.918) Preview","http://support.microsoft.com/kb/5016691","No LDR Only available","No LDR Only available","No LDR Only available"," ","22-08Rollup"
"Schannel.dll","Dom_LSA","6.2.22000.708","0","23-Aug-2022","GDR","5016691","August 25, 2022-KB5016691 (OS Build 22000.918) Preview","http://support.microsoft.com/kb/5016691","No LDR Only available","No LDR Only available","No LDR Only available"," ","22-08Rollup"
"Scesrv.dll","Dom_SecAuditAndConfig","6.2.22000.434","1","23-Aug-2022","GDR","5016691","August 25, 2022-KB5016691 (OS Build 22000.918) Preview","http://support.microsoft.com/kb/5016691","No LDR Only available","No LDR Only available","No LDR Only available"," ","22-08Rollup"
"AclUI.dll","Dom_SecAuditAndConfig","6.2.22000.918","1","23-Aug-2022","GDR","5016691","August 25, 2022-KB5016691 (OS Build 22000.918) Preview","http://support.microsoft.com/kb/5016691","No LDR Only available","No LDR Only available","No LDR Only available"," ","22-08Rollup"
"Winscard.dll","Dom_SC_Provider","6.2.22000.708","1","23-Aug-2022","GDR","5016691","August 25, 2022-KB5016691 (OS Build 22000.918) Preview","http://support.microsoft.com/kb/5016691","No LDR Only available","No LDR Only available","No LDR Only available"," ","22-08Rollup"
"Basecsp.dll","Dom_SC_Provider","6.2.22000.653","1","23-Aug-2022","GDR","5016691","August 25, 2022-KB5016691 (OS Build 22000.918) Preview","http://support.microsoft.com/kb/5016691","No LDR Only available","No LDR Only available","No LDR Only available"," ","22-08Rollup"
"Scksp.dll","Dom_SC_Provider","6.2.22000.653","1","23-Aug-2022","GDR","5016691","August 25, 2022-KB5016691 (OS Build 22000.918) Preview","http://support.microsoft.com/kb/5016691","No LDR Only available","No LDR Only available","No LDR Only available"," ","22-08Rollup"
"ScardSvr.dll","Dom_SC_Srv","6.2.22000.493","1","23-Aug-2022","GDR","5016691","August 25, 2022-KB5016691 (OS Build 22000.918) Preview","http://support.microsoft.com/kb/5016691","No LDR Only available","No LDR Only available","No LDR Only available"," ","22-08Rollup"
"Scfilter.sys","Dom_SC_Srv","6.2.22000.653","1","23-Aug-2022","GDR","5016691","August 25, 2022-KB5016691 (OS Build 22000.918) Preview","http://support.microsoft.com/kb/5016691","No LDR Only available","No LDR Only available","No LDR Only available"," ","22-08Rollup"
"Certprop.dll","Dom_SC_Srv","6.2.22000.41","1","23-Aug-2022","GDR","5016691","August 25, 2022-KB5016691 (OS Build 22000.918) Preview","http://support.microsoft.com/kb/5016691","No LDR Only available","No LDR Only available","No LDR Only available"," ","22-08Rollup"
"Crypt32.dll","Dom_CRYPTO","6.2.22000.856","1","23-Aug-2022","GDR","5016691","August 25, 2022-KB5016691 (OS Build 22000.918) Preview","http://support.microsoft.com/kb/5016691","No LDR Only available","No LDR Only available","No LDR Only available"," ","22-08Rollup"
"Cryptsvc.dll","Dom_CRYPTO","6.2.22000.832","1","23-Aug-2022","GDR","5016691","August 25, 2022-KB5016691 (OS Build 22000.918) Preview","http://support.microsoft.com/kb/5016691","No LDR Only available","No LDR Only available","No LDR Only available"," ","22-08Rollup"
"Cryptnet.dll","Dom_CRYPTO","6.2.22000.918","1","23-Aug-2022","GDR","5016691","August 25, 2022-KB5016691 (OS Build 22000.918) Preview","http://support.microsoft.com/kb/5016691","No LDR Only available","No LDR Only available","No LDR Only available"," ","22-08Rollup"
"Wintrust.dll","Dom_CRYPTO","6.2.22000.918","1","23-Aug-2022","GDR","5016691","August 25, 2022-KB5016691 (OS Build 22000.918) Preview","http://support.microsoft.com/kb/5016691","No LDR Only available","No LDR Only available","No LDR Only available"," ","22-08Rollup"
"Cryptdll.dll","Dom_CRYPTO","6.2.22000.653","1","23-Aug-2022","GDR","5016691","August 25, 2022-KB5016691 (OS Build 22000.918) Preview","http://support.microsoft.com/kb/5016691","No LDR Only available","No LDR Only available","No LDR Only available"," ","22-08Rollup"
"Cryptcatsvc.dll","Dom_CRYPTO","6.2.22000.376","1","23-Aug-2022","GDR","5016691","August 25, 2022-KB5016691 (OS Build 22000.918) Preview","http://support.microsoft.com/kb/5016691","No LDR Only available","No LDR Only available","No LDR Only available"," ","22-08Rollup"
"Dimsroam.dll","Dom_DIMS","6.2.22000.653","1","23-Aug-2022","GDR","5016691","August 25, 2022-KB5016691 (OS Build 22000.918) Preview","http://support.microsoft.com/kb/5016691","No LDR Only available","No LDR Only available","No LDR Only available"," ","22-08Rollup"
"Dimsjob.dll","Dom_DIMS","6.2.22000.176","1","23-Aug-2022","GDR","5016691","August 25, 2022-KB5016691 (OS Build 22000.918) Preview","http://support.microsoft.com/kb/5016691","No LDR Only available","No LDR Only available","No LDR Only available"," ","22-08Rollup"
"Adprovider.dll","Dom_DIMS","6.2.22000.653","1","23-Aug-2022","GDR","5016691","August 25, 2022-KB5016691 (OS Build 22000.918) Preview","http://support.microsoft.com/kb/5016691","No LDR Only available","No LDR Only available","No LDR Only available"," ","22-08Rollup"
"Capiprovider.dll","Dom_DIMS","6.2.22000.653","1","23-Aug-2022","GDR","5016691","August 25, 2022-KB5016691 (OS Build 22000.918) Preview","http://support.microsoft.com/kb/5016691","No LDR Only available","No LDR Only available","No LDR Only available"," ","22-08Rollup"
"Cngprovider.dll","Dom_DIMS","6.2.22000.653","1","23-Aug-2022","GDR","5016691","August 25, 2022-KB5016691 (OS Build 22000.918) Preview","http://support.microsoft.com/kb/5016691","No LDR Only available","No LDR Only available","No LDR Only available"," ","22-08Rollup"
"Wincredprovider.dll","Dom_DIMS","6.2.22000.653","1","23-Aug-2022","GDR","5016691","August 25, 2022-KB5016691 (OS Build 22000.918) Preview","http://support.microsoft.com/kb/5016691","No LDR Only available","No LDR Only available","No LDR Only available"," ","22-08Rollup"
"Gpapi.dll","Dom_GPSVC","6.2.22000.918","1","23-Aug-2022","GDR","5016691","August 25, 2022-KB5016691 (OS Build 22000.918) Preview","http://support.microsoft.com/kb/5016691","No LDR Only available","No LDR Only available","No LDR Only available"," ","22-08Rollup"
"Gpsvc.dll","Dom_GPSVC","6.2.22000.918","1","23-Aug-2022","GDR","5016691","August 25, 2022-KB5016691 (OS Build 22000.918) Preview","http://support.microsoft.com/kb/5016691","No LDR Only available","No LDR Only available","No LDR Only available"," ","22-08Rollup"
"Userenv.dll","Dom_GPSVC","6.2.22000.832","1","23-Aug-2022","GDR","5016691","August 25, 2022-KB5016691 (OS Build 22000.918) Preview","http://support.microsoft.com/kb/5016691","No LDR Only available","No LDR Only available","No LDR Only available"," ","22-08Rollup"
"Gpprnext.dll","Dom_GPExt","6.2.22000.653","1","23-Aug-2022","GDR","5016691","August 25, 2022-KB5016691 (OS Build 22000.918) Preview","http://support.microsoft.com/kb/5016691","No LDR Only available","No LDR Only available","No LDR Only available"," ","22-08Rollup"
"Appmgmts.dll","Dom_GPExt","6.2.22000.653","1","23-Aug-2022","GDR","5016691","August 25, 2022-KB5016691 (OS Build 22000.918) Preview","http://support.microsoft.com/kb/5016691","No LDR Only available","No LDR Only available","No LDR Only available"," ","22-08Rollup"
"Gpprefcl.dll","Dom_GPP","6.2.22000.653","1","23-Aug-2022","GDR","5016691","August 25, 2022-KB5016691 (OS Build 22000.918) Preview","http://support.microsoft.com/kb/5016691","No LDR Only available","No LDR Only available","No LDR Only available"," ","22-08Rollup"
"Gpme.dll","Dom_GPP","6.2.22000.832","1","23-Aug-2022","GDR","5016691","August 25, 2022-KB5016691 (OS Build 22000.918) Preview","http://support.microsoft.com/kb/5016691","No LDR Only available","No LDR Only available","No LDR Only available"," ","22-08Rollup"
"Gppref.dll","Dom_GPP","6.2.22000.832","1","23-Aug-2022","GDR","5016691","August 25, 2022-KB5016691 (OS Build 22000.918) Preview","http://support.microsoft.com/kb/5016691","No LDR Only available","No LDR Only available","No LDR Only available"," ","22-08Rollup"
"Gpprefbr.dll","Dom_GPP","6.2.22000.832","1","23-Aug-2022","GDR","5016691","August 25, 2022-KB5016691 (OS Build 22000.918) Preview","http://support.microsoft.com/kb/5016691","No LDR Only available","No LDR Only available","No LDR Only available"," ","22-08Rollup"
"Gpprefcn.dll","Dom_GPP","6.2.22000.832","1","23-Aug-2022","GDR","5016691","August 25, 2022-KB5016691 (OS Build 22000.918) Preview","http://support.microsoft.com/kb/5016691","No LDR Only available","No LDR Only available","No LDR Only available"," ","22-08Rollup"
"Gpregistrybrowser.dll","Dom_GPP","6.2.22000.832","1","23-Aug-2022","GDR","5016691","August 25, 2022-KB5016691 (OS Build 22000.918) Preview","http://support.microsoft.com/kb/5016691","No LDR Only available","No LDR Only available","No LDR Only available"," ","22-08Rollup"
"Propshts.dll","Dom_GPP","6.2.22000.832","1","23-Aug-2022","GDR","5016691","August 25, 2022-KB5016691 (OS Build 22000.918) Preview","http://support.microsoft.com/kb/5016691","No LDR Only available","No LDR Only available","No LDR Only available"," ","22-08Rollup"
"Profprov.dll","Dom_ProfProc","6.2.22000.653","1","23-Aug-2022","GDR","5016691","August 25, 2022-KB5016691 (OS Build 22000.918) Preview","http://support.microsoft.com/kb/5016691","No LDR Only available","No LDR Only available","No LDR Only available"," ","22-08Rollup"
"Profsvc.dll","Dom_ProfProc","6.2.22000.918","1","23-Aug-2022","GDR","5016691","August 25, 2022-KB5016691 (OS Build 22000.918) Preview","http://support.microsoft.com/kb/5016691","No LDR Only available","No LDR Only available","No LDR Only available"," ","22-08Rollup"
"Fdeploy.dll","Dom_FolderRedir","6.2.22000.653","1","23-Aug-2022","GDR","5016691","August 25, 2022-KB5016691 (OS Build 22000.918) Preview","http://support.microsoft.com/kb/5016691","No LDR Only available","No LDR Only available","No LDR Only available"," ","22-08Rollup"
"Esent.dll","Dom_ESENT","6.2.22000.918","0","23-Aug-2022","GDR","5016691","August 25, 2022-KB5016691 (OS Build 22000.918) Preview","http://support.microsoft.com/kb/5016691","No LDR Only available","No LDR Only available","No LDR Only available"," ","22-08Rollup"
"Ntdsai.dll","Dom_NTDSAI","6.2.22000.918","0","23-Aug-2022","GDR","5016691","August 25, 2022-KB5016691 (OS Build 22000.918) Preview","http://support.microsoft.com/kb/5016691","No LDR Only available","No LDR Only available","No LDR Only available"," ","22-08Rollup"
"Ntdsutil.exe","Dom_NTDSAI","6.2.22000.653","0","23-Aug-2022","GDR","5016691","August 25, 2022-KB5016691 (OS Build 22000.918) Preview","http://support.microsoft.com/kb/5016691","No LDR Only available","No LDR Only available","No LDR Only available"," ","22-08Rollup"
"Samsrv.dll","Dom_SAMSRV","6.2.22000.918","0","23-Aug-2022","GDR","5016691","August 25, 2022-KB5016691 (OS Build 22000.918) Preview","http://support.microsoft.com/kb/5016691","No LDR Only available","No LDR Only available","No LDR Only available"," ","22-08Rollup"
"Samlib.dll","Dom_SAMSRV","6.2.22000.918","0","23-Aug-2022","GDR","5016691","August 25, 2022-KB5016691 (OS Build 22000.918) Preview","http://support.microsoft.com/kb/5016691","No LDR Only available","No LDR Only available","No LDR Only available"," ","22-08Rollup"
"Vhdmp.sys","Cluster_CSV","6.2.22000.856","0","23-Aug-2022","GDR","5016691","August 25, 2022-KB5016691 (OS Build 22000.918) Preview","http://support.microsoft.com/kb/5016691","No LDR Only available","No LDR Only available","No LDR Only available"," ","22-08Rollup"
"Ntoskrnl.exe","Core_Kernel","6.2.22000.918","0","23-Aug-2022","GDR","5016691","August 25, 2022-KB5016691 (OS Build 22000.918) Preview","http://support.microsoft.com/kb/5016691","No LDR Only available","No LDR Only available","No LDR Only available"," ","22-08Rollup"
"Crashdmp.sys","Core_Kernel","6.2.22000.918","0","23-Aug-2022","GDR","5016691","August 25, 2022-KB5016691 (OS Build 22000.918) Preview","http://support.microsoft.com/kb/5016691","No LDR Only available","No LDR Only available","No LDR Only available"," ","22-08Rollup"
"Ntdll.dll","Core_Kernel","6.2.22000.918","0","23-Aug-2022","GDR","5016691","August 25, 2022-KB5016691 (OS Build 22000.918) Preview","http://support.microsoft.com/kb/5016691","No LDR Only available","No LDR Only available","No LDR Only available"," ","22-08Rollup"
"Hal.dll","Core_Kernel","6.2.22000.778","0","23-Aug-2022","GDR","5016691","August 25, 2022-KB5016691 (OS Build 22000.918) Preview","http://support.microsoft.com/kb/5016691","No LDR Only available","No LDR Only available","No LDR Only available"," ","22-08Rollup"
"Fltmgr.sys","Core_Kernel","6.2.22000.778","0","23-Aug-2022","GDR","5016691","August 25, 2022-KB5016691 (OS Build 22000.918) Preview","http://support.microsoft.com/kb/5016691","No LDR Only available","No LDR Only available","No LDR Only available"," ","22-08Rollup"
"win32k.sys","Core_Kernel","6.2.22000.918","0","23-Aug-2022","GDR","5016691","August 25, 2022-KB5016691 (OS Build 22000.918) Preview","http://support.microsoft.com/kb/5016691","No LDR Only available","No LDR Only available","No LDR Only available"," ","22-08Rollup"
"Ntfs.sys","Core_FileSystem","6.2.22000.832","0","23-Aug-2022","GDR","5016691","August 25, 2022-KB5016691 (OS Build 22000.918) Preview","http://support.microsoft.com/kb/5016691","No LDR Only available","No LDR Only available","No LDR Only available"," ","22-08Rollup"
"Msiscsi.sys","Core_DiskSystem","6.2.22000.653","0","23-Aug-2022","GDR","5016691","August 25, 2022-KB5016691 (OS Build 22000.918) Preview","http://support.microsoft.com/kb/5016691","No LDR Only available","No LDR Only available","No LDR Only available"," ","22-08Rollup"
"Storport.sys","Core_DiskSystem","6.2.22000.918","0","23-Aug-2022","GDR","5016691","August 25, 2022-KB5016691 (OS Build 22000.918) Preview","http://support.microsoft.com/kb/5016691","No LDR Only available","No LDR Only available","No LDR Only available"," ","22-08Rollup"
"Repdrvfs.dll","Core_WMI","6.2.22000.593","0","23-Aug-2022","GDR","5016691","August 25, 2022-KB5016691 (OS Build 22000.918) Preview","http://support.microsoft.com/kb/5016691","No LDR Only available","No LDR Only available","No LDR Only available"," ","22-08Rollup"
"Advapi32.dll","Core_Apps","6.2.22000.832","0","23-Aug-2022","GDR","5016691","August 25, 2022-KB5016691 (OS Build 22000.918) Preview","http://support.microsoft.com/kb/5016691","No LDR Only available","No LDR Only available","No LDR Only available"," ","22-08Rollup"
"Vssapi.dll","Core_VSS","6.2.22000.653","1","23-Aug-2022","GDR","5016691","August 25, 2022-KB5016691 (OS Build 22000.918) Preview","http://support.microsoft.com/kb/5016691","No LDR Only available","No LDR Only available","No LDR Only available"," ","22-08Rollup"
"Vsstrace.dll","Core_VSS","6.2.22000.434","1","23-Aug-2022","GDR","5016691","August 25, 2022-KB5016691 (OS Build 22000.918) Preview","http://support.microsoft.com/kb/5016691","No LDR Only available","No LDR Only available","No LDR Only available"," ","22-08Rollup"
"Swprv.dll","Core_VSS","6.2.22000.653","1","14-Jun-2022","GDR","5016691","August 25, 2022-KB5016691 (OS Build 22000.918) Preview","http://support.microsoft.com/kb/5016691","No LDR Only available","No LDR Only available","No LDR Only available"," ","22-08Rollup"
"spp.dll","Core_VSS","6.2.22000.653","1","23-Aug-2022","GDR","5016691","August 25, 2022-KB5016691 (OS Build 22000.918) Preview","http://support.microsoft.com/kb/5016691","No LDR Only available","No LDR Only available","No LDR Only available"," ","22-08Rollup"
"wbengine.exe","Core_VSS","6.2.22000.653","1","23-Aug-2022","GDR","5016691","August 25, 2022-KB5016691 (OS Build 22000.918) Preview","http://support.microsoft.com/kb/5016691","No LDR Only available","No LDR Only available","No LDR Only available"," ","22-08Rollup"
"pci.sys","Core_Sys","6.2.22000.918","1","23-Aug-2022","GDR","5016691","August 25, 2022-KB5016691 (OS Build 22000.918) Preview","http://support.microsoft.com/kb/5016691","No LDR Only available","No LDR Only available","No LDR Only available"," ","22-08Rollup"
"Volmgr.sys","Core_Sys","6.2.22000.778","1","23-Aug-2022","GDR","5016691","August 25, 2022-KB5016691 (OS Build 22000.918) Preview","http://support.microsoft.com/kb/5016691","No LDR Only available","No LDR Only available","No LDR Only available"," ","22-08Rollup"
"Tzres.dll","Core_TimeZone","6.2.22000.469","1","23-Aug-2022","GDR","5016691","August 25, 2022-KB5016691 (OS Build 22000.918) Preview","http://support.microsoft.com/kb/5016691","No LDR Only available","No LDR Only available","No LDR Only available"," ","22-08Rollup"
"Vmswitch.sys","Hyper-V_Net","6.2.22000.918","1","23-Aug-2022","GDR","5016691","August 25, 2022-KB5016691 (OS Build 22000.918) Preview","http://support.microsoft.com/kb/5016691","No LDR Only available","No LDR Only available","No LDR Only available"," ","22-08Rollup"
"Ndisimplatform.sys","Hyper-V_Net","6.2.22000.653","1","23-Aug-2022","GDR","5016691","August 25, 2022-KB5016691 (OS Build 22000.918) Preview","http://support.microsoft.com/kb/5016691","No LDR Only available","No LDR Only available","No LDR Only available"," ","22-08Rollup"
"Vmms.exe","Hyper-V_Net","6.2.22000.918","1","23-Aug-2022","GDR","5016691","August 25, 2022-KB5016691 (OS Build 22000.918) Preview","http://support.microsoft.com/kb/5016691","No LDR Only available","No LDR Only available","No LDR Only available"," ","22-08Rollup"
"pvhdparser.sys","Hyper-V_Net","6.2.22000.653","1","23-Aug-2022","GDR","5016691","August 25, 2022-KB5016691 (OS Build 22000.918) Preview","http://support.microsoft.com/kb/5016691","No LDR Only available","No LDR Only available","No LDR Only available"," ","22-08Rollup"
"Vmbus.sys","Hyper-V_Net","6.2.22000.918","1","23-Aug-2022","GDR","5016691","August 25, 2022-KB5016691 (OS Build 22000.918) Preview","http://support.microsoft.com/kb/5016691","No LDR Only available","No LDR Only available","No LDR Only available"," ","22-08Rollup"
"Rasapi32.dll","HNV_Net","6.2.22000.832","1","23-Aug-2022","GDR","5016691","August 25, 2022-KB5016691 (OS Build 22000.918) Preview","http://support.microsoft.com/kb/5016691","No LDR Only available","No LDR Only available","No LDR Only available"," ","22-08Rollup"
"Mprapi.dll","HNV_Net","6.2.22000.708","1","23-Aug-2022","GDR","5016691","August 25, 2022-KB5016691 (OS Build 22000.918) Preview","http://support.microsoft.com/kb/5016691","No LDR Only available","No LDR Only available","No LDR Only available"," ","22-08Rollup"
"Vmwp.exe","Hyper-V_app","6.2.22000.832","1","23-Aug-2022","GDR","5016691","August 25, 2022-KB5016691 (OS Build 22000.918) Preview","http://support.microsoft.com/kb/5016691","No LDR Only available","No LDR Only available","No LDR Only available"," ","22-08Rollup"
"Rdpshell.exe","RDS_remote_App","6.2.22000.675","0","23-Aug-2022","GDR","5016691","August 25, 2022-KB5016691 (OS Build 22000.918) Preview","http://support.microsoft.com/kb/5016691","No LDR Only available","No LDR Only available","No LDR Only available"," ","22-08Rollup"
"Rdsdwmdr.dll","RDS_remote_App","6.2.22000.708","0","23-Aug-2022","GDR","5016691","August 25, 2022-KB5016691 (OS Build 22000.918) Preview","http://support.microsoft.com/kb/5016691","No LDR Only available","No LDR Only available","No LDR Only available"," ","22-08Rollup"
"Tscfgwmi.dll","RDS_remote_App","6.2.22000.653","0","23-Aug-2022","GDR","5016691","August 25, 2022-KB5016691 (OS Build 22000.918) Preview","http://support.microsoft.com/kb/5016691","No LDR Only available","No LDR Only available","No LDR Only available"," ","22-08Rollup"
"Audioeng.dll","RDS_devRdr","6.2.22000.832","1","23-Aug-2022","GDR","5016691","August 25, 2022-KB5016691 (OS Build 22000.918) Preview","http://support.microsoft.com/kb/5016691","No LDR Only available","No LDR Only available","No LDR Only available"," ","22-08Rollup"
"Audiokse.dll","RDS_devRdr","6.2.22000.832","1","23-Aug-2022","GDR","5016691","August 25, 2022-KB5016691 (OS Build 22000.918) Preview","http://support.microsoft.com/kb/5016691","No LDR Only available","No LDR Only available","No LDR Only available"," ","22-08Rollup"
"Audioses.dll","RDS_devRdr","6.2.22000.708","1","23-Aug-2022","GDR","5016691","August 25, 2022-KB5016691 (OS Build 22000.918) Preview","http://support.microsoft.com/kb/5016691","No LDR Only available","No LDR Only available","No LDR Only available"," ","22-08Rollup"
"Audiosrv.dll","RDS_devRdr","6.2.22000.918","1","23-Aug-2022","GDR","5016691","August 25, 2022-KB5016691 (OS Build 22000.918) Preview","http://support.microsoft.com/kb/5016691","No LDR Only available","No LDR Only available","No LDR Only available"," ","22-08Rollup"
"Wsepno.dll","RDS_msTsc","7.0.22000.653","1","23-Aug-2022","GDR","5016691","August 25, 2022-KB5016691 (OS Build 22000.918) Preview","http://support.microsoft.com/kb/5016691","No LDR Only available","No LDR Only available","No LDR Only available"," ","22-08Rollup"
"Xpsgdiconverter.dll","RDS_msTsc","6.2.22000.653","1","23-Aug-2022","GDR","5016691","August 25, 2022-KB5016691 (OS Build 22000.918) Preview","http://support.microsoft.com/kb/5016691","No LDR Only available","No LDR Only available","No LDR Only available"," ","22-08Rollup"
"licmgr.exe","RDS_license","6.2.22000.653","1","23-Aug-2022","GDR","5016691","August 25, 2022-KB5016691 (OS Build 22000.918) Preview","http://support.microsoft.com/kb/5016691","No LDR Only available","No LDR Only available","No LDR Only available"," ","22-08Rollup"
"dxgkrnl.sys","RDS_host","6.2.22000.918","1","23-Aug-2022","GDR","5016691","August 25, 2022-KB5016691 (OS Build 22000.918) Preview","http://support.microsoft.com/kb/5016691","No LDR Only available","No LDR Only available","No LDR Only available"," ","22-08Rollup"
"sessenv.dll","RDS_host","6.2.22000.708","1","23-Aug-2022","GDR","5016691","August 25, 2022-KB5016691 (OS Build 22000.918) Preview","http://support.microsoft.com/kb/5016691","No LDR Only available","No LDR Only available","No LDR Only available"," ","22-08Rollup"
"Localspl.dll","Print_Spool","6.2.22000.918","0","23-Aug-2022","GDR","5016691","August 25, 2022-KB5016691 (OS Build 22000.918) Preview","http://support.microsoft.com/kb/5016691","No LDR Only available","No LDR Only available","No LDR Only available"," ","22-08Rollup"
"Win32spl.dll","Print_Spool","6.2.22000.918","0","23-Aug-2022","GDR","5016691","August 25, 2022-KB5016691 (OS Build 22000.918) Preview","http://support.microsoft.com/kb/5016691","No LDR Only available","No LDR Only available","No LDR Only available"," ","22-08Rollup"
"Spoolss.dll","Print_Spool","6.2.22000.613","0","23-Aug-2022","GDR","5016691","August 25, 2022-KB5016691 (OS Build 22000.918) Preview","http://support.microsoft.com/kb/5016691","No LDR Only available","No LDR Only available","No LDR Only available"," ","22-08Rollup"
"Spoolsv.exe","Print_Spool","6.2.22000.918","0","23-Aug-2022","GDR","5016691","August 25, 2022-KB5016691 (OS Build 22000.918) Preview","http://support.microsoft.com/kb/5016691","No LDR Only available","No LDR Only available","No LDR Only available"," ","22-08Rollup"
"Winspool.drv","Print_Spool","6.2.22000.832","0","23-Aug-2022","GDR","5016691","August 25, 2022-KB5016691 (OS Build 22000.918) Preview","http://support.microsoft.com/kb/5016691","No LDR Only available","No LDR Only available","No LDR Only available"," ","22-08Rollup"
"Ntprint.exe","Print_App","6.2.22000.653","0","09-Aug-2022","GDR","5016691","August 25, 2022-KB5016691 (OS Build 22000.918) Preview","http://support.microsoft.com/kb/5016691","No LDR Only available","No LDR Only available","No LDR Only available"," ","22-08Rollup"
"Printui.dll","Print_App","6.2.22000.527","0","23-Aug-2022","GDR","5016691","August 25, 2022-KB5016691 (OS Build 22000.918) Preview","http://support.microsoft.com/kb/5016691","No LDR Only available","No LDR Only available","No LDR Only available"," ","22-08Rollup"
"Printfilterpipelineprxy.dll","Print_App","6.2.22000.653","0","23-Aug-2022","GDR","5016691","August 25, 2022-KB5016691 (OS Build 22000.918) Preview","http://support.microsoft.com/kb/5016691","No LDR Only available","No LDR Only available","No LDR Only available"," ","22-08Rollup"
"Printfilterpipelinesvc.exe","Print_App","6.2.22000.653","0","23-Aug-2022","GDR","5016691","August 25, 2022-KB5016691 (OS Build 22000.918) Preview","http://support.microsoft.com/kb/5016691","No LDR Only available","No LDR Only available","No LDR Only available"," ","22-08Rollup"
"Printbrm.exe","Print_App","6.2.22000.653","0","23-Aug-2022","GDR","5016691","August 25, 2022-KB5016691 (OS Build 22000.918) Preview","http://support.microsoft.com/kb/5016691","No LDR Only available","No LDR Only available","No LDR Only available"," ","22-08Rollup"
"splwow64.exe","Print_App","6.2.22000.918","0","23-Aug-2022","GDR","5016691","August 25, 2022-KB5016691 (OS Build 22000.918) Preview","http://support.microsoft.com/kb/5016691","No LDR Only available","No LDR Only available","No LDR Only available"," ","22-08Rollup"
"Mshtml.dll","IE_Client","11.0.22000.918","0","23-Aug-2022","GDR","5016691","August 25, 2022-KB5016691 (OS Build 22000.918) Preview","http://support.microsoft.com/kb/5016691","No LDR Only available","No LDR Only available","No LDR Only available"," ","22-08Rollup"
"Dpapiprovider.dll","Dom_DIMS","6.2.22000.653","1","26-Aug-2022","GDR","5016691","August 25, 2022-KB5016691 (OS Build 22000.918) Preview","http://support.microsoft.com/kb/5016691","No LDR Only available","No LDR Only available","No LDR Only available"," ","22-08Rollup"
"Winnat.sys","Hyper-V_Net","6.2.22000.653","1","26-Aug-2022","GDR","5016691","August 25, 2022-KB5016691 (OS Build 22000.918) Preview","http://support.microsoft.com/kb/5016691","No LDR Only available","No LDR Only available","No LDR Only available"," ","22-08Rollup"
"wlanapi.dll","Net_WLAN_Client","6.2.22000.832","1","09-Aug-2022","GDR","5016691","August 25, 2022-KB5016691 (OS Build 22000.918) Preview","http://support.microsoft.com/kb/5016691","No LDR Only available","No LDR Only available","No LDR Only available"," ","22-08Rollup"
