"Binary","Component","Version","Prio","Published","Branch","Article","Title","Link","LDROnlyKB","LDROnlyTitle","LDROnlyLink","Comment","RollupInfo"
"clussvc.exe","Cluster_Core","6.0.6002.23245","0","17.10.2013","LDR","2898118 (v1.0)","Changed cluster properties revert to default values on cluster nodes that run Windows Server 2008 SP2","http://support.microsoft.com/kb/2898118","2898118 (v1.0)","Changed cluster properties revert to default values on cluster nodes that run Windows Server 2008 SP2","http://support.microsoft.com/kb/2898118"," ","No Rollup"
"cluswmi.dll","Cluster_Core","6.0.6002.23245","0","17.10.2013","LDR","2898118 (v1.0)","Changed cluster properties revert to default values on cluster nodes that run Windows Server 2008 SP2","http://support.microsoft.com/kb/2898118","2898118 (v1.0)","Changed cluster properties revert to default values on cluster nodes that run Windows Server 2008 SP2","http://support.microsoft.com/kb/2898118"," ","No Rollup"
"rhs.exe","Cluster_Core","6.0.6002.22984","0","23.11.2012","LDR","2782761 (v1.0)","Hotfix enables a dump file to be generated when the Rhs.exe process detects a deadlock condition in Windows Server 2008","http://support.microsoft.com/kb/2782761","2782761 (v1.0)","Hotfix enables a dump file to be generated when the Rhs.exe process detects a deadlock condition in Windows Server 2008","http://support.microsoft.com/kb/2782761"," ","No Rollup"
"clusres.dll","Cluster_Core","6.0.6002.23657","0","27.03.2015","LDRGDR","3050293 (v1.0)","Cluster resources are not initialized correctly after Rhs.exe process crashes on a Windows Server 2008 SP2-based cluster","http://support.microsoft.com/kb/3050293","2685891 (v1.0)","CAP does not come online in a Windows Server 2008 R2-based failover cluster","http://support.microsoft.com/kb/2685891"," ","No Rollup"
"Clusres2.dll","Cluster_Core","6.0.6002.0","0","","RTM","5027279","","","","","","",""
"Netft.sys","Cluster_Core","6.0.6002.0","0","","RTM","5027279","","","","","","",""
"Clusauthmgr.dll","Cluster_Core","6.0.6002.0","0","","RTM","5027279","","","","","","",""
"Witness.dll","Cluster_Core","6.0.6002.0","0","","RTM","5027279","","","","","","",""
"Csvflt.sys","Cluster_CSV","6.0.6002.0","0","","RTM","5027279","","","","","","",""
"Csvfs.sys","Cluster_CSV","6.0.6002.0","0","","RTM","5027279","","","","","","",""
"Csvfilter.sys","Cluster_CSV","6.0.6002.0","0","","RTM","5027279","","","","","","",""
"Vhdmp.sys","Cluster_CSV","6.0.6002.0","0","","RTM","5027279","","","","","","",""
"Svhdxflt.sys","Cluster_CSV","6.0.6002.0","0","","RTM","5027279","","","","","","",""
"Clusdisk.sys","Cluster_Disk","6.0.6002.0","0","","RTM","5027279","","","","","","",""
"volsnap.sys","Cluster_Volsnap","6.0.6002.22987","0","27.11.2012","LDR","2787113 (v1.0)","""0x00000050"" Stop error when you create a snapshot by using the VSS in Windows Vista or in Windows Server 2008","http://support.microsoft.com/kb/2787113","2787113 (v1.0)","""0x00000050"" Stop error when you create a snapshot by using the VSS in Windows Vista or in Windows Server 2008","http://support.microsoft.com/kb/2787113"," ","No Rollup"
"cprepsrv.exe","Cluster_Validation","6.0.6002.22268","1","17.11.2009","LDR","975665 (v1.0)","The time stamps in the Cluster log are less accurate compared to the system time that is used for events on a failover cluster node that is running a non-English version of Windows Server 2008","http://support.microsoft.com/kb/975665","975665 (v1.0)","The time stamps in the Cluster log are less accurate compared to the system time that is used for events on a failover cluster node that is running a non-English version of Windows Server 2008","http://support.microsoft.com/kb/975665"," ","No Rollup"
"failoverclusters.agent.interop.dll","Cluster_Validation","6.0.6002.22485","1","13.09.2010","LDR","976097 (v1.0)","Hotfix to add support for asymmetric storages to the Failover Cluster Management MMC snap-in for a failover cluster that is running Windows Server 2008 or Windows Server 2008 R2","http://support.microsoft.com/kb/976097","976097 (v1.0)","Hotfix to add support for asymmetric storages to the Failover Cluster Management MMC snap-in for a failover cluster that is running Windows Server 2008 or Windows Server 2008 R2","http://support.microsoft.com/kb/976097"," ","No Rollup"
"Microsoft.failoverclusters.framework.dll","Cluster_Validation","6.0.6002.0","1","","RTM","5027279","","","","","","",""
"mpio.sys","Core_MPIO","6.0.6002.23457","0","08.08.2014","LDRGDR","2990170 (v1.0)","Multipath I/O identifies different disks as the same disk in Windows","http://support.microsoft.com/kb/2990170","2754704 (v1.0)","A hotfix is available that provides a mechanism for DSM to notify MPIO that a particular path is back to online in Windows Server 2008","http://support.microsoft.com/kb/2754704"," ","No Rollup"
"msdsm.sys","Core_MPIO","6.0.6002.23457","0","08.08.2014","LDRGDR","2990170 (v1.0)","Multipath I/O identifies different disks as the same disk in Windows","http://support.microsoft.com/kb/2990170","2878031 (v1.0)","""0x000000D1"" Stop error when you try to open the MPIO console on a computer that is running Windows Server 2008 SP2","http://support.microsoft.com/kb/2878031"," ","No Rollup"
"Storport.sys","Core_DiskSystem","6.0.6003.21247","0","15-Sep-2021","GDR","5027279","June 13, 2023-KB5027279 (Monthly Rollup)","http://support.microsoft.com/kb/5027279","No LDR Only available","No LDR Only available","No LDR Only available"," ","23-06Rollup"
"4493730","Win2008_19_04_SSU_KB"," ","0","09-Apr-2020","LDR","4493730","Servicing stack update for Windows Server 2008 SP2: April 9, 2019","http://support.microsoft.com/kb/4493730","No LDR Only available","No LDR Only available","No LDR Only available"," ","No Rollup"
"4474419","Win2008_19_09_SHA_KB"," ","0","23-Sep-2019","LDR","4474419","SHA-2 code signing support update for Windows Server 2008 R2, Windows 7, and Windows Server 2008: September 23, 2019","http://support.microsoft.com/kb/4474419","No LDR Only available","No LDR Only available","No LDR Only available"," ","No Rollup"
"4534303","Win2008_20-01_B_last-non-ESU"," ","0","14-Jan-2020","GDR","4534303","January 14, 2020-KB4534303 (Monthly Rollup)","http://support.microsoft.com/kb/4534303","No LDR Only available","No LDR Only available","No LDR Only available"," ","20-01Rollup"
"4580971","Win2008_20_10_SSU_KB"," ","0","13-Oct-2020","LDR","4580971","Servicing stack update for Windows Server 2008 SP2: October 13, 2020","http://support.microsoft.com/kb/4580971","No LDR Only available","No LDR Only available","No LDR Only available"," ","No Rollup"
"4538484","Win2008_20_02_ESU_KB"," ","0","11-Feb-2020","LDR","4538484","Extended Security Updates (ESU) Licensing Preparation Package for Windows Server 2008 SP2","http://support.microsoft.com/kb/4538484","No LDR Only available","No LDR Only available","No LDR Only available"," ","No Rollup"
"4575904","Win2008_21_02_ESU_KB"," ","0","09-Feb-2021","LDR","4575904","Update for the Extended Security Updates (ESU) Licensing Preparation Package for Windows Server 2008 SP2","http://support.microsoft.com/kb/4575904","No LDR Only available","No LDR Only available","No LDR Only available"," ","No Rollup"
"5010452","Win2008_22_02_SSU_KB"," ","0","08-Feb-2022","LDR","5010452","KB5010452: Servicing stack update for Windows Server 2008 SP2: February 8, 2022","http://support.microsoft.com/kb/5010452","No LDR Only available","No LDR Only available","No LDR Only available"," ","No Rollup"
"5027279","Win2008_23-06_B_rollup_KB"," ","0","13-Jun-2023","GDR","5027279","June 13, 2023-KB5027279 (Monthly Rollup)","http://support.microsoft.com/kb/5027279","No LDR Only available","No LDR Only available","No LDR Only available"," ","23-06Rollup"
