"Binary","Component","Version","Prio","Published","Branch","Article","Title","Link","LDROnlyKB","LDROnlyTitle","LDROnlyLink","Comment","RollupInfo"
"Volsnap.sys","Cluster_Volsnap","6.2.18362.693","0","30-Apr-2022","GDR","5013945","May 10, 2022-KB5013945 (OS Build 18363.2274)","http://support.microsoft.com/kb/5013945","No LDR Only available","No LDR Only available","No LDR Only available"," ","22-05Rollup"
"Vmswitch.sys","Hyper-V_Net","6.2.18362.2274","1","29-Apr-2022","GDR","5013945","May 10, 2022-KB5013945 (OS Build 18363.2274)","http://support.microsoft.com/kb/5013945","No LDR Only available","No LDR Only available","No LDR Only available"," ","22-05Rollup"
"Ndisimplatform.sys","Hyper-V_Net","6.2.18362.693","1","29-Apr-2022","GDR","5013945","May 10, 2022-KB5013945 (OS Build 18363.2274)","http://support.microsoft.com/kb/5013945","No LDR Only available","No LDR Only available","No LDR Only available"," ","22-05Rollup"
"Vmms.exe","Hyper-V_Net","6.2.18362.1500","1","30-Apr-2022","GDR","5013945","May 10, 2022-KB5013945 (OS Build 18363.2274)","http://support.microsoft.com/kb/5013945","No LDR Only available","No LDR Only available","No LDR Only available"," ","22-05Rollup"
"Winnat.sys","Hyper-V_Net","6.2.18362.1854","1","29-Apr-2022","GDR","5013945","May 10, 2022-KB5013945 (OS Build 18363.2274)","http://support.microsoft.com/kb/5013945","No LDR Only available","No LDR Only available","No LDR Only available"," ","22-05Rollup"
"Wmisvc.dll","Hyper-V_Net","6.2.18362.1411","1","30-Apr-2022","GDR","5013945","May 10, 2022-KB5013945 (OS Build 18363.2274)","http://support.microsoft.com/kb/5013945","No LDR Only available","No LDR Only available","No LDR Only available"," ","22-05Rollup"
"Vmbus.sys","Hyper-V_Net","6.2.18362.2037","1","29-Apr-2022","GDR","5013945","May 10, 2022-KB5013945 (OS Build 18363.2274)","http://support.microsoft.com/kb/5013945","No LDR Only available","No LDR Only available","No LDR Only available"," ","22-05Rollup"
"Rasapi32.dll","HNV_Net","6.2.18362.1474","1","29-Apr-2022","GDR","5013945","May 10, 2022-KB5013945 (OS Build 18363.2274)","http://support.microsoft.com/kb/5013945","No LDR Only available","No LDR Only available","No LDR Only available"," ","22-05Rollup"
"Vmwp.exe","Hyper-V_app","6.2.18362.1621","1","30-Apr-2022","GDR","5013945","May 10, 2022-KB5013945 (OS Build 18363.2274)","http://support.microsoft.com/kb/5013945","No LDR Only available","No LDR Only available","No LDR Only available"," ","22-05Rollup"
"5004748","Win2016_1909_21-07_SSU_KB"," ","0","15-Jun-2021","GDR","5004748","KB5004748: Servicing stack update for Windows 10, version 1909: July 13, 2021","http://support.microsoft.com/kb/5004748","No LDR Only available","No LDR Only available","No LDR Only available"," ","No Rollup"
"5013945","Win201619H2_22-05_B_rollup_KB"," ","0","10-May-2022","GDR","5013945","May 10, 2022-KB5013945 (OS Build 18363.2274)","http://support.microsoft.com/kb/5013945","No LDR Only available","No LDR Only available","No LDR Only available"," ","22-05Rollup"
