"Binary","Component","Version","Prio","Published","Branch","Article","Title","Link","LDROnlyKB","LDROnlyTitle","LDROnlyLink","Comment","RollupInfo"
"Robocopy.exe","Net_Applications","6.2.17763.2510","1","14-Dec-21","GDR","5010351","February 8, 2022-KB5010351 (OS Build 17763.2565)","http://support.microsoft.com/kb/5010351","No LDR Only available","No LDR Only available","No LDR Only available"," ","22-02Rollup"
"srv.sys","Net_SMB_Server","6.2.17763.2061","0","5-Jul-2021","GDR","5010351","February 8, 2022-KB5010351 (OS Build 17763.2565)","http://support.microsoft.com/kb/5010351","No LDR Only available","No LDR Only available","No LDR Only available"," ","22-02Rollup"
"srv2.sys","Net_SMB_Server","6.2.17763.2145","0","30-Jul-2021","GDR","5010351","February 8, 2022-KB5010351 (OS Build 17763.2565)","http://support.microsoft.com/kb/5010351","No LDR Only available","No LDR Only available","No LDR Only available"," ","22-02Rollup"
"srvnet.sys","Net_SMB_Server","6.2.17763.2213","0","15-Sep-2021","GDR","5010351","February 8, 2022-KB5010351 (OS Build 17763.2565)","http://support.microsoft.com/kb/5010351","No LDR Only available","No LDR Only available","No LDR Only available"," ","22-02Rollup"
"Srvsvc.dll","Net_SMB_Server","6.2.17763.529","0","16-May-2019","GDR","5010351","February 8, 2022-KB5010351 (OS Build 17763.2565)","http://support.microsoft.com/kb/5010351","No LDR Only available","No LDR Only available","No LDR Only available"," ","22-02Rollup"
"Mrxsmb.sys","Net_SMB_Client","6.2.17763.2145","0","30-Jul-2021","GDR","5010351","February 8, 2022-KB5010351 (OS Build 17763.2565)","http://support.microsoft.com/kb/5010351","No LDR Only available","No LDR Only available","No LDR Only available"," ","22-02Rollup"
"Mrxsmb10.sys","Net_SMB_Client","6.2.17763.2145","0","30-Jul-2021","GDR","5010351","February 8, 2022-KB5010351 (OS Build 17763.2565)","http://support.microsoft.com/kb/5010351","No LDR Only available","No LDR Only available","No LDR Only available"," ","22-02Rollup"
"Mrxsmb20.sys","Net_SMB_Client","6.2.17763.2183","0","11-Sep-2021","GDR","5010351","February 8, 2022-KB5010351 (OS Build 17763.2565)","http://support.microsoft.com/kb/5010351","No LDR Only available","No LDR Only available","No LDR Only available"," ","22-02Rollup"
"Rdbss.sys","Net_SMB_Client","6.2.17763.2183","0","11-Sep-2021","GDR","5010351","February 8, 2022-KB5010351 (OS Build 17763.2565)","http://support.microsoft.com/kb/5010351","No LDR Only available","No LDR Only available","No LDR Only available"," ","22-02Rollup"
"Netbt.sys","Net_SMB_Client","6.2.17763.1518","0","29-Sep-2020","GDR","5010351","February 8, 2022-KB5010351 (OS Build 17763.2565)","http://support.microsoft.com/kb/5010351","No LDR Only available","No LDR Only available","No LDR Only available"," ","22-02Rollup"
"Mup.sys","Net_SMB_Client","6.2.17763.1","0","14-Sep-2018","GDR","5010351","February 8, 2022-KB5010351 (OS Build 17763.2565)","http://support.microsoft.com/kb/5010351","No LDR Only available","No LDR Only available","No LDR Only available"," ","22-02Rollup"
"wkssvc.dll","Net_SMB_Client","6.2.17763.2452","0","4-Jan-2022","GDR","5010351","February 8, 2022-KB5010351 (OS Build 17763.2565)","http://support.microsoft.com/kb/5010351","No LDR Only available","No LDR Only available","No LDR Only available"," ","22-02Rollup"
"Mpr.dll","Net_SMB_Client","6.2.17763.404","0","28-Mar-2019","GDR","5010351","February 8, 2022-KB5010351 (OS Build 17763.2565)","http://support.microsoft.com/kb/5010351","No LDR Only available","No LDR Only available","No LDR Only available"," ","22-02Rollup"
"NtLanman.dll","Net_SMB_Client","6.2.17763.404","0","28-Mar-2019","GDR","5010351","February 8, 2022-KB5010351 (OS Build 17763.2565)","http://support.microsoft.com/kb/5010351","No LDR Only available","No LDR Only available","No LDR Only available"," ","22-02Rollup"
"Tcpip.sys","Net_Protocol","6.2.17763.2366","0","14-Dec-21","GDR","5010351","February 8, 2022-KB5010351 (OS Build 17763.2565)","http://support.microsoft.com/kb/5010351","No LDR Only available","No LDR Only available","No LDR Only available"," ","22-02Rollup"
"Afd.sys","Net_Protocol","6.2.17763.2183","0","11-Sep-2021","GDR","5010351","February 8, 2022-KB5010351 (OS Build 17763.2565)","http://support.microsoft.com/kb/5010351","No LDR Only available","No LDR Only available","No LDR Only available"," ","22-02Rollup"
"Netio.sys","Net_Protocol","6.2.17763.2213","0","15-Sep-2021","GDR","5010351","February 8, 2022-KB5010351 (OS Build 17763.2565)","http://support.microsoft.com/kb/5010351","No LDR Only available","No LDR Only available","No LDR Only available"," ","22-02Rollup"
"Ndis.sys","Net_Protocol","6.2.17763.2268","0","7-Oct-2021","GDR","5010351","February 8, 2022-KB5010351 (OS Build 17763.2565)","http://support.microsoft.com/kb/5010351","No LDR Only available","No LDR Only available","No LDR Only available"," ","22-02Rollup"
"Netiohlp.dll","Net_Protocol","6.2.17763.292","0","15-Jan-2019","GDR","5010351","February 8, 2022-KB5010351 (OS Build 17763.2565)","http://support.microsoft.com/kb/5010351","No LDR Only available","No LDR Only available","No LDR Only available"," ","22-02Rollup"
"Tdx.sys","Net_Protocol","6.2.17763.2183","0","11-Sep-2021","GDR","5010351","February 8, 2022-KB5010351 (OS Build 17763.2565)","http://support.microsoft.com/kb/5010351","No LDR Only available","No LDR Only available","No LDR Only available"," ","22-02Rollup"
"Iphlpapi.dll","Net_Protocol","6.2.17763.2510","0","14-Dec-21","GDR","5010351","February 8, 2022-KB5010351 (OS Build 17763.2565)","http://support.microsoft.com/kb/5010351","No LDR Only available","No LDR Only available","No LDR Only available"," ","22-02Rollup"
"Tunnel.sys","Net_IPv6","6.2.17763.864","1","7-Nov-2019","GDR","5010351","February 8, 2022-KB5010351 (OS Build 17763.2565)","http://support.microsoft.com/kb/5010351","No LDR Only available","No LDR Only available","No LDR Only available"," ","22-02Rollup"
"Dhcpcore6.dll","Net_IPv6","6.2.17763.1457","1","1-Sep-2020","GDR","5010351","February 8, 2022-KB5010351 (OS Build 17763.2565)","http://support.microsoft.com/kb/5010351","No LDR Only available","No LDR Only available","No LDR Only available"," ","22-02Rollup"
"Dhcpcsvc6.dll","Net_IPv6","6.2.17763.1457","1","1-Sep-2020","GDR","5010351","February 8, 2022-KB5010351 (OS Build 17763.2565)","http://support.microsoft.com/kb/5010351","No LDR Only available","No LDR Only available","No LDR Only available"," ","22-02Rollup"
"Nlasvc.dll","Net_NLA","6.2.17763.2090","0","13-Jul-2021","GDR","5010351","February 8, 2022-KB5010351 (OS Build 17763.2565)","http://support.microsoft.com/kb/5010351","No LDR Only available","No LDR Only available","No LDR Only available"," ","22-02Rollup"
"Ncsi.dll","Net_NLA","6.2.17763.2090","0","13-Jul-2021","GDR","5010351","February 8, 2022-KB5010351 (OS Build 17763.2565)","http://support.microsoft.com/kb/5010351","No LDR Only available","No LDR Only available","No LDR Only available"," ","22-02Rollup"
"Nlaapi.dll","Net_NLA","6.2.17763.134","0","1-Nov-2018","GDR","5010351","February 8, 2022-KB5010351 (OS Build 17763.2565)","http://support.microsoft.com/kb/5010351","No LDR Only available","No LDR Only available","No LDR Only available"," ","22-02Rollup"
"Dns.exe","Net_DNS_Srv","6.2.17763.2510","0","19-Jan-2022","GDR","5010351","February 8, 2022-KB5010351 (OS Build 17763.2565)","http://support.microsoft.com/kb/5010351","No LDR Only available","No LDR Only available","No LDR Only available"," ","22-02Rollup"
"Dhcpssvc.dll","Net_DHCP_Srv","6.2.17763.1971","0","11-May-2021","GDR","5010351","February 8, 2022-KB5010351 (OS Build 17763.2565)","http://support.microsoft.com/kb/5010351","No LDR Only available","No LDR Only available","No LDR Only available"," ","22-02Rollup"
"Dfssvc.exe","Net_DFS-N_Srv","6.2.17763.2028","0","8-Jun-2021","GDR","5010351","February 8, 2022-KB5010351 (OS Build 17763.2565)","http://support.microsoft.com/kb/5010351","No LDR Only available","No LDR Only available","No LDR Only available"," ","22-02Rollup"
"Nfssvc.exe","Net_NFS_Srv","6.2.17763.1","0","14-Sep-2018","GDR","5010351","February 8, 2022-KB5010351 (OS Build 17763.2565)","http://support.microsoft.com/kb/5010351","No LDR Only available","No LDR Only available","No LDR Only available"," ","22-02Rollup"
"Nfssvr.sys","Net_NFS_Srv","6.2.17763.1999","0","5-Jun-2021","GDR","5010351","February 8, 2022-KB5010351 (OS Build 17763.2565)","http://support.microsoft.com/kb/5010351","No LDR Only available","No LDR Only available","No LDR Only available"," ","22-02Rollup"
"Msnfsflt.sys","Net_NFS_Srv","6.2.17763.1","0","14-Sep-2018","GDR","5010351","February 8, 2022-KB5010351 (OS Build 17763.2565)","http://support.microsoft.com/kb/5010351","No LDR Only available","No LDR Only available","No LDR Only available"," ","22-02Rollup"
"portmap.sys","Net_NFS_Srv","6.2.17763.1879","0","8-Apr-2021","GDR","5010351","February 8, 2022-KB5010351 (OS Build 17763.2565)","http://support.microsoft.com/kb/5010351","No LDR Only available","No LDR Only available","No LDR Only available"," ","22-02Rollup"
"rpcxdr.sys","Net_NFS_Srv","6.2.17763.2565","0","29-Jan-2022","GDR","5010351","February 8, 2022-KB5010351 (OS Build 17763.2565)","http://support.microsoft.com/kb/5010351","No LDR Only available","No LDR Only available","No LDR Only available"," ","22-02Rollup"
"Csc.sys","Net_CSC_Offline","6.2.17763.2330","1","14-Nov-21","GDR","5010351","February 8, 2022-KB5010351 (OS Build 17763.2565)","http://support.microsoft.com/kb/5010351","No LDR Only available","No LDR Only available","No LDR Only available"," ","22-02Rollup"
"Cscapi.dll","Net_CSC_Offline","6.2.17763.404","1","29-Mar-2019","GDR","5010351","February 8, 2022-KB5010351 (OS Build 17763.2565)","http://support.microsoft.com/kb/5010351","No LDR Only available","No LDR Only available","No LDR Only available"," ","22-02Rollup"
"Cscdll.dll","Net_CSC_Offline","6.2.17763.404","1","29-Mar-2019","GDR","5010351","February 8, 2022-KB5010351 (OS Build 17763.2565)","http://support.microsoft.com/kb/5010351","No LDR Only available","No LDR Only available","No LDR Only available"," ","22-02Rollup"
"Cscsvc.dll","Net_CSC_Offline","6.2.17763.1935","1","7-May-2021","GDR","5010351","February 8, 2022-KB5010351 (OS Build 17763.2565)","http://support.microsoft.com/kb/5010351","No LDR Only available","No LDR Only available","No LDR Only available"," ","22-02Rollup"
"Cscmig.dll","Net_CSC_Offline","6.2.17763.2330","1","14-Nov-21","GDR","5010351","February 8, 2022-KB5010351 (OS Build 17763.2565)","http://support.microsoft.com/kb/5010351","No LDR Only available","No LDR Only available","No LDR Only available"," ","22-02Rollup"
"Cscui.dll","Net_CSC_Offline","6.2.17763.1075","1","21-Feb-2020","GDR","5010351","February 8, 2022-KB5010351 (OS Build 17763.2565)","http://support.microsoft.com/kb/5010351","No LDR Only available","No LDR Only available","No LDR Only available"," ","22-02Rollup"
"Mrxdav.sys","Net_WebDAV","6.2.17763.771","1","13-Sep-2019","GDR","5010351","February 8, 2022-KB5010351 (OS Build 17763.2565)","http://support.microsoft.com/kb/5010351","No LDR Only available","No LDR Only available","No LDR Only available"," ","22-02Rollup"
"Webclnt.dll","Net_WebDAV","6.2.17763.1911","1","15-Apr-2021","GDR","5010351","February 8, 2022-KB5010351 (OS Build 17763.2565)","http://support.microsoft.com/kb/5010351","No LDR Only available","No LDR Only available","No LDR Only available"," ","22-02Rollup"
"Shell32.dll","Net_WebDAV","6.2.17763.2510","1","14-Dec-21","GDR","5010351","February 8, 2022-KB5010351 (OS Build 17763.2565)","http://support.microsoft.com/kb/5010351","No LDR Only available","No LDR Only available","No LDR Only available"," ","22-02Rollup"
"Winhttp.dll","Net_WebDAV","6.2.17763.1971","1","10-May-2021","GDR","5010351","February 8, 2022-KB5010351 (OS Build 17763.2565)","http://support.microsoft.com/kb/5010351","No LDR Only available","No LDR Only available","No LDR Only available"," ","22-02Rollup"
"Dhcpcore.dll","Net_DHCP_Client","6.2.17763.1457","1","1-Sep-2020","GDR","5010351","February 8, 2022-KB5010351 (OS Build 17763.2565)","http://support.microsoft.com/kb/5010351","No LDR Only available","No LDR Only available","No LDR Only available"," ","22-02Rollup"
"Dhcpcsvc.dll","Net_DHCP_Client","6.2.17763.1457","1","1-Sep-2020","GDR","5010351","February 8, 2022-KB5010351 (OS Build 17763.2565)","http://support.microsoft.com/kb/5010351","No LDR Only available","No LDR Only available","No LDR Only available"," ","22-02Rollup"
"Nfsclnt.exe","Net_NFS_Client","6.2.17763.1","1","14-Sep-2018","GDR","5010351","February 8, 2022-KB5010351 (OS Build 17763.2565)","http://support.microsoft.com/kb/5010351","No LDR Only available","No LDR Only available","No LDR Only available"," ","22-02Rollup"
"Nfsrdr.sys","Net_NFS_Client","6.2.17763.2268","1","8-Oct-2021","GDR","5010351","February 8, 2022-KB5010351 (OS Build 17763.2565)","http://support.microsoft.com/kb/5010351","No LDR Only available","No LDR Only available","No LDR Only available"," ","22-02Rollup"
"dnsapi.dll","Net_DNS_Client","6.2.17763.1971","1","10-May-2021","GDR","5010351","February 8, 2022-KB5010351 (OS Build 17763.2565)","http://support.microsoft.com/kb/5010351","No LDR Only available","No LDR Only available","No LDR Only available"," ","22-02Rollup"
"dnsrslvr.dll","Net_DNS_Client","6.2.17763.1971","1","10-May-2021","GDR","5010351","February 8, 2022-KB5010351 (OS Build 17763.2565)","http://support.microsoft.com/kb/5010351","No LDR Only available","No LDR Only available","No LDR Only available"," ","22-02Rollup"
"Rpcss.dll","Net_RPC","6.2.17763.2510","1","14-Dec-21","GDR","5010351","February 8, 2022-KB5010351 (OS Build 17763.2565)","http://support.microsoft.com/kb/5010351","No LDR Only available","No LDR Only available","No LDR Only available"," ","22-02Rollup"
"Rpcrt4.dll","Net_RPC","6.2.17763.2452","1","5-Jan-2022","GDR","5010351","February 8, 2022-KB5010351 (OS Build 17763.2565)","http://support.microsoft.com/kb/5010351","No LDR Only available","No LDR Only available","No LDR Only available"," ","22-02Rollup"
"Bfe.dll","Net_Ipsec_BFE","6.2.17763.2458","1","14-Dec-21","GDR","5010351","February 8, 2022-KB5010351 (OS Build 17763.2565)","http://support.microsoft.com/kb/5010351","No LDR Only available","No LDR Only available","No LDR Only available"," ","22-02Rollup"
"Ikeext.dll","Net_Ipsec_BFE","6.2.17763.2458","1","14-Dec-21","GDR","5010351","February 8, 2022-KB5010351 (OS Build 17763.2565)","http://support.microsoft.com/kb/5010351","No LDR Only available","No LDR Only available","No LDR Only available"," ","22-02Rollup"
"Fwpuclnt.dll","Net_Ipsec_BFE","6.2.17763.2458","1","14-Dec-21","GDR","5010351","February 8, 2022-KB5010351 (OS Build 17763.2565)","http://support.microsoft.com/kb/5010351","No LDR Only available","No LDR Only available","No LDR Only available"," ","22-02Rollup"
"Iphlpsvc.dll","Net_DirectAccess_Client","6.2.17763.2366","1","14-Dec-21","GDR","5010351","February 8, 2022-KB5010351 (OS Build 17763.2565)","http://support.microsoft.com/kb/5010351","No LDR Only available","No LDR Only available","No LDR Only available"," ","22-02Rollup"
"Netcorehc.dll","Net_DirectAccess_Client","6.2.17763.1697","1","7-Jan-2021","GDR","5010351","February 8, 2022-KB5010351 (OS Build 17763.2565)","http://support.microsoft.com/kb/5010351","No LDR Only available","No LDR Only available","No LDR Only available"," ","22-02Rollup"
"Rdpcore.dll","Net_DirectAccess_Client","6.2.17763.1697","1","7-Jan-2021","GDR","5010351","February 8, 2022-KB5010351 (OS Build 17763.2565)","http://support.microsoft.com/kb/5010351","No LDR Only available","No LDR Only available","No LDR Only available"," ","22-02Rollup"
"dot3svc.dll","Net_IEEE802.1x","6.2.17763.1697","1","7-Jan-2021","GDR","5010351","February 8, 2022-KB5010351 (OS Build 17763.2565)","http://support.microsoft.com/kb/5010351","No LDR Only available","No LDR Only available","No LDR Only available"," ","22-02Rollup"
"Rastls.dll","Net_IEEE802.1x","6.2.17763.2452","1","5-Jan-2022","GDR","5010351","February 8, 2022-KB5010351 (OS Build 17763.2565)","http://support.microsoft.com/kb/5010351","No LDR Only available","No LDR Only available","No LDR Only available"," ","22-02Rollup"
"wlansvc.dll","Net_WLAN_Client","6.2.17763.2183","1","11-Sep-2021","GDR","5010351","February 8, 2022-KB5010351 (OS Build 17763.2565)","http://support.microsoft.com/kb/5010351","No LDR Only available","No LDR Only available","No LDR Only available"," ","22-02Rollup"
"wlanmsm.dll","Net_WLAN_Client","6.2.17763.2183","1","11-Sep-2021","GDR","5010351","February 8, 2022-KB5010351 (OS Build 17763.2565)","http://support.microsoft.com/kb/5010351","No LDR Only available","No LDR Only available","No LDR Only available"," ","22-02Rollup"
"wlanapi.dll","Net_WLAN_Client","6.2.17763.2183","1","11-Sep-2021","GDR","5010351","February 8, 2022-KB5010351 (OS Build 17763.2565)","http://support.microsoft.com/kb/5010351","No LDR Only available","No LDR Only available","No LDR Only available"," ","22-02Rollup"
"wlansec.dll","Net_WLAN_Client","6.2.17763.2183","1","11-Sep-2021","GDR","5010351","February 8, 2022-KB5010351 (OS Build 17763.2565)","http://support.microsoft.com/kb/5010351","No LDR Only available","No LDR Only available","No LDR Only available"," ","22-02Rollup"
"wlansvcpal.dll","Net_WLAN_Client","6.2.17763.1","1","14-Sep-2018","GDR","5010351","February 8, 2022-KB5010351 (OS Build 17763.2565)","http://support.microsoft.com/kb/5010351","No LDR Only available","No LDR Only available","No LDR Only available"," ","22-02Rollup"
"wlanhlp.dll","Net_WLAN_Client","6.2.17763.1","1","14-Sep-2018","GDR","5010351","February 8, 2022-KB5010351 (OS Build 17763.2565)","http://support.microsoft.com/kb/5010351","No LDR Only available","No LDR Only available","No LDR Only available"," ","22-02Rollup"
"Netcfgx.dll","Net_Config","6.2.17763.1697","1","7-Jan-2021","GDR","5010351","February 8, 2022-KB5010351 (OS Build 17763.2565)","http://support.microsoft.com/kb/5010351","No LDR Only available","No LDR Only available","No LDR Only available"," ","22-02Rollup"
"WorkFolders.exe","Net_WorkFolders","6.2.17763.1","1","14-Sep-2018","GDR","5010351","February 8, 2022-KB5010351 (OS Build 17763.2565)","http://support.microsoft.com/kb/5010351","No LDR Only available","No LDR Only available","No LDR Only available"," ","22-02Rollup"
"WorkFoldersshell.dll","Net_WorkFolders","6.2.17763.2145","1","31-Jul-2021","GDR","5010351","February 8, 2022-KB5010351 (OS Build 17763.2565)","http://support.microsoft.com/kb/5010351","No LDR Only available","No LDR Only available","No LDR Only available"," ","22-02Rollup"
"WorkFolderssvc.dll","Net_WorkFolders","6.2.17763.2145","1","31-Jul-2021","GDR","5010351","February 8, 2022-KB5010351 (OS Build 17763.2565)","http://support.microsoft.com/kb/5010351","No LDR Only available","No LDR Only available","No LDR Only available"," ","22-02Rollup"
"WorkFolderscontrol.dll","Net_WorkFolders","6.2.17763.2145","1","31-Jul-2021","GDR","5010351","February 8, 2022-KB5010351 (OS Build 17763.2565)","http://support.microsoft.com/kb/5010351","No LDR Only available","No LDR Only available","No LDR Only available"," ","22-02Rollup"
"Syncsharesvc.dll","Net_WorkFolders","6.2.17763.2145","1","31-Jul-2021","GDR","5010351","February 8, 2022-KB5010351 (OS Build 17763.2565)","http://support.microsoft.com/kb/5010351","No LDR Only available","No LDR Only available","No LDR Only available"," ","22-02Rollup"
"Syncsharesrv.dll","Net_WorkFolders","6.2.17763.2145","1","31-Jul-2021","GDR","5010351","February 8, 2022-KB5010351 (OS Build 17763.2565)","http://support.microsoft.com/kb/5010351","No LDR Only available","No LDR Only available","No LDR Only available"," ","22-02Rollup"
"Syncsharettlib.dll","Net_WorkFolders","6.2.17763.1","1","14-Sep-2018","GDR","5010351","February 8, 2022-KB5010351 (OS Build 17763.2565)","http://support.microsoft.com/kb/5010351","No LDR Only available","No LDR Only available","No LDR Only available"," ","22-02Rollup"
"Syncsharettsvc.exe","Net_WorkFolders","6.2.17763.2145","1","31-Jul-2021","GDR","5010351","February 8, 2022-KB5010351 (OS Build 17763.2565)","http://support.microsoft.com/kb/5010351","No LDR Only available","No LDR Only available","No LDR Only available"," ","22-02Rollup"
"WebIo.dll","Net_BranchCache","6.2.17763.1911","1","15-Apr-2021","GDR","5010351","February 8, 2022-KB5010351 (OS Build 17763.2565)","http://support.microsoft.com/kb/5010351","No LDR Only available","No LDR Only available","No LDR Only available"," ","22-02Rollup"
"Pacer.sys","Net_QoS","6.2.17763.1397","1","4-Aug-2020","GDR","5010351","February 8, 2022-KB5010351 (OS Build 17763.2565)","http://support.microsoft.com/kb/5010351","No LDR Only available","No LDR Only available","No LDR Only available"," ","22-02Rollup"
"Mpsdrv.sys","Net_Firewall","6.2.17763.404","1","28-Mar-2019","GDR","5010351","February 8, 2022-KB5010351 (OS Build 17763.2565)","http://support.microsoft.com/kb/5010351","No LDR Only available","No LDR Only available","No LDR Only available"," ","22-02Rollup"
"MpsSvc.dll","Net_Firewall","6.2.17763.2510","1","18-Jan-2022","GDR","5010351","February 8, 2022-KB5010351 (OS Build 17763.2565)","http://support.microsoft.com/kb/5010351","No LDR Only available","No LDR Only available","No LDR Only available"," ","22-02Rollup"
"qmgr.dll","Net_BiTS","7.8.17763.1697","1","7-Jan-2021","GDR","5010351","February 8, 2022-KB5010351 (OS Build 17763.2565)","http://support.microsoft.com/kb/5010351","No LDR Only available","No LDR Only available","No LDR Only available"," ","22-02Rollup"
"Netlogon.dll","Dom_NETLOGON","6.2.17763.2510","0","14-Dec-21","GDR","5010351","February 8, 2022-KB5010351 (OS Build 17763.2565)","http://support.microsoft.com/kb/5010351","No LDR Only available","No LDR Only available","No LDR Only available"," ","22-02Rollup"
"LogonCli.dll","Dom_NETLOGON","6.2.17763.2510","0","14-Dec-21","GDR","5010351","February 8, 2022-KB5010351 (OS Build 17763.2565)","http://support.microsoft.com/kb/5010351","No LDR Only available","No LDR Only available","No LDR Only available"," ","22-02Rollup"
"Winlogon.exe","Dom_WINLOGON","6.2.17763.2268","0","8-Oct-2021","GDR","5010351","February 8, 2022-KB5010351 (OS Build 17763.2565)","http://support.microsoft.com/kb/5010351","No LDR Only available","No LDR Only available","No LDR Only available"," ","22-02Rollup"
"Kerberos.dll","Dom_KERBEROS","6.2.17763.2510","0","14-Dec-21","GDR","5010351","February 8, 2022-KB5010351 (OS Build 17763.2565)","http://support.microsoft.com/kb/5010351","No LDR Only available","No LDR Only available","No LDR Only available"," ","22-02Rollup"
"Msv1_0.dll","Dom_NTLM","6.2.17763.2458","1","14-Dec-21","GDR","5010351","February 8, 2022-KB5010351 (OS Build 17763.2565)","http://support.microsoft.com/kb/5010351","No LDR Only available","No LDR Only available","No LDR Only available"," ","22-02Rollup"
"Wldap32.dll","Dom_LDAPClient","6.2.17763.831","0","3-Oct-2019","GDR","5010351","February 8, 2022-KB5010351 (OS Build 17763.2565)","http://support.microsoft.com/kb/5010351","No LDR Only available","No LDR Only available","No LDR Only available"," ","22-02Rollup"
"Lsass.exe","Dom_LSA","6.2.17763.2213","0","15-Sep-2021","GDR","5010351","February 8, 2022-KB5010351 (OS Build 17763.2565)","http://support.microsoft.com/kb/5010351","No LDR Only available","No LDR Only available","No LDR Only available"," ","22-02Rollup"
"Lsasrv.dll","Dom_LSA","6.2.17763.2510","0","14-Dec-21","GDR","5010351","February 8, 2022-KB5010351 (OS Build 17763.2565)","http://support.microsoft.com/kb/5010351","No LDR Only available","No LDR Only available","No LDR Only available"," ","22-02Rollup"
"Ksecdd.sys","Dom_LSA","6.2.17763.2213","0","15-Sep-2021","GDR","5010351","February 8, 2022-KB5010351 (OS Build 17763.2565)","http://support.microsoft.com/kb/5010351","No LDR Only available","No LDR Only available","No LDR Only available"," ","22-02Rollup"
"Ksecpkg.sys","Dom_LSA","6.2.17763.503","0","11-May-2019","GDR","5010351","February 8, 2022-KB5010351 (OS Build 17763.2565)","http://support.microsoft.com/kb/5010351","No LDR Only available","No LDR Only available","No LDR Only available"," ","22-02Rollup"
"Secur32.dll","Dom_LSA","6.2.17763.1","0","14-Sep-2018","GDR","5010351","February 8, 2022-KB5010351 (OS Build 17763.2565)","http://support.microsoft.com/kb/5010351","No LDR Only available","No LDR Only available","No LDR Only available"," ","22-02Rollup"
"Sspicli.dll","Dom_LSA","6.2.17763.1490","0","10-Sep-2020","GDR","5010351","February 8, 2022-KB5010351 (OS Build 17763.2565)","http://support.microsoft.com/kb/5010351","No LDR Only available","No LDR Only available","No LDR Only available"," ","22-02Rollup"
"Sspisrv.dll","Dom_LSA","6.2.17763.1","0","14-Sep-2018","GDR","5010351","February 8, 2022-KB5010351 (OS Build 17763.2565)","http://support.microsoft.com/kb/5010351","No LDR Only available","No LDR Only available","No LDR Only available"," ","22-02Rollup"
"Schannel.dll","Dom_LSA","6.2.17763.2452","0","5-Jan-2022","GDR","5010351","February 8, 2022-KB5010351 (OS Build 17763.2565)","http://support.microsoft.com/kb/5010351","No LDR Only available","No LDR Only available","No LDR Only available"," ","22-02Rollup"
"Scesrv.dll","Dom_SecAuditAndConfig","6.2.17763.2452","1","5-Jan-2022","GDR","5010351","February 8, 2022-KB5010351 (OS Build 17763.2565)","http://support.microsoft.com/kb/5010351","No LDR Only available","No LDR Only available","No LDR Only available"," ","22-02Rollup"
"AclUI.dll","Dom_SecAuditAndConfig","6.2.17763.1","1","26-Apr-2021","GDR","5010351","February 8, 2022-KB5010351 (OS Build 17763.2565)","http://support.microsoft.com/kb/5010351","No LDR Only available","No LDR Only available","No LDR Only available"," ","22-02Rollup"
"Winscard.dll","Dom_SC_Provider","6.2.17763.1790","1","9-Feb-2021","GDR","5010351","February 8, 2022-KB5010351 (OS Build 17763.2565)","http://support.microsoft.com/kb/5010351","No LDR Only available","No LDR Only available","No LDR Only available"," ","22-02Rollup"
"ScardSvr.dll","Dom_SC_Srv","6.2.17763.1790","1","9-Feb-2021","GDR","5010351","February 8, 2022-KB5010351 (OS Build 17763.2565)","http://support.microsoft.com/kb/5010351","No LDR Only available","No LDR Only available","No LDR Only available"," ","22-02Rollup"
"Scfilter.sys","Dom_SC_Srv","6.2.17763.1","1","14-Sep-2018","GDR","5010351","February 8, 2022-KB5010351 (OS Build 17763.2565)","http://support.microsoft.com/kb/5010351","No LDR Only available","No LDR Only available","No LDR Only available"," ","22-02Rollup"
"Certprop.dll","Dom_SC_Srv","6.2.17763.1","1","14-Sep-2018","GDR","5010351","February 8, 2022-KB5010351 (OS Build 17763.2565)","http://support.microsoft.com/kb/5010351","No LDR Only available","No LDR Only available","No LDR Only available"," ","22-02Rollup"
"Crypt32.dll","Dom_CRYPTO","6.2.17763.2268","1","7-Oct-2021","GDR","5010351","February 8, 2022-KB5010351 (OS Build 17763.2565)","http://support.microsoft.com/kb/5010351","No LDR Only available","No LDR Only available","No LDR Only available"," ","22-02Rollup"
"Cryptnet.dll","Dom_CRYPTO","6.2.17763.1911","1","15-Apr-2021","GDR","5010351","February 8, 2022-KB5010351 (OS Build 17763.2565)","http://support.microsoft.com/kb/5010351","No LDR Only available","No LDR Only available","No LDR Only available"," ","22-02Rollup"
"Wintrust.dll","Dom_CRYPTO","6.2.17763.2510","1","14-Dec-21","GDR","5010351","February 8, 2022-KB5010351 (OS Build 17763.2565)","http://support.microsoft.com/kb/5010351","No LDR Only available","No LDR Only available","No LDR Only available"," ","22-02Rollup"
"Cryptdll.dll","Dom_CRYPTO","6.2.17763.503","1","11-May-2019","GDR","5010351","February 8, 2022-KB5010351 (OS Build 17763.2565)","http://support.microsoft.com/kb/5010351","No LDR Only available","No LDR Only available","No LDR Only available"," ","22-02Rollup"
"Cryptcatsvc.dll","Dom_CRYPTO","6.2.17763.1457","1","1-Sep-2020","GDR","5010351","February 8, 2022-KB5010351 (OS Build 17763.2565)","http://support.microsoft.com/kb/5010351","No LDR Only available","No LDR Only available","No LDR Only available"," ","22-02Rollup"
"Dimsroam.dll","Dom_DIMS","6.2.17763.1697","1","7-Jan-2021","GDR","5010351","February 8, 2022-KB5010351 (OS Build 17763.2565)","http://support.microsoft.com/kb/5010351","No LDR Only available","No LDR Only available","No LDR Only available"," ","22-02Rollup"
"Adprovider.dll","Dom_DIMS","6.2.17763.1697","1","7-Jan-2021","GDR","5010351","February 8, 2022-KB5010351 (OS Build 17763.2565)","http://support.microsoft.com/kb/5010351","No LDR Only available","No LDR Only available","No LDR Only available"," ","22-02Rollup"
"Capiprovider.dll","Dom_DIMS","6.2.17763.1697","1","7-Jan-2021","GDR","5010351","February 8, 2022-KB5010351 (OS Build 17763.2565)","http://support.microsoft.com/kb/5010351","No LDR Only available","No LDR Only available","No LDR Only available"," ","22-02Rollup"
"Cngprovider.dll","Dom_DIMS","6.2.17763.1697","1","7-Jan-2021","GDR","5010351","February 8, 2022-KB5010351 (OS Build 17763.2565)","http://support.microsoft.com/kb/5010351","No LDR Only available","No LDR Only available","No LDR Only available"," ","22-02Rollup"
"Dpapiprovider.dll","Dom_DIMS","6.2.17763.1697","1","7-Jan-2021","GDR","5010351","February 8, 2022-KB5010351 (OS Build 17763.2565)","http://support.microsoft.com/kb/5010351","No LDR Only available","No LDR Only available","No LDR Only available"," ","22-02Rollup"
"Wincredprovider.dll","Dom_DIMS","6.2.17763.1697","1","7-Jan-2021","GDR","5010351","February 8, 2022-KB5010351 (OS Build 17763.2565)","http://support.microsoft.com/kb/5010351","No LDR Only available","No LDR Only available","No LDR Only available"," ","22-02Rollup"
"Gpapi.dll","Dom_GPSVC","6.2.17763.2268","1","8-Oct-2021","GDR","5010351","February 8, 2022-KB5010351 (OS Build 17763.2565)","http://support.microsoft.com/kb/5010351","No LDR Only available","No LDR Only available","No LDR Only available"," ","22-02Rollup"
"Gpsvc.dll","Dom_GPSVC","6.2.17763.2268","1","8-Oct-2021","GDR","5010351","February 8, 2022-KB5010351 (OS Build 17763.2565)","http://support.microsoft.com/kb/5010351","No LDR Only available","No LDR Only available","No LDR Only available"," ","22-02Rollup"
"Gpmgmt.dll","Dom_GPSVC","6.2.17763.1821","1","21-Sep-21","GDR","5010351","February 8, 2022-KB5010351 (OS Build 17763.2565)","http://support.microsoft.com/kb/5010351","No LDR Only available","No LDR Only available","No LDR Only available"," ","22-02Rollup"
"Gprsop.dll","Dom_GPSVC","6.2.17763.1518","1","30-Sep-2020","GDR","5010351","February 8, 2022-KB5010351 (OS Build 17763.2565)","http://support.microsoft.com/kb/5010351","No LDR Only available","No LDR Only available","No LDR Only available"," ","22-02Rollup"
"Userenv.dll","Dom_GPSVC","6.2.17763.1728","1","8-Jan-2021","GDR","5010351","February 8, 2022-KB5010351 (OS Build 17763.2565)","http://support.microsoft.com/kb/5010351","No LDR Only available","No LDR Only available","No LDR Only available"," ","22-02Rollup"
"Appmgmts.dll","Dom_GPExt","6.2.17763.1518","1","30-Sep-2020","GDR","5010351","February 8, 2022-KB5010351 (OS Build 17763.2565)","http://support.microsoft.com/kb/5010351","No LDR Only available","No LDR Only available","No LDR Only available"," ","22-02Rollup"
"Gpprefcl.dll","Dom_GPP","6.2.17763.1339","1","7-Jul-2020","GDR","5010351","February 8, 2022-KB5010351 (OS Build 17763.2565)","http://support.microsoft.com/kb/5010351","No LDR Only available","No LDR Only available","No LDR Only available"," ","22-02Rollup"
"Gpme.dll","Dom_GPP","6.2.17763.1697","1","7-Jan-2021","GDR","5010351","February 8, 2022-KB5010351 (OS Build 17763.2565)","http://support.microsoft.com/kb/5010351","No LDR Only available","No LDR Only available","No LDR Only available"," ","22-02Rollup"
"Gppref.dll","Dom_GPP","6.2.17763.1697","1","7-Jan-2021","GDR","5010351","February 8, 2022-KB5010351 (OS Build 17763.2565)","http://support.microsoft.com/kb/5010351","No LDR Only available","No LDR Only available","No LDR Only available"," ","22-02Rollup"
"Gpprefbr.dll","Dom_GPP","6.2.17763.1697","1","7-Jan-2021","GDR","5010351","February 8, 2022-KB5010351 (OS Build 17763.2565)","http://support.microsoft.com/kb/5010351","No LDR Only available","No LDR Only available","No LDR Only available"," ","22-02Rollup"
"Gpprefcn.dll","Dom_GPP","6.2.17763.1697","1","7-Jan-2021","GDR","5010351","February 8, 2022-KB5010351 (OS Build 17763.2565)","http://support.microsoft.com/kb/5010351","No LDR Only available","No LDR Only available","No LDR Only available"," ","22-02Rollup"
"Gpregistrybrowser.dll","Dom_GPP","6.2.17763.1697","1","7-Jan-2021","GDR","5010351","February 8, 2022-KB5010351 (OS Build 17763.2565)","http://support.microsoft.com/kb/5010351","No LDR Only available","No LDR Only available","No LDR Only available"," ","22-02Rollup"
"Propshts.dll","Dom_GPP","6.2.17763.1697","1","7-Jan-2021","GDR","5010351","February 8, 2022-KB5010351 (OS Build 17763.2565)","http://support.microsoft.com/kb/5010351","No LDR Only available","No LDR Only available","No LDR Only available"," ","22-02Rollup"
"Profsvc.dll","Dom_ProfProc","6.2.17763.2452","1","5-Jan-2022","GDR","5010351","February 8, 2022-KB5010351 (OS Build 17763.2565)","http://support.microsoft.com/kb/5010351","No LDR Only available","No LDR Only available","No LDR Only available"," ","22-02Rollup"
"Esent.dll","Dom_ESENT","6.2.17763.2213","0","15-Sep-2021","GDR","5010351","February 8, 2022-KB5010351 (OS Build 17763.2565)","http://support.microsoft.com/kb/5010351","No LDR Only available","No LDR Only available","No LDR Only available"," ","22-02Rollup"
"Ntdsai.dll","Dom_NTDSAI","6.2.17763.2510","0","14-Dec-21","GDR","5010351","February 8, 2022-KB5010351 (OS Build 17763.2565)","http://support.microsoft.com/kb/5010351","No LDR Only available","No LDR Only available","No LDR Only available"," ","22-02Rollup"
"Ntdsutil.exe","Dom_NTDSAI","6.2.17763.2452","0","5-Jan-2022","GDR","5010351","February 8, 2022-KB5010351 (OS Build 17763.2565)","http://support.microsoft.com/kb/5010351","No LDR Only available","No LDR Only available","No LDR Only available"," ","22-02Rollup"
"Samsrv.dll","Dom_SAMSRV","6.2.17763.2452","0","14-Dec-21","GDR","5010351","February 8, 2022-KB5010351 (OS Build 17763.2565)","http://support.microsoft.com/kb/5010351","No LDR Only available","No LDR Only available","No LDR Only available"," ","22-02Rollup"
"Samlib.dll","Dom_SAMSRV","6.2.17763.2452","0","14-Dec-21","GDR","5010351","February 8, 2022-KB5010351 (OS Build 17763.2565)","http://support.microsoft.com/kb/5010351","No LDR Only available","No LDR Only available","No LDR Only available"," ","22-02Rollup"
"Kdcsvc.dll","Dom_KDCSVC","6.2.17763.2510","0","14-Dec-21","GDR","5010351","February 8, 2022-KB5010351 (OS Build 17763.2565)","http://support.microsoft.com/kb/5010351","No LDR Only available","No LDR Only available","No LDR Only available"," ","22-02Rollup"
"Dfsrs.exe","Dom_DFS-R","6.2.17763.1697","0","7-Jan-2021","GDR","5010351","February 8, 2022-KB5010351 (OS Build 17763.2565)","http://support.microsoft.com/kb/5010351","No LDR Only available","No LDR Only available","No LDR Only available"," ","22-02Rollup"
"Dfsrress.dll","Dom_DFS-R","6.2.17763.1","0","14-Sep-2018","GDR","5010351","February 8, 2022-KB5010351 (OS Build 17763.2565)","http://support.microsoft.com/kb/5010351","No LDR Only available","No LDR Only available","No LDR Only available"," ","22-02Rollup"
"Microsoft.identityserver.service.dll","Dom_ADFS","6.2.17763.2510","0","19-Jan-2022","GDR","5010351","February 8, 2022-KB5010351 (OS Build 17763.2565)","http://support.microsoft.com/kb/5010351","No LDR Only available","No LDR Only available","No LDR Only available"," ","22-02Rollup"
"Microsoft.identityserver.webhost.dll","Dom_ADFS","6.2.17763.1728","0","9-Jan-2021","GDR","5010351","February 8, 2022-KB5010351 (OS Build 17763.2565)","http://support.microsoft.com/kb/5010351","No LDR Only available","No LDR Only available","No LDR Only available"," ","22-02Rollup"
"Microsoft.identityserver.web.dll","Dom_ADFS","6.2.17763.2268","0","7-Oct-2021","GDR","5010351","February 8, 2022-KB5010351 (OS Build 17763.2565)","http://support.microsoft.com/kb/5010351","No LDR Only available","No LDR Only available","No LDR Only available"," ","22-02Rollup"
"Microsoft.identityserver.dll","Dom_ADFS","6.2.17763.2061","0","5-Jul-2021","GDR","5010351","February 8, 2022-KB5010351 (OS Build 17763.2565)","http://support.microsoft.com/kb/5010351","No LDR Only available","No LDR Only available","No LDR Only available"," ","22-02Rollup"
"Microsoft.identityserver.proxyservice.exe","Dom_ADFS","6.2.17763.1728","0","9-Jan-2021","GDR","5010351","February 8, 2022-KB5010351 (OS Build 17763.2565)","http://support.microsoft.com/kb/5010351","No LDR Only available","No LDR Only available","No LDR Only available"," ","22-02Rollup"
"Clussvc.exe","Cluster_Core","6.2.17763.2268","0","8-Oct-2021","GDR","5010351","February 8, 2022-KB5010351 (OS Build 17763.2565)","http://support.microsoft.com/kb/5010351","No LDR Only available","No LDR Only available","No LDR Only available"," ","22-02Rollup"
"ClusWMI.dll","Cluster_Core","6.2.17763.2510","0","19-Jan-2022","GDR","5010351","February 8, 2022-KB5010351 (OS Build 17763.2565)","http://support.microsoft.com/kb/5010351","No LDR Only available","No LDR Only available","No LDR Only available"," ","22-02Rollup"
"Rhs.exe","Cluster_Core","6.2.17763.2213","0","15-Sep-2021","GDR","5010351","February 8, 2022-KB5010351 (OS Build 17763.2565)","http://support.microsoft.com/kb/5010351","No LDR Only available","No LDR Only available","No LDR Only available"," ","22-02Rollup"
"Clusres.dll","Cluster_Core","6.2.17763.2330","0","14-Nov-21","GDR","5010351","February 8, 2022-KB5010351 (OS Build 17763.2565)","http://support.microsoft.com/kb/5010351","No LDR Only available","No LDR Only available","No LDR Only available"," ","22-02Rollup"
"Clusres2.dll","Cluster_Core","6.2.17763.2213","0","15-Sep-2021","GDR","5010351","February 8, 2022-KB5010351 (OS Build 17763.2565)","http://support.microsoft.com/kb/5010351","No LDR Only available","No LDR Only available","No LDR Only available"," ","22-02Rollup"
"Netft.sys","Cluster_Core","6.2.17763.2268","0","8-Oct-2021","GDR","5010351","February 8, 2022-KB5010351 (OS Build 17763.2565)","http://support.microsoft.com/kb/5010351","No LDR Only available","No LDR Only available","No LDR Only available"," ","22-02Rollup"
"Csvflt.sys","Cluster_CSV","6.2.17763.529","0","17-May-2019","GDR","5010351","February 8, 2022-KB5010351 (OS Build 17763.2565)","http://support.microsoft.com/kb/5010351","No LDR Only available","No LDR Only available","No LDR Only available"," ","22-02Rollup"
"Csvfs.sys","Cluster_CSV","6.2.17763.1490","0","11-Sep-2020","GDR","5010351","February 8, 2022-KB5010351 (OS Build 17763.2565)","http://support.microsoft.com/kb/5010351","No LDR Only available","No LDR Only available","No LDR Only available"," ","22-02Rollup"
"Vhdmp.sys","Cluster_CSV","6.2.17763.2565","0","28-Jan-2022","GDR","5010351","February 8, 2022-KB5010351 (OS Build 17763.2565)","http://support.microsoft.com/kb/5010351","No LDR Only available","No LDR Only available","No LDR Only available"," ","22-02Rollup"
"Svhdxflt.sys","Cluster_CSV","6.2.17763.1879","0","8-Apr-2021","GDR","5010351","February 8, 2022-KB5010351 (OS Build 17763.2565)","http://support.microsoft.com/kb/5010351","No LDR Only available","No LDR Only available","No LDR Only available"," ","22-02Rollup"
"Volsnap.sys","Cluster_Volsnap","6.2.17763.831","0","3-Oct-2019","GDR","5010351","February 8, 2022-KB5010351 (OS Build 17763.2565)","http://support.microsoft.com/kb/5010351","No LDR Only available","No LDR Only available","No LDR Only available"," ","22-02Rollup"
"Cprepsrv.exe","Cluster_Validation","6.2.17763.2510","1","14-Dec-21","GDR","5010351","February 8, 2022-KB5010351 (OS Build 17763.2565)","http://support.microsoft.com/kb/5010351","No LDR Only available","No LDR Only available","No LDR Only available"," ","22-02Rollup"
"Failoverclusters.agent.interop.dll","Cluster_Validation","6.2.17763.1","1","14-Sep-2018","GDR","5010351","February 8, 2022-KB5010351 (OS Build 17763.2565)","http://support.microsoft.com/kb/5010351","No LDR Only available","No LDR Only available","No LDR Only available"," ","22-02Rollup"
"Ntoskrnl.exe","Core_Kernel","6.2.17763.2510","0","14-Dec-21","GDR","5010351","February 8, 2022-KB5010351 (OS Build 17763.2565)","http://support.microsoft.com/kb/5010351","No LDR Only available","No LDR Only available","No LDR Only available"," ","22-02Rollup"
"Crashdmp.sys","Core_Kernel","6.2.17763.771","0","12-Sep-2019","GDR","5010351","February 8, 2022-KB5010351 (OS Build 17763.2565)","http://support.microsoft.com/kb/5010351","No LDR Only available","No LDR Only available","No LDR Only available"," ","22-02Rollup"
"Ntdll.dll","Core_Kernel","6.2.17763.2452","0","5-Jan-2022","GDR","5010351","February 8, 2022-KB5010351 (OS Build 17763.2565)","http://support.microsoft.com/kb/5010351","No LDR Only available","No LDR Only available","No LDR Only available"," ","22-02Rollup"
"Hal.dll","Core_Kernel","6.2.17763.2061","0","5-Jul-2021","GDR","5010351","February 8, 2022-KB5010351 (OS Build 17763.2565)","http://support.microsoft.com/kb/5010351","No LDR Only available","No LDR Only available","No LDR Only available"," ","22-02Rollup"
"Fltmgr.sys","Core_Kernel","6.2.17763.2510","0","14-Dec-21","GDR","5010351","February 8, 2022-KB5010351 (OS Build 17763.2565)","http://support.microsoft.com/kb/5010351","No LDR Only available","No LDR Only available","No LDR Only available"," ","22-02Rollup"
"win32k.sys","Core_Kernel","6.2.17763.557","0","21-Sep-21","GDR","5010351","February 8, 2022-KB5010351 (OS Build 17763.2565)","http://support.microsoft.com/kb/5010351","No LDR Only available","No LDR Only available","No LDR Only available"," ","22-02Rollup"
"Ntfs.sys","Core_FileSystem","6.2.17763.2510","0","14-Dec-21","GDR","5010351","February 8, 2022-KB5010351 (OS Build 17763.2565)","http://support.microsoft.com/kb/5010351","No LDR Only available","No LDR Only available","No LDR Only available"," ","22-02Rollup"
"dedup.sys","Core_FileSystem","6.2.17763.2061","0","5-Jul-2021","GDR","5010351","February 8, 2022-KB5010351 (OS Build 17763.2565)","http://support.microsoft.com/kb/5010351","No LDR Only available","No LDR Only available","No LDR Only available"," ","22-02Rollup"
"Msiscsi.sys","Core_DiskSystem","6.2.17763.1728","0","9-Jan-2021","GDR","5010351","February 8, 2022-KB5010351 (OS Build 17763.2565)","http://support.microsoft.com/kb/5010351","No LDR Only available","No LDR Only available","No LDR Only available"," ","22-02Rollup"
"Iscsitgt.dll","Core_DiskSystem","6.2.17763.1697","0","7-Jan-2021","GDR","5010351","February 8, 2022-KB5010351 (OS Build 17763.2565)","http://support.microsoft.com/kb/5010351","No LDR Only available","No LDR Only available","No LDR Only available"," ","22-02Rollup"
"Storport.sys","Core_DiskSystem","6.2.17763.2510","0","14-Dec-21","GDR","5010351","February 8, 2022-KB5010351 (OS Build 17763.2565)","http://support.microsoft.com/kb/5010351","No LDR Only available","No LDR Only available","No LDR Only available"," ","22-02Rollup"
"Repdrvfs.dll","Core_WMI","6.2.17763.2145","0","30-Jul-2021","GDR","5010351","February 8, 2022-KB5010351 (OS Build 17763.2565)","http://support.microsoft.com/kb/5010351","No LDR Only available","No LDR Only available","No LDR Only available"," ","22-02Rollup"
"Mpio.sys","Core_MPIO","6.2.17763.1554","0","14-Oct-2020","GDR","5010351","February 8, 2022-KB5010351 (OS Build 17763.2565)","http://support.microsoft.com/kb/5010351","No LDR Only available","No LDR Only available","No LDR Only available"," ","22-02Rollup"
"Msdsm.sys","Core_MPIO","6.2.17763.652","0","14-Jul-2019","GDR","5010351","February 8, 2022-KB5010351 (OS Build 17763.2565)","http://support.microsoft.com/kb/5010351","No LDR Only available","No LDR Only available","No LDR Only available"," ","22-02Rollup"
"Advapi32.dll","Core_Apps","6.2.17763.2452","0","5-Jan-2022","GDR","5010351","February 8, 2022-KB5010351 (OS Build 17763.2565)","http://support.microsoft.com/kb/5010351","No LDR Only available","No LDR Only available","No LDR Only available"," ","22-02Rollup"
"Vssapi.dll","Core_VSS","6.2.17763.2268","1","8-Oct-2021","GDR","5010351","February 8, 2022-KB5010351 (OS Build 17763.2565)","http://support.microsoft.com/kb/5010351","No LDR Only available","No LDR Only available","No LDR Only available"," ","22-02Rollup"
"Vsstrace.dll","Core_VSS","6.2.17763.1","1","14-Sep-2018","GDR","5010351","February 8, 2022-KB5010351 (OS Build 17763.2565)","http://support.microsoft.com/kb/5010351","No LDR Only available","No LDR Only available","No LDR Only available"," ","22-02Rollup"
"Swprv.dll","Core_VSS","6.2.17763.2510","1","14-Dec-21","GDR","5010351","February 8, 2022-KB5010351 (OS Build 17763.2565)","http://support.microsoft.com/kb/5010351","No LDR Only available","No LDR Only available","No LDR Only available"," ","22-02Rollup"
"spp.dll","Core_VSS","6.2.17763.1697","1","7-Jan-2021","GDR","5010351","February 8, 2022-KB5010351 (OS Build 17763.2565)","http://support.microsoft.com/kb/5010351","No LDR Only available","No LDR Only available","No LDR Only available"," ","22-02Rollup"
"wbengine.exe","Core_VSS","6.2.17763.1697","1","7-Jan-2021","GDR","5010351","February 8, 2022-KB5010351 (OS Build 17763.2565)","http://support.microsoft.com/kb/5010351","No LDR Only available","No LDR Only available","No LDR Only available"," ","22-02Rollup"
"blbsrv.dll","Core_VSS","6.2.17763.1697","1","7-Jan-2021","GDR","5010351","February 8, 2022-KB5010351 (OS Build 17763.2565)","http://support.microsoft.com/kb/5010351","No LDR Only available","No LDR Only available","No LDR Only available"," ","22-02Rollup"
"pci.sys","Core_Sys","6.2.17763.2061","1","5-Jul-2021","GDR","5010351","February 8, 2022-KB5010351 (OS Build 17763.2565)","http://support.microsoft.com/kb/5010351","No LDR Only available","No LDR Only available","No LDR Only available"," ","22-02Rollup"
"Volmgr.sys","Core_Sys","6.2.17763.1879","1","8-Apr-2021","GDR","5010351","February 8, 2022-KB5010351 (OS Build 17763.2565)","http://support.microsoft.com/kb/5010351","No LDR Only available","No LDR Only available","No LDR Only available"," ","22-02Rollup"
"Tzres.dll","Core_TimeZone","6.2.17763.2510","1","18-Jan-2022","GDR","5010351","February 8, 2022-KB5010351 (OS Build 17763.2565)","http://support.microsoft.com/kb/5010351","No LDR Only available","No LDR Only available","No LDR Only available"," ","22-02Rollup"
"Vmswitch.sys","Hyper-V_Net","6.2.17763.2452","1","5-Jan-2022","GDR","5010351","February 8, 2022-KB5010351 (OS Build 17763.2565)","http://support.microsoft.com/kb/5010351","No LDR Only available","No LDR Only available","No LDR Only available"," ","22-02Rollup"
"Wnv.sys","Hyper-V_Net","6.2.17763.2330","1","16-Nov-2021","GDR","5010351","February 8, 2022-KB5010351 (OS Build 17763.2565)","http://support.microsoft.com/kb/5010351","No LDR Only available","No LDR Only available","No LDR Only available"," ","22-02Rollup"
"Ndisimplatform.sys","Hyper-V_Net","6.2.17763.1","1","14-Sep-2018","GDR","5010351","February 8, 2022-KB5010351 (OS Build 17763.2565)","http://support.microsoft.com/kb/5010351","No LDR Only available","No LDR Only available","No LDR Only available"," ","22-02Rollup"
"Vmms.exe","Hyper-V_Net","6.2.17763.2510","1","19-Jan-2022","GDR","5010351","February 8, 2022-KB5010351 (OS Build 17763.2565)","http://support.microsoft.com/kb/5010351","No LDR Only available","No LDR Only available","No LDR Only available"," ","22-02Rollup"
"Winnat.sys","Hyper-V_Net","6.2.17763.2268","1","7-Oct-2021","GDR","5010351","February 8, 2022-KB5010351 (OS Build 17763.2565)","http://support.microsoft.com/kb/5010351","No LDR Only available","No LDR Only available","No LDR Only available"," ","22-02Rollup"
"pvhdparser.sys","Hyper-V_Net","6.2.17763.1554","1","14-Oct-2020","GDR","5010351","February 8, 2022-KB5010351 (OS Build 17763.2565)","http://support.microsoft.com/kb/5010351","No LDR Only available","No LDR Only available","No LDR Only available"," ","22-02Rollup"
"Wmisvc.dll","Hyper-V_Net","6.2.17763.1790","1","9-Feb-2021","GDR","5010351","February 8, 2022-KB5010351 (OS Build 17763.2565)","http://support.microsoft.com/kb/5010351","No LDR Only available","No LDR Only available","No LDR Only available"," ","22-02Rollup"
"Vmbus.sys","Hyper-V_Net","6.2.17763.2452","1","5-Jan-2022","GDR","5010351","February 8, 2022-KB5010351 (OS Build 17763.2565)","http://support.microsoft.com/kb/5010351","No LDR Only available","No LDR Only available","No LDR Only available"," ","22-02Rollup"
"Rasapi32.dll","HNV_Net","6.2.17763.1817","1","26-Feb-2021","GDR","5010351","February 8, 2022-KB5010351 (OS Build 17763.2565)","http://support.microsoft.com/kb/5010351","No LDR Only available","No LDR Only available","No LDR Only available"," ","22-02Rollup"
"Vmwp.exe","Hyper-V_app","6.2.17763.2268","1","7-Oct-2021","GDR","5010351","February 8, 2022-KB5010351 (OS Build 17763.2565)","http://support.microsoft.com/kb/5010351","No LDR Only available","No LDR Only available","No LDR Only available"," ","22-02Rollup"
"Rdpshell.exe","RDS_remote_App","6.2.17763.2268","0","8-Oct-2021","GDR","5010351","February 8, 2022-KB5010351 (OS Build 17763.2565)","http://support.microsoft.com/kb/5010351","No LDR Only available","No LDR Only available","No LDR Only available"," ","22-02Rollup"
"Rdsdwmdr.dll","RDS_remote_App","6.2.17763.2300","0","1-Nov-2021","GDR","5010351","February 8, 2022-KB5010351 (OS Build 17763.2565)","http://support.microsoft.com/kb/5010351","No LDR Only available","No LDR Only available","No LDR Only available"," ","22-02Rollup"
"Tscfgwmi.dll","RDS_remote_App","6.2.17763.1075","0","21-Feb-2020","GDR","5010351","February 8, 2022-KB5010351 (OS Build 17763.2565)","http://support.microsoft.com/kb/5010351","No LDR Only available","No LDR Only available","No LDR Only available"," ","22-02Rollup"
"Audioeng.dll","RDS_devRdr","6.2.17763.2145","1","30-Jul-2021","GDR","5010351","February 8, 2022-KB5010351 (OS Build 17763.2565)","http://support.microsoft.com/kb/5010351","No LDR Only available","No LDR Only available","No LDR Only available"," ","22-02Rollup"
"Audiokse.dll","RDS_devRdr","6.2.17763.2145","1","30-Jul-2021","GDR","5010351","February 8, 2022-KB5010351 (OS Build 17763.2565)","http://support.microsoft.com/kb/5010351","No LDR Only available","No LDR Only available","No LDR Only available"," ","22-02Rollup"
"Audioses.dll","RDS_devRdr","6.2.17763.2213","1","15-Sep-2021","GDR","5010351","February 8, 2022-KB5010351 (OS Build 17763.2565)","http://support.microsoft.com/kb/5010351","No LDR Only available","No LDR Only available","No LDR Only available"," ","22-02Rollup"
"Audiosrv.dll","RDS_devRdr","6.2.17763.2145","1","30-Jul-2021","GDR","5010351","February 8, 2022-KB5010351 (OS Build 17763.2565)","http://support.microsoft.com/kb/5010351","No LDR Only available","No LDR Only available","No LDR Only available"," ","22-02Rollup"
"Tsvmhasvc.dll","RDS_vHost","6.2.17763.973","0","3-Jan-2020","GDR","5010351","February 8, 2022-KB5010351 (OS Build 17763.2565)","http://support.microsoft.com/kb/5010351","No LDR Only available","No LDR Only available","No LDR Only available"," ","22-02Rollup"
"Tssdis.exe","RDS_vHost","6.2.17763.1790","0","9-Feb-2021","GDR","5010351","February 8, 2022-KB5010351 (OS Build 17763.2565)","http://support.microsoft.com/kb/5010351","No LDR Only available","No LDR Only available","No LDR Only available"," ","22-02Rollup"
"aaedge.dll","RDS_gateway","6.2.17763.1971","1","11-May-2021","GDR","5010351","February 8, 2022-KB5010351 (OS Build 17763.2565)","http://support.microsoft.com/kb/5010351","No LDR Only available","No LDR Only available","No LDR Only available"," ","22-02Rollup"
"lserver.dll","RDS_license","6.2.17763.1697","1","7-Jan-2021","GDR","5010351","February 8, 2022-KB5010351 (OS Build 17763.2565)","http://support.microsoft.com/kb/5010351","No LDR Only available","No LDR Only available","No LDR Only available"," ","22-02Rollup"
"dxgkrnl.sys","RDS_host","6.2.17763.2452","1","5-Jan-2022","GDR","5010351","February 8, 2022-KB5010351 (OS Build 17763.2565)","http://support.microsoft.com/kb/5010351","No LDR Only available","No LDR Only available","No LDR Only available"," ","22-02Rollup"
"sessenv.dll","RDS_host","6.2.17763.2213","1","15-Sep-2021","GDR","5010351","February 8, 2022-KB5010351 (OS Build 17763.2565)","http://support.microsoft.com/kb/5010351","No LDR Only available","No LDR Only available","No LDR Only available"," ","22-02Rollup"
"Localspl.dll","Print_Spool","6.2.17763.2565","0","29-Jan-2022","GDR","5010351","February 8, 2022-KB5010351 (OS Build 17763.2565)","http://support.microsoft.com/kb/5010351","No LDR Only available","No LDR Only available","No LDR Only available"," ","22-02Rollup"
"Win32spl.dll","Print_Spool","6.2.17763.2330","0","14-Nov-21","GDR","5010351","February 8, 2022-KB5010351 (OS Build 17763.2565)","http://support.microsoft.com/kb/5010351","No LDR Only available","No LDR Only available","No LDR Only available"," ","22-02Rollup"
"Spoolss.dll","Print_Spool","6.2.17763.2237","0","5-Oct-2021","GDR","5010351","February 8, 2022-KB5010351 (OS Build 17763.2565)","http://support.microsoft.com/kb/5010351","No LDR Only available","No LDR Only available","No LDR Only available"," ","22-02Rollup"
"Spoolsv.exe","Print_Spool","6.2.17763.2366","0","14-Dec-21","GDR","5010351","February 8, 2022-KB5010351 (OS Build 17763.2565)","http://support.microsoft.com/kb/5010351","No LDR Only available","No LDR Only available","No LDR Only available"," ","22-02Rollup"
"Winspool.drv","Print_Spool","6.2.17763.2237","0","5-Oct-2021","GDR","5010351","February 8, 2022-KB5010351 (OS Build 17763.2565)","http://support.microsoft.com/kb/5010351","No LDR Only available","No LDR Only available","No LDR Only available"," ","22-02Rollup"
"Ntprint.exe","Print_App","6.2.17763.2237","0","5-Oct-2021","GDR","5010351","February 8, 2022-KB5010351 (OS Build 17763.2565)","http://support.microsoft.com/kb/5010351","No LDR Only available","No LDR Only available","No LDR Only available"," ","22-02Rollup"
"Printui.dll","Print_App","6.2.17763.2183","0","11-Sep-2021","GDR","5010351","February 8, 2022-KB5010351 (OS Build 17763.2565)","http://support.microsoft.com/kb/5010351","No LDR Only available","No LDR Only available","No LDR Only available"," ","22-02Rollup"
"Printfilterpipelineprxy.dll","Print_App","6.2.17763.1817","0","26-Feb-2021","GDR","5010351","February 8, 2022-KB5010351 (OS Build 17763.2565)","http://support.microsoft.com/kb/5010351","No LDR Only available","No LDR Only available","No LDR Only available"," ","22-02Rollup"
"Printfilterpipelinesvc.exe","Print_App","6.2.17763.1817","0","26-Feb-2021","GDR","5010351","February 8, 2022-KB5010351 (OS Build 17763.2565)","http://support.microsoft.com/kb/5010351","No LDR Only available","No LDR Only available","No LDR Only available"," ","22-02Rollup"
"Printbrm.exe","Print_App","6.2.17763.1","0","14-Sep-2018","GDR","5010351","February 8, 2022-KB5010351 (OS Build 17763.2565)","http://support.microsoft.com/kb/5010351","No LDR Only available","No LDR Only available","No LDR Only available"," ","22-02Rollup"
"splwow64.exe","Print_App","6.2.17763.2366","0","4-Dec-2021","GDR","5010351","February 8, 2022-KB5010351 (OS Build 17763.2565)","http://support.microsoft.com/kb/5010351","No LDR Only available","No LDR Only available","No LDR Only available"," ","22-02Rollup"
"Mshtml.dll","IE_Client","11.0.17763.2452","0","14-Dec-21","GDR","5010351","February 8, 2022-KB5010351 (OS Build 17763.2565)","http://support.microsoft.com/kb/5010351","No LDR Only available","No LDR Only available","No LDR Only available"," ","22-02Rollup"
"5005112","Win2016RS5_21_08_SSU_KB"," ","0","08-Jun-2021","GDR","5005112","KB5005112: Servicing stack update for Windows 10, version 1809: August 10, 2021","http://support.microsoft.com/kb/5005112","No LDR Only available","No LDR Only available","No LDR Only available"," ","No Rollup"
"5010351","Win2016RS5_22-02_B_rollup_KB"," ","0","08-Feb-2022","GDR","5010351","February 8, 2022-KB5010351 (OS Build 17763.2565)","http://support.microsoft.com/kb/5010351","No LDR Only available","No LDR Only available","No LDR Only available"," ","22-02Rollup"
