"Binary","Component","Version","Prio","Published","Branch","Article","Title","Link","LDROnlyKB","LDROnlyTitle","LDROnlyLink","Comment","RollupInfo"
"Ntoskrnl.exe","Core_Kernel","6.2.17763.4252","0","29-Mar-2023","GDR","5025229","April 11, 2023-KB5025229 (OS Build 17763.4252)","http://support.microsoft.com/kb/5025229","No LDR Only available","No LDR Only available","No LDR Only available"," ","23-04Rollup"
"Ntkrnlpa.exe","Core_Kernel","6.2.17763.1","0","","RTM","5025229","","","","","","",""
"Crashdmp.sys","Core_Kernel","6.2.17763.771","0","12-Sep-2019","GDR","5025229","April 11, 2023-KB5025229 (OS Build 17763.4252)","http://support.microsoft.com/kb/5025229","No LDR Only available","No LDR Only available","No LDR Only available"," ","23-04Rollup"
"Ntfs.sys","Core_FileSystem","6.2.17763.3532","0","11-Oct-2022","GDR","5023702","March 14, 2023-KB5023702 (OS Build 17763.4131)","http://support.microsoft.com/kb/5023702","No LDR Only available","No LDR Only available","No LDR Only available","rEX","23-03Rollup"
"dedup.sys","Core_FileSystem","6.2.17763.3650","0","03-Nov-2022","GDR","5025229","April 11, 2023-KB5025229 (OS Build 17763.4252)","http://support.microsoft.com/kb/5025229","No LDR Only available","No LDR Only available","No LDR Only available"," ","23-04Rollup"
"Robocopy.exe","Net_Applications","6.2.17763.4010","1","03-Feb-2023","GDR","5025229","April 11, 2023-KB5025229 (OS Build 17763.4252)","http://support.microsoft.com/kb/5025229","No LDR Only available","No LDR Only available","No LDR Only available"," ","23-04Rollup"
"srv.sys","Net_SMB_Server","6.2.17763.3469","0","08-Sep-2022","GDR","5025229","April 11, 2023-KB5025229 (OS Build 17763.4252)","http://support.microsoft.com/kb/5025229","No LDR Only available","No LDR Only available","No LDR Only available"," ","23-04Rollup"
"srv2.sys","Net_SMB_Server","6.2.17763.3469","0","08-Sep-2022","GDR","5025229","April 11, 2023-KB5025229 (OS Build 17763.4252)","http://support.microsoft.com/kb/5025229","No LDR Only available","No LDR Only available","No LDR Only available"," ","23-04Rollup"
"srvnet.sys","Net_SMB_Server","6.2.17763.2928","0","03-May-2022","GDR","5025229","April 11, 2023-KB5025229 (OS Build 17763.4252)","http://support.microsoft.com/kb/5025229","No LDR Only available","No LDR Only available","No LDR Only available"," ","23-04Rollup"
"Srvsvc.dll","Net_SMB_Server","6.2.17763.3532","0","06-Oct-2022","GDR","5025229","April 11, 2023-KB5025229 (OS Build 17763.4252)","http://support.microsoft.com/kb/5025229","No LDR Only available","No LDR Only available","No LDR Only available"," ","23-04Rollup"
"Mrxsmb.sys","Net_SMB_Client","6.2.17763.3406","0","11-Oct-2022","GDR","5023702","March 14, 2023-KB5023702 (OS Build 17763.4131)","http://support.microsoft.com/kb/5023702","No LDR Only available","No LDR Only available","No LDR Only available","rEX","23-03Rollup"
"Mrxsmb10.sys","Net_SMB_Client","6.2.17763.3113","0","17-Jun-2022","GDR","5025229","April 11, 2023-KB5025229 (OS Build 17763.4252)","http://support.microsoft.com/kb/5025229","No LDR Only available","No LDR Only available","No LDR Only available"," ","23-04Rollup"
"Mrxsmb20.sys","Net_SMB_Client","6.2.17763.3406","0","13-Sep-2022","GDR","5023702","March 14, 2023-KB5023702 (OS Build 17763.4131)","http://support.microsoft.com/kb/5023702","No LDR Only available","No LDR Only available","No LDR Only available","rEX","23-03Rollup"
"Rdbss.sys","Net_SMB_Client","6.2.17763.3406","0","13-Sep-2022","GDR","5023702","March 14, 2023-KB5023702 (OS Build 17763.4131)","http://support.microsoft.com/kb/5023702","No LDR Only available","No LDR Only available","No LDR Only available","rEX","23-03Rollup"
"Netbt.sys","Net_SMB_Client","6.2.17763.1518","0","29-Sep-2020","GDR","5025229","April 11, 2023-KB5025229 (OS Build 17763.4252)","http://support.microsoft.com/kb/5025229","No LDR Only available","No LDR Only available","No LDR Only available"," ","23-04Rollup"
"Mup.sys","Net_SMB_Client","6.2.17763.1","0","14-Sep-2018","GDR","5025229","April 11, 2023-KB5025229 (OS Build 17763.4252)","http://support.microsoft.com/kb/5025229","No LDR Only available","No LDR Only available","No LDR Only available"," ","23-04Rollup"
"wkssvc.dll","Net_SMB_Client","6.2.17763.4010","0","03-Feb-2023","GDR","5025229","April 11, 2023-KB5025229 (OS Build 17763.4252)","http://support.microsoft.com/kb/5025229","No LDR Only available","No LDR Only available","No LDR Only available"," ","23-04Rollup"
"Mpr.dll","Net_SMB_Client","6.2.17763.404","0","28-Mar-2019","GDR","5025229","April 11, 2023-KB5025229 (OS Build 17763.4252)","http://support.microsoft.com/kb/5025229","No LDR Only available","No LDR Only available","No LDR Only available"," ","23-04Rollup"
"NtLanman.dll","Net_SMB_Client","6.2.17763.3406","0","13-Sep-2022","GDR","5023702","March 14, 2023-KB5023702 (OS Build 17763.4131)","http://support.microsoft.com/kb/5023702","No LDR Only available","No LDR Only available","No LDR Only available","rEX","23-03Rollup"
"Tcpip.sys","Net_Protocol","6.2.17763.4131","0","09-Mar-2023","GDR","5025229","April 11, 2023-KB5025229 (OS Build 17763.4252)","http://support.microsoft.com/kb/5025229","No LDR Only available","No LDR Only available","No LDR Only available"," ","23-04Rollup"
"Afd.sys","Net_Protocol","6.2.17763.4252","0","30-Mar-2023","GDR","5025229","April 11, 2023-KB5025229 (OS Build 17763.4252)","http://support.microsoft.com/kb/5025229","No LDR Only available","No LDR Only available","No LDR Only available"," ","23-04Rollup"
"Netio.sys","Net_Protocol","6.2.17763.3650","0","03-Nov-2022","GDR","5025229","April 11, 2023-KB5025229 (OS Build 17763.4252)","http://support.microsoft.com/kb/5025229","No LDR Only available","No LDR Only available","No LDR Only available"," ","23-04Rollup"
"Ndis.sys","Net_Protocol","6.2.17763.3770","0","10-Dec-2022","GDR","5025229","April 11, 2023-KB5025229 (OS Build 17763.4252)","http://support.microsoft.com/kb/5025229","No LDR Only available","No LDR Only available","No LDR Only available"," ","23-04Rollup"
"Netiohlp.dll","Net_Protocol","6.2.17763.3650","0","03-Nov-2022","GDR","5025229","April 11, 2023-KB5025229 (OS Build 17763.4252)","http://support.microsoft.com/kb/5025229","No LDR Only available","No LDR Only available","No LDR Only available"," ","23-04Rollup"
"Tdx.sys","Net_Protocol","6.2.17763.2183","0","11-Sep-2021","GDR","5025229","April 11, 2023-KB5025229 (OS Build 17763.4252)","http://support.microsoft.com/kb/5025229","No LDR Only available","No LDR Only available","No LDR Only available"," ","23-04Rollup"
"Iphlpapi.dll","Net_Protocol","6.2.17763.2989","0","14-May-2022","GDR","5025229","April 11, 2023-KB5025229 (OS Build 17763.4252)","http://support.microsoft.com/kb/5025229","No LDR Only available","No LDR Only available","No LDR Only available"," ","23-04Rollup"
"Tunnel.sys","Net_IPv6","6.2.17763.3650","1","03-Nov-2022","GDR","5025229","April 11, 2023-KB5025229 (OS Build 17763.4252)","http://support.microsoft.com/kb/5025229","No LDR Only available","No LDR Only available","No LDR Only available"," ","23-04Rollup"
"Dhcpcore6.dll","Net_IPv6","6.2.17763.4131","1","09-Mar-2023","GDR","5025229","April 11, 2023-KB5025229 (OS Build 17763.4252)","http://support.microsoft.com/kb/5025229","No LDR Only available","No LDR Only available","No LDR Only available"," ","23-04Rollup"
"Dhcpcsvc6.dll","Net_IPv6","6.2.17763.4131","1","09-Mar-2023","GDR","5025229","April 11, 2023-KB5025229 (OS Build 17763.4252)","http://support.microsoft.com/kb/5025229","No LDR Only available","No LDR Only available","No LDR Only available"," ","23-04Rollup"
"Nlasvc.dll","Net_NLA","6.2.17763.2989","0","14-May-2022","GDR","5025229","April 11, 2023-KB5025229 (OS Build 17763.4252)","http://support.microsoft.com/kb/5025229","No LDR Only available","No LDR Only available","No LDR Only available"," ","23-04Rollup"
"Ncsi.dll","Net_NLA","6.2.17763.2989","0","14-May-2022","GDR","5025229","April 11, 2023-KB5025229 (OS Build 17763.4252)","http://support.microsoft.com/kb/5025229","No LDR Only available","No LDR Only available","No LDR Only available"," ","23-04Rollup"
"Nlaapi.dll","Net_NLA","6.2.17763.134","0","01-Nov-2018","GDR","5025229","April 11, 2023-KB5025229 (OS Build 17763.4252)","http://support.microsoft.com/kb/5025229","No LDR Only available","No LDR Only available","No LDR Only available"," ","23-04Rollup"
"Msv1_0.dll","Dom_NTLM","6.2.17763.4252","1","30-Mar-2023","GDR","5025229","April 11, 2023-KB5025229 (OS Build 17763.4252)","http://support.microsoft.com/kb/5025229","No LDR Only available","No LDR Only available","No LDR Only available"," ","23-04Rollup"
"Dns.exe","Net_DNS_Srv","6.2.17763.4252","0","30-Mar-2023","GDR","5025229","April 11, 2023-KB5025229 (OS Build 17763.4252)","http://support.microsoft.com/kb/5025229","No LDR Only available","No LDR Only available","No LDR Only available"," ","23-04Rollup"
"Dhcpssvc.dll","Net_DHCP_Srv","6.2.17763.4252","0","30-Mar-2023","GDR","5025229","April 11, 2023-KB5025229 (OS Build 17763.4252)","http://support.microsoft.com/kb/5025229","No LDR Only available","No LDR Only available","No LDR Only available"," ","23-04Rollup"
"Dfssvc.exe","Net_DFS-N_Srv","6.2.17763.2028","0","08-Jun-2021","GDR","5025229","April 11, 2023-KB5025229 (OS Build 17763.4252)","http://support.microsoft.com/kb/5025229","No LDR Only available","No LDR Only available","No LDR Only available"," ","23-04Rollup"
"Nfssvc.exe","Net_NFS_Srv","6.2.17763.1","0","14-Sep-2018","GDR","5025229","April 11, 2023-KB5025229 (OS Build 17763.4252)","http://support.microsoft.com/kb/5025229","No LDR Only available","No LDR Only available","No LDR Only available"," ","23-04Rollup"
"Nfssvr.sys","Net_NFS_Srv","6.2.17763.4252","0","30-Mar-2023","GDR","5025229","April 11, 2023-KB5025229 (OS Build 17763.4252)","http://support.microsoft.com/kb/5025229","No LDR Only available","No LDR Only available","No LDR Only available"," ","23-04Rollup"
"Msnfsflt.sys","Net_NFS_Srv","6.2.17763.1","0","14-Sep-2018","GDR","5025229","April 11, 2023-KB5025229 (OS Build 17763.4252)","http://support.microsoft.com/kb/5025229","No LDR Only available","No LDR Only available","No LDR Only available"," ","23-04Rollup"
"portmap.sys","Net_NFS_Srv","6.2.17763.3406","0","08-Sep-2022","GDR","5025229","April 11, 2023-KB5025229 (OS Build 17763.4252)","http://support.microsoft.com/kb/5025229","No LDR Only available","No LDR Only available","No LDR Only available"," ","23-04Rollup"
"rpcxdr.sys","Net_NFS_Srv","6.2.17763.3165","0","28-Jun-2022","GDR","5025229","April 11, 2023-KB5025229 (OS Build 17763.4252)","http://support.microsoft.com/kb/5025229","No LDR Only available","No LDR Only available","No LDR Only available"," ","23-04Rollup"
"Nlb.sys","Net_NLB_Srv","6.2.17763.4252","0","30-Mar-2023","GDR","5025229","April 11, 2023-KB5025229 (OS Build 17763.4252)","http://support.microsoft.com/kb/5025229","No LDR Only available","No LDR Only available","No LDR Only available"," ","23-04Rollup"
"Csc.sys","Net_CSC_Offline","6.2.17763.3113","1","18-Jun-2022","GDR","5025229","April 11, 2023-KB5025229 (OS Build 17763.4252)","http://support.microsoft.com/kb/5025229","No LDR Only available","No LDR Only available","No LDR Only available"," ","23-04Rollup"
"Cscapi.dll","Net_CSC_Offline","6.2.17763.404","1","29-Mar-2019","GDR","5025229","April 11, 2023-KB5025229 (OS Build 17763.4252)","http://support.microsoft.com/kb/5025229","No LDR Only available","No LDR Only available","No LDR Only available"," ","23-04Rollup"
"Cscdll.dll","Net_CSC_Offline","6.2.17763.404","1","29-Mar-2019","GDR","5025229","April 11, 2023-KB5025229 (OS Build 17763.4252)","http://support.microsoft.com/kb/5025229","No LDR Only available","No LDR Only available","No LDR Only available"," ","23-04Rollup"
"Cscsvc.dll","Net_CSC_Offline","6.2.17763.1935","1","07-May-2021","GDR","5025229","April 11, 2023-KB5025229 (OS Build 17763.4252)","http://support.microsoft.com/kb/5025229","No LDR Only available","No LDR Only available","No LDR Only available"," ","23-04Rollup"
"Cscmig.dll","Net_CSC_Offline","6.2.17763.3113","1","13-Sep-2022","GDR","5023702","March 14, 2023-KB5023702 (OS Build 17763.4131)","http://support.microsoft.com/kb/5023702","No LDR Only available","No LDR Only available","No LDR Only available","rEX","23-03Rollup"
"Cscui.dll","Net_CSC_Offline","6.2.17763.2989","1","14-May-2022","GDR","5025229","April 11, 2023-KB5025229 (OS Build 17763.4252)","http://support.microsoft.com/kb/5025229","No LDR Only available","No LDR Only available","No LDR Only available"," ","23-04Rollup"
"Mrxdav.sys","Net_WebDAV","6.2.17763.2867","1","06-Apr-2022","GDR","5025229","April 11, 2023-KB5025229 (OS Build 17763.4252)","http://support.microsoft.com/kb/5025229","No LDR Only available","No LDR Only available","No LDR Only available"," ","23-04Rollup"
"Webclnt.dll","Net_WebDAV","6.2.17763.2867","1","06-Apr-2022","GDR","5025229","April 11, 2023-KB5025229 (OS Build 17763.4252)","http://support.microsoft.com/kb/5025229","No LDR Only available","No LDR Only available","No LDR Only available"," ","23-04Rollup"
"Davclnt.dll","Net_WebDAV","6.2.17763.1","1","","RTM","5025229","","","","","","",""
"Shell32.dll","Net_WebDAV","6.2.17763.4252","1","30-Mar-2023","GDR","5025229","April 11, 2023-KB5025229 (OS Build 17763.4252)","http://support.microsoft.com/kb/5025229","No LDR Only available","No LDR Only available","No LDR Only available"," ","23-04Rollup"
"Winhttp.dll","Net_WebDAV","6.2.17763.3469","1","08-Sep-2022","GDR","5025229","April 11, 2023-KB5025229 (OS Build 17763.4252)","http://support.microsoft.com/kb/5025229","No LDR Only available","No LDR Only available","No LDR Only available"," ","23-04Rollup"
"Dfsc.sys","Net_DFS-N_Client","6.2.17763.4010","0","03-Feb-2023","GDR","5025229","April 11, 2023-KB5025229 (OS Build 17763.4252)","http://support.microsoft.com/kb/5025229","No LDR Only available","No LDR Only available","No LDR Only available"," ","23-04Rollup"
"Dhcpcore.dll","Net_DHCP_Client","6.2.17763.4131","1","09-Mar-2023","GDR","5025229","April 11, 2023-KB5025229 (OS Build 17763.4252)","http://support.microsoft.com/kb/5025229","No LDR Only available","No LDR Only available","No LDR Only available"," ","23-04Rollup"
"Dhcpcsvc.dll","Net_DHCP_Client","6.2.17763.4131","1","09-Mar-2023","GDR","5025229","April 11, 2023-KB5025229 (OS Build 17763.4252)","http://support.microsoft.com/kb/5025229","No LDR Only available","No LDR Only available","No LDR Only available"," ","23-04Rollup"
"Gpprefcl.dll","Dom_GPP","6.2.17763.3650","1","03-Nov-2022","GDR","5025229","April 11, 2023-KB5025229 (OS Build 17763.4252)","http://support.microsoft.com/kb/5025229","No LDR Only available","No LDR Only available","No LDR Only available"," ","23-04Rollup"
"Gpme.dll","Dom_GPP","6.2.17763.3532","1","06-Oct-2022","GDR","5025229","April 11, 2023-KB5025229 (OS Build 17763.4252)","http://support.microsoft.com/kb/5025229","No LDR Only available","No LDR Only available","No LDR Only available"," ","23-04Rollup"
"Gppref.dll","Dom_GPP","6.2.17763.3532","1","06-Oct-2022","GDR","5025229","April 11, 2023-KB5025229 (OS Build 17763.4252)","http://support.microsoft.com/kb/5025229","No LDR Only available","No LDR Only available","No LDR Only available"," ","23-04Rollup"
"Gpprefbr.dll","Dom_GPP","6.2.17763.3532","1","06-Oct-2022","GDR","5025229","April 11, 2023-KB5025229 (OS Build 17763.4252)","http://support.microsoft.com/kb/5025229","No LDR Only available","No LDR Only available","No LDR Only available"," ","23-04Rollup"
"Gpprefcn.dll","Dom_GPP","6.2.17763.3532","1","06-Oct-2022","GDR","5025229","April 11, 2023-KB5025229 (OS Build 17763.4252)","http://support.microsoft.com/kb/5025229","No LDR Only available","No LDR Only available","No LDR Only available"," ","23-04Rollup"
"Gpregistrybrowser.dll","Dom_GPP","6.2.17763.3532","1","06-Oct-2022","GDR","5025229","April 11, 2023-KB5025229 (OS Build 17763.4252)","http://support.microsoft.com/kb/5025229","No LDR Only available","No LDR Only available","No LDR Only available"," ","23-04Rollup"
"Propshts.dll","Dom_GPP","6.2.17763.3532","1","06-Oct-2022","GDR","5025229","April 11, 2023-KB5025229 (OS Build 17763.4252)","http://support.microsoft.com/kb/5025229","No LDR Only available","No LDR Only available","No LDR Only available"," ","23-04Rollup"
"Profprov.dll","Dom_ProfProc","6.2.17763.1","1","","RTM","5025229","","","","","","",""
"Profsvc.dll","Dom_ProfProc","6.2.17763.4010","1","14-Feb-2023","GDR","5023702","March 14, 2023-KB5023702 (OS Build 17763.4131)","http://support.microsoft.com/kb/5023702","No LDR Only available","No LDR Only available","No LDR Only available","rEX","23-03Rollup"
"Kerberos.dll","Dom_KERBEROS","6.2.17763.4252","0","30-Mar-2023","GDR","5025229","April 11, 2023-KB5025229 (OS Build 17763.4252)","http://support.microsoft.com/kb/5025229","No LDR Only available","No LDR Only available","No LDR Only available"," ","23-04Rollup"
"Nfsclnt.exe","Net_NFS_Client","6.2.17763.1","1","14-Sep-2018","GDR","5025229","April 11, 2023-KB5025229 (OS Build 17763.4252)","http://support.microsoft.com/kb/5025229","No LDR Only available","No LDR Only available","No LDR Only available"," ","23-04Rollup"
"Nfsnp.dll","Net_NFS_Client","6.2.17763.1","1","","RTM","5025229","","","","","","",""
"Nfsrdr.sys","Net_NFS_Client","6.2.17763.2746","1","08-Mar-2022","GDR","5025229","April 11, 2023-KB5025229 (OS Build 17763.4252)","http://support.microsoft.com/kb/5025229","No LDR Only available","No LDR Only available","No LDR Only available"," ","23-04Rollup"
"Psxdll.dll","Net_Posix","6.2.17763.1","1","","RTM","5025229","","","","","","",""
"Psxdllsvr.dll","Net_Posix","6.2.17763.1","1","","RTM","5025229","","","","","","",""
"Psxss.exe","Net_Posix","6.2.17763.1","1","","RTM","5025229","","","","","","",""
"Posix.exe","Net_Posix","6.2.17763.1","1","","RTM","5025229","","","","","","",""
"dnsapi.dll","Net_DNS_Client","6.2.17763.2989","1","14-May-2022","GDR","5025229","April 11, 2023-KB5025229 (OS Build 17763.4252)","http://support.microsoft.com/kb/5025229","No LDR Only available","No LDR Only available","No LDR Only available"," ","23-04Rollup"
"dnsrslvr.dll","Net_DNS_Client","6.2.17763.2989","1","14-May-2022","GDR","5025229","April 11, 2023-KB5025229 (OS Build 17763.4252)","http://support.microsoft.com/kb/5025229","No LDR Only available","No LDR Only available","No LDR Only available"," ","23-04Rollup"
"Dnscacheugc.exe","Net_DNS_Client","6.2.17763.1","1","","RTM","5025229","","","","","","",""
"Rpcss.dll","Net_RPC","6.2.17763.4252","1","29-Mar-2023","GDR","5025229","April 11, 2023-KB5025229 (OS Build 17763.4252)","http://support.microsoft.com/kb/5025229","No LDR Only available","No LDR Only available","No LDR Only available"," ","23-04Rollup"
"Rpchttp.dll","Net_RPC","6.2.17763.4131","1","09-Mar-2023","GDR","5025229","April 11, 2023-KB5025229 (OS Build 17763.4252)","http://support.microsoft.com/kb/5025229","No LDR Only available","No LDR Only available","No LDR Only available"," ","23-04Rollup"
"Rpcrt4.dll","Net_RPC","6.2.17763.4252","1","30-Mar-2023","GDR","5025229","April 11, 2023-KB5025229 (OS Build 17763.4252)","http://support.microsoft.com/kb/5025229","No LDR Only available","No LDR Only available","No LDR Only available"," ","23-04Rollup"
"Bfe.dll","Net_Ipsec_BFE","6.2.17763.4131","1","09-Mar-2023","GDR","5025229","April 11, 2023-KB5025229 (OS Build 17763.4252)","http://support.microsoft.com/kb/5025229","No LDR Only available","No LDR Only available","No LDR Only available"," ","23-04Rollup"
"Ikeext.dll","Net_Ipsec_BFE","6.2.17763.4252","1","29-Mar-2023","GDR","5025229","April 11, 2023-KB5025229 (OS Build 17763.4252)","http://support.microsoft.com/kb/5025229","No LDR Only available","No LDR Only available","No LDR Only available"," ","23-04Rollup"
"Fwpuclnt.dll","Net_Ipsec_BFE","6.2.17763.4131","1","09-Mar-2023","GDR","5025229","April 11, 2023-KB5025229 (OS Build 17763.4252)","http://support.microsoft.com/kb/5025229","No LDR Only available","No LDR Only available","No LDR Only available"," ","23-04Rollup"
"Iphlpsvc.dll","Net_DirectAccess_Client","6.2.17763.3346","1","23-Aug-2022","GDR","5023702","March 14, 2023-KB5023702 (OS Build 17763.4131)","http://support.microsoft.com/kb/5023702","No LDR Only available","No LDR Only available","No LDR Only available","rEX","23-03Rollup"
"Iphlpsvcmigplugin.dll","Net_DirectAccess_Client","6.2.17763.1","1","","RTM","5025229","","","","","","",""
"Netcorehc.dll","Net_DirectAccess_Client","6.2.17763.1697","1","07-Jan-2021","GDR","5025229","April 11, 2023-KB5025229 (OS Build 17763.4252)","http://support.microsoft.com/kb/5025229","No LDR Only available","No LDR Only available","No LDR Only available"," ","23-04Rollup"
"Daotpcredentialprovider.dll","Net_DirectAccess_Client","6.2.17763.1","1","","RTM","5025229","","","","","","",""
"Rdpcore.dll","Net_DirectAccess_Client","6.2.17763.2989","1","14-May-2022","GDR","5025229","April 11, 2023-KB5025229 (OS Build 17763.4252)","http://support.microsoft.com/kb/5025229","No LDR Only available","No LDR Only available","No LDR Only available"," ","23-04Rollup"
"Damgmt.dll","Net_DirectAccess_Srv","6.2.17763.1","1","","RTM","5025229","","","","","","",""
"Ramgmtui.exe","Net_DirectAccess_Srv","6.2.17763.1","1","","RTM","5025229","","","","","","",""
"Ramgmtsvc.dll","Net_DirectAccess_Srv","6.2.17763.1","1","","RTM","5025229","","","","","","",""
"Rasclusterres.dll","Net_DirectAccess_Srv","6.2.17763.1","1","","RTM","5025229","","","","","","",""
"Raserverpsprovider.dll","Net_DirectAccess_Srv","6.2.17763.1","1","","RTM","5025229","","","","","","",""
"dot3svc.dll","Net_IEEE802.1x","6.2.17763.2989","1","14-May-2022","GDR","5025229","April 11, 2023-KB5025229 (OS Build 17763.4252)","http://support.microsoft.com/kb/5025229","No LDR Only available","No LDR Only available","No LDR Only available"," ","23-04Rollup"
"Rastls.dll","Net_IEEE802.1x","6.2.17763.4010","1","02-Feb-2023","GDR","5025229","April 11, 2023-KB5025229 (OS Build 17763.4252)","http://support.microsoft.com/kb/5025229","No LDR Only available","No LDR Only available","No LDR Only available"," ","23-04Rollup"
"wlansvc.dll","Net_WLAN_Client","6.2.17763.4252","1","29-Mar-2023","GDR","5025229","April 11, 2023-KB5025229 (OS Build 17763.4252)","http://support.microsoft.com/kb/5025229","No LDR Only available","No LDR Only available","No LDR Only available"," ","23-04Rollup"
"wlanmsm.dll","Net_WLAN_Client","6.2.17763.4252","1","29-Mar-2023","GDR","5025229","April 11, 2023-KB5025229 (OS Build 17763.4252)","http://support.microsoft.com/kb/5025229","No LDR Only available","No LDR Only available","No LDR Only available"," ","23-04Rollup"
"wlanapi.dll","Net_WLAN_Client","6.2.17763.3532","1","06-Oct-2022","GDR","5025229","April 11, 2023-KB5025229 (OS Build 17763.4252)","http://support.microsoft.com/kb/5025229","No LDR Only available","No LDR Only available","No LDR Only available"," ","23-04Rollup"
"wlansec.dll","Net_WLAN_Client","6.2.17763.3532","1","06-Oct-2022","GDR","5025229","April 11, 2023-KB5025229 (OS Build 17763.4252)","http://support.microsoft.com/kb/5025229","No LDR Only available","No LDR Only available","No LDR Only available"," ","23-04Rollup"
"wlansvcpal.dll","Net_WLAN_Client","6.2.17763.1","1","14-Sep-2018","GDR","5025229","April 11, 2023-KB5025229 (OS Build 17763.4252)","http://support.microsoft.com/kb/5025229","No LDR Only available","No LDR Only available","No LDR Only available"," ","23-04Rollup"
"wlanhlp.dll","Net_WLAN_Client","6.2.17763.1","1","14-Sep-2018","GDR","5025229","April 11, 2023-KB5025229 (OS Build 17763.4252)","http://support.microsoft.com/kb/5025229","No LDR Only available","No LDR Only available","No LDR Only available"," ","23-04Rollup"
"Netcfgx.dll","Net_Config","6.2.17763.1697","1","07-Jan-2021","GDR","5025229","April 11, 2023-KB5025229 (OS Build 17763.4252)","http://support.microsoft.com/kb/5025229","No LDR Only available","No LDR Only available","No LDR Only available"," ","23-04Rollup"
"Rasapi32.dll","HNV_Net","6.2.17763.1817","1","26-Feb-2021","GDR","5025229","April 11, 2023-KB5025229 (OS Build 17763.4252)","http://support.microsoft.com/kb/5025229","No LDR Only available","No LDR Only available","No LDR Only available"," ","23-04Rollup"
"Mprapi.dll","HNV_Net","6.2.17763.1","1","","RTM","5025229","","","","","","",""
"WebIo.dll","Net_BranchCache","6.2.17763.3469","1","08-Sep-2022","GDR","5025229","April 11, 2023-KB5025229 (OS Build 17763.4252)","http://support.microsoft.com/kb/5025229","No LDR Only available","No LDR Only available","No LDR Only available"," ","23-04Rollup"
"Smbhash.exe","Net_BranchCache","6.2.17763.1","1","","RTM","5025229","","","","","","",""
"Pacer.sys","Net_QoS","6.2.17763.1397","1","04-Aug-2020","GDR","5025229","April 11, 2023-KB5025229 (OS Build 17763.4252)","http://support.microsoft.com/kb/5025229","No LDR Only available","No LDR Only available","No LDR Only available"," ","23-04Rollup"
"Mpsdrv.sys","Net_Firewall","6.2.17763.404","1","28-Mar-2019","GDR","5025229","April 11, 2023-KB5025229 (OS Build 17763.4252)","http://support.microsoft.com/kb/5025229","No LDR Only available","No LDR Only available","No LDR Only available"," ","23-04Rollup"
"MpsSvc.dll","Net_Firewall","6.2.17763.3346","1","23-Aug-2022","GDR","5023702","March 14, 2023-KB5023702 (OS Build 17763.4131)","http://support.microsoft.com/kb/5023702","No LDR Only available","No LDR Only available","No LDR Only available","rEX","23-03Rollup"
"qmgr.dll","Net_BiTS","7.8.17763.3770","1","10-Dec-2022","GDR","5025229","April 11, 2023-KB5025229 (OS Build 17763.4252)","http://support.microsoft.com/kb/5025229","No LDR Only available","No LDR Only available","No LDR Only available"," ","23-04Rollup"
"rasmans.dll","Net_VPN","6.2.17763.3406","1","08-Sep-2022","GDR","5025229","April 11, 2023-KB5025229 (OS Build 17763.4252)","http://support.microsoft.com/kb/5025229","No LDR Only available","No LDR Only available","No LDR Only available"," ","23-04Rollup"
"Vmswitch.sys","Hyper-V_Net","6.2.17763.3532","1","06-Oct-2022","GDR","5025229","April 11, 2023-KB5025229 (OS Build 17763.4252)","http://support.microsoft.com/kb/5025229","No LDR Only available","No LDR Only available","No LDR Only available"," ","23-04Rollup"
"Mslbfoprovider.sys","Hyper-V_Net","6.2.17763.1","1","","RTM","5025229","","","","","","",""
"Wnv.sys","Hyper-V_Net","6.2.17763.4131","1","09-Mar-2023","GDR","5025229","April 11, 2023-KB5025229 (OS Build 17763.4252)","http://support.microsoft.com/kb/5025229","No LDR Only available","No LDR Only available","No LDR Only available"," ","23-04Rollup"
"Vmsntfy.dll","Hyper-V_Net","6.2.17763.1","1","","RTM","5025229","","","","","","",""
"Ndisimplatform.sys","Hyper-V_Net","6.2.17763.1","1","14-Sep-2018","GDR","5025229","April 11, 2023-KB5025229 (OS Build 17763.4252)","http://support.microsoft.com/kb/5025229","No LDR Only available","No LDR Only available","No LDR Only available"," ","23-04Rollup"
"Vmms.exe","Hyper-V_Net","6.2.17763.4131","1","14-Mar-2023","GDR","5023702","March 14, 2023-KB5023702 (OS Build 17763.4131)","http://support.microsoft.com/kb/5023702","No LDR Only available","No LDR Only available","No LDR Only available","rEX","23-03Rollup"
"Winnat.sys","Hyper-V_Net","6.2.17763.2268","1","07-Oct-2021","GDR","5025229","April 11, 2023-KB5025229 (OS Build 17763.4252)","http://support.microsoft.com/kb/5025229","No LDR Only available","No LDR Only available","No LDR Only available"," ","23-04Rollup"
"pvhdparser.sys","Hyper-V_Net","6.2.17763.2803","1","01-Apr-2022","GDR","5025229","April 11, 2023-KB5025229 (OS Build 17763.4252)","http://support.microsoft.com/kb/5025229","No LDR Only available","No LDR Only available","No LDR Only available"," ","23-04Rollup"
"Wmisvc.dll","Hyper-V_Net","6.2.17763.1790","1","09-Feb-2021","GDR","5025229","April 11, 2023-KB5025229 (OS Build 17763.4252)","http://support.microsoft.com/kb/5025229","No LDR Only available","No LDR Only available","No LDR Only available"," ","23-04Rollup"
"Vmbus.sys","Hyper-V_Net","6.2.17763.3346","1","23-Aug-2022","GDR","5023702","March 14, 2023-KB5023702 (OS Build 17763.4131)","http://support.microsoft.com/kb/5023702","No LDR Only available","No LDR Only available","No LDR Only available","rEX","23-03Rollup"
"WorkFolders.exe","Net_WorkFolders","6.2.17763.1","1","14-Sep-2018","GDR","5025229","April 11, 2023-KB5025229 (OS Build 17763.4252)","http://support.microsoft.com/kb/5025229","No LDR Only available","No LDR Only available","No LDR Only available"," ","23-04Rollup"
"WorkFoldersshell.dll","Net_WorkFolders","6.2.17763.2989","1","14-May-2022","GDR","5025229","April 11, 2023-KB5025229 (OS Build 17763.4252)","http://support.microsoft.com/kb/5025229","No LDR Only available","No LDR Only available","No LDR Only available"," ","23-04Rollup"
"WorkFolderssvc.dll","Net_WorkFolders","6.2.17763.2989","1","14-May-2022","GDR","5025229","April 11, 2023-KB5025229 (OS Build 17763.4252)","http://support.microsoft.com/kb/5025229","No LDR Only available","No LDR Only available","No LDR Only available"," ","23-04Rollup"
"WorkFolderscontrol.dll","Net_WorkFolders","6.2.17763.2989","1","14-May-2022","GDR","5025229","April 11, 2023-KB5025229 (OS Build 17763.4252)","http://support.microsoft.com/kb/5025229","No LDR Only available","No LDR Only available","No LDR Only available"," ","23-04Rollup"
"WorkFoldersGPExt.dll","Net_WorkFolders","6.2.17763.1","1","","RTM","5025229","","","","","","",""
"Syncsharesvc.dll","Net_WorkFolders","6.2.17763.3113","1","18-Jun-2022","GDR","5025229","April 11, 2023-KB5025229 (OS Build 17763.4252)","http://support.microsoft.com/kb/5025229","No LDR Only available","No LDR Only available","No LDR Only available"," ","23-04Rollup"
"Syncsharesrv.dll","Net_WorkFolders","6.2.17763.3113","1","18-Jun-2022","GDR","5025229","April 11, 2023-KB5025229 (OS Build 17763.4252)","http://support.microsoft.com/kb/5025229","No LDR Only available","No LDR Only available","No LDR Only available"," ","23-04Rollup"
"Syncsharettlib.dll","Net_WorkFolders","6.2.17763.1","1","14-Sep-2018","GDR","5025229","April 11, 2023-KB5025229 (OS Build 17763.4252)","http://support.microsoft.com/kb/5025229","No LDR Only available","No LDR Only available","No LDR Only available"," ","23-04Rollup"
"Syncsharettsvc.exe","Net_WorkFolders","6.2.17763.3113","1","18-Jun-2022","GDR","5025229","April 11, 2023-KB5025229 (OS Build 17763.4252)","http://support.microsoft.com/kb/5025229","No LDR Only available","No LDR Only available","No LDR Only available"," ","23-04Rollup"
"5005112","Win2016RS5_21_08_SSU_KB"," ","0","08-Jun-2021","GDR","5005112","KB5005112: Servicing stack update for Windows 10, version 1809: August 10, 2021","http://support.microsoft.com/kb/5005112","No LDR Only available","No LDR Only available","No LDR Only available"," ","No Rollup"
"5025229","Win2016RS5_23-04_B_rollup_KB"," ","0","11-Apr-2023","GDR","5025229","April 11, 2023-KB5025229 (OS Build 17763.4252)","http://support.microsoft.com/kb/5025229","No LDR Only available","No LDR Only available","No LDR Only available"," ","23-04Rollup"
