"Binary","Component","Version","Prio","Published","Branch","Article","Title","Link","LDROnlyKB","LDROnlyTitle","LDROnlyLink","Comment","RollupInfo"
"Volsnap.sys","Cluster_Volsnap","6.2.19041.488","0","06-May-20","GDR","5004237","July 13, 2021-KB5004237 (OS Builds 19041.1110, 19042.1110, and 19043.1110)","http://support.microsoft.com/kb/5004237","KB only","KB only","KB only"," ","21-07Rollup"
"Csvflt.sys","Cluster_CSV","6.2.19041.1","0","06-May-20","GDR","5004237","July 13, 2021-KB5004237 (OS Builds 19041.1110, 19042.1110, and 19043.1110)","http://support.microsoft.com/kb/5004237","KB only","KB only","KB only"," ","21-07Rollup"
"Csvfs.sys","Cluster_CSV","6.2.19041.546","0","01-Oct-20","GDR","5004237","July 13, 2021-KB5004237 (OS Builds 19041.1110, 19042.1110, and 19043.1110)","http://support.microsoft.com/kb/5004237","KB only","KB only","KB only"," ","21-07Rollup"
"Vmswitch.sys","Hyper-V_Net","6.2.19041.1110","1","13-Jul-21","GDR","5004237","July 13, 2021-KB5004237 (OS Builds 19041.1110, 19042.1110, and 19043.1110)","http://support.microsoft.com/kb/5004237","KB only","KB only","KB only"," ","21-07Rollup"
"Mslbfoprovider.sys","Hyper-V_Net","6.2.19041.1","1","06-May-20","GDR","5004237","July 13, 2021-KB5004237 (OS Builds 19041.1110, 19042.1110, and 19043.1110)","http://support.microsoft.com/kb/5004237","KB only","KB only","KB only"," ","21-07Rollup"
"Wnv.sys","Hyper-V_Net","6.2.19041.1","1","06-May-20","GDR","5004237","July 13, 2021-KB5004237 (OS Builds 19041.1110, 19042.1110, and 19043.1110)","http://support.microsoft.com/kb/5004237","KB only","KB only","KB only"," ","21-07Rollup"
"Vmsntfy.dll","Hyper-V_Net","6.2.19041.1","1","06-May-20","GDR","5004237","July 13, 2021-KB5004237 (OS Builds 19041.1110, 19042.1110, and 19043.1110)","http://support.microsoft.com/kb/5004237","KB only","KB only","KB only"," ","21-07Rollup"
"Ndisimplatform.sys","Hyper-V_Net","6.2.19041.546","1","01-Oct-20","GDR","5004237","July 13, 2021-KB5004237 (OS Builds 19041.1110, 19042.1110, and 19043.1110)","http://support.microsoft.com/kb/5004237","KB only","KB only","KB only"," ","21-07Rollup"
"Vmms.exe","Hyper-V_Net","6.2.19041.1081","1","21-Jun-21","GDR","5004237","July 13, 2021-KB5004237 (OS Builds 19041.1110, 19042.1110, and 19043.1110)","http://support.microsoft.com/kb/5004237","KB only","KB only","KB only"," ","21-07Rollup"
"Winnat.sys","Hyper-V_Net","6.2.19041.867","1","09-Mar-21","GDR","5004237","July 13, 2021-KB5004237 (OS Builds 19041.1110, 19042.1110, and 19043.1110)","http://support.microsoft.com/kb/5004237","KB only","KB only","KB only"," ","21-07Rollup"
"pvhdparser.sys","Hyper-V_Net","6.2.19041.1","1","06-May-20","GDR","5004237","July 13, 2021-KB5004237 (OS Builds 19041.1110, 19042.1110, and 19043.1110)","http://support.microsoft.com/kb/5004237","KB only","KB only","KB only"," ","21-07Rollup"
"Wmisvc.dll","Hyper-V_Net","6.2.19041.844","1","24-Feb-21","GDR","5004237","July 13, 2021-KB5004237 (OS Builds 19041.1110, 19042.1110, and 19043.1110)","http://support.microsoft.com/kb/5004237","KB only","KB only","KB only"," ","21-07Rollup"
"Vmbus.sys","Hyper-V_Net","6.2.19041.1110","1","13-Jul-21","GDR","5004237","July 13, 2021-KB5004237 (OS Builds 19041.1110, 19042.1110, and 19043.1110)","http://support.microsoft.com/kb/5004237","KB only","KB only","KB only"," ","21-07Rollup"
"Rasapi32.dll","HNV_Net","6.2.19041.1081","1","21-Jun-21","GDR","5004237","July 13, 2021-KB5004237 (OS Builds 19041.1110, 19042.1110, and 19043.1110)","http://support.microsoft.com/kb/5004237","KB only","KB only","KB only"," ","21-07Rollup"
"Mprapi.dll","HNV_Net","6.2.19041.1","1","06-May-20","GDR","5004237","July 13, 2021-KB5004237 (OS Builds 19041.1110, 19042.1110, and 19043.1110)","http://support.microsoft.com/kb/5004237","KB only","KB only","KB only"," ","21-07Rollup"
"Vmwp.exe","Hyper-V_app","6.2.19041.1052","1","08-Jun-21","GDR","5004237","July 13, 2021-KB5004237 (OS Builds 19041.1110, 19042.1110, and 19043.1110)","http://support.microsoft.com/kb/5004237","KB only","KB only","KB only"," ","21-07Rollup"
"5004237","Win201621H1_21-07_B_rollup_KB"," ","0","13-Jul-2021","GDR","5004237","July 13, 2021-KB5004237 (OS Builds 19041.1110, 19042.1110, and 19043.1110)","http://support.microsoft.com/kb/5004237","KB only","KB only","KB only"," ","21-07Rollup"
