"Binary","Component","Version","Prio","Published","Branch","Article","Title","Link","LDROnlyKB","LDROnlyTitle","LDROnlyLink","Comment","RollupInfo"
"Localspl.dll","Print_Spool","6.1.7601.26059","0","13-Jul-2022","GDR","5022338","January 10, 2023-KB5022338 (Monthly Rollup)","http://support.microsoft.com/kb/5022338","No LDR Only available","No LDR Only available","No LDR Only available"," ","23-01Rollup"
"Win32spl.dll","Print_Spool","6.1.7601.25918","0","07-Mar-2022","GDR","5022338","January 10, 2023-KB5022338 (Monthly Rollup)","http://support.microsoft.com/kb/5022338","No LDR Only available","No LDR Only available","No LDR Only available"," ","23-01Rollup"
"Spoolsv.exe","Print_Spool","6.1.7601.26111","0","08-Nov-2022","GDR","5022338","January 10, 2023-KB5022338 (Monthly Rollup)","http://support.microsoft.com/kb/5022338","No LDR Only available","No LDR Only available","No LDR Only available","rEX","23-01Rollup"
"Winspool.drv","Print_Spool","6.1.7601.25950","0","13-Apr-2022","GDR","5022338","January 10, 2023-KB5022338 (Monthly Rollup)","http://support.microsoft.com/kb/5022338","No LDR Only available","No LDR Only available","No LDR Only available"," ","23-01Rollup"
"Ntprint.exe","Print_App","6.1.7601.25739","0","01-Oct-2021","GDR","5022338","January 10, 2023-KB5022338 (Monthly Rollup)","http://support.microsoft.com/kb/5022338","No LDR Only available","No LDR Only available","No LDR Only available"," ","23-01Rollup"
"Printui.dll","Print_App","6.1.7601.25709","0","01-Sep-2021","GDR","5022338","January 10, 2023-KB5022338 (Monthly Rollup)","http://support.microsoft.com/kb/5022338","No LDR Only available","No LDR Only available","No LDR Only available"," ","23-01Rollup"
"Printbrm.exe","Print_App","6.1.7601.24559","0","15-Jul-2020","GDR","5022338","January 10, 2023-KB5022338 (Monthly Rollup)","http://support.microsoft.com/kb/5022338","No LDR Only available","No LDR Only available","No LDR Only available"," ","23-01Rollup"
"splwow64.exe","Print_App","6.1.7601.22268","0","28.02.2013","LDR","2815716 (v2.0)","Splwow64.exe process doesn't end after a print job finishes in the 64-bit version of Windows 7 or Windows Server 2008 R2","http://support.microsoft.com/kb/2815716","2815716 (v2.0)","Splwow64.exe process doesn't end after a print job finishes in the 64-bit version of Windows 7 or Windows Server 2008 R2","http://support.microsoft.com/kb/2815716"," ","16-04Rollup"
"Mxdwdrv.dll","Print_Driver","0.3.9600.17728","1","13-Sep-2022","GDR","5022338","January 10, 2023-KB5022338 (Monthly Rollup)","http://support.microsoft.com/kb/5022338","No LDR Only available","No LDR Only available","No LDR Only available","rEX","23-01Rollup"
"Pcl4res.dll","Print_Driver","0.3.5479.0","1","13-Sep-2022","GDR","5022338","January 10, 2023-KB5022338 (Monthly Rollup)","http://support.microsoft.com/kb/5022338","No LDR Only available","No LDR Only available","No LDR Only available","rEX","23-01Rollup"
"Pscript5.dll","Print_Driver","0.3.9600.20509","1","13-Sep-2022","GDR","5022338","January 10, 2023-KB5022338 (Monthly Rollup)","http://support.microsoft.com/kb/5022338","No LDR Only available","No LDR Only available","No LDR Only available","rEX","23-01Rollup"
"Unidrv.dll","Print_Driver","0.3.9600.19697","1","13-Sep-2022","GDR","5022338","January 10, 2023-KB5022338 (Monthly Rollup)","http://support.microsoft.com/kb/5022338","No LDR Only available","No LDR Only available","No LDR Only available","rEX","23-01Rollup"
"Unires.dll","Print_Driver","0.3.9600.17246","1","13-Sep-2022","GDR","5022338","January 10, 2023-KB5022338 (Monthly Rollup)","http://support.microsoft.com/kb/5022338","No LDR Only available","No LDR Only available","No LDR Only available","rEX","23-01Rollup"
"Xpssvcs.dll","Print_Driver","6.1.7601.17514","1","08-Nov-2022","GDR","5022338","January 10, 2023-KB5022338 (Monthly Rollup)","http://support.microsoft.com/kb/5022338","No LDR Only available","No LDR Only available","No LDR Only available","rEX","23-01Rollup"
"3125574","Win2008R2_16_04B_rollup_KB"," ","0","07-May-2016","LDR","3125574","Convenience roll-up update for Windows 7 SP1 and Windows Server 2008 R2 SP1","http://support.microsoft.com/kb/3125574","No LDR Only available","No LDR Only available","No LDR Only available"," ","No Rollup"
"4490628","Win2008R2_19_03_SSU_KB"," ","0","12-Mar-2020","LDR","4490628","Servicing stack update for Windows 7 SP1 and Windows Server 2008 R2 SP1: March 12, 2019","http://support.microsoft.com/kb/4490628","No LDR Only available","No LDR Only available","No LDR Only available"," ","No Rollup"
"4474419","Win2008R2_19_09_SHA_KB"," ","0","23-Sep-2019","LDR","4474419","SHA-2 code signing support update for Windows Server 2008 R2, Windows 7, and Windows Server 2008: September 23, 2019","http://support.microsoft.com/kb/4474419","No LDR Only available","No LDR Only available","No LDR Only available"," ","No Rollup"
"4534310","Win2008R2_20-01_B_last-non-ESU"," ","0","14-Jan-2020","GDR","4534310 (v1.0)","January 14, 2020-KB4534310 (Monthly Rollup)","http://support.microsoft.com/kb/4534310","No LDR Only available","No LDR Only available","No LDR Only available"," ","20-01Rollup"
"4592510","Win2008R2_20_12_SSU_KB"," ","0","08-Dec-2020","LDR","4592510","Servicing stack update for Windows 7 SP1 and Server 2008 R2 SP1: December 8, 2020","http://support.microsoft.com/kb/4592510","No LDR Only available","No LDR Only available","No LDR Only available"," ","No Rollup"
"4538483","Win2008R2_20_02_ESU_KB"," ","0","11-Feb-2020","LDR","4538483","Extended Security Updates (ESU) Licensing Preparation Package for Windows 7 SP1 and Windows Server 2008 R2 SP1","http://support.microsoft.com/kb/4538483","No LDR Only available","No LDR Only available","No LDR Only available"," ","No Rollup"
"4575903","Win2008R2_21_02_ESU_KB"," ","0","09-Feb-2021","LDR","4575903","Update for the Extended Security Updates (ESU) Licensing Preparation Package for Windows 7 SP1 and Windows Server 2008 R2 SP1","http://support.microsoft.com/kb/4575903","No LDR Only available","No LDR Only available","No LDR Only available"," ","No Rollup"
"5010451","Win2008R2_22_02_SSU_KB"," ","0","08-Feb-2022","LDR","5010451","KB5010451: Servicing stack update for Windows 7 SP1 and Server 2008 R2 SP1: February 8, 2022","http://support.microsoft.com/kb/5010451","No LDR Only available","No LDR Only available","No LDR Only available"," ","No Rollup"
"5022338","Win2008R2_23-01_B_rollup_KB"," ","0","10-Jan-2023","GDR","5022338","January 10, 2023-KB5022338 (Monthly Rollup)","http://support.microsoft.com/kb/5022338","No LDR Only available","No LDR Only available","No LDR Only available"," ","23-01Rollup"
