"Binary","Component","Version","Prio","Published","Branch","Article","Title","Link","LDROnlyKB","LDROnlyTitle","LDROnlyLink","Comment","RollupInfo"
"Kerberos.dll","Dom_KERBEROS","6.2.17134.1667","0","5-Aug-20","GDR","5003174","May 11, 2021-KB5003174 (OS Build 17134.2208)","http://support.microsoft.com/kb/5003174","KB only","KB only","KB only"," ","21-05Rollup"
"Ksecdd.sys","Dom_LSA","6.2.17134.376","0","21-Oct-18","GDR","5003174","May 11, 2021-KB5003174 (OS Build 17134.2208)","http://support.microsoft.com/kb/5003174","KB only","KB only","KB only"," ","21-05Rollup"
"Secur32.dll","Dom_LSA","6.2.17134.1","0","11-Apr-18","GDR","5003174","May 11, 2021-KB5003174 (OS Build 17134.2208)","http://support.microsoft.com/kb/5003174","KB only","KB only","KB only"," ","21-05Rollup"
"Scfilter.sys","Dom_SC_Srv","6.2.17134.1","1","11-Apr-18","GDR","5003174","May 11, 2021-KB5003174 (OS Build 17134.2208)","http://support.microsoft.com/kb/5003174","KB only","KB only","KB only"," ","21-05Rollup"
"Certprop.dll","Dom_SC_Srv","6.2.17134.319","1","8-Sep-18","GDR","5003174","May 11, 2021-KB5003174 (OS Build 17134.2208)","http://support.microsoft.com/kb/5003174","KB only","KB only","KB only"," ","21-05Rollup"
"Profsvc.dll","Dom_ProfProc","6.2.17134.1792","1","12-Jan-21","GDR","5003174","May 11, 2021-KB5003174 (OS Build 17134.2208)","http://support.microsoft.com/kb/5003174","KB only","KB only","KB only"," ","21-05Rollup"
"Fdeploy.dll","Dom_FolderRedir","6.2.17134.254","1","9-Aug-18","GDR","5003174","May 11, 2021-KB5003174 (OS Build 17134.2208)","http://support.microsoft.com/kb/5003174","KB only","KB only","KB only"," ","21-05Rollup"
"Cscsvc.dll","Net_CSC_Offline","6.2.17134.2208","1","11-May-21","GDR","5003174","May 11, 2021-KB5003174 (OS Build 17134.2208)","http://support.microsoft.com/kb/5003174","KB only","KB only","KB only"," ","21-05Rollup"
"Cscmig.dll","Net_CSC_Offline","6.2.17134.1967","1","12-Jan-21","GDR","5003174","May 11, 2021-KB5003174 (OS Build 17134.2208)","http://support.microsoft.com/kb/5003174","KB only","KB only","KB only"," ","21-05Rollup"
"5003364","Win2016RS4_21_05_SSU_KB"," ","0","11-May-2021","GDR","5003364","KB5003364: Servicing stack update for Windows 10, version 1803: May 11, 2021","http://support.microsoft.com/kb/5003364","KB only","KB only","KB Only"," ","No Rollup"
"5003174","Win2016RS4_21-05_B_rollup_KB"," ","0","11-May-2021","GDR","5003174","May 11, 2021-KB5003174 (OS Build 17134.2208)","http://support.microsoft.com/kb/5003174","KB only","KB only","KB only"," ","21-05Rollup"
