"Binary","Component","Version","Prio","Published","Branch","Article","Title","Link","LDROnlyKB","LDROnlyTitle","LDROnlyLink","Comment","RollupInfo"
"Ntoskrnl.exe","Core_Kernel","6.0.6003.21616","0","25-Jul-2022","GDR","5017358","September 13, 2022-KB5017358 (Monthly Rollup)","http://support.microsoft.com/kb/5017358","No LDR Only available","No LDR Only available","No LDR Only available"," ","22-09Rollup"
"Ntkrnlpa.exe","Core_Kernel","6.0.6003.21616","0","25-Jul-2022","GDR","5017358","September 13, 2022-KB5017358 (Monthly Rollup)","http://support.microsoft.com/kb/5017358","No LDR Only available","No LDR Only available","No LDR Only available"," ","22-09Rollup"
"win32k.sys","Core_Kernel","6.0.6003.21612","0","11-Jul-2022","GDR","5017358","September 13, 2022-KB5017358 (Monthly Rollup)","http://support.microsoft.com/kb/5017358","No LDR Only available","No LDR Only available","No LDR Only available"," ","22-09Rollup"
"rdpshell.exe","RDS_remote_App","6.0.6002.22681","0","19.07.2011","LDR","2579055 (v1.0)","A started RemoteApp application is intermittently not visible in Windows Server 2008","http://support.microsoft.com/kb/2579055","2579055 (v1.0)","A started RemoteApp application is intermittently not visible in Windows Server 2008","http://support.microsoft.com/kb/2579055"," ","No Rollup"
"Tscfgwmi.dll","RDS_remote_App","6.0.6003.20802","0","11-Mar-2020","GDR","5017358","September 13, 2022-KB5017358 (Monthly Rollup)","http://support.microsoft.com/kb/5017358","No LDR Only available","No LDR Only available","No LDR Only available"," ","22-09Rollup"
"Audioeng.dll","RDS_devRdr","6.0.6003.20566","1","12-Jun-2019","GDR","5017358","September 13, 2022-KB5017358 (Monthly Rollup)","http://support.microsoft.com/kb/5017358","No LDR Only available","No LDR Only available","No LDR Only available"," ","22-09Rollup"
"Audiokse.dll","RDS_devRdr","6.0.6003.20566","1","12-Jun-2019","GDR","5017358","September 13, 2022-KB5017358 (Monthly Rollup)","http://support.microsoft.com/kb/5017358","No LDR Only available","No LDR Only available","No LDR Only available"," ","22-09Rollup"
"Audioses.dll","RDS_devRdr","6.0.6003.20566","1","12-Jun-2019","GDR","5017358","September 13, 2022-KB5017358 (Monthly Rollup)","http://support.microsoft.com/kb/5017358","No LDR Only available","No LDR Only available","No LDR Only available"," ","22-09Rollup"
"Audiosrv.dll","RDS_devRdr","6.0.6003.20566","1","12-Jun-2019","GDR","5017358","September 13, 2022-KB5017358 (Monthly Rollup)","http://support.microsoft.com/kb/5017358","No LDR Only available","No LDR Only available","No LDR Only available"," ","22-09Rollup"
"xpsgdiconverter.dll","RDS_msTsc","7.0.6002.22594","1","24.02.2011","LDRGDR","2505189 (v1.1)","An update is available for DirectWrite and XPS issues in Windows Vista SP2 and in Windows Server 2008 SP2","http://support.microsoft.com/kb/2505189","No LDR Only available","No LDR Only available","No LDR Only available"," ","No Rollup"
"tssdis.exe","RDS_vHost","6.0.6002.22615","0","18.03.2011","LDR","2522829 (v1.0)","Sessions are not correctly distributed after the Terminal Services Session Broker service runs for 25 or more days consecutively in Windows Server 2008","http://support.microsoft.com/kb/2522829","2522829 (v1.0)","Sessions are not correctly distributed after the Terminal Services Session Broker service runs for 25 or more days consecutively in Windows Server 2008","http://support.microsoft.com/kb/2522829"," ","No Rollup"
"aaedge.dll","RDS_gateway","6.0.6002.22719","1","21.09.2011","LDR","2620264 (v1.0)","You cannot start any RemoteApp applications through a Windows Server 2008-based or Windows Server 2008 R2-based TS gateway","http://support.microsoft.com/kb/2620264","2620264 (v1.0)","You cannot start any RemoteApp applications through a Windows Server 2008-based or Windows Server 2008 R2-based TS gateway","http://support.microsoft.com/kb/2620264"," ","No Rollup"
"lserver.dll","RDS_license","6.0.6002.22677","1","13.07.2011","LDR","2542272 (v1.0)","You receive a temporary TS CAL when the DN of a user account contains the forward slash-mark character in Windows Server 2008 if Per User licensing mode is used","http://support.microsoft.com/kb/2542272","2542272 (v1.0)","You receive a temporary TS CAL when the DN of a user account contains the forward slash-mark character in Windows Server 2008 if Per User licensing mode is used","http://support.microsoft.com/kb/2542272"," ","No Rollup"
"licmgr.exe","RDS_license","6.0.6002.23131","1","03.06.2013","LDRGDR","2855919 (v1.0)","New countries are added to the Activate Server wizard on a Windows Server 2012, Windows Server 2008 R2 SP1, or Windows Server 2008 SP2-based license server","http://support.microsoft.com/kb/2855919","983385 (v1.0)","Event ID 17 is logged in the System log on a TS Licensing server or on a RD Licensing server in Windows Server 2003 SP2, in Windows Server 2008, or in Windows Server 2008 R2","http://support.microsoft.com/kb/983385"," ","No Rollup"
"dxgkrnl.sys","RDS_host","7.0.6003.20617","1","12-Aug-2019","GDR","5017358","September 13, 2022-KB5017358 (Monthly Rollup)","http://support.microsoft.com/kb/5017358","No LDR Only available","No LDR Only available","No LDR Only available"," ","22-09Rollup"
"sessenv.dll","RDS_host","6.0.6002.23456","1","05.08.2014","LDR","2752618 (v1.0)","RDS client computer cannot connect to the RDS server by using a remote desktop connection in Windows 7 or in Windows Server 2008 R2","http://support.microsoft.com/kb/2752618","2752618 (v1.0)","RDS client computer cannot connect to the RDS server by using a remote desktop connection in Windows 7 or in Windows Server 2008 R2","http://support.microsoft.com/kb/2752618"," ","No Rollup"
"Profprov.dll","Dom_ProfProc","6.0.6003.20953","1","23-Sep-2020","GDR","5017358","September 13, 2022-KB5017358 (Monthly Rollup)","http://support.microsoft.com/kb/5017358","No LDR Only available","No LDR Only available","No LDR Only available"," ","22-09Rollup"
"Profsvc.dll","Dom_ProfProc","6.0.6003.20953","1","23-Sep-2020","GDR","5017358","September 13, 2022-KB5017358 (Monthly Rollup)","http://support.microsoft.com/kb/5017358","No LDR Only available","No LDR Only available","No LDR Only available"," ","22-09Rollup"
"4493730","Win2008_19_04_SSU_KB"," ","0","09-Apr-2020","LDR","4493730","Servicing stack update for Windows Server 2008 SP2: April 9, 2019","http://support.microsoft.com/kb/4493730","No LDR Only available","No LDR Only available","No LDR Only available"," ","No Rollup"
"4474419","Win2008_19_09_SHA_KB"," ","0","23-Sep-2019","LDR","4474419","SHA-2 code signing support update for Windows Server 2008 R2, Windows 7, and Windows Server 2008: September 23, 2019","http://support.microsoft.com/kb/4474419","No LDR Only available","No LDR Only available","No LDR Only available"," ","No Rollup"
"4534303","Win2008_20-01_B_last-non-ESU"," ","0","14-Jan-2020","GDR","4534303","January 14, 2020-KB4534303 (Monthly Rollup)","http://support.microsoft.com/kb/4534303","No LDR Only available","No LDR Only available","No LDR Only available"," ","20-01Rollup"
"4580971","Win2008_20_10_SSU_KB"," ","0","13-Oct-2020","LDR","4580971","Servicing stack update for Windows Server 2008 SP2: October 13, 2020","http://support.microsoft.com/kb/4580971","No LDR Only available","No LDR Only available","No LDR Only available"," ","No Rollup"
"4538484","Win2008_20_02_ESU_KB"," ","0","11-Feb-2020","LDR","4538484","Extended Security Updates (ESU) Licensing Preparation Package for Windows Server 2008 SP2","http://support.microsoft.com/kb/4538484","No LDR Only available","No LDR Only available","No LDR Only available"," ","No Rollup"
"4575904","Win2008_21_02_ESU_KB"," ","0","09-Feb-2021","LDR","4575904","Update for the Extended Security Updates (ESU) Licensing Preparation Package for Windows Server 2008 SP2","http://support.microsoft.com/kb/4575904","No LDR Only available","No LDR Only available","No LDR Only available"," ","No Rollup"
"5010452","Win2008_22_02_SSU_KB"," ","0","08-Feb-2022","LDR","5010452","KB5010452: Servicing stack update for Windows Server 2008 SP2: February 8, 2022","http://support.microsoft.com/kb/5010452","No LDR Only available","No LDR Only available","No LDR Only available"," ","No Rollup"
"5017358","Win2008_22-09_B_rollup_KB"," ","0","13-Sep-2022","GDR","5017358","September 13, 2022-KB5017358 (Monthly Rollup)","http://support.microsoft.com/kb/5017358","No LDR Only available","No LDR Only available","No LDR Only available"," ","22-09Rollup"
