"Binary","Component","Version","Prio","Published","Branch","Article","Title","Link","LDROnlyKB","LDROnlyTitle","LDROnlyLink","Comment","RollupInfo"
"Ntoskrnl.exe","Core_Kernel","6.2.14393.5989","0","02-Jun-2023","GDR","5027219","June 13, 2023-KB5027219 (OS Build 14393.5989)","http://support.microsoft.com/kb/5027219","No LDR Only available","No LDR Only available","No LDR Only available"," ","23-06Rollup"
"Ntkrnlpa.exe","Core_Kernel","6.2.14393.0","0","","RTM","5027219","","","","","","",""
"Crashdmp.sys","Core_Kernel","6.2.14393.351","0","14-Oct-2016","GDR","5027219","June 13, 2023-KB5027219 (OS Build 14393.5989)","http://support.microsoft.com/kb/5027219","No LDR Only available","No LDR Only available","No LDR Only available"," ","23-06Rollup"
"Ntfs.sys","Core_FileSystem","6.2.14393.5980","0","08-May-2023","GDR","5027219","June 13, 2023-KB5027219 (OS Build 14393.5989)","http://support.microsoft.com/kb/5027219","No LDR Only available","No LDR Only available","No LDR Only available"," ","23-06Rollup"
"dedup.sys","Core_FileSystem","6.2.14393.2828","0","17-Feb-2019","GDR","5027219","June 13, 2023-KB5027219 (OS Build 14393.5989)","http://support.microsoft.com/kb/5027219","No LDR Only available","No LDR Only available","No LDR Only available"," ","23-06Rollup"
"Robocopy.exe","Net_Applications","6.2.14393.5717","1","04-Feb-2023","GDR","5027219","June 13, 2023-KB5027219 (OS Build 14393.5989)","http://support.microsoft.com/kb/5027219","No LDR Only available","No LDR Only available","No LDR Only available"," ","23-06Rollup"
"srv.sys","Net_SMB_Server","6.2.14393.5717","0","04-Feb-2023","GDR","5027219","June 13, 2023-KB5027219 (OS Build 14393.5989)","http://support.microsoft.com/kb/5027219","No LDR Only available","No LDR Only available","No LDR Only available"," ","23-06Rollup"
"srv2.sys","Net_SMB_Server","6.2.14393.5717","0","04-Feb-2023","GDR","5027219","June 13, 2023-KB5027219 (OS Build 14393.5989)","http://support.microsoft.com/kb/5027219","No LDR Only available","No LDR Only available","No LDR Only available"," ","23-06Rollup"
"srvnet.sys","Net_SMB_Server","6.2.14393.5125","0","30-Apr-2022","GDR","5027219","June 13, 2023-KB5027219 (OS Build 14393.5989)","http://support.microsoft.com/kb/5027219","No LDR Only available","No LDR Only available","No LDR Only available"," ","23-06Rollup"
"Srvsvc.dll","Net_SMB_Server","6.2.14393.5980","0","09-May-2023","GDR","5027219","June 13, 2023-KB5027219 (OS Build 14393.5989)","http://support.microsoft.com/kb/5027219","No LDR Only available","No LDR Only available","No LDR Only available"," ","23-06Rollup"
"Mrxsmb.sys","Net_SMB_Client","6.2.14393.5921","0","05-May-2023","GDR","5027219","June 13, 2023-KB5027219 (OS Build 14393.5989)","http://support.microsoft.com/kb/5027219","No LDR Only available","No LDR Only available","No LDR Only available"," ","23-06Rollup"
"Mrxsmb10.sys","Net_SMB_Client","6.2.14393.5066","0","02-Apr-2022","GDR","5027219","June 13, 2023-KB5027219 (OS Build 14393.5989)","http://support.microsoft.com/kb/5027219","No LDR Only available","No LDR Only available","No LDR Only available"," ","23-06Rollup"
"Mrxsmb20.sys","Net_SMB_Client","6.2.14393.5427","0","30-Sep-2022","GDR","5027219","June 13, 2023-KB5027219 (OS Build 14393.5989)","http://support.microsoft.com/kb/5027219","No LDR Only available","No LDR Only available","No LDR Only available"," ","23-06Rollup"
"Rdbss.sys","Net_SMB_Client","6.2.14393.4651","0","12-Sep-2021","GDR","5027219","June 13, 2023-KB5027219 (OS Build 14393.5989)","http://support.microsoft.com/kb/5027219","No LDR Only available","No LDR Only available","No LDR Only available"," ","23-06Rollup"
"Netbt.sys","Net_SMB_Client","6.2.14393.3986","0","02-Oct-2020","GDR","5027219","June 13, 2023-KB5027219 (OS Build 14393.5989)","http://support.microsoft.com/kb/5027219","No LDR Only available","No LDR Only available","No LDR Only available"," ","23-06Rollup"
"Mup.sys","Net_SMB_Client","6.2.14393.4169","0","07-Jan-2021","GDR","5027219","June 13, 2023-KB5027219 (OS Build 14393.5989)","http://support.microsoft.com/kb/5027219","No LDR Only available","No LDR Only available","No LDR Only available"," ","23-06Rollup"
"wkssvc.dll","Net_SMB_Client","6.2.14393.5427","0","30-Sep-2022","GDR","5027219","June 13, 2023-KB5027219 (OS Build 14393.5989)","http://support.microsoft.com/kb/5027219","No LDR Only available","No LDR Only available","No LDR Only available"," ","23-06Rollup"
"Mpr.dll","Net_SMB_Client","6.2.14393.2879","0","14-Mar-2019","GDR","5027219","June 13, 2023-KB5027219 (OS Build 14393.5989)","http://support.microsoft.com/kb/5027219","No LDR Only available","No LDR Only available","No LDR Only available"," ","23-06Rollup"
"NtLanman.dll","Net_SMB_Client","6.2.14393.2879","0","13-Mar-2019","GDR","5027219","June 13, 2023-KB5027219 (OS Build 14393.5989)","http://support.microsoft.com/kb/5027219","No LDR Only available","No LDR Only available","No LDR Only available"," ","23-06Rollup"
"Tcpip.sys","Net_Protocol","6.2.14393.5980","0","09-May-2023","GDR","5027219","June 13, 2023-KB5027219 (OS Build 14393.5989)","http://support.microsoft.com/kb/5027219","No LDR Only available","No LDR Only available","No LDR Only available"," ","23-06Rollup"
"Afd.sys","Net_Protocol","6.2.14393.5850","0","30-Mar-2023","GDR","5027219","June 13, 2023-KB5027219 (OS Build 14393.5989)","http://support.microsoft.com/kb/5027219","No LDR Only available","No LDR Only available","No LDR Only available"," ","23-06Rollup"
"Netio.sys","Net_Protocol","6.2.14393.5980","0","09-May-2023","GDR","5027219","June 13, 2023-KB5027219 (OS Build 14393.5989)","http://support.microsoft.com/kb/5027219","No LDR Only available","No LDR Only available","No LDR Only available"," ","23-06Rollup"
"Ndis.sys","Net_Protocol","6.2.14393.4046","0","29-Oct-2020","GDR","5027219","June 13, 2023-KB5027219 (OS Build 14393.5989)","http://support.microsoft.com/kb/5027219","No LDR Only available","No LDR Only available","No LDR Only available"," ","23-06Rollup"
"Netiohlp.dll","Net_Protocol","6.2.14393.2515","0","30-Aug-2018","GDR","5027219","June 13, 2023-KB5027219 (OS Build 14393.5989)","http://support.microsoft.com/kb/5027219","No LDR Only available","No LDR Only available","No LDR Only available"," ","23-06Rollup"
"Tdx.sys","Net_Protocol","6.2.14393.4651","0","12-Sep-2021","GDR","5027219","June 13, 2023-KB5027219 (OS Build 14393.5989)","http://support.microsoft.com/kb/5027219","No LDR Only available","No LDR Only available","No LDR Only available"," ","23-06Rollup"
"Iphlpapi.dll","Net_Protocol","6.2.14393.2339","0","12-Jun-2018","GDR","5027219","June 13, 2023-KB5027219 (OS Build 14393.5989)","http://support.microsoft.com/kb/5027219","No LDR Only available","No LDR Only available","No LDR Only available"," ","23-06Rollup"
"Tunnel.sys","Net_IPv6","6.2.14393.185","1","11-Apr-2023","GDR","5027219","June 13, 2023-KB5027219 (OS Build 14393.5989)","http://support.microsoft.com/kb/5027219","No LDR Only available","No LDR Only available","No LDR Only available","rEX","23-06Rollup"
"Dhcpcore6.dll","Net_IPv6","6.2.14393.5427","1","30-Sep-2022","GDR","5027219","June 13, 2023-KB5027219 (OS Build 14393.5989)","http://support.microsoft.com/kb/5027219","No LDR Only available","No LDR Only available","No LDR Only available"," ","23-06Rollup"
"Dhcpcsvc6.dll","Net_IPv6","6.2.14393.5427","1","30-Sep-2022","GDR","5027219","June 13, 2023-KB5027219 (OS Build 14393.5989)","http://support.microsoft.com/kb/5027219","No LDR Only available","No LDR Only available","No LDR Only available"," ","23-06Rollup"
"Nlasvc.dll","Net_NLA","6.2.14393.5127","0","11-Oct-2022","GDR","5027219","June 13, 2023-KB5027219 (OS Build 14393.5989)","http://support.microsoft.com/kb/5027219","No LDR Only available","No LDR Only available","No LDR Only available","rEX","23-06Rollup"
"Ncsi.dll","Net_NLA","6.2.14393.5127","0","11-Oct-2022","GDR","5027219","June 13, 2023-KB5027219 (OS Build 14393.5989)","http://support.microsoft.com/kb/5027219","No LDR Only available","No LDR Only available","No LDR Only available","rEX","23-06Rollup"
"Nlaapi.dll","Net_NLA","6.2.14393.5127","0","09-Aug-2022","GDR","5027219","June 13, 2023-KB5027219 (OS Build 14393.5989)","http://support.microsoft.com/kb/5027219","No LDR Only available","No LDR Only available","No LDR Only available","rEX","23-06Rollup"
"Msv1_0.dll","Dom_NTLM","6.2.14393.5921","1","04-May-2023","GDR","5027219","June 13, 2023-KB5027219 (OS Build 14393.5989)","http://support.microsoft.com/kb/5027219","No LDR Only available","No LDR Only available","No LDR Only available"," ","23-06Rollup"
"Dns.exe","Net_DNS_Srv","6.2.14393.5980","0","09-May-2023","GDR","5027219","June 13, 2023-KB5027219 (OS Build 14393.5989)","http://support.microsoft.com/kb/5027219","No LDR Only available","No LDR Only available","No LDR Only available"," ","23-06Rollup"
"Dhcpssvc.dll","Net_DHCP_Srv","6.2.14393.5980","0","09-May-2023","GDR","5027219","June 13, 2023-KB5027219 (OS Build 14393.5989)","http://support.microsoft.com/kb/5027219","No LDR Only available","No LDR Only available","No LDR Only available"," ","23-06Rollup"
"Dfssvc.exe","Net_DFS-N_Srv","6.2.14393.4825","0","03-Dec-2021","GDR","5027219","June 13, 2023-KB5027219 (OS Build 14393.5989)","http://support.microsoft.com/kb/5027219","No LDR Only available","No LDR Only available","No LDR Only available"," ","23-06Rollup"
"Nfssvc.exe","Net_NFS_Srv","6.2.14393.5921","0","05-May-2023","GDR","5027219","June 13, 2023-KB5027219 (OS Build 14393.5989)","http://support.microsoft.com/kb/5027219","No LDR Only available","No LDR Only available","No LDR Only available"," ","23-06Rollup"
"Nfssvr.sys","Net_NFS_Srv","6.2.14393.5921","0","05-May-2023","GDR","5027219","June 13, 2023-KB5027219 (OS Build 14393.5989)","http://support.microsoft.com/kb/5027219","No LDR Only available","No LDR Only available","No LDR Only available"," ","23-06Rollup"
"Msnfsflt.sys","Net_NFS_Srv","6.2.14393.82","0","14-Sep-21","GDR","5027219","June 13, 2023-KB5027219 (OS Build 14393.5989)","http://support.microsoft.com/kb/5027219","No LDR Only available","No LDR Only available","No LDR Only available","rEX","23-06Rollup"
"portmap.sys","Net_NFS_Srv","6.2.14393.5921","0","05-May-2023","GDR","5027219","June 13, 2023-KB5027219 (OS Build 14393.5989)","http://support.microsoft.com/kb/5027219","No LDR Only available","No LDR Only available","No LDR Only available"," ","23-06Rollup"
"rpcxdr.sys","Net_NFS_Srv","6.2.14393.5980","0","09-May-2023","GDR","5027219","June 13, 2023-KB5027219 (OS Build 14393.5989)","http://support.microsoft.com/kb/5027219","No LDR Only available","No LDR Only available","No LDR Only available"," ","23-06Rollup"
"Nlb.sys","Net_NLB_Srv","6.2.14393.5850","0","30-Mar-2023","GDR","5027219","June 13, 2023-KB5027219 (OS Build 14393.5989)","http://support.microsoft.com/kb/5027219","No LDR Only available","No LDR Only available","No LDR Only available"," ","23-06Rollup"
"Csc.sys","Net_CSC_Offline","6.2.14393.4169","1","07-Jan-2021","GDR","5027219","June 13, 2023-KB5027219 (OS Build 14393.5989)","http://support.microsoft.com/kb/5027219","No LDR Only available","No LDR Only available","No LDR Only available"," ","23-06Rollup"
"Cscapi.dll","Net_CSC_Offline","6.2.14393.185","1","11-Apr-2023","GDR","5027219","June 13, 2023-KB5027219 (OS Build 14393.5989)","http://support.microsoft.com/kb/5027219","No LDR Only available","No LDR Only available","No LDR Only available","rEX","23-06Rollup"
"Cscdll.dll","Net_CSC_Offline","6.2.14393.185","1","11-Apr-2023","GDR","5027219","June 13, 2023-KB5027219 (OS Build 14393.5989)","http://support.microsoft.com/kb/5027219","No LDR Only available","No LDR Only available","No LDR Only available","rEX","23-06Rollup"
"Cscsvc.dll","Net_CSC_Offline","6.2.14393.4402","1","26-Apr-2021","GDR","5027219","June 13, 2023-KB5027219 (OS Build 14393.5989)","http://support.microsoft.com/kb/5027219","No LDR Only available","No LDR Only available","No LDR Only available"," ","23-06Rollup"
"Cscmig.dll","Net_CSC_Offline","6.2.14393.4169","1","07-Jan-2021","GDR","5027219","June 13, 2023-KB5027219 (OS Build 14393.5989)","http://support.microsoft.com/kb/5027219","No LDR Only available","No LDR Only available","No LDR Only available"," ","23-06Rollup"
"Cscui.dll","Net_CSC_Offline","6.2.14393.5127","1","15-May-2022","GDR","5027219","June 13, 2023-KB5027219 (OS Build 14393.5989)","http://support.microsoft.com/kb/5027219","No LDR Only available","No LDR Only available","No LDR Only available"," ","23-06Rollup"
"Mrxdav.sys","Net_WebDAV","6.2.14393.321","1","05-Oct-2016","GDR","5027219","June 13, 2023-KB5027219 (OS Build 14393.5989)","http://support.microsoft.com/kb/5027219","No LDR Only available","No LDR Only available","No LDR Only available"," ","23-06Rollup"
"Webclnt.dll","Net_WebDAV","6.2.14393.2515","1","30-Aug-2018","GDR","5027219","June 13, 2023-KB5027219 (OS Build 14393.5989)","http://support.microsoft.com/kb/5027219","No LDR Only available","No LDR Only available","No LDR Only available"," ","23-06Rollup"
"Davclnt.dll","Net_WebDAV","6.2.14393.2515","1","30-Aug-2018","GDR","5027219","June 13, 2023-KB5027219 (OS Build 14393.5989)","http://support.microsoft.com/kb/5027219","No LDR Only available","No LDR Only available","No LDR Only available"," ","23-06Rollup"
"Shell32.dll","Net_WebDAV","6.2.14393.5921","1","09-May-2023","GDR","5027219","June 13, 2023-KB5027219 (OS Build 14393.5989)","http://support.microsoft.com/kb/5027219","No LDR Only available","No LDR Only available","No LDR Only available","rEX","23-06Rollup"
"Winhttp.dll","Net_WebDAV","6.2.14393.5127","1","15-May-2022","GDR","5027219","June 13, 2023-KB5027219 (OS Build 14393.5989)","http://support.microsoft.com/kb/5027219","No LDR Only available","No LDR Only available","No LDR Only available"," ","23-06Rollup"
"Dfsc.sys","Net_DFS-N_Client","6.2.14393.5717","0","03-Feb-2023","GDR","5027219","June 13, 2023-KB5027219 (OS Build 14393.5989)","http://support.microsoft.com/kb/5027219","No LDR Only available","No LDR Only available","No LDR Only available"," ","23-06Rollup"
"Dhcpcore.dll","Net_DHCP_Client","6.2.14393.5427","1","30-Sep-2022","GDR","5027219","June 13, 2023-KB5027219 (OS Build 14393.5989)","http://support.microsoft.com/kb/5027219","No LDR Only available","No LDR Only available","No LDR Only available"," ","23-06Rollup"
"Dhcpcsvc.dll","Net_DHCP_Client","6.2.14393.5427","1","30-Sep-2022","GDR","5027219","June 13, 2023-KB5027219 (OS Build 14393.5989)","http://support.microsoft.com/kb/5027219","No LDR Only available","No LDR Only available","No LDR Only available"," ","23-06Rollup"
"Gpprefcl.dll","Dom_GPP","6.2.14393.5980","1","09-May-2023","GDR","5027219","June 13, 2023-KB5027219 (OS Build 14393.5989)","http://support.microsoft.com/kb/5027219","No LDR Only available","No LDR Only available","No LDR Only available"," ","23-06Rollup"
"Gpme.dll","Dom_GPP","6.2.14393.5582","1","01-Dec-2022","GDR","5027219","June 13, 2023-KB5027219 (OS Build 14393.5989)","http://support.microsoft.com/kb/5027219","No LDR Only available","No LDR Only available","No LDR Only available"," ","23-06Rollup"
"Gppref.dll","Dom_GPP","6.2.14393.5921","1","05-May-2023","GDR","5027219","June 13, 2023-KB5027219 (OS Build 14393.5989)","http://support.microsoft.com/kb/5027219","No LDR Only available","No LDR Only available","No LDR Only available"," ","23-06Rollup"
"Gpprefbr.dll","Dom_GPP","6.2.14393.5921","1","05-May-2023","GDR","5027219","June 13, 2023-KB5027219 (OS Build 14393.5989)","http://support.microsoft.com/kb/5027219","No LDR Only available","No LDR Only available","No LDR Only available"," ","23-06Rollup"
"Gpprefcn.dll","Dom_GPP","6.2.14393.5427","1","30-Sep-2022","GDR","5027219","June 13, 2023-KB5027219 (OS Build 14393.5989)","http://support.microsoft.com/kb/5027219","No LDR Only available","No LDR Only available","No LDR Only available"," ","23-06Rollup"
"Gpregistrybrowser.dll","Dom_GPP","6.2.14393.4169","1","07-Jan-2021","GDR","5027219","June 13, 2023-KB5027219 (OS Build 14393.5989)","http://support.microsoft.com/kb/5027219","No LDR Only available","No LDR Only available","No LDR Only available"," ","23-06Rollup"
"Propshts.dll","Dom_GPP","6.2.14393.5921","1","05-May-2023","GDR","5027219","June 13, 2023-KB5027219 (OS Build 14393.5989)","http://support.microsoft.com/kb/5027219","No LDR Only available","No LDR Only available","No LDR Only available"," ","23-06Rollup"
"Profprov.dll","Dom_ProfProc","6.2.14393.185","1","11-Apr-2023","GDR","5027219","June 13, 2023-KB5027219 (OS Build 14393.5989)","http://support.microsoft.com/kb/5027219","No LDR Only available","No LDR Only available","No LDR Only available","rEX","23-06Rollup"
"Profsvc.dll","Dom_ProfProc","6.2.14393.5850","1","30-Mar-2023","GDR","5027219","June 13, 2023-KB5027219 (OS Build 14393.5989)","http://support.microsoft.com/kb/5027219","No LDR Only available","No LDR Only available","No LDR Only available"," ","23-06Rollup"
"Kerberos.dll","Dom_KERBEROS","6.2.14393.5921","0","04-May-2023","GDR","5027219","June 13, 2023-KB5027219 (OS Build 14393.5989)","http://support.microsoft.com/kb/5027219","No LDR Only available","No LDR Only available","No LDR Only available"," ","23-06Rollup"
"Nfsclnt.exe","Net_NFS_Client","6.2.14393.3241","1","11-Sep-2019","GDR","5027219","June 13, 2023-KB5027219 (OS Build 14393.5989)","http://support.microsoft.com/kb/5027219","No LDR Only available","No LDR Only available","No LDR Only available"," ","23-06Rollup"
"Nfsnp.dll","Net_NFS_Client","6.2.14393.0","1","16-Jul-2016","GDR","5027219","June 13, 2023-KB5027219 (OS Build 14393.5989)","http://support.microsoft.com/kb/5027219","No LDR Only available","No LDR Only available","No LDR Only available"," ","23-06Rollup"
"Nfsrdr.sys","Net_NFS_Client","6.2.14393.5921","1","04-May-2023","GDR","5027219","June 13, 2023-KB5027219 (OS Build 14393.5989)","http://support.microsoft.com/kb/5027219","No LDR Only available","No LDR Only available","No LDR Only available"," ","23-06Rollup"
"Psxdll.dll","Net_Posix","6.2.14393.0","1","","RTM","5027219","","","","","","",""
"Psxdllsvr.dll","Net_Posix","6.2.14393.0","1","","RTM","5027219","","","","","","",""
"Psxss.exe","Net_Posix","6.2.14393.0","1","","RTM","5027219","","","","","","",""
"Posix.exe","Net_Posix","6.2.14393.0","1","","RTM","5027219","","","","","","",""
"dnsapi.dll","Net_DNS_Client","6.2.14393.4350","1","08-Apr-2021","GDR","5027219","June 13, 2023-KB5027219 (OS Build 14393.5989)","http://support.microsoft.com/kb/5027219","No LDR Only available","No LDR Only available","No LDR Only available"," ","23-06Rollup"
"dnsrslvr.dll","Net_DNS_Client","6.2.14393.4350","1","08-Apr-2021","GDR","5027219","June 13, 2023-KB5027219 (OS Build 14393.5989)","http://support.microsoft.com/kb/5027219","No LDR Only available","No LDR Only available","No LDR Only available"," ","23-06Rollup"
"Dnscacheugc.exe","Net_DNS_Client","6.2.14393.185","1","11-Apr-2023","GDR","5027219","June 13, 2023-KB5027219 (OS Build 14393.5989)","http://support.microsoft.com/kb/5027219","No LDR Only available","No LDR Only available","No LDR Only available","rEX","23-06Rollup"
"Rpcss.dll","Net_RPC","6.2.14393.5786","1","08-Mar-2023","GDR","5027219","June 13, 2023-KB5027219 (OS Build 14393.5989)","http://support.microsoft.com/kb/5027219","No LDR Only available","No LDR Only available","No LDR Only available"," ","23-06Rollup"
"Rpchttp.dll","Net_RPC","6.2.14393.5786","1","09-Mar-2023","GDR","5027219","June 13, 2023-KB5027219 (OS Build 14393.5989)","http://support.microsoft.com/kb/5027219","No LDR Only available","No LDR Only available","No LDR Only available"," ","23-06Rollup"
"Rpcrt4.dll","Net_RPC","6.2.14393.5921","1","04-May-2023","GDR","5027219","June 13, 2023-KB5027219 (OS Build 14393.5989)","http://support.microsoft.com/kb/5027219","No LDR Only available","No LDR Only available","No LDR Only available"," ","23-06Rollup"
"Bfe.dll","Net_Ipsec_BFE","6.2.14393.4770","1","02-Nov-2021","GDR","5027219","June 13, 2023-KB5027219 (OS Build 14393.5989)","http://support.microsoft.com/kb/5027219","No LDR Only available","No LDR Only available","No LDR Only available"," ","23-06Rollup"
"Ikeext.dll","Net_Ipsec_BFE","6.2.14393.5980","1","09-May-2023","GDR","5027219","June 13, 2023-KB5027219 (OS Build 14393.5989)","http://support.microsoft.com/kb/5027219","No LDR Only available","No LDR Only available","No LDR Only available"," ","23-06Rollup"
"Fwpuclnt.dll","Net_Ipsec_BFE","6.2.14393.185","1","13-Sep-2022","GDR","5027219","June 13, 2023-KB5027219 (OS Build 14393.5989)","http://support.microsoft.com/kb/5027219","No LDR Only available","No LDR Only available","No LDR Only available","rEX","23-06Rollup"
"Iphlpsvc.dll","Net_DirectAccess_Client","6.2.14393.4770","1","01-Nov-2021","GDR","5027219","June 13, 2023-KB5027219 (OS Build 14393.5989)","http://support.microsoft.com/kb/5027219","No LDR Only available","No LDR Only available","No LDR Only available"," ","23-06Rollup"
"Iphlpsvcmigplugin.dll","Net_DirectAccess_Client","6.2.14393.0","1","","RTM","5027219","","","","","","",""
"Netcorehc.dll","Net_DirectAccess_Client","6.2.14393.4169","1","07-Jan-2021","GDR","5027219","June 13, 2023-KB5027219 (OS Build 14393.5989)","http://support.microsoft.com/kb/5027219","No LDR Only available","No LDR Only available","No LDR Only available"," ","23-06Rollup"
"Daotpcredentialprovider.dll","Net_DirectAccess_Client","6.2.14393.185","1","11-Apr-2023","GDR","5027219","June 13, 2023-KB5027219 (OS Build 14393.5989)","http://support.microsoft.com/kb/5027219","No LDR Only available","No LDR Only available","No LDR Only available","rEX","23-06Rollup"
"Rdpcore.dll","Net_DirectAccess_Client","6.2.14393.5980","1","08-May-2023","GDR","5027219","June 13, 2023-KB5027219 (OS Build 14393.5989)","http://support.microsoft.com/kb/5027219","No LDR Only available","No LDR Only available","No LDR Only available"," ","23-06Rollup"
"Damgmt.dll","Net_DirectAccess_Srv","6.2.14393.4046","1","29-Oct-2020","GDR","5027219","June 13, 2023-KB5027219 (OS Build 14393.5989)","http://support.microsoft.com/kb/5027219","No LDR Only available","No LDR Only available","No LDR Only available"," ","23-06Rollup"
"Ramgmtui.exe","Net_DirectAccess_Srv","6.2.14393.4046","1","29-Oct-2020","GDR","5027219","June 13, 2023-KB5027219 (OS Build 14393.5989)","http://support.microsoft.com/kb/5027219","No LDR Only available","No LDR Only available","No LDR Only available"," ","23-06Rollup"
"Ramgmtsvc.dll","Net_DirectAccess_Srv","6.2.14393.0","1","","RTM","5027219","","","","","","",""
"Rasclusterres.dll","Net_DirectAccess_Srv","6.2.14393.0","1","","RTM","5027219","","","","","","",""
"Raserverpsprovider.dll","Net_DirectAccess_Srv","6.2.14393.0","1","","RTM","5027219","","","","","","",""
"dot3svc.dll","Net_IEEE802.1x","6.2.14393.4169","1","07-Jan-2021","GDR","5027219","June 13, 2023-KB5027219 (OS Build 14393.5989)","http://support.microsoft.com/kb/5027219","No LDR Only available","No LDR Only available","No LDR Only available"," ","23-06Rollup"
"Rastls.dll","Net_IEEE802.1x","6.2.14393.5717","1","04-Feb-2023","GDR","5027219","June 13, 2023-KB5027219 (OS Build 14393.5989)","http://support.microsoft.com/kb/5027219","No LDR Only available","No LDR Only available","No LDR Only available"," ","23-06Rollup"
"wlansvc.dll","Net_WLAN_Client","6.2.14393.5427","1","30-Sep-2022","GDR","5027219","June 13, 2023-KB5027219 (OS Build 14393.5989)","http://support.microsoft.com/kb/5027219","No LDR Only available","No LDR Only available","No LDR Only available"," ","23-06Rollup"
"wlanmsm.dll","Net_WLAN_Client","6.2.14393.5125","1","30-Apr-2022","GDR","5027219","June 13, 2023-KB5027219 (OS Build 14393.5989)","http://support.microsoft.com/kb/5027219","No LDR Only available","No LDR Only available","No LDR Only available"," ","23-06Rollup"
"wlanapi.dll","Net_WLAN_Client","6.2.14393.5125","1","30-Apr-2022","GDR","5027219","June 13, 2023-KB5027219 (OS Build 14393.5989)","http://support.microsoft.com/kb/5027219","No LDR Only available","No LDR Only available","No LDR Only available"," ","23-06Rollup"
"wlansec.dll","Net_WLAN_Client","6.2.14393.5125","1","30-Apr-2022","GDR","5027219","June 13, 2023-KB5027219 (OS Build 14393.5989)","http://support.microsoft.com/kb/5027219","No LDR Only available","No LDR Only available","No LDR Only available"," ","23-06Rollup"
"wlansvcpal.dll","Net_WLAN_Client","6.2.14393.82","1","14-Nov-21","GDR","5027219","June 13, 2023-KB5027219 (OS Build 14393.5989)","http://support.microsoft.com/kb/5027219","No LDR Only available","No LDR Only available","No LDR Only available","rEX","23-06Rollup"
"wlanhlp.dll","Net_WLAN_Client","6.2.14393.82","1","14-Nov-21","GDR","5027219","June 13, 2023-KB5027219 (OS Build 14393.5989)","http://support.microsoft.com/kb/5027219","No LDR Only available","No LDR Only available","No LDR Only available","rEX","23-06Rollup"
"Netcfgx.dll","Net_Config","6.2.14393.4169","1","07-Jan-2021","GDR","5027219","June 13, 2023-KB5027219 (OS Build 14393.5989)","http://support.microsoft.com/kb/5027219","No LDR Only available","No LDR Only available","No LDR Only available"," ","23-06Rollup"
"Rasapi32.dll","HNV_Net","6.2.14393.4283","1","03-Mar-2021","GDR","5027219","June 13, 2023-KB5027219 (OS Build 14393.5989)","http://support.microsoft.com/kb/5027219","No LDR Only available","No LDR Only available","No LDR Only available"," ","23-06Rollup"
"Mprapi.dll","HNV_Net","6.2.14393.206","1","15-Sep-2016","GDR","5027219","June 13, 2023-KB5027219 (OS Build 14393.5989)","http://support.microsoft.com/kb/5027219","No LDR Only available","No LDR Only available","No LDR Only available"," ","23-06Rollup"
"WebIo.dll","Net_BranchCache","6.2.14393.3866","1","06-Aug-2020","GDR","5027219","June 13, 2023-KB5027219 (OS Build 14393.5989)","http://support.microsoft.com/kb/5027219","No LDR Only available","No LDR Only available","No LDR Only available"," ","23-06Rollup"
"Smbhash.exe","Net_BranchCache","6.2.14393.0","1","","RTM","5027219","","","","","","",""
"Pacer.sys","Net_QoS","6.2.14393.3241","1","11-Sep-2019","GDR","5027219","June 13, 2023-KB5027219 (OS Build 14393.5989)","http://support.microsoft.com/kb/5027219","No LDR Only available","No LDR Only available","No LDR Only available"," ","23-06Rollup"
"Mpsdrv.sys","Net_Firewall","6.2.14393.2485","1","28-Aug-2018","GDR","5027219","June 13, 2023-KB5027219 (OS Build 14393.5989)","http://support.microsoft.com/kb/5027219","No LDR Only available","No LDR Only available","No LDR Only available"," ","23-06Rollup"
"MpsSvc.dll","Net_Firewall","6.2.14393.4704","1","04-Oct-2021","GDR","5027219","June 13, 2023-KB5027219 (OS Build 14393.5989)","http://support.microsoft.com/kb/5027219","No LDR Only available","No LDR Only available","No LDR Only available"," ","23-06Rollup"
"qmgr.dll","Net_BiTS","7.8.14393.4402","1","27-Apr-2021","GDR","5027219","June 13, 2023-KB5027219 (OS Build 14393.5989)","http://support.microsoft.com/kb/5027219","No LDR Only available","No LDR Only available","No LDR Only available"," ","23-06Rollup"
"rasmans.dll","Net_VPN","6.2.14393.5356","1","06-Sep-2022","GDR","5027219","June 13, 2023-KB5027219 (OS Build 14393.5989)","http://support.microsoft.com/kb/5027219","No LDR Only available","No LDR Only available","No LDR Only available"," ","23-06Rollup"
"Vmswitch.sys","Hyper-V_Net","6.2.14393.5427","1","30-Sep-2022","GDR","5027219","June 13, 2023-KB5027219 (OS Build 14393.5989)","http://support.microsoft.com/kb/5027219","No LDR Only available","No LDR Only available","No LDR Only available"," ","23-06Rollup"
"Mslbfoprovider.sys","Hyper-V_Net","6.2.14393.185","1","13-Sep-2022","GDR","5027219","June 13, 2023-KB5027219 (OS Build 14393.5989)","http://support.microsoft.com/kb/5027219","No LDR Only available","No LDR Only available","No LDR Only available","rEX","23-06Rollup"
"Wnv.sys","Hyper-V_Net","6.2.14393.5921","1","05-May-2023","GDR","5027219","June 13, 2023-KB5027219 (OS Build 14393.5989)","http://support.microsoft.com/kb/5027219","No LDR Only available","No LDR Only available","No LDR Only available"," ","23-06Rollup"
"Vmsntfy.dll","Hyper-V_Net","6.2.14393.0","1","","RTM","5027219","","","","","","",""
"Ndisimplatform.sys","Hyper-V_Net","6.2.14393.2608","1","09-Aug-2022","GDR","5027219","June 13, 2023-KB5027219 (OS Build 14393.5989)","http://support.microsoft.com/kb/5027219","No LDR Only available","No LDR Only available","No LDR Only available","rEX","23-06Rollup"
"Vmms.exe","Hyper-V_Net","6.2.14393.5850","1","30-Mar-2023","GDR","5027219","June 13, 2023-KB5027219 (OS Build 14393.5989)","http://support.microsoft.com/kb/5027219","No LDR Only available","No LDR Only available","No LDR Only available"," ","23-06Rollup"
"Winnat.sys","Hyper-V_Net","6.2.14393.4704","1","05-Oct-2021","GDR","5027219","June 13, 2023-KB5027219 (OS Build 14393.5989)","http://support.microsoft.com/kb/5027219","No LDR Only available","No LDR Only available","No LDR Only available"," ","23-06Rollup"
"pvhdparser.sys","Hyper-V_Net","6.2.14393.5921","1","05-May-2023","GDR","5027219","June 13, 2023-KB5027219 (OS Build 14393.5989)","http://support.microsoft.com/kb/5027219","No LDR Only available","No LDR Only available","No LDR Only available"," ","23-06Rollup"
"Wmisvc.dll","Hyper-V_Net","6.2.14393.3866","1","07-Aug-2020","GDR","5027219","June 13, 2023-KB5027219 (OS Build 14393.5989)","http://support.microsoft.com/kb/5027219","No LDR Only available","No LDR Only available","No LDR Only available"," ","23-06Rollup"
"Vmbus.sys","Hyper-V_Net","6.2.14393.2007","1","31-Dec-2017","GDR","5027219","June 13, 2023-KB5027219 (OS Build 14393.5989)","http://support.microsoft.com/kb/5027219","No LDR Only available","No LDR Only available","No LDR Only available"," ","23-06Rollup"
"WorkFolders.exe","Net_WorkFolders","6.2.14393.4169","1","07-Jan-2021","GDR","5027219","June 13, 2023-KB5027219 (OS Build 14393.5989)","http://support.microsoft.com/kb/5027219","No LDR Only available","No LDR Only available","No LDR Only available"," ","23-06Rollup"
"WorkFoldersshell.dll","Net_WorkFolders","6.2.14393.5066","1","02-Apr-2022","GDR","5027219","June 13, 2023-KB5027219 (OS Build 14393.5989)","http://support.microsoft.com/kb/5027219","No LDR Only available","No LDR Only available","No LDR Only available"," ","23-06Rollup"
"WorkFolderssvc.dll","Net_WorkFolders","6.2.14393.5066","1","02-Apr-2022","GDR","5027219","June 13, 2023-KB5027219 (OS Build 14393.5989)","http://support.microsoft.com/kb/5027219","No LDR Only available","No LDR Only available","No LDR Only available"," ","23-06Rollup"
"WorkFolderscontrol.dll","Net_WorkFolders","6.2.14393.5066","1","02-Apr-2022","GDR","5027219","June 13, 2023-KB5027219 (OS Build 14393.5989)","http://support.microsoft.com/kb/5027219","No LDR Only available","No LDR Only available","No LDR Only available"," ","23-06Rollup"
"WorkFoldersGPExt.dll","Net_WorkFolders","6.2.14393.953","1","04-Mar-2017","GDR","5027219","June 13, 2023-KB5027219 (OS Build 14393.5989)","http://support.microsoft.com/kb/5027219","No LDR Only available","No LDR Only available","No LDR Only available"," ","23-06Rollup"
"Syncsharesvc.dll","Net_WorkFolders","6.2.14393.5980","1","09-May-2023","GDR","5027219","June 13, 2023-KB5027219 (OS Build 14393.5989)","http://support.microsoft.com/kb/5027219","No LDR Only available","No LDR Only available","No LDR Only available"," ","23-06Rollup"
"Syncsharesrv.dll","Net_WorkFolders","6.2.14393.5980","1","09-May-2023","GDR","5027219","June 13, 2023-KB5027219 (OS Build 14393.5989)","http://support.microsoft.com/kb/5027219","No LDR Only available","No LDR Only available","No LDR Only available"," ","23-06Rollup"
"Syncsharettlib.dll","Net_WorkFolders","6.2.14393.5980","1","09-May-2023","GDR","5027219","June 13, 2023-KB5027219 (OS Build 14393.5989)","http://support.microsoft.com/kb/5027219","No LDR Only available","No LDR Only available","No LDR Only available"," ","23-06Rollup"
"Syncsharettsvc.exe","Net_WorkFolders","6.2.14393.5980","1","09-May-2023","GDR","5027219","June 13, 2023-KB5027219 (OS Build 14393.5989)","http://support.microsoft.com/kb/5027219","No LDR Only available","No LDR Only available","No LDR Only available"," ","23-06Rollup"
"5005698","Win2016RS1_21_09_SSU_KB"," ","0","14-Sep-2021","GDR","5005698","KB5005698: Servicing stack update for Windows 10, version 1607: September 14, 2021","http://support.microsoft.com/kb/5005698","No LDR Only available","No LDR Only available","No LDR Only available"," ","No Rollup"
"5027219","Win2016RS1_23-06_B_rollup_KB"," ","0","13-Jun-2023","GDR","5027219","June 13, 2023-KB5027219 (OS Build 14393.5989)","http://support.microsoft.com/kb/5027219","No LDR Only available","No LDR Only available","No LDR Only available"," ","23-06Rollup"
