"Binary","Component","Version","Prio","Published","Branch","Article","Title","Link","LDROnlyKB","LDROnlyTitle","LDROnlyLink","Comment","RollupInfo"
"Ntoskrnl.exe","Core_Kernel","6.2.20348.1547","0","03-Feb-2023","GDR","5022842","February 14, 2023-KB5022842 (OS Build 20348.1547)","http://support.microsoft.com/kb/5022842","No LDR Only available","No LDR Only available","No LDR Only available"," ","23-02Rollup"
"Ntkrnlpa.exe","Core_Kernel","6.2.20348.1","0","","RTM","5022842","","","","","","",""
"Crashdmp.sys","Core_Kernel","6.2.20348.946","0","03-Feb-2023","GDR","5022842","February 14, 2023-KB5022842 (OS Build 20348.1547)","http://support.microsoft.com/kb/5022842","No LDR Only available","No LDR Only available","No LDR Only available"," ","23-02Rollup"
"Ntfs.sys","Core_FileSystem","6.2.20348.1547","0","03-Feb-2023","GDR","5022842","February 14, 2023-KB5022842 (OS Build 20348.1547)","http://support.microsoft.com/kb/5022842","No LDR Only available","No LDR Only available","No LDR Only available"," ","23-02Rollup"
"dedup.sys","Core_FileSystem","6.2.20348.1547","0","03-Feb-2023","GDR","5022842","February 14, 2023-KB5022842 (OS Build 20348.1547)","http://support.microsoft.com/kb/5022842","No LDR Only available","No LDR Only available","No LDR Only available"," ","23-02Rollup"
"Robocopy.exe","Net_Applications","6.2.20348.1547","1","03-Feb-2023","GDR","5022842","February 14, 2023-KB5022842 (OS Build 20348.1547)","http://support.microsoft.com/kb/5022842","No LDR Only available","No LDR Only available","No LDR Only available"," ","23-02Rollup"
"srv.sys","Net_SMB_Server","6.2.20348.1194","0","03-Feb-2023","GDR","5022842","February 14, 2023-KB5022842 (OS Build 20348.1547)","http://support.microsoft.com/kb/5022842","No LDR Only available","No LDR Only available","No LDR Only available"," ","23-02Rollup"
"srv2.sys","Net_SMB_Server","6.2.20348.1547","0","03-Feb-2023","GDR","5022842","February 14, 2023-KB5022842 (OS Build 20348.1547)","http://support.microsoft.com/kb/5022842","No LDR Only available","No LDR Only available","No LDR Only available"," ","23-02Rollup"
"srvnet.sys","Net_SMB_Server","6.2.20348.1194","0","03-Feb-2023","GDR","5022842","February 14, 2023-KB5022842 (OS Build 20348.1547)","http://support.microsoft.com/kb/5022842","No LDR Only available","No LDR Only available","No LDR Only available"," ","23-02Rollup"
"Srvsvc.dll","Net_SMB_Server","6.2.20348.1129","0","03-Feb-2023","GDR","5022842","February 14, 2023-KB5022842 (OS Build 20348.1547)","http://support.microsoft.com/kb/5022842","No LDR Only available","No LDR Only available","No LDR Only available"," ","23-02Rollup"
"Mrxsmb.sys","Net_SMB_Client","6.2.20348.1547","0","03-Feb-2023","GDR","5022842","February 14, 2023-KB5022842 (OS Build 20348.1547)","http://support.microsoft.com/kb/5022842","No LDR Only available","No LDR Only available","No LDR Only available"," ","23-02Rollup"
"Mrxsmb10.sys","Net_SMB_Client","6.2.20348.1311","0","03-Feb-2023","GDR","5022842","February 14, 2023-KB5022842 (OS Build 20348.1547)","http://support.microsoft.com/kb/5022842","No LDR Only available","No LDR Only available","No LDR Only available"," ","23-02Rollup"
"Mrxsmb20.sys","Net_SMB_Client","6.2.20348.1547","0","03-Feb-2023","GDR","5022842","February 14, 2023-KB5022842 (OS Build 20348.1547)","http://support.microsoft.com/kb/5022842","No LDR Only available","No LDR Only available","No LDR Only available"," ","23-02Rollup"
"Rdbss.sys","Net_SMB_Client","6.2.20348.1547","0","03-Feb-2023","GDR","5022842","February 14, 2023-KB5022842 (OS Build 20348.1547)","http://support.microsoft.com/kb/5022842","No LDR Only available","No LDR Only available","No LDR Only available"," ","23-02Rollup"
"Netbt.sys","Net_SMB_Client","6.2.20348.1","0","","RTM","5022842","","","","","","",""
"Mup.sys","Net_SMB_Client","6.2.20348.1","0","","RTM","5022842","","","","","","",""
"wkssvc.dll","Net_SMB_Client","6.2.20348.1547","0","03-Feb-2023","GDR","5022842","February 14, 2023-KB5022842 (OS Build 20348.1547)","http://support.microsoft.com/kb/5022842","No LDR Only available","No LDR Only available","No LDR Only available"," ","23-02Rollup"
"Mpr.dll","Net_SMB_Client","6.2.20348.803","0","03-Feb-2023","GDR","5022842","February 14, 2023-KB5022842 (OS Build 20348.1547)","http://support.microsoft.com/kb/5022842","No LDR Only available","No LDR Only available","No LDR Only available"," ","23-02Rollup"
"NtLanman.dll","Net_SMB_Client","6.2.20348.1547","0","03-Feb-2023","GDR","5022842","February 14, 2023-KB5022842 (OS Build 20348.1547)","http://support.microsoft.com/kb/5022842","No LDR Only available","No LDR Only available","No LDR Only available"," ","23-02Rollup"
"Tcpip.sys","Net_Protocol","6.2.20348.1547","0","03-Feb-2023","GDR","5022842","February 14, 2023-KB5022842 (OS Build 20348.1547)","http://support.microsoft.com/kb/5022842","No LDR Only available","No LDR Only available","No LDR Only available"," ","23-02Rollup"
"Afd.sys","Net_Protocol","6.2.20348.1547","0","03-Feb-2023","GDR","5022842","February 14, 2023-KB5022842 (OS Build 20348.1547)","http://support.microsoft.com/kb/5022842","No LDR Only available","No LDR Only available","No LDR Only available"," ","23-02Rollup"
"Netio.sys","Net_Protocol","6.2.20348.1547","0","03-Feb-2023","GDR","5022842","February 14, 2023-KB5022842 (OS Build 20348.1547)","http://support.microsoft.com/kb/5022842","No LDR Only available","No LDR Only available","No LDR Only available"," ","23-02Rollup"
"Ndis.sys","Net_Protocol","6.2.20348.320","0","03-Feb-2023","GDR","5022842","February 14, 2023-KB5022842 (OS Build 20348.1547)","http://support.microsoft.com/kb/5022842","No LDR Only available","No LDR Only available","No LDR Only available"," ","23-02Rollup"
"Netiohlp.dll","Net_Protocol","6.2.20348.1194","0","03-Feb-2023","GDR","5022842","February 14, 2023-KB5022842 (OS Build 20348.1547)","http://support.microsoft.com/kb/5022842","No LDR Only available","No LDR Only available","No LDR Only available"," ","23-02Rollup"
"Tdx.sys","Net_Protocol","6.2.20348.230","0","03-Feb-2023","GDR","5022842","February 14, 2023-KB5022842 (OS Build 20348.1547)","http://support.microsoft.com/kb/5022842","No LDR Only available","No LDR Only available","No LDR Only available"," ","23-02Rollup"
"Iphlpapi.dll","Net_Protocol","6.2.20348.261","0","03-Feb-2023","GDR","5022842","February 14, 2023-KB5022842 (OS Build 20348.1547)","http://support.microsoft.com/kb/5022842","No LDR Only available","No LDR Only available","No LDR Only available"," ","23-02Rollup"
"Tunnel.sys","Net_IPv6","6.2.20348.1194","1","03-Feb-2023","GDR","5022842","February 14, 2023-KB5022842 (OS Build 20348.1547)","http://support.microsoft.com/kb/5022842","No LDR Only available","No LDR Only available","No LDR Only available"," ","23-02Rollup"
"Dhcpcore6.dll","Net_IPv6","6.2.20348.1129","1","03-Feb-2023","GDR","5022842","February 14, 2023-KB5022842 (OS Build 20348.1547)","http://support.microsoft.com/kb/5022842","No LDR Only available","No LDR Only available","No LDR Only available"," ","23-02Rollup"
"Dhcpcsvc6.dll","Net_IPv6","6.2.20348.1129","1","03-Feb-2023","GDR","5022842","February 14, 2023-KB5022842 (OS Build 20348.1547)","http://support.microsoft.com/kb/5022842","No LDR Only available","No LDR Only available","No LDR Only available"," ","23-02Rollup"
"Nlasvc.dll","Net_NLA","6.2.20348.469","0","03-Feb-2023","GDR","5022842","February 14, 2023-KB5022842 (OS Build 20348.1547)","http://support.microsoft.com/kb/5022842","No LDR Only available","No LDR Only available","No LDR Only available"," ","23-02Rollup"
"Ncsi.dll","Net_NLA","6.2.20348.469","0","03-Feb-2023","GDR","5022842","February 14, 2023-KB5022842 (OS Build 20348.1547)","http://support.microsoft.com/kb/5022842","No LDR Only available","No LDR Only available","No LDR Only available"," ","23-02Rollup"
"Nlaapi.dll","Net_NLA","6.2.20348.469","0","03-Feb-2023","GDR","5022842","February 14, 2023-KB5022842 (OS Build 20348.1547)","http://support.microsoft.com/kb/5022842","No LDR Only available","No LDR Only available","No LDR Only available"," ","23-02Rollup"
"Msv1_0.dll","Dom_NTLM","6.2.20348.1487","1","03-Feb-2023","GDR","5022842","February 14, 2023-KB5022842 (OS Build 20348.1547)","http://support.microsoft.com/kb/5022842","No LDR Only available","No LDR Only available","No LDR Only available"," ","23-02Rollup"
"Dns.exe","Net_DNS_Srv","6.2.20348.1547","0","03-Feb-2023","GDR","5022842","February 14, 2023-KB5022842 (OS Build 20348.1547)","http://support.microsoft.com/kb/5022842","No LDR Only available","No LDR Only available","No LDR Only available"," ","23-02Rollup"
"Dhcpssvc.dll","Net_DHCP_Srv","6.2.20348.1070","0","03-Feb-2023","GDR","5022842","February 14, 2023-KB5022842 (OS Build 20348.1547)","http://support.microsoft.com/kb/5022842","No LDR Only available","No LDR Only available","No LDR Only available"," ","23-02Rollup"
"Dfssvc.exe","Net_DFS-N_Srv","6.2.20348.143","0","03-Feb-2023","GDR","5022842","February 14, 2023-KB5022842 (OS Build 20348.1547)","http://support.microsoft.com/kb/5022842","No LDR Only available","No LDR Only available","No LDR Only available"," ","23-02Rollup"
"Nfssvc.exe","Net_NFS_Srv","6.2.20348.1070","0","03-Feb-2023","GDR","5022842","February 14, 2023-KB5022842 (OS Build 20348.1547)","http://support.microsoft.com/kb/5022842","No LDR Only available","No LDR Only available","No LDR Only available"," ","23-02Rollup"
"Nfssvr.sys","Net_NFS_Srv","6.2.20348.1070","0","03-Feb-2023","GDR","5022842","February 14, 2023-KB5022842 (OS Build 20348.1547)","http://support.microsoft.com/kb/5022842","No LDR Only available","No LDR Only available","No LDR Only available"," ","23-02Rollup"
"Msnfsflt.sys","Net_NFS_Srv","6.2.20348.1070","0","03-Feb-2023","GDR","5022842","February 14, 2023-KB5022842 (OS Build 20348.1547)","http://support.microsoft.com/kb/5022842","No LDR Only available","No LDR Only available","No LDR Only available"," ","23-02Rollup"
"portmap.sys","Net_NFS_Srv","6.2.20348.1006","0","03-Feb-2023","GDR","5022842","February 14, 2023-KB5022842 (OS Build 20348.1547)","http://support.microsoft.com/kb/5022842","No LDR Only available","No LDR Only available","No LDR Only available"," ","23-02Rollup"
"rpcxdr.sys","Net_NFS_Srv","6.2.20348.825","0","03-Feb-2023","GDR","5022842","February 14, 2023-KB5022842 (OS Build 20348.1547)","http://support.microsoft.com/kb/5022842","No LDR Only available","No LDR Only available","No LDR Only available"," ","23-02Rollup"
"Nlb.sys","Net_NLB_Srv","6.2.20348.1","0","","RTM","5022842","","","","","","",""
"Csc.sys","Net_CSC_Offline","6.2.20348.946","1","03-Feb-2023","GDR","5022842","February 14, 2023-KB5022842 (OS Build 20348.1547)","http://support.microsoft.com/kb/5022842","No LDR Only available","No LDR Only available","No LDR Only available"," ","23-02Rollup"
"Cscapi.dll","Net_CSC_Offline","6.2.20348.1","1","","RTM","5022842","","","","","","",""
"Cscdll.dll","Net_CSC_Offline","6.2.20348.1","1","","RTM","5022842","","","","","","",""
"Cscsvc.dll","Net_CSC_Offline","6.2.20348.1070","1","03-Feb-2023","GDR","5022842","February 14, 2023-KB5022842 (OS Build 20348.1547)","http://support.microsoft.com/kb/5022842","No LDR Only available","No LDR Only available","No LDR Only available"," ","23-02Rollup"
"Cscmig.dll","Net_CSC_Offline","6.2.20348.946","1","03-Feb-2023","GDR","5022842","February 14, 2023-KB5022842 (OS Build 20348.1547)","http://support.microsoft.com/kb/5022842","No LDR Only available","No LDR Only available","No LDR Only available"," ","23-02Rollup"
"Cscui.dll","Net_CSC_Offline","6.2.20348.1","1","","RTM","5022842","","","","","","",""
"Mrxdav.sys","Net_WebDAV","6.2.20348.558","1","03-Feb-2023","GDR","5022842","February 14, 2023-KB5022842 (OS Build 20348.1547)","http://support.microsoft.com/kb/5022842","No LDR Only available","No LDR Only available","No LDR Only available"," ","23-02Rollup"
"Webclnt.dll","Net_WebDAV","6.2.20348.558","1","03-Feb-2023","GDR","5022842","February 14, 2023-KB5022842 (OS Build 20348.1547)","http://support.microsoft.com/kb/5022842","No LDR Only available","No LDR Only available","No LDR Only available"," ","23-02Rollup"
"Davclnt.dll","Net_WebDAV","6.2.20348.1","1","","RTM","5022842","","","","","","",""
"Shell32.dll","Net_WebDAV","6.2.20348.1487","1","03-Feb-2023","GDR","5022842","February 14, 2023-KB5022842 (OS Build 20348.1547)","http://support.microsoft.com/kb/5022842","No LDR Only available","No LDR Only available","No LDR Only available"," ","23-02Rollup"
"Winhttp.dll","Net_WebDAV","6.2.20348.1194","1","03-Feb-2023","GDR","5022842","February 14, 2023-KB5022842 (OS Build 20348.1547)","http://support.microsoft.com/kb/5022842","No LDR Only available","No LDR Only available","No LDR Only available"," ","23-02Rollup"
"Dfsc.sys","Net_DFS-N_Client","6.2.20348.1547","0","03-Feb-2023","GDR","5022842","February 14, 2023-KB5022842 (OS Build 20348.1547)","http://support.microsoft.com/kb/5022842","No LDR Only available","No LDR Only available","No LDR Only available"," ","23-02Rollup"
"Dhcpcore.dll","Net_DHCP_Client","6.2.20348.1129","1","03-Feb-2023","GDR","5022842","February 14, 2023-KB5022842 (OS Build 20348.1547)","http://support.microsoft.com/kb/5022842","No LDR Only available","No LDR Only available","No LDR Only available"," ","23-02Rollup"
"Dhcpcsvc.dll","Net_DHCP_Client","6.2.20348.1129","1","03-Feb-2023","GDR","5022842","February 14, 2023-KB5022842 (OS Build 20348.1547)","http://support.microsoft.com/kb/5022842","No LDR Only available","No LDR Only available","No LDR Only available"," ","23-02Rollup"
"Gpprefcl.dll","Dom_GPP","6.2.20348.1249","1","03-Feb-2023","GDR","5022842","February 14, 2023-KB5022842 (OS Build 20348.1547)","http://support.microsoft.com/kb/5022842","No LDR Only available","No LDR Only available","No LDR Only available"," ","23-02Rollup"
"Gpme.dll","Dom_GPP","6.2.20348.1070","1","03-Feb-2023","GDR","5022842","February 14, 2023-KB5022842 (OS Build 20348.1547)","http://support.microsoft.com/kb/5022842","No LDR Only available","No LDR Only available","No LDR Only available"," ","23-02Rollup"
"Gppref.dll","Dom_GPP","6.2.20348.1366","1","13-Dec-2022","GDR","5022842","February 14, 2023-KB5022842 (OS Build 20348.1547)","http://support.microsoft.com/kb/5022842","No LDR Only available","No LDR Only available","No LDR Only available","rEX","23-02Rollup"
"Gpprefbr.dll","Dom_GPP","6.2.20348.1487","1","10-Jan-2023","GDR","5022842","February 14, 2023-KB5022842 (OS Build 20348.1547)","http://support.microsoft.com/kb/5022842","No LDR Only available","No LDR Only available","No LDR Only available","rEX","23-02Rollup"
"Gpprefcn.dll","Dom_GPP","6.2.20348.1129","1","03-Feb-2023","GDR","5022842","February 14, 2023-KB5022842 (OS Build 20348.1547)","http://support.microsoft.com/kb/5022842","No LDR Only available","No LDR Only available","No LDR Only available"," ","23-02Rollup"
"Gpregistrybrowser.dll","Dom_GPP","6.2.20348.1070","1","03-Feb-2023","GDR","5022842","February 14, 2023-KB5022842 (OS Build 20348.1547)","http://support.microsoft.com/kb/5022842","No LDR Only available","No LDR Only available","No LDR Only available"," ","23-02Rollup"
"Propshts.dll","Dom_GPP","6.2.20348.1129","1","03-Feb-2023","GDR","5022842","February 14, 2023-KB5022842 (OS Build 20348.1547)","http://support.microsoft.com/kb/5022842","No LDR Only available","No LDR Only available","No LDR Only available"," ","23-02Rollup"
"Profprov.dll","Dom_ProfProc","6.2.20348.1","1","","RTM","5022842","","","","","","",""
"Profsvc.dll","Dom_ProfProc","6.2.20348.1547","1","03-Feb-2023","GDR","5022842","February 14, 2023-KB5022842 (OS Build 20348.1547)","http://support.microsoft.com/kb/5022842","No LDR Only available","No LDR Only available","No LDR Only available"," ","23-02Rollup"
"Kerberos.dll","Dom_KERBEROS","6.2.20348.1547","0","03-Feb-2023","GDR","5022842","February 14, 2023-KB5022842 (OS Build 20348.1547)","http://support.microsoft.com/kb/5022842","No LDR Only available","No LDR Only available","No LDR Only available"," ","23-02Rollup"
"Nfsclnt.exe","Net_NFS_Client","6.2.20348.558","1","03-Feb-2023","GDR","5022842","February 14, 2023-KB5022842 (OS Build 20348.1547)","http://support.microsoft.com/kb/5022842","No LDR Only available","No LDR Only available","No LDR Only available"," ","23-02Rollup"
"Nfsnp.dll","Net_NFS_Client","6.2.20348.1","1","","RTM","5022842","","","","","","",""
"Nfsrdr.sys","Net_NFS_Client","6.2.20348.558","1","03-Feb-2023","GDR","5022842","February 14, 2023-KB5022842 (OS Build 20348.1547)","http://support.microsoft.com/kb/5022842","No LDR Only available","No LDR Only available","No LDR Only available"," ","23-02Rollup"
"Psxdll.dll","Net_Posix","6.2.20348.1","1","","RTM","5022842","","","","","","",""
"Psxdllsvr.dll","Net_Posix","6.2.20348.1","1","","RTM","5022842","","","","","","",""
"Psxss.exe","Net_Posix","6.2.20348.1","1","","RTM","5022842","","","","","","",""
"Posix.exe","Net_Posix","6.2.20348.1","1","","RTM","5022842","","","","","","",""
"dnsapi.dll","Net_DNS_Client","6.2.20348.1547","1","03-Feb-2023","GDR","5022842","February 14, 2023-KB5022842 (OS Build 20348.1547)","http://support.microsoft.com/kb/5022842","No LDR Only available","No LDR Only available","No LDR Only available"," ","23-02Rollup"
"dnsrslvr.dll","Net_DNS_Client","6.2.20348.1547","1","03-Feb-2023","GDR","5022842","February 14, 2023-KB5022842 (OS Build 20348.1547)","http://support.microsoft.com/kb/5022842","No LDR Only available","No LDR Only available","No LDR Only available"," ","23-02Rollup"
"Dnscacheugc.exe","Net_DNS_Client","6.2.20348.1","1","","RTM","5022842","","","","","","",""
"Rpcss.dll","Net_RPC","6.2.20348.1487","1","03-Feb-2023","GDR","5022842","February 14, 2023-KB5022842 (OS Build 20348.1547)","http://support.microsoft.com/kb/5022842","No LDR Only available","No LDR Only available","No LDR Only available"," ","23-02Rollup"
"Rpchttp.dll","Net_RPC","6.2.20348.1","1","","RTM","5022842","","","","","","",""
"Rpcrt4.dll","Net_RPC","6.2.20348.1487","1","03-Feb-2023","GDR","5022842","February 14, 2023-KB5022842 (OS Build 20348.1547)","http://support.microsoft.com/kb/5022842","No LDR Only available","No LDR Only available","No LDR Only available"," ","23-02Rollup"
"Bfe.dll","Net_Ipsec_BFE","6.2.20348.1487","1","03-Feb-2023","GDR","5022842","February 14, 2023-KB5022842 (OS Build 20348.1547)","http://support.microsoft.com/kb/5022842","No LDR Only available","No LDR Only available","No LDR Only available"," ","23-02Rollup"
"Ikeext.dll","Net_Ipsec_BFE","6.2.20348.1487","1","03-Feb-2023","GDR","5022842","February 14, 2023-KB5022842 (OS Build 20348.1547)","http://support.microsoft.com/kb/5022842","No LDR Only available","No LDR Only available","No LDR Only available"," ","23-02Rollup"
"Fwpuclnt.dll","Net_Ipsec_BFE","6.2.20348.1487","1","10-Jan-2023","GDR","5022842","February 14, 2023-KB5022842 (OS Build 20348.1547)","http://support.microsoft.com/kb/5022842","No LDR Only available","No LDR Only available","No LDR Only available","rEX","23-02Rollup"
"Iphlpsvc.dll","Net_DirectAccess_Client","6.2.20348.946","1","03-Feb-2023","GDR","5022842","February 14, 2023-KB5022842 (OS Build 20348.1547)","http://support.microsoft.com/kb/5022842","No LDR Only available","No LDR Only available","No LDR Only available"," ","23-02Rollup"
"Iphlpsvcmigplugin.dll","Net_DirectAccess_Client","6.2.20348.1","1","","RTM","5022842","","","","","","",""
"Netcorehc.dll","Net_DirectAccess_Client","6.2.20348.1","1","","RTM","5022842","","","","","","",""
"Daotpcredentialprovider.dll","Net_DirectAccess_Client","6.2.20348.1","1","","RTM","5022842","","","","","","",""
"Rdpcore.dll","Net_DirectAccess_Client","6.2.20348.1070","1","03-Feb-2023","GDR","5022842","February 14, 2023-KB5022842 (OS Build 20348.1547)","http://support.microsoft.com/kb/5022842","No LDR Only available","No LDR Only available","No LDR Only available"," ","23-02Rollup"
"Damgmt.dll","Net_DirectAccess_Srv","6.2.20348.1","1","","RTM","5022842","","","","","","",""
"Ramgmtui.exe","Net_DirectAccess_Srv","6.2.20348.1","1","","RTM","5022842","","","","","","",""
"Ramgmtsvc.dll","Net_DirectAccess_Srv","6.2.20348.1","1","","RTM","5022842","","","","","","",""
"Rasclusterres.dll","Net_DirectAccess_Srv","6.2.20348.1","1","","RTM","5022842","","","","","","",""
"Raserverpsprovider.dll","Net_DirectAccess_Srv","6.2.20348.617","1","03-Feb-2023","GDR","5022842","February 14, 2023-KB5022842 (OS Build 20348.1547)","http://support.microsoft.com/kb/5022842","No LDR Only available","No LDR Only available","No LDR Only available"," ","23-02Rollup"
"dot3svc.dll","Net_IEEE802.1x","6.2.20348.946","1","03-Feb-2023","GDR","5022842","February 14, 2023-KB5022842 (OS Build 20348.1547)","http://support.microsoft.com/kb/5022842","No LDR Only available","No LDR Only available","No LDR Only available"," ","23-02Rollup"
"Rastls.dll","Net_IEEE802.1x","6.2.20348.1547","1","03-Feb-2023","GDR","5022842","February 14, 2023-KB5022842 (OS Build 20348.1547)","http://support.microsoft.com/kb/5022842","No LDR Only available","No LDR Only available","No LDR Only available"," ","23-02Rollup"
"wlansvc.dll","Net_WLAN_Client","6.2.20348.1487","1","03-Feb-2023","GDR","5022842","February 14, 2023-KB5022842 (OS Build 20348.1547)","http://support.microsoft.com/kb/5022842","No LDR Only available","No LDR Only available","No LDR Only available"," ","23-02Rollup"
"wlanmsm.dll","Net_WLAN_Client","6.2.20348.1487","1","03-Feb-2023","GDR","5022842","February 14, 2023-KB5022842 (OS Build 20348.1547)","http://support.microsoft.com/kb/5022842","No LDR Only available","No LDR Only available","No LDR Only available"," ","23-02Rollup"
"wlanapi.dll","Net_WLAN_Client","6.2.20348.1487","1","03-Feb-2023","GDR","5022842","February 14, 2023-KB5022842 (OS Build 20348.1547)","http://support.microsoft.com/kb/5022842","No LDR Only available","No LDR Only available","No LDR Only available"," ","23-02Rollup"
"wlansec.dll","Net_WLAN_Client","6.2.20348.1487","1","03-Feb-2023","GDR","5022842","February 14, 2023-KB5022842 (OS Build 20348.1547)","http://support.microsoft.com/kb/5022842","No LDR Only available","No LDR Only available","No LDR Only available"," ","23-02Rollup"
"wlansvcpal.dll","Net_WLAN_Client","6.2.20348.1487","1","03-Feb-2023","GDR","5022842","February 14, 2023-KB5022842 (OS Build 20348.1547)","http://support.microsoft.com/kb/5022842","No LDR Only available","No LDR Only available","No LDR Only available"," ","23-02Rollup"
"wlanhlp.dll","Net_WLAN_Client","6.2.20348.1487","1","03-Feb-2023","GDR","5022842","February 14, 2023-KB5022842 (OS Build 20348.1547)","http://support.microsoft.com/kb/5022842","No LDR Only available","No LDR Only available","No LDR Only available"," ","23-02Rollup"
"Netcfgx.dll","Net_Config","6.2.20348.1","1","","RTM","5022842","","","","","","",""
"Rasapi32.dll","HNV_Net","6.2.20348.859","1","03-Feb-2023","GDR","5022842","February 14, 2023-KB5022842 (OS Build 20348.1547)","http://support.microsoft.com/kb/5022842","No LDR Only available","No LDR Only available","No LDR Only available"," ","23-02Rollup"
"Mprapi.dll","HNV_Net","6.2.20348.617","1","03-Feb-2023","GDR","5022842","February 14, 2023-KB5022842 (OS Build 20348.1547)","http://support.microsoft.com/kb/5022842","No LDR Only available","No LDR Only available","No LDR Only available"," ","23-02Rollup"
"WebIo.dll","Net_BranchCache","6.2.20348.1","1","","RTM","5022842","","","","","","",""
"Smbhash.exe","Net_BranchCache","6.2.20348.1","1","","RTM","5022842","","","","","","",""
"Pacer.sys","Net_QoS","6.2.20348.1","1","","RTM","5022842","","","","","","",""
"Mpsdrv.sys","Net_Firewall","6.2.20348.1","1","","RTM","5022842","","","","","","",""
"MpsSvc.dll","Net_Firewall","6.2.20348.1311","1","03-Feb-2023","GDR","5022842","February 14, 2023-KB5022842 (OS Build 20348.1547)","http://support.microsoft.com/kb/5022842","No LDR Only available","No LDR Only available","No LDR Only available"," ","23-02Rollup"
"qmgr.dll","Net_BiTS","7.8.20348.1","1","13-Sep-2022","GDR","5022842","February 14, 2023-KB5022842 (OS Build 20348.1547)","http://support.microsoft.com/kb/5022842","No LDR Only available","No LDR Only available","No LDR Only available","rEX","23-02Rollup"
"rasmans.dll","Net_VPN","6.2.20348.1194","1","03-Feb-2023","GDR","5022842","February 14, 2023-KB5022842 (OS Build 20348.1547)","http://support.microsoft.com/kb/5022842","No LDR Only available","No LDR Only available","No LDR Only available"," ","23-02Rollup"
"Vmswitch.sys","Hyper-V_Net","6.2.20348.1547","1","03-Feb-2023","GDR","5022842","February 14, 2023-KB5022842 (OS Build 20348.1547)","http://support.microsoft.com/kb/5022842","No LDR Only available","No LDR Only available","No LDR Only available"," ","23-02Rollup"
"Mslbfoprovider.sys","Hyper-V_Net","6.2.20348.1","1","","RTM","5022842","","","","","","",""
"Wnv.sys","Hyper-V_Net","6.2.20348.1","1","","RTM","5022842","","","","","","",""
"Vmsntfy.dll","Hyper-V_Net","6.2.20348.1","1","","RTM","5022842","","","","","","",""
"Ndisimplatform.sys","Hyper-V_Net","6.2.20348.1","1","","RTM","5022842","","","","","","",""
"Vmms.exe","Hyper-V_Net","6.2.20348.1547","1","03-Feb-2023","GDR","5022842","February 14, 2023-KB5022842 (OS Build 20348.1547)","http://support.microsoft.com/kb/5022842","No LDR Only available","No LDR Only available","No LDR Only available"," ","23-02Rollup"
"Winnat.sys","Hyper-V_Net","6.2.20348.320","1","03-Feb-2023","GDR","5022842","February 14, 2023-KB5022842 (OS Build 20348.1547)","http://support.microsoft.com/kb/5022842","No LDR Only available","No LDR Only available","No LDR Only available"," ","23-02Rollup"
"pvhdparser.sys","Hyper-V_Net","6.2.20348.643","1","03-Feb-2023","GDR","5022842","February 14, 2023-KB5022842 (OS Build 20348.1547)","http://support.microsoft.com/kb/5022842","No LDR Only available","No LDR Only available","No LDR Only available"," ","23-02Rollup"
"Wmisvc.dll","Hyper-V_Net","6.2.20348.1","1","","RTM","5022842","","","","","","",""
"Vmbus.sys","Hyper-V_Net","6.2.20348.469","1","03-Feb-2023","GDR","5022842","February 14, 2023-KB5022842 (OS Build 20348.1547)","http://support.microsoft.com/kb/5022842","No LDR Only available","No LDR Only available","No LDR Only available"," ","23-02Rollup"
"WorkFolders.exe","Net_WorkFolders","6.2.20348.1","1","","RTM","5022842","","","","","","",""
"WorkFoldersshell.dll","Net_WorkFolders","6.2.20348.1","1","","RTM","5022842","","","","","","",""
"WorkFolderssvc.dll","Net_WorkFolders","6.2.20348.1","1","","RTM","5022842","","","","","","",""
"WorkFolderscontrol.dll","Net_WorkFolders","6.2.20348.1","1","","RTM","5022842","","","","","","",""
"WorkFoldersGPExt.dll","Net_WorkFolders","6.2.20348.1","1","","RTM","5022842","","","","","","",""
"Syncsharesvc.dll","Net_WorkFolders","6.2.20348.803","1","03-Feb-2023","GDR","5022842","February 14, 2023-KB5022842 (OS Build 20348.1547)","http://support.microsoft.com/kb/5022842","No LDR Only available","No LDR Only available","No LDR Only available"," ","23-02Rollup"
"Syncsharesrv.dll","Net_WorkFolders","6.2.20348.803","1","03-Feb-2023","GDR","5022842","February 14, 2023-KB5022842 (OS Build 20348.1547)","http://support.microsoft.com/kb/5022842","No LDR Only available","No LDR Only available","No LDR Only available"," ","23-02Rollup"
"Syncsharettlib.dll","Net_WorkFolders","6.2.20348.803","1","03-Feb-2023","GDR","5022842","February 14, 2023-KB5022842 (OS Build 20348.1547)","http://support.microsoft.com/kb/5022842","No LDR Only available","No LDR Only available","No LDR Only available"," ","23-02Rollup"
"Syncsharettsvc.exe","Net_WorkFolders","6.2.20348.803","1","03-Feb-2023","GDR","5022842","February 14, 2023-KB5022842 (OS Build 20348.1547)","http://support.microsoft.com/kb/5022842","No LDR Only available","No LDR Only available","No LDR Only available"," ","23-02Rollup"
"5022842","Win2022_23-02_B_rollup_KB"," ","0","14-Feb-2023","GDR","5022842","February 14, 2023-KB5022842 (OS Build 20348.1547)","http://support.microsoft.com/kb/5022842","No LDR Only available","No LDR Only available","No LDR Only available"," ","23-02Rollup"
