"Binary","Component","Version","Prio","Published","Branch","Article","Title","Link","LDROnlyKB","LDROnlyTitle","LDROnlyLink","Comment","RollupInfo"
"Ntoskrnl.exe","Core_Kernel","6.2.22621.675","0","07-Oct-2022","GDR","5019509","October 18, 2022-KB5019509 (OS Build 22621.675) Out-of-band","http://support.microsoft.com/kb/5019509","No LDR Only available","No LDR Only available","No LDR Only available"," ","22-10Rollup"
"Ntkrnlpa.exe","Core_Kernel","6.2.22621.0","0","","RTM","5019509","","","","","","",""
"Crashdmp.sys","Core_Kernel","6.2.22621.608","0","07-Oct-2022","GDR","5019509","October 18, 2022-KB5019509 (OS Build 22621.675) Out-of-band","http://support.microsoft.com/kb/5019509","No LDR Only available","No LDR Only available","No LDR Only available"," ","22-10Rollup"
"Ntdll.dll","Core_Kernel","6.2.22621.608","0","07-Oct-2022","GDR","5019509","October 18, 2022-KB5019509 (OS Build 22621.675) Out-of-band","http://support.microsoft.com/kb/5019509","No LDR Only available","No LDR Only available","No LDR Only available"," ","22-10Rollup"
"Hal.dll","Core_Kernel","6.2.22621.0","0","","RTM","5019509","","","","","","",""
"Fltmgr.sys","Core_Kernel","6.2.22621.608","0","07-Oct-2022","GDR","5019509","October 18, 2022-KB5019509 (OS Build 22621.675) Out-of-band","http://support.microsoft.com/kb/5019509","No LDR Only available","No LDR Only available","No LDR Only available"," ","22-10Rollup"
"win32k.sys","Core_Kernel","6.2.22621.674","0","07-Oct-2022","GDR","5019509","October 18, 2022-KB5019509 (OS Build 22621.675) Out-of-band","http://support.microsoft.com/kb/5019509","No LDR Only available","No LDR Only available","No LDR Only available"," ","22-10Rollup"
"Ntfs.sys","Core_FileSystem","6.2.22621.674","0","07-Oct-2022","GDR","5019509","October 18, 2022-KB5019509 (OS Build 22621.675) Out-of-band","http://support.microsoft.com/kb/5019509","No LDR Only available","No LDR Only available","No LDR Only available"," ","22-10Rollup"
"dedup.sys","Core_FileSystem","6.2.22621.0","0","","RTM","5019509","","","","","","",""
"Msiscsi.sys","Core_DiskSystem","6.2.22621.0","0","","RTM","5019509","","","","","","",""
"Iscsitgt.dll","Core_DiskSystem","6.2.22621.0","0","","RTM","5019509","","","","","","",""
"Storport.sys","Core_DiskSystem","6.2.22621.608","0","07-Oct-2022","GDR","5019509","October 18, 2022-KB5019509 (OS Build 22621.675) Out-of-band","http://support.microsoft.com/kb/5019509","No LDR Only available","No LDR Only available","No LDR Only available"," ","22-10Rollup"
"Repdrvfs.dll","Core_WMI","6.2.22621.608","0","07-Oct-2022","GDR","5019509","October 18, 2022-KB5019509 (OS Build 22621.675) Out-of-band","http://support.microsoft.com/kb/5019509","No LDR Only available","No LDR Only available","No LDR Only available"," ","22-10Rollup"
"Mpio.sys","Core_MPIO","6.2.22621.0","0","","RTM","5019509","","","","","","",""
"Msdsm.sys","Core_MPIO","6.2.22621.0","0","","RTM","5019509","","","","","","",""
"Vssapi.dll","Core_VSS","6.2.22621.0","1","","RTM","5019509","","","","","","",""
"Vsstrace.dll","Core_VSS","6.2.22621.0","1","","RTM","5019509","","","","","","",""
"vsssvc.exe","Core_VSS","6.2.22621.0","1","","RTM","5019509","","","","","","",""
"Swprv.dll","Core_VSS","6.2.22621.0","1","","RTM","5019509","","","","","","",""
"spp.dll","Core_VSS","6.2.22621.0","1","","RTM","5019509","","","","","","",""
"wbengine.exe","Core_VSS","6.2.22621.0","1","","RTM","5019509","","","","","","",""
"blbsrv.dll","Core_VSS","6.2.22621.0","1","","RTM","5019509","","","","","","",""
"pci.sys","Core_Sys","6.2.22621.608","1","07-Oct-2022","GDR","5019509","October 18, 2022-KB5019509 (OS Build 22621.675) Out-of-band","http://support.microsoft.com/kb/5019509","No LDR Only available","No LDR Only available","No LDR Only available"," ","22-10Rollup"
"Termdd.sys","Core_Sys","6.2.22621.0","1","","RTM","5019509","","","","","","",""
"Volmgr.sys","Core_Sys","6.2.22621.608","1","07-Oct-2022","GDR","5019509","October 18, 2022-KB5019509 (OS Build 22621.675) Out-of-band","http://support.microsoft.com/kb/5019509","No LDR Only available","No LDR Only available","No LDR Only available"," ","22-10Rollup"
"Advapi32.dll","Core_Apps","6.2.22621.608","0","07-Oct-2022","GDR","5019509","October 18, 2022-KB5019509 (OS Build 22621.675) Out-of-band","http://support.microsoft.com/kb/5019509","No LDR Only available","No LDR Only available","No LDR Only available"," ","22-10Rollup"
"Tzres.dll","Core_TimeZone","6.2.22621.608","1","07-Oct-2022","GDR","5019509","October 18, 2022-KB5019509 (OS Build 22621.675) Out-of-band","http://support.microsoft.com/kb/5019509","No LDR Only available","No LDR Only available","No LDR Only available"," ","22-10Rollup"
"Clussvc.exe","Cluster_Core","6.2.22621.608","0","07-Oct-2022","GDR","5019509","October 18, 2022-KB5019509 (OS Build 22621.675) Out-of-band","http://support.microsoft.com/kb/5019509","No LDR Only available","No LDR Only available","No LDR Only available"," ","22-10Rollup"
"ClusWMI.dll","Cluster_Core","6.2.22621.608","0","07-Oct-2022","GDR","5019509","October 18, 2022-KB5019509 (OS Build 22621.675) Out-of-band","http://support.microsoft.com/kb/5019509","No LDR Only available","No LDR Only available","No LDR Only available"," ","22-10Rollup"
"Rhs.exe","Cluster_Core","6.2.22621.0","0","","RTM","5019509","","","","","","",""
"Clusres.dll","Cluster_Core","6.2.22621.608","0","07-Oct-2022","GDR","5019509","October 18, 2022-KB5019509 (OS Build 22621.675) Out-of-band","http://support.microsoft.com/kb/5019509","No LDR Only available","No LDR Only available","No LDR Only available"," ","22-10Rollup"
"Clusres2.dll","Cluster_Core","6.2.22621.674","0","07-Oct-2022","GDR","5019509","October 18, 2022-KB5019509 (OS Build 22621.675) Out-of-band","http://support.microsoft.com/kb/5019509","No LDR Only available","No LDR Only available","No LDR Only available"," ","22-10Rollup"
"Netft.sys","Cluster_Core","6.2.22621.608","0","07-Oct-2022","GDR","5019509","October 18, 2022-KB5019509 (OS Build 22621.675) Out-of-band","http://support.microsoft.com/kb/5019509","No LDR Only available","No LDR Only available","No LDR Only available"," ","22-10Rollup"
"Clusauthmgr.dll","Cluster_Core","6.2.22621.0","0","","RTM","5019509","","","","","","",""
"Witness.dll","Cluster_Core","6.2.22621.0","0","","RTM","5019509","","","","","","",""
"Csvflt.sys","Cluster_CSV","6.2.22621.0","0","","RTM","5019509","","","","","","",""
"Csvfs.sys","Cluster_CSV","6.2.22621.608","0","07-Oct-2022","GDR","5019509","October 18, 2022-KB5019509 (OS Build 22621.675) Out-of-band","http://support.microsoft.com/kb/5019509","No LDR Only available","No LDR Only available","No LDR Only available"," ","22-10Rollup"
"Csvfilter.sys","Cluster_CSV","6.2.22621.0","0","","RTM","5019509","","","","","","",""
"Vhdmp.sys","Cluster_CSV","6.2.22621.674","0","07-Oct-2022","GDR","5019509","October 18, 2022-KB5019509 (OS Build 22621.675) Out-of-band","http://support.microsoft.com/kb/5019509","No LDR Only available","No LDR Only available","No LDR Only available"," ","22-10Rollup"
"Svhdxflt.sys","Cluster_CSV","6.2.22621.608","0","07-Oct-2022","GDR","5019509","October 18, 2022-KB5019509 (OS Build 22621.675) Out-of-band","http://support.microsoft.com/kb/5019509","No LDR Only available","No LDR Only available","No LDR Only available"," ","22-10Rollup"
"Clusdisk.sys","Cluster_Disk","6.2.22621.0","0","","RTM","5019509","","","","","","",""
"Volsnap.sys","Cluster_Volsnap","6.2.22621.0","0","","RTM","5019509","","","","","","",""
"Cprepsrv.exe","Cluster_Validation","6.2.22621.608","1","07-Oct-2022","GDR","5019509","October 18, 2022-KB5019509 (OS Build 22621.675) Out-of-band","http://support.microsoft.com/kb/5019509","No LDR Only available","No LDR Only available","No LDR Only available"," ","22-10Rollup"
"Failoverclusters.agent.interop.dll","Cluster_Validation","6.2.22621.608","1","07-Oct-2022","GDR","5019509","October 18, 2022-KB5019509 (OS Build 22621.675) Out-of-band","http://support.microsoft.com/kb/5019509","No LDR Only available","No LDR Only available","No LDR Only available"," ","22-10Rollup"
"Microsoft.failoverclusters.framework.dll","Cluster_Validation","6.2.22621.0","1","","RTM","5019509","","","","","","",""
"Vmswitch.sys","Hyper-V_Net","6.2.22621.675","1","07-Oct-2022","GDR","5019509","October 18, 2022-KB5019509 (OS Build 22621.675) Out-of-band","http://support.microsoft.com/kb/5019509","No LDR Only available","No LDR Only available","No LDR Only available"," ","22-10Rollup"
"Mslbfoprovider.sys","Hyper-V_Net","6.2.22621.0","1","","RTM","5019509","","","","","","",""
"Wnv.sys","Hyper-V_Net","6.2.22621.0","1","","RTM","5019509","","","","","","",""
"Vmsntfy.dll","Hyper-V_Net","6.2.22621.0","1","","RTM","5019509","","","","","","",""
"Ndisimplatform.sys","Hyper-V_Net","6.2.22621.608","1","07-Oct-2022","GDR","5019509","October 18, 2022-KB5019509 (OS Build 22621.675) Out-of-band","http://support.microsoft.com/kb/5019509","No LDR Only available","No LDR Only available","No LDR Only available"," ","22-10Rollup"
"Vmms.exe","Hyper-V_Net","6.2.22621.674","1","07-Oct-2022","GDR","5019509","October 18, 2022-KB5019509 (OS Build 22621.675) Out-of-band","http://support.microsoft.com/kb/5019509","No LDR Only available","No LDR Only available","No LDR Only available"," ","22-10Rollup"
"Winnat.sys","Hyper-V_Net","6.2.22621.608","1","07-Oct-2022","GDR","5019509","October 18, 2022-KB5019509 (OS Build 22621.675) Out-of-band","http://support.microsoft.com/kb/5019509","No LDR Only available","No LDR Only available","No LDR Only available"," ","22-10Rollup"
"pvhdparser.sys","Hyper-V_Net","6.2.22621.0","1","","RTM","5019509","","","","","","",""
"Wmisvc.dll","Hyper-V_Net","6.2.22621.0","1","","RTM","5019509","","","","","","",""
"Vmbus.sys","Hyper-V_Net","6.2.22621.608","1","07-Oct-2022","GDR","5019509","October 18, 2022-KB5019509 (OS Build 22621.675) Out-of-band","http://support.microsoft.com/kb/5019509","No LDR Only available","No LDR Only available","No LDR Only available"," ","22-10Rollup"
"Rasapi32.dll","HNV_Net","6.2.22621.608","1","07-Oct-2022","GDR","5019509","October 18, 2022-KB5019509 (OS Build 22621.675) Out-of-band","http://support.microsoft.com/kb/5019509","No LDR Only available","No LDR Only available","No LDR Only available"," ","22-10Rollup"
"Mprapi.dll","HNV_Net","6.2.22621.0","1","","RTM","5019509","","","","","","",""
"Vmwp.exe","Hyper-V_app","6.2.22621.674","1","07-Oct-2022","GDR","5019509","October 18, 2022-KB5019509 (OS Build 22621.675) Out-of-band","http://support.microsoft.com/kb/5019509","No LDR Only available","No LDR Only available","No LDR Only available"," ","22-10Rollup"
"Tcpip.sys","Net_Protocol","6.2.22621.674","0","07-Oct-2022","GDR","5019509","October 18, 2022-KB5019509 (OS Build 22621.675) Out-of-band","http://support.microsoft.com/kb/5019509","No LDR Only available","No LDR Only available","No LDR Only available"," ","22-10Rollup"
"Afd.sys","Net_Protocol","6.2.22621.608","0","07-Oct-2022","GDR","5019509","October 18, 2022-KB5019509 (OS Build 22621.675) Out-of-band","http://support.microsoft.com/kb/5019509","No LDR Only available","No LDR Only available","No LDR Only available"," ","22-10Rollup"
"Netio.sys","Net_Protocol","6.2.22621.674","0","07-Oct-2022","GDR","5019509","October 18, 2022-KB5019509 (OS Build 22621.675) Out-of-band","http://support.microsoft.com/kb/5019509","No LDR Only available","No LDR Only available","No LDR Only available"," ","22-10Rollup"
"Ndis.sys","Net_Protocol","6.2.22621.608","0","07-Oct-2022","GDR","5019509","October 18, 2022-KB5019509 (OS Build 22621.675) Out-of-band","http://support.microsoft.com/kb/5019509","No LDR Only available","No LDR Only available","No LDR Only available"," ","22-10Rollup"
"Netiohlp.dll","Net_Protocol","6.2.22621.674","0","07-Oct-2022","GDR","5019509","October 18, 2022-KB5019509 (OS Build 22621.675) Out-of-band","http://support.microsoft.com/kb/5019509","No LDR Only available","No LDR Only available","No LDR Only available"," ","22-10Rollup"
"Tdx.sys","Net_Protocol","6.2.22621.608","0","07-Oct-2022","GDR","5019509","October 18, 2022-KB5019509 (OS Build 22621.675) Out-of-band","http://support.microsoft.com/kb/5019509","No LDR Only available","No LDR Only available","No LDR Only available"," ","22-10Rollup"
"Iphlpapi.dll","Net_Protocol","6.2.22621.0","0","","RTM","5019509","","","","","","",""
"srv.sys","Net_SMB_Server","6.2.22621.0","0","","RTM","5019509","","","","","","",""
"srv2.sys","Net_SMB_Server","6.2.22621.608","0","07-Oct-2022","GDR","5019509","October 18, 2022-KB5019509 (OS Build 22621.675) Out-of-band","http://support.microsoft.com/kb/5019509","No LDR Only available","No LDR Only available","No LDR Only available"," ","22-10Rollup"
"srvnet.sys","Net_SMB_Server","6.2.22621.674","0","07-Oct-2022","GDR","5019509","October 18, 2022-KB5019509 (OS Build 22621.675) Out-of-band","http://support.microsoft.com/kb/5019509","No LDR Only available","No LDR Only available","No LDR Only available"," ","22-10Rollup"
"Srvsvc.dll","Net_SMB_Server","6.2.22621.674","0","07-Oct-2022","GDR","5019509","October 18, 2022-KB5019509 (OS Build 22621.675) Out-of-band","http://support.microsoft.com/kb/5019509","No LDR Only available","No LDR Only available","No LDR Only available"," ","22-10Rollup"
"Mrxsmb.sys","Net_SMB_Client","6.2.22621.608","0","07-Oct-2022","GDR","5019509","October 18, 2022-KB5019509 (OS Build 22621.675) Out-of-band","http://support.microsoft.com/kb/5019509","No LDR Only available","No LDR Only available","No LDR Only available"," ","22-10Rollup"
"Mrxsmb10.sys","Net_SMB_Client","6.2.22621.608","0","07-Oct-2022","GDR","5019509","October 18, 2022-KB5019509 (OS Build 22621.675) Out-of-band","http://support.microsoft.com/kb/5019509","No LDR Only available","No LDR Only available","No LDR Only available"," ","22-10Rollup"
"Mrxsmb20.sys","Net_SMB_Client","6.2.22621.608","0","07-Oct-2022","GDR","5019509","October 18, 2022-KB5019509 (OS Build 22621.675) Out-of-band","http://support.microsoft.com/kb/5019509","No LDR Only available","No LDR Only available","No LDR Only available"," ","22-10Rollup"
"Rdbss.sys","Net_SMB_Client","6.2.22621.608","0","07-Oct-2022","GDR","5019509","October 18, 2022-KB5019509 (OS Build 22621.675) Out-of-band","http://support.microsoft.com/kb/5019509","No LDR Only available","No LDR Only available","No LDR Only available"," ","22-10Rollup"
"Netbt.sys","Net_SMB_Client","6.2.22621.608","0","07-Oct-2022","GDR","5019509","October 18, 2022-KB5019509 (OS Build 22621.675) Out-of-band","http://support.microsoft.com/kb/5019509","No LDR Only available","No LDR Only available","No LDR Only available"," ","22-10Rollup"
"Mup.sys","Net_SMB_Client","6.2.22621.608","0","07-Oct-2022","GDR","5019509","October 18, 2022-KB5019509 (OS Build 22621.675) Out-of-band","http://support.microsoft.com/kb/5019509","No LDR Only available","No LDR Only available","No LDR Only available"," ","22-10Rollup"
"wkssvc.dll","Net_SMB_Client","6.2.22621.674","0","07-Oct-2022","GDR","5019509","October 18, 2022-KB5019509 (OS Build 22621.675) Out-of-band","http://support.microsoft.com/kb/5019509","No LDR Only available","No LDR Only available","No LDR Only available"," ","22-10Rollup"
"Mpr.dll","Net_SMB_Client","6.2.22621.0","0","","RTM","5019509","","","","","","",""
"NtLanman.dll","Net_SMB_Client","6.2.22621.674","0","07-Oct-2022","GDR","5019509","October 18, 2022-KB5019509 (OS Build 22621.675) Out-of-band","http://support.microsoft.com/kb/5019509","No LDR Only available","No LDR Only available","No LDR Only available"," ","22-10Rollup"
"5019509","Win1122H2_22-10_OOB_rollup_KB"," ","0","18-Oct-2022","GDR","5019509","October 18, 2022-KB5019509 (OS Build 22621.675) Out-of-band","http://support.microsoft.com/kb/5019509","No LDR Only available","No LDR Only available","No LDR Only available"," ","22-10Rollup"
