"Binary","Component","Version","Prio","Published","Branch","Article","Title","Link","LDROnlyKB","LDROnlyTitle","LDROnlyLink","Comment","RollupInfo"
"Netlogon.dll","Dom_NETLOGON","6.3.9600.20773","0","10-Jan-2023","GDR","5022899","February 14, 2023-KB5022899 (Monthly Rollup)","http://support.microsoft.com/kb/5022899","No LDR Only available","No LDR Only available","No LDR Only available","rEX","23-02Rollup"
"LogonCli.dll","Dom_NETLOGON","6.3.9600.20366","0","11-Apr-2022","GDR","5022899","February 14, 2023-KB5022899 (Monthly Rollup)","http://support.microsoft.com/kb/5022899","No LDR Only available","No LDR Only available","No LDR Only available"," ","23-02Rollup"
"Winlogon.exe","Dom_WINLOGON","6.3.9600.19447","0","31-Jul-2019","GDR","5022899","February 14, 2023-KB5022899 (Monthly Rollup)","http://support.microsoft.com/kb/5022899","No LDR Only available","No LDR Only available","No LDR Only available"," ","23-02Rollup"
"Kerberos.dll","Dom_KERBEROS","6.3.9600.20664","0","08-Nov-2022","GDR","5022899","February 14, 2023-KB5022899 (Monthly Rollup)","http://support.microsoft.com/kb/5022899","No LDR Only available","No LDR Only available","No LDR Only available","rEX","23-02Rollup"
"Msv1_0.dll","Dom_NTLM","6.3.9600.20773","1","10-Jan-2023","GDR","5022899","February 14, 2023-KB5022899 (Monthly Rollup)","http://support.microsoft.com/kb/5022899","No LDR Only available","No LDR Only available","No LDR Only available","rEX","23-02Rollup"
"Wldap32.dll","Dom_LDAPClient","6.3.9600.20566","0","13-Sep-2022","GDR","5022899","February 14, 2023-KB5022899 (Monthly Rollup)","http://support.microsoft.com/kb/5022899","No LDR Only available","No LDR Only available","No LDR Only available","rEX","23-02Rollup"
"Lsass.exe","Dom_LSA","6.3.9600.20616","0","11-Oct-2022","GDR","5022899","February 14, 2023-KB5022899 (Monthly Rollup)","http://support.microsoft.com/kb/5022899","No LDR Only available","No LDR Only available","No LDR Only available","rEX","23-02Rollup"
"Lsasrv.dll","Dom_LSA","6.3.9600.20773","0","10-Jan-2023","GDR","5022899","February 14, 2023-KB5022899 (Monthly Rollup)","http://support.microsoft.com/kb/5022899","No LDR Only available","No LDR Only available","No LDR Only available","rEX","23-02Rollup"
"Ksecdd.sys","Dom_LSA","6.3.9600.20616","0","11-Oct-2022","GDR","5022899","February 14, 2023-KB5022899 (Monthly Rollup)","http://support.microsoft.com/kb/5022899","No LDR Only available","No LDR Only available","No LDR Only available","rEX","23-02Rollup"
"Ksecpkg.sys","Dom_LSA","6.3.9600.20517","0","26-Jul-2022","GDR","5022899","February 14, 2023-KB5022899 (Monthly Rollup)","http://support.microsoft.com/kb/5022899","No LDR Only available","No LDR Only available","No LDR Only available"," ","23-02Rollup"
"Secur32.dll","Dom_LSA","6.3.9600.17415","0","10-Feb-2017","GDR","5022899","February 14, 2023-KB5022899 (Monthly Rollup)","http://support.microsoft.com/kb/5022899","No LDR Only available","No LDR Only available","No LDR Only available","rEX","23-02Rollup"
"Sspicli.dll","Dom_LSA","6.3.9600.20616","0","12-Sep-2022","GDR","5022899","February 14, 2023-KB5022899 (Monthly Rollup)","http://support.microsoft.com/kb/5022899","No LDR Only available","No LDR Only available","No LDR Only available"," ","23-02Rollup"
"Sspisrv.dll","Dom_LSA","6.3.9600.20616","0","12-Sep-2022","GDR","5022899","February 14, 2023-KB5022899 (Monthly Rollup)","http://support.microsoft.com/kb/5022899","No LDR Only available","No LDR Only available","No LDR Only available"," ","23-02Rollup"
"Schannel.dll","Dom_LSA","6.3.9600.20627","0","08-Nov-2022","GDR","5022899","February 14, 2023-KB5022899 (Monthly Rollup)","http://support.microsoft.com/kb/5022899","No LDR Only available","No LDR Only available","No LDR Only available","rEX","23-02Rollup"
"dpapisvr.dll","Dom_LSA","6.3.9600.0","0","","RTM","5022899","","","","","","",""
"Scesrv.dll","Dom_SecAuditAndConfig","6.3.9600.20610","1","11-Oct-2022","GDR","5022899","February 14, 2023-KB5022899 (Monthly Rollup)","http://support.microsoft.com/kb/5022899","No LDR Only available","No LDR Only available","No LDR Only available","rEX","23-02Rollup"
"aclui.dll","Dom_SecAuditAndConfig","6.3.9600.17415","1","30.10.2014","GDR","3000850 (v1.7)","November 2014 update rollup for Windows RT 8.1, Windows 8.1, and Windows Server 2012 R2","http://support.microsoft.com/kb/3000850","No LDR Only available","No LDR Only available","No LDR Only available","rEX","14-11Rollup"
"Winscard.dll","Dom_SC_Provider","6.3.9600.18999","1","07-Apr-2018","GDR","5022899","February 14, 2023-KB5022899 (Monthly Rollup)","http://support.microsoft.com/kb/5022899","No LDR Only available","No LDR Only available","No LDR Only available"," ","23-02Rollup"
"Basecsp.dll","Dom_SC_Provider","6.3.9600.18964","1","07-Mar-2018","GDR","5022899","February 14, 2023-KB5022899 (Monthly Rollup)","http://support.microsoft.com/kb/5022899","No LDR Only available","No LDR Only available","No LDR Only available"," ","23-02Rollup"
"Scksp.dll","Dom_SC_Provider","6.3.9600.18964","1","09-Aug-2022","GDR","5022899","February 14, 2023-KB5022899 (Monthly Rollup)","http://support.microsoft.com/kb/5022899","No LDR Only available","No LDR Only available","No LDR Only available","rEX","23-02Rollup"
"ScardSvr.dll","Dom_SC_Srv","6.3.9600.18878","1","05-Dec-2017","GDR","5022899","February 14, 2023-KB5022899 (Monthly Rollup)","http://support.microsoft.com/kb/5022899","No LDR Only available","No LDR Only available","No LDR Only available"," ","23-02Rollup"
"Scfilter.sys","Dom_SC_Srv","6.3.9600.18878","1","05-Dec-2017","GDR","5022899","February 14, 2023-KB5022899 (Monthly Rollup)","http://support.microsoft.com/kb/5022899","No LDR Only available","No LDR Only available","No LDR Only available"," ","23-02Rollup"
"Certprop.dll","Dom_SC_Srv","6.3.9600.18562","1","24-Dec-2016","GDR","5022899","February 14, 2023-KB5022899 (Monthly Rollup)","http://support.microsoft.com/kb/5022899","No LDR Only available","No LDR Only available","No LDR Only available"," ","23-02Rollup"
"Crypt32.dll","Dom_CRYPTO","6.3.9600.20512","1","11-Jul-2022","GDR","5022899","February 14, 2023-KB5022899 (Monthly Rollup)","http://support.microsoft.com/kb/5022899","No LDR Only available","No LDR Only available","No LDR Only available"," ","23-02Rollup"
"cryptsvc.dll","Dom_CRYPTO","6.3.9600.17415","1","30.10.2014","GDR","3000850 (v1.7)","November 2014 update rollup for Windows RT 8.1, Windows 8.1, and Windows Server 2012 R","http://support.microsoft.com/kb/3000850","No LDR Only available","No LDR Only available","No LDR Only available"," ","14-11Rollup"
"Cryptnet.dll","Dom_CRYPTO","6.3.9600.18878","1","05-Dec-2017","GDR","5022899","February 14, 2023-KB5022899 (Monthly Rollup)","http://support.microsoft.com/kb/5022899","No LDR Only available","No LDR Only available","No LDR Only available"," ","23-02Rollup"
"Wintrust.dll","Dom_CRYPTO","6.3.9600.20369","1","27-Apr-2022","GDR","5022899","February 14, 2023-KB5022899 (Monthly Rollup)","http://support.microsoft.com/kb/5022899","No LDR Only available","No LDR Only available","No LDR Only available"," ","23-02Rollup"
"Cryptdll.dll","Dom_CRYPTO","6.3.9600.19343","1","05-Apr-2019","GDR","5022899","February 14, 2023-KB5022899 (Monthly Rollup)","http://support.microsoft.com/kb/5022899","No LDR Only available","No LDR Only available","No LDR Only available"," ","23-02Rollup"
"Cryptcatsvc.dll","Dom_CRYPTO","6.3.9600.19812","1","14-Aug-2020","GDR","5022899","February 14, 2023-KB5022899 (Monthly Rollup)","http://support.microsoft.com/kb/5022899","No LDR Only available","No LDR Only available","No LDR Only available"," ","23-02Rollup"
"dimsroam.dll","Dom_DIMS","6.3.9600.20565","0","13-Sep-2022","GDR","5022899","February 14, 2023-KB5022899 (Monthly Rollup)","http://support.microsoft.com/kb/5022899","No LDR Only available","No LDR Only available","No LDR Only available","rEX","23-02Rollup"
"dimsjob.dll","Dom_DIMS","6.3.9600.17415","0","18.11.2014","GDR","3000850 (v1.8)","November 2014 update rollup for Windows RT 8.1, Windows 8.1, and Windows Server 2012 R","http://support.microsoft.com/kb/3000850","No LDR Only available","No LDR Only available","No LDR Only available"," ","14-11Rollup"
"adprovider.dll","Dom_DIMS","6.3.9600.20565","0","13-Sep-2022","GDR","5022899","February 14, 2023-KB5022899 (Monthly Rollup)","http://support.microsoft.com/kb/5022899","No LDR Only available","No LDR Only available","No LDR Only available","rEX","23-02Rollup"
"capiprovider.dll","Dom_DIMS","6.3.9600.20565","0","13-Sep-2022","GDR","5022899","February 14, 2023-KB5022899 (Monthly Rollup)","http://support.microsoft.com/kb/5022899","No LDR Only available","No LDR Only available","No LDR Only available","rEX","23-02Rollup"
"cngprovider.dll","Dom_DIMS","6.3.9600.20565","0","13-Sep-2022","GDR","5022899","February 14, 2023-KB5022899 (Monthly Rollup)","http://support.microsoft.com/kb/5022899","No LDR Only available","No LDR Only available","No LDR Only available","rEX","23-02Rollup"
"dpapiprovider.dll","Dom_DIMS","6.3.9600.20565","0","13-Sep-2022","GDR","5022899","February 14, 2023-KB5022899 (Monthly Rollup)","http://support.microsoft.com/kb/5022899","No LDR Only available","No LDR Only available","No LDR Only available","rEX","23-02Rollup"
"wincredprovider.dll","Dom_DIMS","6.3.9600.20565","0","13-Sep-2022","GDR","5022899","February 14, 2023-KB5022899 (Monthly Rollup)","http://support.microsoft.com/kb/5022899","No LDR Only available","No LDR Only available","No LDR Only available","rEX","23-02Rollup"
"Gpapi.dll","Dom_GPSVC","6.3.9600.20571","0","13-Sep-2022","GDR","5022899","February 14, 2023-KB5022899 (Monthly Rollup)","http://support.microsoft.com/kb/5022899","No LDR Only available","No LDR Only available","No LDR Only available","rEX","23-02Rollup"
"Gpsvc.dll","Dom_GPSVC","6.3.9600.20571","0","13-Sep-2022","GDR","5022899","February 14, 2023-KB5022899 (Monthly Rollup)","http://support.microsoft.com/kb/5022899","No LDR Only available","No LDR Only available","No LDR Only available","rEX","23-02Rollup"
"Gpmgmt.dll","Dom_GPSVC","6.3.9600.18791","0","11-Aug-2017","GDR","5022899","February 14, 2023-KB5022899 (Monthly Rollup)","http://support.microsoft.com/kb/5022899","No LDR Only available","No LDR Only available","No LDR Only available"," ","23-02Rollup"
"Gprsop.dll","Dom_GPSVC","6.3.9600.18264","0","10-Mar-2016","GDR","5022899","February 14, 2023-KB5022899 (Monthly Rollup)","http://support.microsoft.com/kb/5022899","No LDR Only available","No LDR Only available","No LDR Only available"," ","23-02Rollup"
"Userenv.dll","Dom_GPSVC","6.3.9600.19846","0","23-Sep-2020","GDR","5022899","February 14, 2023-KB5022899 (Monthly Rollup)","http://support.microsoft.com/kb/5022899","No LDR Only available","No LDR Only available","No LDR Only available"," ","23-02Rollup"
"gpprnext.dll","Dom_GPExt","6.3.9600.17415","0","30.10.2014","GDR","3000850 (v1.7)","November 2014 update rollup for Windows RT 8.1, Windows 8.1, and Windows Server 2012 R","http://support.microsoft.com/kb/3000850","No LDR Only available","No LDR Only available","No LDR Only available"," ","14-11Rollup"
"appmgmts.dll","Dom_GPExt","6.3.9600.17415","0","18.11.2014","GDR","3000850 (v1.8)","November 2014 update rollup for Windows RT 8.1, Windows 8.1, and Windows Server 2012 R","http://support.microsoft.com/kb/3000850","No LDR Only available","No LDR Only available","No LDR Only available"," ","14-11Rollup"
"Gpprefcl.dll","Dom_GPP","6.3.9600.20624","0","11-Oct-2022","GDR","5022899","February 14, 2023-KB5022899 (Monthly Rollup)","http://support.microsoft.com/kb/5022899","No LDR Only available","No LDR Only available","No LDR Only available","rEX","23-02Rollup"
"Gpme.dll","Dom_GPP","6.3.9600.19847","0","28-Sep-2020","GDR","5022899","February 14, 2023-KB5022899 (Monthly Rollup)","http://support.microsoft.com/kb/5022899","No LDR Only available","No LDR Only available","No LDR Only available"," ","23-02Rollup"
"Gppref.dll","Dom_GPP","6.3.9600.19847","0","28-Sep-2020","GDR","5022899","February 14, 2023-KB5022899 (Monthly Rollup)","http://support.microsoft.com/kb/5022899","No LDR Only available","No LDR Only available","No LDR Only available"," ","23-02Rollup"
"Gpprefbr.dll","Dom_GPP","6.3.9600.19847","0","28-Sep-2020","GDR","5022899","February 14, 2023-KB5022899 (Monthly Rollup)","http://support.microsoft.com/kb/5022899","No LDR Only available","No LDR Only available","No LDR Only available"," ","23-02Rollup"
"Gpprefcn.dll","Dom_GPP","6.3.9600.18907","0","08-Jan-2018","GDR","5022899","February 14, 2023-KB5022899 (Monthly Rollup)","http://support.microsoft.com/kb/5022899","No LDR Only available","No LDR Only available","No LDR Only available"," ","23-02Rollup"
"Gpregistrybrowser.dll","Dom_GPP","6.3.9600.19847","0","29-Sep-2020","GDR","5022899","February 14, 2023-KB5022899 (Monthly Rollup)","http://support.microsoft.com/kb/5022899","No LDR Only available","No LDR Only available","No LDR Only available"," ","23-02Rollup"
"Propshts.dll","Dom_GPP","6.3.9600.19847","0","29-Sep-2020","GDR","5022899","February 14, 2023-KB5022899 (Monthly Rollup)","http://support.microsoft.com/kb/5022899","No LDR Only available","No LDR Only available","No LDR Only available"," ","23-02Rollup"
"profprov.dll","Dom_ProfProc","6.3.9600.17415","0","18.11.2014","GDR","3000850 (v1.8)","November 2014 update rollup for Windows RT 8.1, Windows 8.1, and Windows Server 2012 R","http://support.microsoft.com/kb/3000850","No LDR Only available","No LDR Only available","No LDR Only available"," ","14-11Rollup"
"Profsvc.dll","Dom_ProfProc","6.3.9600.19846","0","23-Sep-2020","GDR","5022899","February 14, 2023-KB5022899 (Monthly Rollup)","http://support.microsoft.com/kb/5022899","No LDR Only available","No LDR Only available","No LDR Only available"," ","23-02Rollup"
"fdeploy.dll","Dom_FolderRedir","6.3.9600.17415","0","30.10.2014","GDR","3000850 (v1.7)","November 2014 update rollup for Windows RT 8.1, Windows 8.1, and Windows Server 2012 R","http://support.microsoft.com/kb/3000850","No LDR Only available","No LDR Only available","No LDR Only available"," ","14-11Rollup"
"Esent.dll","Dom_ESENT","6.3.9600.18429","0","30-Jul-2016","GDR","5022899","February 14, 2023-KB5022899 (Monthly Rollup)","http://support.microsoft.com/kb/5022899","No LDR Only available","No LDR Only available","No LDR Only available"," ","23-02Rollup"
"Ntdsai.dll","Dom_NTDSAI","6.3.9600.20773","0","10-Jan-2023","GDR","5022899","February 14, 2023-KB5022899 (Monthly Rollup)","http://support.microsoft.com/kb/5022899","No LDR Only available","No LDR Only available","No LDR Only available","rEX","23-02Rollup"
"Ntdsutil.exe","Dom_NTDSAI","6.3.9600.16384","0","10-Aug-2020","GDR","5022899","February 14, 2023-KB5022899 (Monthly Rollup)","http://support.microsoft.com/kb/5022899","No LDR Only available","No LDR Only available","No LDR Only available","rEX","23-02Rollup"
"Samsrv.dll","Dom_SAMSRV","6.3.9600.20618","0","11-Oct-2022","GDR","5022899","February 14, 2023-KB5022899 (Monthly Rollup)","http://support.microsoft.com/kb/5022899","No LDR Only available","No LDR Only available","No LDR Only available","rEX","23-02Rollup"
"Samlib.dll","Dom_SAMSRV","6.3.9600.20517","0","09-Aug-2022","GDR","5022899","February 14, 2023-KB5022899 (Monthly Rollup)","http://support.microsoft.com/kb/5022899","No LDR Only available","No LDR Only available","No LDR Only available","rEX","23-02Rollup"
"Mrxsmb.sys","Net_SMB_Client","6.3.9600.20517","0","25-Jul-2022","GDR","5022899","February 14, 2023-KB5022899 (Monthly Rollup)","http://support.microsoft.com/kb/5022899","No LDR Only available","No LDR Only available","No LDR Only available"," ","23-02Rollup"
"Mrxsmb10.sys","Net_SMB_Client","6.3.9600.20517","0","25-Jul-2022","GDR","5022899","February 14, 2023-KB5022899 (Monthly Rollup)","http://support.microsoft.com/kb/5022899","No LDR Only available","No LDR Only available","No LDR Only available"," ","23-02Rollup"
"Mrxsmb20.sys","Net_SMB_Client","6.3.9600.20517","0","25-Jul-2022","GDR","5022899","February 14, 2023-KB5022899 (Monthly Rollup)","http://support.microsoft.com/kb/5022899","No LDR Only available","No LDR Only available","No LDR Only available"," ","23-02Rollup"
"Rdbss.sys","Net_SMB_Client","6.3.9600.20107","0","05-Aug-2021","GDR","5022899","February 14, 2023-KB5022899 (Monthly Rollup)","http://support.microsoft.com/kb/5022899","No LDR Only available","No LDR Only available","No LDR Only available"," ","23-02Rollup"
"Netbt.sys","Net_SMB_Client","6.3.9600.19843","0","14-Sep-2020","GDR","5022899","February 14, 2023-KB5022899 (Monthly Rollup)","http://support.microsoft.com/kb/5022899","No LDR Only available","No LDR Only available","No LDR Only available"," ","23-02Rollup"
"mup.sys","Net_SMB_Client","6.3.9600.18298","0","06.04.2016","GDR","3172614","July 2016 update rollup for Windows RT 8.1, Windows 8.1, and Windows Server 2012 R2","http://support.microsoft.com/kb/3172614","No LDR Only available","No LDR Only available","No LDR Only available","rEX","16-07Rollup"
"wkssvc.dll","Net_SMB_Client","6.3.9600.20625","0","11-Oct-2022","GDR","5022899","February 14, 2023-KB5022899 (Monthly Rollup)","http://support.microsoft.com/kb/5022899","No LDR Only available","No LDR Only available","No LDR Only available","rEX","23-02Rollup"
"Mpr.dll","Net_SMB_Client","6.3.9600.17415","0","10-Aug-2020","GDR","5022899","February 14, 2023-KB5022899 (Monthly Rollup)","http://support.microsoft.com/kb/5022899","No LDR Only available","No LDR Only available","No LDR Only available","rEX","23-02Rollup"
"NtLanman.dll","Net_SMB_Client","6.3.9600.17415","0","10-Aug-2020","GDR","5022899","February 14, 2023-KB5022899 (Monthly Rollup)","http://support.microsoft.com/kb/5022899","No LDR Only available","No LDR Only available","No LDR Only available","rEX","23-02Rollup"
"Tcpip.sys","Net_Protocol","6.3.9600.20625","0","11-Oct-2022","GDR","5022899","February 14, 2023-KB5022899 (Monthly Rollup)","http://support.microsoft.com/kb/5022899","No LDR Only available","No LDR Only available","No LDR Only available","rEX","23-02Rollup"
"Afd.sys","Net_Protocol","6.3.9600.20383","0","28-Apr-2022","GDR","5022899","February 14, 2023-KB5022899 (Monthly Rollup)","http://support.microsoft.com/kb/5022899","No LDR Only available","No LDR Only available","No LDR Only available"," ","23-02Rollup"
"Netio.sys","Net_Protocol","6.3.9600.19535","0","09-Oct-2019","GDR","5022899","February 14, 2023-KB5022899 (Monthly Rollup)","http://support.microsoft.com/kb/5022899","No LDR Only available","No LDR Only available","No LDR Only available"," ","23-02Rollup"
"Ndis.sys","Net_Protocol","6.3.9600.19864","0","08-Oct-2020","GDR","5022899","February 14, 2023-KB5022899 (Monthly Rollup)","http://support.microsoft.com/kb/5022899","No LDR Only available","No LDR Only available","No LDR Only available"," ","23-02Rollup"
"netiohlp.dll","Net_Protocol","6.3.9600.18202","0","19.01.2016","GDR","3123245 (v1.0)","Update improves port exhaustion identification in Windows Server 2012 R2","http://support.microsoft.com/kb/3123245","No LDR Only available","No LDR Only available","No LDR Only available"," ","No Rollup"
"Tdx.sys","Net_Protocol","6.3.9600.20108","0","06-Aug-2021","GDR","5022899","February 14, 2023-KB5022899 (Monthly Rollup)","http://support.microsoft.com/kb/5022899","No LDR Only available","No LDR Only available","No LDR Only available"," ","23-02Rollup"
"Iphlpapi.dll","Net_Protocol","6.3.9600.20563","0","07-Aug-2022","GDR","5022899","February 14, 2023-KB5022899 (Monthly Rollup)","http://support.microsoft.com/kb/5022899","No LDR Only available","No LDR Only available","No LDR Only available"," ","23-02Rollup"
"Dfsc.sys","Net_DFS-N_Client","6.3.9600.20566","0","13-Sep-2022","GDR","5022899","February 14, 2023-KB5022899 (Monthly Rollup)","http://support.microsoft.com/kb/5022899","No LDR Only available","No LDR Only available","No LDR Only available","rEX","23-02Rollup"
"Csc.sys","Net_CSC_Offline","6.3.9600.19087","0","27-Jun-2018","GDR","5022899","February 14, 2023-KB5022899 (Monthly Rollup)","http://support.microsoft.com/kb/5022899","No LDR Only available","No LDR Only available","No LDR Only available"," ","23-02Rollup"
"cscapi.dll","Net_CSC_Offline","6.3.9600.17927","0","09.07.2015","GDR","3078627 (v1.0)","Offline Files network shares might not be available in Windows 8.1","http://support.microsoft.com/kb/3078627","No LDR Only available","No LDR Only available","No LDR Only available"," ","No Rollup"
"cscdll.dll","Net_CSC_Offline","6.3.9600.17415","0","09.07.2015","GDR","3078627 (v1.7)","November 2014 update rollup for Windows RT 8.1, Windows 8.1, and Windows Server 2012 R","http://support.microsoft.com/kb/3078627","No LDR Only available","No LDR Only available","No LDR Only available"," ","No Rollup"
"Cscsvc.dll","Net_CSC_Offline","6.3.9600.20016","0","14-Apr-2021","GDR","5022899","February 14, 2023-KB5022899 (Monthly Rollup)","http://support.microsoft.com/kb/5022899","No LDR Only available","No LDR Only available","No LDR Only available"," ","23-02Rollup"
"Cscmig.dll","Net_CSC_Offline","6.3.9600.19087","0","10-Jan-2023","GDR","5022899","February 14, 2023-KB5022899 (Monthly Rollup)","http://support.microsoft.com/kb/5022899","No LDR Only available","No LDR Only available","No LDR Only available","rEX","23-02Rollup"
"cscui.dll","Net_CSC_Offline","6.3.9600.17415","0","30.10.2014","GDR","3000850 (v1.7)","November 2014 update rollup for Windows RT 8.1, Windows 8.1, and Windows Server 2012 R2","http://support.microsoft.com/kb/3000850","No LDR Only available","No LDR Only available","No LDR Only available","rEX","14-11Rollup"
"Mrxdav.sys","Net_WebDAV","6.3.9600.18469","0","08-Sep-2016","GDR","5022899","February 14, 2023-KB5022899 (Monthly Rollup)","http://support.microsoft.com/kb/5022899","No LDR Only available","No LDR Only available","No LDR Only available"," ","23-02Rollup"
"Webclnt.dll","Net_WebDAV","6.3.9600.18376","0","09-Jun-2016","GDR","3172614","July 2016 update rollup for Windows RT 8.1, Windows 8.1, and Windows Server 2012 R2","http://support.microsoft.com/kb/3172614","No LDR Only available","No LDR Only available","No LDR Only available","rEX","16-07Rollup"
"davclnt.dll","Net_WebDAV","6.3.9600.17923","0","02.07.2015","GDR","3076949 (v1.0)","MS15-089: Vulnerability in WebDAV could allow security feature bypass: August 11, 2015","http://support.microsoft.com/kb/3076949","No LDR Only available","No LDR Only available","No LDR Only available"," ","No Rollup"
"Shell32.dll","Net_WebDAV","6.3.9600.20617","0","11-Oct-2022","GDR","5022899","February 14, 2023-KB5022899 (Monthly Rollup)","http://support.microsoft.com/kb/5022899","No LDR Only available","No LDR Only available","No LDR Only available","rEX","23-02Rollup"
"Winhttp.dll","Net_WebDAV","6.3.9600.19254","0","27-Dec-2018","GDR","5022899","February 14, 2023-KB5022899 (Monthly Rollup)","http://support.microsoft.com/kb/5022899","No LDR Only available","No LDR Only available","No LDR Only available"," ","23-02Rollup"
"Dhcpcore.dll","Net_DHCP_Client","6.3.9600.20619","0","11-Oct-2022","GDR","5022899","February 14, 2023-KB5022899 (Monthly Rollup)","http://support.microsoft.com/kb/5022899","No LDR Only available","No LDR Only available","No LDR Only available","rEX","23-02Rollup"
"Dhcpcsvc.dll","Net_DHCP_Client","6.3.9600.20619","0","11-Oct-2022","GDR","5022899","February 14, 2023-KB5022899 (Monthly Rollup)","http://support.microsoft.com/kb/5022899","No LDR Only available","No LDR Only available","No LDR Only available","rEX","23-02Rollup"
"dnsapi.dll","Net_DNS_Client","6.3.9600.19990","0","17-Mar-2021","GDR","5022899","February 14, 2023-KB5022899 (Monthly Rollup)","http://support.microsoft.com/kb/5022899","No LDR Only available","No LDR Only available","No LDR Only available"," ","23-02Rollup"
"dnsrslvr.dll","Net_DNS_Client","6.3.9600.19913","0","08-Dec-2020","GDR","5022899","February 14, 2023-KB5022899 (Monthly Rollup)","http://support.microsoft.com/kb/5022899","No LDR Only available","No LDR Only available","No LDR Only available"," ","23-02Rollup"
"dnscacheugc.exe","Net_DNS_Client","6.3.9600.17415","0","18.11.2014","GDR","3000850 (v1.8)","November 2014 update rollup for Windows RT 8.1, Windows 8.1, and Windows Server 2012 R","http://support.microsoft.com/kb/3000850","No LDR Only available","No LDR Only available","No LDR Only available"," ","14-11Rollup"
"Rpcss.dll","Net_RPC","6.3.9600.20772","1","10-Jan-2023","GDR","5022899","February 14, 2023-KB5022899 (Monthly Rollup)","http://support.microsoft.com/kb/5022899","No LDR Only available","No LDR Only available","No LDR Only available","rEX","23-02Rollup"
"rpchttp.dll","Net_RPC","6.3.9600.17415","1","30.10.2014","GDR","3000850 (v1.7)","November 2014 update rollup for Windows RT 8.1, Windows 8.1, and Windows Server 2012 R","http://support.microsoft.com/kb/3000850","No LDR Only available","No LDR Only available","No LDR Only available"," ","14-11Rollup"
"Rpcrt4.dll","Net_RPC","6.3.9600.20778","1","10-Jan-2023","GDR","5022899","February 14, 2023-KB5022899 (Monthly Rollup)","http://support.microsoft.com/kb/5022899","No LDR Only available","No LDR Only available","No LDR Only available","rEX","23-02Rollup"
"Bfe.dll","Net_Ipsec_BFE","6.3.9600.20563","1","13-Sep-2022","GDR","5022899","February 14, 2023-KB5022899 (Monthly Rollup)","http://support.microsoft.com/kb/5022899","No LDR Only available","No LDR Only available","No LDR Only available","rEX","23-02Rollup"
"Ikeext.dll","Net_Ipsec_BFE","6.3.9600.20772","1","10-Jan-2023","GDR","5022899","February 14, 2023-KB5022899 (Monthly Rollup)","http://support.microsoft.com/kb/5022899","No LDR Only available","No LDR Only available","No LDR Only available","rEX","23-02Rollup"
"Fwpuclnt.dll","Net_Ipsec_BFE","6.3.9600.20563","1","13-Sep-2022","GDR","5022899","February 14, 2023-KB5022899 (Monthly Rollup)","http://support.microsoft.com/kb/5022899","No LDR Only available","No LDR Only available","No LDR Only available","rEX","23-02Rollup"
"Iphlpsvc.dll","Net_DirectAccess_Client","6.3.9600.19532","1","04-Oct-2019","GDR","5022899","February 14, 2023-KB5022899 (Monthly Rollup)","http://support.microsoft.com/kb/5022899","No LDR Only available","No LDR Only available","No LDR Only available"," ","23-02Rollup"
"Iphlpsvcmigplugin.dll","Net_DirectAccess_Client","6.3.9600.17415","1","28-Oct-2014","GDR","5022899","February 14, 2023-KB5022899 (Monthly Rollup)","http://support.microsoft.com/kb/5022899","No LDR Only available","No LDR Only available","No LDR Only available"," ","23-02Rollup"
"netcorehc.dll","Net_DirectAccess_Client","6.3.9600.17415","1","18.11.2014","GDR","3000850 (v1.8)","November 2014 update rollup for Windows RT 8.1, Windows 8.1, and Windows Server 2012 R","http://support.microsoft.com/kb/3000850","No LDR Only available","No LDR Only available","No LDR Only available"," ","14-11Rollup"
"daotpcredentialprovider.dll","Net_DirectAccess_Client","6.3.9600.17415","1","18.11.2014","GDR","3000850 (v1.8)","November 2014 update rollup for Windows RT 8.1, Windows 8.1, and Windows Server 2012 R","http://support.microsoft.com/kb/3000850","No LDR Only available","No LDR Only available","No LDR Only available"," ","14-11Rollup"
"Rdpcore.dll","Net_DirectAccess_Client","6.3.9600.20165","1","11-Oct-2021","GDR","5022899","February 14, 2023-KB5022899 (Monthly Rollup)","http://support.microsoft.com/kb/5022899","No LDR Only available","No LDR Only available","No LDR Only available"," ","23-02Rollup"
"dot3svc.dll","Net_IEEE802.1x","6.3.9600.17415","1","18.11.2014","GDR","3000850 (v1.8)","November 2014 update rollup for Windows RT 8.1, Windows 8.1, and Windows Server 2012 R","http://support.microsoft.com/kb/3000850","No LDR Only available","No LDR Only available","No LDR Only available"," ","14-11Rollup"
"Rastls.dll","Net_IEEE802.1x","6.3.9600.20816","1","12-Jan-2023","GDR","5022899","February 14, 2023-KB5022899 (Monthly Rollup)","http://support.microsoft.com/kb/5022899","No LDR Only available","No LDR Only available","No LDR Only available"," ","23-02Rollup"
"wlansvc.dll","Net_WLAN_Client","6.3.9600.20617","1","14-Sep-2022","GDR","5022899","February 14, 2023-KB5022899 (Monthly Rollup)","http://support.microsoft.com/kb/5022899","No LDR Only available","No LDR Only available","No LDR Only available"," ","23-02Rollup"
"wlanmsm.dll","Net_WLAN_Client","6.3.9600.20617","1","14-Sep-2022","GDR","5022899","February 14, 2023-KB5022899 (Monthly Rollup)","http://support.microsoft.com/kb/5022899","No LDR Only available","No LDR Only available","No LDR Only available"," ","23-02Rollup"
"wlanapi.dll","Net_WLAN_Client","6.3.9600.20617","1","14-Sep-2022","GDR","5022899","February 14, 2023-KB5022899 (Monthly Rollup)","http://support.microsoft.com/kb/5022899","No LDR Only available","No LDR Only available","No LDR Only available"," ","23-02Rollup"
"wlansec.dll","Net_WLAN_Client","6.3.9600.20617","1","14-Sep-2022","GDR","5022899","February 14, 2023-KB5022899 (Monthly Rollup)","http://support.microsoft.com/kb/5022899","No LDR Only available","No LDR Only available","No LDR Only available"," ","23-02Rollup"
"wlansvcpal.dll","Net_WLAN_Client","6.3.9600.20617","1","14-Sep-2022","GDR","5022899","February 14, 2023-KB5022899 (Monthly Rollup)","http://support.microsoft.com/kb/5022899","No LDR Only available","No LDR Only available","No LDR Only available"," ","23-02Rollup"
"wlanhlp.dll","Net_WLAN_Client","6.3.9600.20617","1","14-Sep-2022","GDR","5022899","February 14, 2023-KB5022899 (Monthly Rollup)","http://support.microsoft.com/kb/5022899","No LDR Only available","No LDR Only available","No LDR Only available"," ","23-02Rollup"
"Netcfgx.dll","Net_Config","6.3.9600.19887","1","05-Nov-2020","GDR","5022899","February 14, 2023-KB5022899 (Monthly Rollup)","http://support.microsoft.com/kb/5022899","No LDR Only available","No LDR Only available","No LDR Only available"," ","23-02Rollup"
"Rasapi32.dll","HNV_Net","6.3.9600.20563","1","13-Sep-2022","GDR","5022899","February 14, 2023-KB5022899 (Monthly Rollup)","http://support.microsoft.com/kb/5022899","No LDR Only available","No LDR Only available","No LDR Only available","rEX","23-02Rollup"
"Mprapi.dll","HNV_Net","6.3.9600.19786","1","14-Aug-2020","GDR","5022899","February 14, 2023-KB5022899 (Monthly Rollup)","http://support.microsoft.com/kb/5022899","No LDR Only available","No LDR Only available","No LDR Only available"," ","23-02Rollup"
"tunnel.sys","Net_IPv6","6.3.9600.18048","1","05.09.2015","GDR","3078405 (v2.0)","""0x0000004A"" or ""0x0000009F"" Stop error occurs in Windows 8.1","http://support.microsoft.com/kb/3078405","No LDR Only available","No LDR Only available","No LDR Only available"," ","No Rollup"
"Dhcpcore6.dll","Net_IPv6","6.3.9600.20619","1","11-Oct-2022","GDR","5022899","February 14, 2023-KB5022899 (Monthly Rollup)","http://support.microsoft.com/kb/5022899","No LDR Only available","No LDR Only available","No LDR Only available","rEX","23-02Rollup"
"Dhcpcsvc6.dll","Net_IPv6","6.3.9600.20619","1","11-Oct-2022","GDR","5022899","February 14, 2023-KB5022899 (Monthly Rollup)","http://support.microsoft.com/kb/5022899","No LDR Only available","No LDR Only available","No LDR Only available","rEX","23-02Rollup"
"WebIo.dll","Net_BranchCache","6.3.9600.18378","1","11-Jun-2016","GDR","3172614","July 2016 update rollup for Windows RT 8.1, Windows 8.1, and Windows Server 2012 R2","http://support.microsoft.com/kb/3172614","No LDR Only available","No LDR Only available","No LDR Only available","rEX","16-07Rollup"
"Smbhash.exe","Net_BranchCache","6.3.9600.16384","1","10-Aug-2020","GDR","5022899","February 14, 2023-KB5022899 (Monthly Rollup)","http://support.microsoft.com/kb/5022899","No LDR Only available","No LDR Only available","No LDR Only available","rEX","23-02Rollup"
"Pacer.sys","Net_QoS","6.3.9600.18895","1","01-Jan-2018","GDR","5022899","February 14, 2023-KB5022899 (Monthly Rollup)","http://support.microsoft.com/kb/5022899","No LDR Only available","No LDR Only available","No LDR Only available"," ","23-02Rollup"
"Mpsdrv.sys","Net_Firewall","6.3.9600.19122","1","09-Aug-2018","GDR","5022899","February 14, 2023-KB5022899 (Monthly Rollup)","http://support.microsoft.com/kb/5022899","No LDR Only available","No LDR Only available","No LDR Only available"," ","23-02Rollup"
"MpsSvc.dll","Net_Firewall","6.3.9600.18895","1","01-Jan-2018","GDR","5022899","February 14, 2023-KB5022899 (Monthly Rollup)","http://support.microsoft.com/kb/5022899","No LDR Only available","No LDR Only available","No LDR Only available"," ","23-02Rollup"
"Ntoskrnl.exe","Core_Kernel","6.3.9600.20778","0","10-Jan-2023","GDR","5022899","February 14, 2023-KB5022899 (Monthly Rollup)","http://support.microsoft.com/kb/5022899","No LDR Only available","No LDR Only available","No LDR Only available","rEX","23-02Rollup"
"Ntkrnlpa.exe","Core_Kernel","6.3.9600.0","0","","RTM","5022899","","","","","","",""
"crashdmp.sys","Core_Kernel","6.3.9600.17622","0","20.12.2014","GDR","3027113 (v1.0)","Can't save a dump file when the system crashes and the Round Robin MPIO policy is used in Windows Server 201","http://support.microsoft.com/kb/3027113","No LDR Only available","No LDR Only available","No LDR Only available"," ","No Rollup"
"Ntdll.dll","Core_Kernel","6.3.9600.20718","0","13-Dec-2022","GDR","5022899","February 14, 2023-KB5022899 (Monthly Rollup)","http://support.microsoft.com/kb/5022899","No LDR Only available","No LDR Only available","No LDR Only available","rEX","23-02Rollup"
"Hal.dll","Core_Kernel","6.3.9600.20512","0","12-Jul-2022","GDR","5022899","February 14, 2023-KB5022899 (Monthly Rollup)","http://support.microsoft.com/kb/5022899","No LDR Only available","No LDR Only available","No LDR Only available"," ","23-02Rollup"
"Fltmgr.sys","Core_Kernel","6.3.9600.20037","0","12-May-2021","GDR","5022899","February 14, 2023-KB5022899 (Monthly Rollup)","http://support.microsoft.com/kb/5022899","No LDR Only available","No LDR Only available","No LDR Only available"," ","23-02Rollup"
"win32k.sys","Core_Kernel","6.3.9600.20777","0","10-Jan-2023","GDR","5022899","February 14, 2023-KB5022899 (Monthly Rollup)","http://support.microsoft.com/kb/5022899","No LDR Only available","No LDR Only available","No LDR Only available","rEX","23-02Rollup"
"Ntfs.sys","Core_FileSystem","6.3.9600.20778","0","10-Jan-2023","GDR","5022899","February 14, 2023-KB5022899 (Monthly Rollup)","http://support.microsoft.com/kb/5022899","No LDR Only available","No LDR Only available","No LDR Only available","rEX","23-02Rollup"
"dedup.sys","Core_FileSystem","6.3.9600.19242","0","21-Dec-2018","GDR","5022899","February 14, 2023-KB5022899 (Monthly Rollup)","http://support.microsoft.com/kb/5022899","No LDR Only available","No LDR Only available","No LDR Only available"," ","23-02Rollup"
"Msiscsi.sys","Core_DiskSystem","6.3.9600.18968","0","09-Mar-2018","GDR","5022899","February 14, 2023-KB5022899 (Monthly Rollup)","http://support.microsoft.com/kb/5022899","No LDR Only available","No LDR Only available","No LDR Only available"," ","23-02Rollup"
"Iscsitgt.dll","Core_DiskSystem","6.3.9600.19913","0","08-Dec-2020","GDR","5022899","February 14, 2023-KB5022899 (Monthly Rollup)","http://support.microsoft.com/kb/5022899","No LDR Only available","No LDR Only available","No LDR Only available"," ","23-02Rollup"
"Storport.sys","Core_DiskSystem","6.3.9600.20518","0","28-Jul-2022","GDR","5022899","February 14, 2023-KB5022899 (Monthly Rollup)","http://support.microsoft.com/kb/5022899","No LDR Only available","No LDR Only available","No LDR Only available"," ","23-02Rollup"
"repdrvfs.dll","Core_WMI","6.3.9600.17475","0","29.10.2014","GDR","3173424 (v3.0)","Servicing stack update for Windows 8.1 and Windows Server 2012 R2: July 12, 2016","http://support.microsoft.com/kb/3173424","No LDR Only available","No LDR Only available","No LDR Only available"," ","No Rollup"
"Advapi32.dll","Core_Apps","6.3.9600.20720","0","13-Dec-2022","GDR","5022899","February 14, 2023-KB5022899 (Monthly Rollup)","http://support.microsoft.com/kb/5022899","No LDR Only available","No LDR Only available","No LDR Only available","rEX","23-02Rollup"
"Mshtml.dll","IE_Client","11.0.9600.20671","0","08-Nov-2022","GDR","5022899","February 14, 2023-KB5022899 (Monthly Rollup)","http://support.microsoft.com/kb/5022899","No LDR Only available","No LDR Only available","No LDR Only available","rEX","23-02Rollup"
"5001403","Win2012R2_21_04_SSU_KB","KBOnlyVersion","0","13-Apr-2021","GDR","5001403","KB5001403: Servicing stack update for Windows 8.1, Windows RT 8.1, and Windows Server 2012 R2: April 13, 2021","http://support.microsoft.com/kb/5001403","No LDR Only available","No LDR Only available","No LDR Only available"," ","No Rollup"
"3123245","All_OS_2012R2_important_KB","KBOnlyVersion","0","14-Apr-2016","GDR","3123245 (v4.0)","Update improves port exhaustion identification in Windows Server 2012 R2","http://support.microsoft.com/kb/3123245","No LDR Only available","No LDR Only available","No LDR Only available"," ","No Rollup"
"2919355","Win2012R2_14_04_rollup_KB"," ","0","24.02.2014","GDR","2919355 (v1.14)","Windows RT 8.1, Windows 8.1, and Windows Server 2012 R2 Update: April 2014","http://support.microsoft.com/kb/2919355","No LDR Only available","No LDR Only available","No LDR Only available"," ","14-04Rollup"
"3000850","Win2012R2_14_11_rollup_KB"," ","0","18.11.2014","GDR","3000850 (v2.0)","November 2014 update rollup for Windows RT 8.1, Windows 8.1, and Windows Server 2012 R2","http://support.microsoft.com/kb/3000850","No LDR Only available","No LDR Only available","No LDR Only available"," ","14-11Rollup"
"3013769","Win2012R2_14_12_rollup_KB"," ","0","10.12.2014","GDR","3013769 (v2.0)","December 2014 update rollup for Windows RT 8.1, Windows 8.1, and Windows Server 2012 R2","http://support.microsoft.com/kb/3013769","No LDR Only available","No LDR Only available","No LDR Only available"," ","14-12Rollup"
"3172614","Win2012R2_16_07_rollup_KB"," ","0","19.07.2016","GDR","3172614 (v1.0)","July 2016 update rollup for Windows RT 8.1, Windows 8.1, and Windows Server 2012 R2","http://support.microsoft.com/kb/3172614","No LDR Only available","No LDR Only available","No LDR Only available"," ","16-07Rollup"
"3179574","Win2012R2_16_08_rollup_KB"," ","0","16.08.2016","GDR","3179574 (v1.0)","August 2016 update rollup for Windows RT 8.1, Windows 8.1, and Windows Server 2012 R2","http://support.microsoft.com/kb/3179574","No LDR Only available","No LDR Only available","No LDR Only available"," ","16-08Rollup"
"5022899","Win2012R2_23-02_B_rollup_KB"," ","0","14-Feb-2023","GDR","5022899","February 14, 2023-KB5022899 (Monthly Rollup)","http://support.microsoft.com/kb/5022899","No LDR Only available","No LDR Only available","No LDR Only available"," ","23-02Rollup"
