"Binary","Component","Version","Prio","Published","Branch","Article","Title","Link","LDROnlyKB","LDROnlyTitle","LDROnlyLink","Comment","RollupInfo"
"Ntoskrnl.exe","Core_Kernel","6.2.19041.1202","0","01-Sep-21","GDR","5005101","September 1, 2021-KB5005101 (OS Builds 19041.1202, 19042.1202, and 19043.1202) Preview","http://support.microsoft.com/kb/5005101","KB only","KB only","KB only"," ","21-08Rollup"
"Ntkrnlpa.exe","Core_Kernel","6.2.19041.1","0","06-May-20","GDR","5005101","September 1, 2021-KB5005101 (OS Builds 19041.1202, 19042.1202, and 19043.1202) Preview","http://support.microsoft.com/kb/5005101","KB only","KB only","KB only"," ","21-08Rollup"
"Crashdmp.sys","Core_Kernel","6.2.19041.1","0","06-May-20","GDR","5005101","September 1, 2021-KB5005101 (OS Builds 19041.1202, 19042.1202, and 19043.1202) Preview","http://support.microsoft.com/kb/5005101","KB only","KB only","KB only"," ","21-08Rollup"
"win32k.sys","Core_Kernel","6.2.19041.1202","0","01-Sep-21","GDR","5005101","September 1, 2021-KB5005101 (OS Builds 19041.1202, 19042.1202, and 19043.1202) Preview","http://support.microsoft.com/kb/5005101","KB only","KB only","KB only"," ","21-08Rollup"
"Rdpshell.exe","RDS_remote_App","6.2.19041.1202","0","01-Sep-21","GDR","5005101","September 1, 2021-KB5005101 (OS Builds 19041.1202, 19042.1202, and 19043.1202) Preview","http://support.microsoft.com/kb/5005101","KB only","KB only","KB only"," ","21-08Rollup"
"Rdsdwmdr.dll","RDS_remote_App","6.2.19041.1202","0","01-Sep-21","GDR","5005101","September 1, 2021-KB5005101 (OS Builds 19041.1202, 19042.1202, and 19043.1202) Preview","http://support.microsoft.com/kb/5005101","KB only","KB only","KB only"," ","21-08Rollup"
"Tscfgwmi.dll","RDS_remote_App","6.2.19041.964","0","28-Apr-21","GDR","5005101","September 1, 2021-KB5005101 (OS Builds 19041.1202, 19042.1202, and 19043.1202) Preview","http://support.microsoft.com/kb/5005101","KB only","KB only","KB only"," ","21-08Rollup"
"Audioeng.dll","RDS_devRdr","6.2.19041.1151","1","29-Jul-21","GDR","5005101","September 1, 2021-KB5005101 (OS Builds 19041.1202, 19042.1202, and 19043.1202) Preview","http://support.microsoft.com/kb/5005101","KB only","KB only","KB only"," ","21-08Rollup"
"Audiokse.dll","RDS_devRdr","6.2.19041.1151","1","29-Jul-21","GDR","5005101","September 1, 2021-KB5005101 (OS Builds 19041.1202, 19042.1202, and 19043.1202) Preview","http://support.microsoft.com/kb/5005101","KB only","KB only","KB only"," ","21-08Rollup"
"Audioses.dll","RDS_devRdr","6.2.19041.1023","1","25-May-21","GDR","5005101","September 1, 2021-KB5005101 (OS Builds 19041.1202, 19042.1202, and 19043.1202) Preview","http://support.microsoft.com/kb/5005101","KB only","KB only","KB only"," ","21-08Rollup"
"Audiosrv.dll","RDS_devRdr","6.2.19041.1151","1","29-Jul-21","GDR","5005101","September 1, 2021-KB5005101 (OS Builds 19041.1202, 19042.1202, and 19043.1202) Preview","http://support.microsoft.com/kb/5005101","KB only","KB only","KB only"," ","21-08Rollup"
"Wsepno.dll","RDS_msTsc","7.0.19041.1","1","06-May-20","GDR","5005101","September 1, 2021-KB5005101 (OS Builds 19041.1202, 19042.1202, and 19043.1202) Preview","http://support.microsoft.com/kb/5005101","KB only","KB only","KB only"," ","21-08Rollup"
"Xpsgdiconverter.dll","RDS_msTsc","6.2.19041.1","1","06-May-20","GDR","5005101","September 1, 2021-KB5005101 (OS Builds 19041.1202, 19042.1202, and 19043.1202) Preview","http://support.microsoft.com/kb/5005101","KB only","KB only","KB only"," ","21-08Rollup"
"Vmrdvcore.dll","RDS_vHost","6.2.19041.964","0","28-Apr-21","GDR","5005101","September 1, 2021-KB5005101 (OS Builds 19041.1202, 19042.1202, and 19043.1202) Preview","http://support.microsoft.com/kb/5005101","KB only","KB only","KB only"," ","21-08Rollup"
"Tsvmhasvc.dll","RDS_vHost","6.2.19041.1","0","06-May-20","GDR","5005101","September 1, 2021-KB5005101 (OS Builds 19041.1202, 19042.1202, and 19043.1202) Preview","http://support.microsoft.com/kb/5005101","KB only","KB only","KB only"," ","21-08Rollup"
"Tssdis.exe","RDS_vHost","6.2.19041.1","0","06-May-20","GDR","5005101","September 1, 2021-KB5005101 (OS Builds 19041.1202, 19042.1202, and 19043.1202) Preview","http://support.microsoft.com/kb/5005101","KB only","KB only","KB only"," ","21-08Rollup"
"aaedge.dll","RDS_gateway","6.2.19041.1","1","06-May-20","GDR","5005101","September 1, 2021-KB5005101 (OS Builds 19041.1202, 19042.1202, and 19043.1202) Preview","http://support.microsoft.com/kb/5005101","KB only","KB only","KB only"," ","21-08Rollup"
"lserver.dll","RDS_license","6.2.19041.1","1","06-May-20","GDR","5005101","September 1, 2021-KB5005101 (OS Builds 19041.1202, 19042.1202, and 19043.1202) Preview","http://support.microsoft.com/kb/5005101","KB only","KB only","KB only"," ","21-08Rollup"
"licmgr.exe","RDS_license","6.2.19041.1","1","06-May-20","GDR","5005101","September 1, 2021-KB5005101 (OS Builds 19041.1202, 19042.1202, and 19043.1202) Preview","http://support.microsoft.com/kb/5005101","KB only","KB only","KB only"," ","21-08Rollup"
"dxgkrnl.sys","RDS_host","6.2.19041.1202","1","01-Sep-21","GDR","5005101","September 1, 2021-KB5005101 (OS Builds 19041.1202, 19042.1202, and 19043.1202) Preview","http://support.microsoft.com/kb/5005101","KB only","KB only","KB only"," ","21-08Rollup"
"sessenv.dll","RDS_host","6.2.19041.964","1","28-Apr-21","GDR","5005101","September 1, 2021-KB5005101 (OS Builds 19041.1202, 19042.1202, and 19043.1202) Preview","http://support.microsoft.com/kb/5005101","KB only","KB only","KB only"," ","21-08Rollup"
"Profprov.dll","Dom_ProfProc","6.2.19041.1","1","06-May-20","GDR","5005101","September 1, 2021-KB5005101 (OS Builds 19041.1202, 19042.1202, and 19043.1202) Preview","http://support.microsoft.com/kb/5005101","KB only","KB only","KB only"," ","21-08Rollup"
"Profsvc.dll","Dom_ProfProc","6.2.19041.1202","1","01-Sep-21","GDR","5005101","September 1, 2021-KB5005101 (OS Builds 19041.1202, 19042.1202, and 19043.1202) Preview","http://support.microsoft.com/kb/5005101","KB only","KB only","KB only"," ","21-08Rollup"
"5005101","Win201621H1_21-08_C_rollup_KB"," ","0","01-Sep-2021","GDR","5005101","September 1, 2021-KB5005101 (OS Builds 19041.1202, 19042.1202, and 19043.1202) Preview","http://support.microsoft.com/kb/5005101","KB only","KB only","KB only"," ","21-08Rollup"
