"Binary","Component","Version","Prio","Published","Branch","Article","Title","Link","LDROnlyKB","LDROnlyTitle","LDROnlyLink","Comment","RollupInfo"
"Ntoskrnl.exe","Core_Kernel","6.0.6003.21911","0","11-Jan-2023","GDR","5022890","February 14, 2023-KB5022890 (Monthly Rollup)","http://support.microsoft.com/kb/5022890","No LDR Only available","No LDR Only available","No LDR Only available"," ","23-02Rollup"
"Ntkrnlpa.exe","Core_Kernel","6.0.6003.21911","0","11-Jan-2023","GDR","5022890","February 14, 2023-KB5022890 (Monthly Rollup)","http://support.microsoft.com/kb/5022890","No LDR Only available","No LDR Only available","No LDR Only available"," ","23-02Rollup"
"Crashdmp.sys","Core_Kernel","6.0.6002.0","0","","RTM","5022890","","","","","","",""
"vssapi.dll","Core_VSS","6.0.6002.22267","1","16.11.2009","LDR","975928 (v1.0)","A parallel backup operation may fail when the operation is performed by Volume Shadow Copy Service (VSS)","http://support.microsoft.com/kb/975928","975928 (v1.0)","A parallel backup operation may fail when the operation is performed by Volume Shadow Copy Service (VSS)","http://support.microsoft.com/kb/975928"," ","No Rollup"
"vsstrace.dll","Core_VSS","6.0.6002.22267","1","16.11.2009","LDR","975928 (v1.0)","A parallel backup operation may fail when the operation is performed by Volume Shadow Copy Service (VSS)","http://support.microsoft.com/kb/975928","975928 (v1.0)","A parallel backup operation may fail when the operation is performed by Volume Shadow Copy Service (VSS)","http://support.microsoft.com/kb/975928"," ","No Rollup"
"vsssvc.exe","Core_VSS","6.0.6002.0","1","","RTM","5022890","","","","","","",""
"swprv.dll","Core_VSS","6.0.6002.22137","1","16.05.2009","LDR","971394 (v1.0)","A backup of virtual machines fails when you use the Hyper-V VSS writer to back up virtual machines concurrently on a computer that is running Windows Server 2008","http://support.microsoft.com/kb/971394","971394 (v1.0)","A backup of virtual machines fails when you use the Hyper-V VSS writer to back up virtual machines concurrently on a computer that is running Windows Server 2008","http://support.microsoft.com/kb/971394"," ","No Rollup"
"spp.dll","Core_VSS","6.0.6002.22641","1","13.05.2011","LDR","2457458 (v1.0)","Windows backup fails when you back up data from the root folder of a mount point","http://support.microsoft.com/kb/2457458","2457458 (v1.0)","Windows backup fails when you back up data from the root folder of a mount point","http://support.microsoft.com/kb/2457458"," ","No Rollup"
"wbengine.exe","Core_VSS","6.0.6002.22910","1","24.08.2012","LDR","2727978 (v3.0)","Error message when you run ""wbadmin start systemstatebackup"" to back up the system state of a Windows Vista-based or Windows Server 2008-based virtual machine that is running on a VMware host server","http://support.microsoft.com/kb/2727978","2727978 (v3.0)","Error message when you run ""wbadmin start systemstatebackup"" to back up the system state of a Windows Vista-based or Windows Server 2008-based virtual machine that is running on a VMware host server","http://support.microsoft.com/kb/2727978","rEX","No Rollup"
"blbsrv.dll","Core_VSS","6.0.6002.0","1","","RTM","5022890","","","","","","",""
"volsnap.sys","Cluster_Volsnap","6.0.6002.22987","0","27.11.2012","LDR","2787113 (v1.0)","""0x00000050"" Stop error when you create a snapshot by using the VSS in Windows Vista or in Windows Server 2008","http://support.microsoft.com/kb/2787113","2787113 (v1.0)","""0x00000050"" Stop error when you create a snapshot by using the VSS in Windows Vista or in Windows Server 2008","http://support.microsoft.com/kb/2787113"," ","No Rollup"
"pci.sys","Core_Sys","6.0.6003.21090","1","05-Mar-2021","GDR","5022890","February 14, 2023-KB5022890 (Monthly Rollup)","http://support.microsoft.com/kb/5022890","No LDR Only available","No LDR Only available","No LDR Only available"," ","23-02Rollup"
"Termdd.sys","Core_Sys","6.0.6003.21090","1","05-Mar-2021","GDR","5022890","February 14, 2023-KB5022890 (Monthly Rollup)","http://support.microsoft.com/kb/5022890","No LDR Only available","No LDR Only available","No LDR Only available"," ","23-02Rollup"
"Volmgr.sys","Core_Sys","6.0.6003.21090","1","05-Mar-2021","GDR","5022890","February 14, 2023-KB5022890 (Monthly Rollup)","http://support.microsoft.com/kb/5022890","No LDR Only available","No LDR Only available","No LDR Only available"," ","23-02Rollup"
"Crypt32.dll","Dom_CRYPTO","6.0.6003.21911","1","11-Jan-2023","GDR","5022890","February 14, 2023-KB5022890 (Monthly Rollup)","http://support.microsoft.com/kb/5022890","No LDR Only available","No LDR Only available","No LDR Only available"," ","23-02Rollup"
"Cryptsvc.dll","Dom_CRYPTO","6.0.6003.21911","1","11-Jan-2023","GDR","5022890","February 14, 2023-KB5022890 (Monthly Rollup)","http://support.microsoft.com/kb/5022890","No LDR Only available","No LDR Only available","No LDR Only available"," ","23-02Rollup"
"Cryptnet.dll","Dom_CRYPTO","6.0.6003.21911","1","11-Jan-2023","GDR","5022890","February 14, 2023-KB5022890 (Monthly Rollup)","http://support.microsoft.com/kb/5022890","No LDR Only available","No LDR Only available","No LDR Only available"," ","23-02Rollup"
"Wintrust.dll","Dom_CRYPTO","6.0.6003.21911","1","11-Jan-2023","GDR","5022890","February 14, 2023-KB5022890 (Monthly Rollup)","http://support.microsoft.com/kb/5022890","No LDR Only available","No LDR Only available","No LDR Only available"," ","23-02Rollup"
"Cryptdll.dll","Dom_CRYPTO","6.0.6003.20506","1","06-Apr-2019","GDR","5022890","February 14, 2023-KB5022890 (Monthly Rollup)","http://support.microsoft.com/kb/5022890","No LDR Only available","No LDR Only available","No LDR Only available"," ","23-02Rollup"
"Cryptcatsvc.dll","Dom_CRYPTO","6.0.6002.0","1","","RTM","5022890","","","","","","",""
"4493730","Win2008_19_04_SSU_KB"," ","0","09-Apr-2020","LDR","4493730","Servicing stack update for Windows Server 2008 SP2: April 9, 2019","http://support.microsoft.com/kb/4493730","No LDR Only available","No LDR Only available","No LDR Only available"," ","No Rollup"
"4474419","Win2008_19_09_SHA_KB"," ","0","23-Sep-2019","LDR","4474419","SHA-2 code signing support update for Windows Server 2008 R2, Windows 7, and Windows Server 2008: September 23, 2019","http://support.microsoft.com/kb/4474419","No LDR Only available","No LDR Only available","No LDR Only available"," ","No Rollup"
"4534303","Win2008_20-01_B_last-non-ESU"," ","0","14-Jan-2020","GDR","4534303","January 14, 2020-KB4534303 (Monthly Rollup)","http://support.microsoft.com/kb/4534303","No LDR Only available","No LDR Only available","No LDR Only available"," ","20-01Rollup"
"4580971","Win2008_20_10_SSU_KB"," ","0","13-Oct-2020","LDR","4580971","Servicing stack update for Windows Server 2008 SP2: October 13, 2020","http://support.microsoft.com/kb/4580971","No LDR Only available","No LDR Only available","No LDR Only available"," ","No Rollup"
"4538484","Win2008_20_02_ESU_KB"," ","0","11-Feb-2020","LDR","4538484","Extended Security Updates (ESU) Licensing Preparation Package for Windows Server 2008 SP2","http://support.microsoft.com/kb/4538484","No LDR Only available","No LDR Only available","No LDR Only available"," ","No Rollup"
"4575904","Win2008_21_02_ESU_KB"," ","0","09-Feb-2021","LDR","4575904","Update for the Extended Security Updates (ESU) Licensing Preparation Package for Windows Server 2008 SP2","http://support.microsoft.com/kb/4575904","No LDR Only available","No LDR Only available","No LDR Only available"," ","No Rollup"
"5010452","Win2008_22_02_SSU_KB"," ","0","08-Feb-2022","LDR","5010452","KB5010452: Servicing stack update for Windows Server 2008 SP2: February 8, 2022","http://support.microsoft.com/kb/5010452","No LDR Only available","No LDR Only available","No LDR Only available"," ","No Rollup"
"5022890","Win2008_23-02_B_rollup_KB"," ","0","14-Feb-2023","GDR","5022890","February 14, 2023-KB5022890 (Monthly Rollup)","http://support.microsoft.com/kb/5022890","No LDR Only available","No LDR Only available","No LDR Only available"," ","23-02Rollup"
