"Binary","Component","Version","Prio","Published","Branch","Article","Title","Link","LDROnlyKB","LDROnlyTitle","LDROnlyLink","Comment","RollupInfo"
"Ntoskrnl.exe","Core_Kernel","6.2.10240.19145","0","3-Dec-2021","GDR","5008230","December 14, 2021-KB5008230 (OS Build 10240.19145)","http://support.microsoft.com/kb/5008230","No LDR Only available","No LDR Only available","No LDR Only available"," ","21-12Rollup"
"Ntdll.dll","Core_Kernel","6.2.10240.19086","0","5-Oct-2021","GDR","5008230","December 14, 2021-KB5008230 (OS Build 10240.19145)","http://support.microsoft.com/kb/5008230","No LDR Only available","No LDR Only available","No LDR Only available"," ","21-12Rollup"
"Hal.dll","Core_Kernel","6.2.10240.18366","0","29-Sep-2019","GDR","5008230","December 14, 2021-KB5008230 (OS Build 10240.19145)","http://support.microsoft.com/kb/5008230","No LDR Only available","No LDR Only available","No LDR Only available"," ","21-12Rollup"
"Fltmgr.sys","Core_Kernel","6.2.10240.18967","0","5-Jun-2021","GDR","5008230","December 14, 2021-KB5008230 (OS Build 10240.19145)","http://support.microsoft.com/kb/5008230","No LDR Only available","No LDR Only available","No LDR Only available"," ","21-12Rollup"
"win32k.sys","Core_Kernel","6.2.10240.16384","0","9-Jul-2015","GDR","5008230","December 14, 2021-KB5008230 (OS Build 10240.19145)","http://support.microsoft.com/kb/5008230","No LDR Only available","No LDR Only available","No LDR Only available"," ","21-12Rollup"
"Ntfs.sys","Core_FileSystem","6.2.10240.19145","0","3-Dec-2021","GDR","5008230","December 14, 2021-KB5008230 (OS Build 10240.19145)","http://support.microsoft.com/kb/5008230","No LDR Only available","No LDR Only available","No LDR Only available"," ","21-12Rollup"
"Storport.sys","Core_DiskSystem","6.2.10240.19145","0","3-Dec-2021","GDR","5008230","December 14, 2021-KB5008230 (OS Build 10240.19145)","http://support.microsoft.com/kb/5008230","No LDR Only available","No LDR Only available","No LDR Only available"," ","21-12Rollup"
"Repdrvfs.dll","Core_WMI","6.2.10240.18036","0","24-Oct-2018","GDR","5008230","December 14, 2021-KB5008230 (OS Build 10240.19145)","http://support.microsoft.com/kb/5008230","No LDR Only available","No LDR Only available","No LDR Only available"," ","21-12Rollup"
"Advapi32.dll","Core_Apps","6.2.10240.18967","0","5-Jun-2021","GDR","5008230","December 14, 2021-KB5008230 (OS Build 10240.19145)","http://support.microsoft.com/kb/5008230","No LDR Only available","No LDR Only available","No LDR Only available"," ","21-12Rollup"
"Vssapi.dll","Core_VSS","6.2.10240.18818","1","7-Jan-2021","GDR","5008230","December 14, 2021-KB5008230 (OS Build 10240.19145)","http://support.microsoft.com/kb/5008230","No LDR Only available","No LDR Only available","No LDR Only available"," ","21-12Rollup"
"Vsstrace.dll","Core_VSS","6.2.10240.18818","1","7-Jan-2021","GDR","5008230","December 14, 2021-KB5008230 (OS Build 10240.19145)","http://support.microsoft.com/kb/5008230","No LDR Only available","No LDR Only available","No LDR Only available"," ","21-12Rollup"
"Swprv.dll","Core_VSS","6.2.10240.18818","1","7-Jan-2021","GDR","5008230","December 14, 2021-KB5008230 (OS Build 10240.19145)","http://support.microsoft.com/kb/5008230","No LDR Only available","No LDR Only available","No LDR Only available"," ","21-12Rollup"
"spp.dll","Core_VSS","6.2.10240.18818","1","7-Jan-2021","GDR","5008230","December 14, 2021-KB5008230 (OS Build 10240.19145)","http://support.microsoft.com/kb/5008230","No LDR Only available","No LDR Only available","No LDR Only available"," ","21-12Rollup"
"wbengine.exe","Core_VSS","6.2.10240.18818","1","7-Jan-2021","GDR","5008230","December 14, 2021-KB5008230 (OS Build 10240.19145)","http://support.microsoft.com/kb/5008230","No LDR Only available","No LDR Only available","No LDR Only available"," ","21-12Rollup"
"pci.sys","Core_Sys","6.2.10240.19003","1","5-Jul-2021","GDR","5008230","December 14, 2021-KB5008230 (OS Build 10240.19145)","http://support.microsoft.com/kb/5008230","No LDR Only available","No LDR Only available","No LDR Only available"," ","21-12Rollup"
"Volmgr.sys","Core_Sys","6.2.10240.18906","1","8-Apr-2021","GDR","5008230","December 14, 2021-KB5008230 (OS Build 10240.19145)","http://support.microsoft.com/kb/5008230","No LDR Only available","No LDR Only available","No LDR Only available"," ","21-12Rollup"
"Crypt32.dll","Dom_CRYPTO","6.2.10240.19119","1","1-Nov-2021","GDR","5008230","December 14, 2021-KB5008230 (OS Build 10240.19145)","http://support.microsoft.com/kb/5008230","No LDR Only available","No LDR Only available","No LDR Only available"," ","21-12Rollup"
"Cryptsvc.dll","Dom_CRYPTO","6.2.10240.16942","1","27-May-2016","GDR","5008230","December 14, 2021-KB5008230 (OS Build 10240.19145)","http://support.microsoft.com/kb/5008230","No LDR Only available","No LDR Only available","No LDR Only available"," ","21-12Rollup"
"Wintrust.dll","Dom_CRYPTO","6.2.10240.19060","1","11-Sep-2021","GDR","5008230","December 14, 2021-KB5008230 (OS Build 10240.19145)","http://support.microsoft.com/kb/5008230","No LDR Only available","No LDR Only available","No LDR Only available"," ","21-12Rollup"
"Cryptdll.dll","Dom_CRYPTO","6.2.10240.18215","1","3-May-2019","GDR","5008230","December 14, 2021-KB5008230 (OS Build 10240.19145)","http://support.microsoft.com/kb/5008230","No LDR Only available","No LDR Only available","No LDR Only available"," ","21-12Rollup"
"Cryptcatsvc.dll","Dom_CRYPTO","6.2.10240.18696","1","1-Sep-2020","GDR","5008230","December 14, 2021-KB5008230 (OS Build 10240.19145)","http://support.microsoft.com/kb/5008230","No LDR Only available","No LDR Only available","No LDR Only available"," ","21-12Rollup"
"Tzres.dll","Core_TimeZone","6.2.10240.19145","1","3-Dec-2021","GDR","5008230","December 14, 2021-KB5008230 (OS Build 10240.19145)","http://support.microsoft.com/kb/5008230","No LDR Only available","No LDR Only available","No LDR Only available"," ","21-12Rollup"
"5001399","Win2016_21_04_SSU_KB"," ","0","13-Apr-2021","GDR","5001399","KB5001399: Servicing stack update for Windows 10: April 13, 2021","http://support.microsoft.com/kb/5001399","KB only","KB only","KB Only"," ","No Rollup"
"5008230","Win2016_21-12_B_rollup_KB"," ","0","14-Dec-2021","GDR","5008230","December 14, 2021-KB5008230 (OS Build 10240.19145)","http://support.microsoft.com/kb/5008230","KB only","KB only","KB only"," ","21-12Rollup"
