"Binary","Component","Version","Prio","Published","Branch","Article","Title","Link","LDROnlyKB","LDROnlyTitle","LDROnlyLink","Comment","RollupInfo"
"Netlogon.dll","Dom_NETLOGON","6.3.9600.20773","0","10-Jan-2023","GDR","5022899","February 14, 2023-KB5022899 (Monthly Rollup)","http://support.microsoft.com/kb/5022899","No LDR Only available","No LDR Only available","No LDR Only available","rEX","23-02Rollup"
"LogonCli.dll","Dom_NETLOGON","6.3.9600.20366","0","11-Apr-2022","GDR","5022899","February 14, 2023-KB5022899 (Monthly Rollup)","http://support.microsoft.com/kb/5022899","No LDR Only available","No LDR Only available","No LDR Only available"," ","23-02Rollup"
"Winlogon.exe","Dom_WINLOGON","6.3.9600.19447","0","31-Jul-2019","GDR","5022899","February 14, 2023-KB5022899 (Monthly Rollup)","http://support.microsoft.com/kb/5022899","No LDR Only available","No LDR Only available","No LDR Only available"," ","23-02Rollup"
"Kerberos.dll","Dom_KERBEROS","6.3.9600.20664","0","08-Nov-2022","GDR","5022899","February 14, 2023-KB5022899 (Monthly Rollup)","http://support.microsoft.com/kb/5022899","No LDR Only available","No LDR Only available","No LDR Only available","rEX","23-02Rollup"
"Msv1_0.dll","Dom_NTLM","6.3.9600.20773","1","10-Jan-2023","GDR","5022899","February 14, 2023-KB5022899 (Monthly Rollup)","http://support.microsoft.com/kb/5022899","No LDR Only available","No LDR Only available","No LDR Only available","rEX","23-02Rollup"
"Wldap32.dll","Dom_LDAPClient","6.3.9600.20566","0","13-Sep-2022","GDR","5022899","February 14, 2023-KB5022899 (Monthly Rollup)","http://support.microsoft.com/kb/5022899","No LDR Only available","No LDR Only available","No LDR Only available","rEX","23-02Rollup"
"Lsass.exe","Dom_LSA","6.3.9600.20616","0","11-Oct-2022","GDR","5022899","February 14, 2023-KB5022899 (Monthly Rollup)","http://support.microsoft.com/kb/5022899","No LDR Only available","No LDR Only available","No LDR Only available","rEX","23-02Rollup"
"Lsasrv.dll","Dom_LSA","6.3.9600.20773","0","10-Jan-2023","GDR","5022899","February 14, 2023-KB5022899 (Monthly Rollup)","http://support.microsoft.com/kb/5022899","No LDR Only available","No LDR Only available","No LDR Only available","rEX","23-02Rollup"
"Ksecdd.sys","Dom_LSA","6.3.9600.20616","0","11-Oct-2022","GDR","5022899","February 14, 2023-KB5022899 (Monthly Rollup)","http://support.microsoft.com/kb/5022899","No LDR Only available","No LDR Only available","No LDR Only available","rEX","23-02Rollup"
"Ksecpkg.sys","Dom_LSA","6.3.9600.20517","0","26-Jul-2022","GDR","5022899","February 14, 2023-KB5022899 (Monthly Rollup)","http://support.microsoft.com/kb/5022899","No LDR Only available","No LDR Only available","No LDR Only available"," ","23-02Rollup"
"Secur32.dll","Dom_LSA","6.3.9600.17415","0","10-Feb-2017","GDR","5022899","February 14, 2023-KB5022899 (Monthly Rollup)","http://support.microsoft.com/kb/5022899","No LDR Only available","No LDR Only available","No LDR Only available","rEX","23-02Rollup"
"Sspicli.dll","Dom_LSA","6.3.9600.20616","0","12-Sep-2022","GDR","5022899","February 14, 2023-KB5022899 (Monthly Rollup)","http://support.microsoft.com/kb/5022899","No LDR Only available","No LDR Only available","No LDR Only available"," ","23-02Rollup"
"Sspisrv.dll","Dom_LSA","6.3.9600.20616","0","12-Sep-2022","GDR","5022899","February 14, 2023-KB5022899 (Monthly Rollup)","http://support.microsoft.com/kb/5022899","No LDR Only available","No LDR Only available","No LDR Only available"," ","23-02Rollup"
"Schannel.dll","Dom_LSA","6.3.9600.20627","0","08-Nov-2022","GDR","5022899","February 14, 2023-KB5022899 (Monthly Rollup)","http://support.microsoft.com/kb/5022899","No LDR Only available","No LDR Only available","No LDR Only available","rEX","23-02Rollup"
"dpapisvr.dll","Dom_LSA","6.3.9600.0","0","","RTM","5022899","","","","","","",""
"Scesrv.dll","Dom_SecAuditAndConfig","6.3.9600.20610","1","11-Oct-2022","GDR","5022899","February 14, 2023-KB5022899 (Monthly Rollup)","http://support.microsoft.com/kb/5022899","No LDR Only available","No LDR Only available","No LDR Only available","rEX","23-02Rollup"
"aclui.dll","Dom_SecAuditAndConfig","6.3.9600.17415","1","30.10.2014","GDR","3000850 (v1.7)","November 2014 update rollup for Windows RT 8.1, Windows 8.1, and Windows Server 2012 R2","http://support.microsoft.com/kb/3000850","No LDR Only available","No LDR Only available","No LDR Only available","rEX","14-11Rollup"
"Winscard.dll","Dom_SC_Provider","6.3.9600.18999","1","07-Apr-2018","GDR","5022899","February 14, 2023-KB5022899 (Monthly Rollup)","http://support.microsoft.com/kb/5022899","No LDR Only available","No LDR Only available","No LDR Only available"," ","23-02Rollup"
"Basecsp.dll","Dom_SC_Provider","6.3.9600.18964","1","07-Mar-2018","GDR","5022899","February 14, 2023-KB5022899 (Monthly Rollup)","http://support.microsoft.com/kb/5022899","No LDR Only available","No LDR Only available","No LDR Only available"," ","23-02Rollup"
"Scksp.dll","Dom_SC_Provider","6.3.9600.18964","1","09-Aug-2022","GDR","5022899","February 14, 2023-KB5022899 (Monthly Rollup)","http://support.microsoft.com/kb/5022899","No LDR Only available","No LDR Only available","No LDR Only available","rEX","23-02Rollup"
"ScardSvr.dll","Dom_SC_Srv","6.3.9600.18878","1","05-Dec-2017","GDR","5022899","February 14, 2023-KB5022899 (Monthly Rollup)","http://support.microsoft.com/kb/5022899","No LDR Only available","No LDR Only available","No LDR Only available"," ","23-02Rollup"
"Scfilter.sys","Dom_SC_Srv","6.3.9600.18878","1","05-Dec-2017","GDR","5022899","February 14, 2023-KB5022899 (Monthly Rollup)","http://support.microsoft.com/kb/5022899","No LDR Only available","No LDR Only available","No LDR Only available"," ","23-02Rollup"
"Certprop.dll","Dom_SC_Srv","6.3.9600.18562","1","24-Dec-2016","GDR","5022899","February 14, 2023-KB5022899 (Monthly Rollup)","http://support.microsoft.com/kb/5022899","No LDR Only available","No LDR Only available","No LDR Only available"," ","23-02Rollup"
"Crypt32.dll","Dom_CRYPTO","6.3.9600.20512","1","11-Jul-2022","GDR","5022899","February 14, 2023-KB5022899 (Monthly Rollup)","http://support.microsoft.com/kb/5022899","No LDR Only available","No LDR Only available","No LDR Only available"," ","23-02Rollup"
"cryptsvc.dll","Dom_CRYPTO","6.3.9600.17415","1","30.10.2014","GDR","3000850 (v1.7)","November 2014 update rollup for Windows RT 8.1, Windows 8.1, and Windows Server 2012 R","http://support.microsoft.com/kb/3000850","No LDR Only available","No LDR Only available","No LDR Only available"," ","14-11Rollup"
"Cryptnet.dll","Dom_CRYPTO","6.3.9600.18878","1","05-Dec-2017","GDR","5022899","February 14, 2023-KB5022899 (Monthly Rollup)","http://support.microsoft.com/kb/5022899","No LDR Only available","No LDR Only available","No LDR Only available"," ","23-02Rollup"
"Wintrust.dll","Dom_CRYPTO","6.3.9600.20369","1","27-Apr-2022","GDR","5022899","February 14, 2023-KB5022899 (Monthly Rollup)","http://support.microsoft.com/kb/5022899","No LDR Only available","No LDR Only available","No LDR Only available"," ","23-02Rollup"
"Cryptdll.dll","Dom_CRYPTO","6.3.9600.19343","1","05-Apr-2019","GDR","5022899","February 14, 2023-KB5022899 (Monthly Rollup)","http://support.microsoft.com/kb/5022899","No LDR Only available","No LDR Only available","No LDR Only available"," ","23-02Rollup"
"Cryptcatsvc.dll","Dom_CRYPTO","6.3.9600.19812","1","14-Aug-2020","GDR","5022899","February 14, 2023-KB5022899 (Monthly Rollup)","http://support.microsoft.com/kb/5022899","No LDR Only available","No LDR Only available","No LDR Only available"," ","23-02Rollup"
"dimsroam.dll","Dom_DIMS","6.3.9600.20565","1","13-Sep-2022","GDR","5022899","February 14, 2023-KB5022899 (Monthly Rollup)","http://support.microsoft.com/kb/5022899","No LDR Only available","No LDR Only available","No LDR Only available","rEX","23-02Rollup"
"dimsjob.dll","Dom_DIMS","6.3.9600.17415","1","18.11.2014","GDR","3000850 (v1.8)","November 2014 update rollup for Windows RT 8.1, Windows 8.1, and Windows Server 2012 R","http://support.microsoft.com/kb/3000850","No LDR Only available","No LDR Only available","No LDR Only available"," ","14-11Rollup"
"adprovider.dll","Dom_DIMS","6.3.9600.20565","1","13-Sep-2022","GDR","5022899","February 14, 2023-KB5022899 (Monthly Rollup)","http://support.microsoft.com/kb/5022899","No LDR Only available","No LDR Only available","No LDR Only available","rEX","23-02Rollup"
"capiprovider.dll","Dom_DIMS","6.3.9600.20565","1","13-Sep-2022","GDR","5022899","February 14, 2023-KB5022899 (Monthly Rollup)","http://support.microsoft.com/kb/5022899","No LDR Only available","No LDR Only available","No LDR Only available","rEX","23-02Rollup"
"cngprovider.dll","Dom_DIMS","6.3.9600.20565","1","13-Sep-2022","GDR","5022899","February 14, 2023-KB5022899 (Monthly Rollup)","http://support.microsoft.com/kb/5022899","No LDR Only available","No LDR Only available","No LDR Only available","rEX","23-02Rollup"
"dpapiprovider.dll","Dom_DIMS","6.3.9600.20565","1","13-Sep-2022","GDR","5022899","February 14, 2023-KB5022899 (Monthly Rollup)","http://support.microsoft.com/kb/5022899","No LDR Only available","No LDR Only available","No LDR Only available","rEX","23-02Rollup"
"wincredprovider.dll","Dom_DIMS","6.3.9600.20565","1","13-Sep-2022","GDR","5022899","February 14, 2023-KB5022899 (Monthly Rollup)","http://support.microsoft.com/kb/5022899","No LDR Only available","No LDR Only available","No LDR Only available","rEX","23-02Rollup"
"Gpapi.dll","Dom_GPSVC","6.3.9600.20571","1","13-Sep-2022","GDR","5022899","February 14, 2023-KB5022899 (Monthly Rollup)","http://support.microsoft.com/kb/5022899","No LDR Only available","No LDR Only available","No LDR Only available","rEX","23-02Rollup"
"Gpsvc.dll","Dom_GPSVC","6.3.9600.20571","1","13-Sep-2022","GDR","5022899","February 14, 2023-KB5022899 (Monthly Rollup)","http://support.microsoft.com/kb/5022899","No LDR Only available","No LDR Only available","No LDR Only available","rEX","23-02Rollup"
"Gpmgmt.dll","Dom_GPSVC","6.3.9600.18791","1","11-Aug-2017","GDR","5022899","February 14, 2023-KB5022899 (Monthly Rollup)","http://support.microsoft.com/kb/5022899","No LDR Only available","No LDR Only available","No LDR Only available"," ","23-02Rollup"
"Gprsop.dll","Dom_GPSVC","6.3.9600.18264","1","10-Mar-2016","GDR","5022899","February 14, 2023-KB5022899 (Monthly Rollup)","http://support.microsoft.com/kb/5022899","No LDR Only available","No LDR Only available","No LDR Only available"," ","23-02Rollup"
"Userenv.dll","Dom_GPSVC","6.3.9600.19846","1","23-Sep-2020","GDR","5022899","February 14, 2023-KB5022899 (Monthly Rollup)","http://support.microsoft.com/kb/5022899","No LDR Only available","No LDR Only available","No LDR Only available"," ","23-02Rollup"
"gpprnext.dll","Dom_GPExt","6.3.9600.17415","1","30.10.2014","GDR","3000850 (v1.7)","November 2014 update rollup for Windows RT 8.1, Windows 8.1, and Windows Server 2012 R","http://support.microsoft.com/kb/3000850","No LDR Only available","No LDR Only available","No LDR Only available"," ","14-11Rollup"
"appmgmts.dll","Dom_GPExt","6.3.9600.17415","1","18.11.2014","GDR","3000850 (v1.8)","November 2014 update rollup for Windows RT 8.1, Windows 8.1, and Windows Server 2012 R","http://support.microsoft.com/kb/3000850","No LDR Only available","No LDR Only available","No LDR Only available"," ","14-11Rollup"
"Gpprefcl.dll","Dom_GPP","6.3.9600.20624","1","11-Oct-2022","GDR","5022899","February 14, 2023-KB5022899 (Monthly Rollup)","http://support.microsoft.com/kb/5022899","No LDR Only available","No LDR Only available","No LDR Only available","rEX","23-02Rollup"
"Gpme.dll","Dom_GPP","6.3.9600.19847","1","28-Sep-2020","GDR","5022899","February 14, 2023-KB5022899 (Monthly Rollup)","http://support.microsoft.com/kb/5022899","No LDR Only available","No LDR Only available","No LDR Only available"," ","23-02Rollup"
"Gppref.dll","Dom_GPP","6.3.9600.19847","1","28-Sep-2020","GDR","5022899","February 14, 2023-KB5022899 (Monthly Rollup)","http://support.microsoft.com/kb/5022899","No LDR Only available","No LDR Only available","No LDR Only available"," ","23-02Rollup"
"Gpprefbr.dll","Dom_GPP","6.3.9600.19847","1","28-Sep-2020","GDR","5022899","February 14, 2023-KB5022899 (Monthly Rollup)","http://support.microsoft.com/kb/5022899","No LDR Only available","No LDR Only available","No LDR Only available"," ","23-02Rollup"
"Gpprefcn.dll","Dom_GPP","6.3.9600.18907","1","08-Jan-2018","GDR","5022899","February 14, 2023-KB5022899 (Monthly Rollup)","http://support.microsoft.com/kb/5022899","No LDR Only available","No LDR Only available","No LDR Only available"," ","23-02Rollup"
"Gpregistrybrowser.dll","Dom_GPP","6.3.9600.19847","1","29-Sep-2020","GDR","5022899","February 14, 2023-KB5022899 (Monthly Rollup)","http://support.microsoft.com/kb/5022899","No LDR Only available","No LDR Only available","No LDR Only available"," ","23-02Rollup"
"Propshts.dll","Dom_GPP","6.3.9600.19847","1","29-Sep-2020","GDR","5022899","February 14, 2023-KB5022899 (Monthly Rollup)","http://support.microsoft.com/kb/5022899","No LDR Only available","No LDR Only available","No LDR Only available"," ","23-02Rollup"
"repdrvfs.dll","Core_WMI","6.3.9600.17475","0","29.10.2014","GDR","3173424 (v3.0)","Servicing stack update for Windows 8.1 and Windows Server 2012 R2: July 12, 2016","http://support.microsoft.com/kb/3173424","No LDR Only available","No LDR Only available","No LDR Only available"," ","No Rollup"
"profprov.dll","Dom_ProfProc","6.3.9600.17415","1","18.11.2014","GDR","3000850 (v1.8)","November 2014 update rollup for Windows RT 8.1, Windows 8.1, and Windows Server 2012 R","http://support.microsoft.com/kb/3000850","No LDR Only available","No LDR Only available","No LDR Only available"," ","14-11Rollup"
"Profsvc.dll","Dom_ProfProc","6.3.9600.19846","1","23-Sep-2020","GDR","5022899","February 14, 2023-KB5022899 (Monthly Rollup)","http://support.microsoft.com/kb/5022899","No LDR Only available","No LDR Only available","No LDR Only available"," ","23-02Rollup"
"fdeploy.dll","Dom_FolderRedir","6.3.9600.17415","1","30.10.2014","GDR","3000850 (v1.7)","November 2014 update rollup for Windows RT 8.1, Windows 8.1, and Windows Server 2012 R","http://support.microsoft.com/kb/3000850","No LDR Only available","No LDR Only available","No LDR Only available"," ","14-11Rollup"
"Csc.sys","Net_CSC_Offline","6.3.9600.19087","1","27-Jun-2018","GDR","5022899","February 14, 2023-KB5022899 (Monthly Rollup)","http://support.microsoft.com/kb/5022899","No LDR Only available","No LDR Only available","No LDR Only available"," ","23-02Rollup"
"cscapi.dll","Net_CSC_Offline","6.3.9600.17927","1","09.07.2015","GDR","3078627 (v1.0)","Offline Files network shares might not be available in Windows 8.1","http://support.microsoft.com/kb/3078627","No LDR Only available","No LDR Only available","No LDR Only available"," ","No Rollup"
"cscdll.dll","Net_CSC_Offline","6.3.9600.17415","1","09.07.2015","GDR","3078627 (v1.7)","November 2014 update rollup for Windows RT 8.1, Windows 8.1, and Windows Server 2012 R","http://support.microsoft.com/kb/3078627","No LDR Only available","No LDR Only available","No LDR Only available"," ","No Rollup"
"Cscsvc.dll","Net_CSC_Offline","6.3.9600.20016","1","14-Apr-2021","GDR","5022899","February 14, 2023-KB5022899 (Monthly Rollup)","http://support.microsoft.com/kb/5022899","No LDR Only available","No LDR Only available","No LDR Only available"," ","23-02Rollup"
"Cscmig.dll","Net_CSC_Offline","6.3.9600.19087","1","10-Jan-2023","GDR","5022899","February 14, 2023-KB5022899 (Monthly Rollup)","http://support.microsoft.com/kb/5022899","No LDR Only available","No LDR Only available","No LDR Only available","rEX","23-02Rollup"
"cscui.dll","Net_CSC_Offline","6.3.9600.17415","1","30.10.2014","GDR","3000850 (v1.7)","November 2014 update rollup for Windows RT 8.1, Windows 8.1, and Windows Server 2012 R2","http://support.microsoft.com/kb/3000850","No LDR Only available","No LDR Only available","No LDR Only available","rEX","14-11Rollup"
"Esent.dll","Dom_ESENT","6.3.9600.18429","0","30-Jul-2016","GDR","5022899","February 14, 2023-KB5022899 (Monthly Rollup)","http://support.microsoft.com/kb/5022899","No LDR Only available","No LDR Only available","No LDR Only available"," ","23-02Rollup"
"Ntdsai.dll","Dom_NTDSAI","6.3.9600.20773","0","10-Jan-2023","GDR","5022899","February 14, 2023-KB5022899 (Monthly Rollup)","http://support.microsoft.com/kb/5022899","No LDR Only available","No LDR Only available","No LDR Only available","rEX","23-02Rollup"
"Ntdsutil.exe","Dom_NTDSAI","6.3.9600.16384","0","10-Aug-2020","GDR","5022899","February 14, 2023-KB5022899 (Monthly Rollup)","http://support.microsoft.com/kb/5022899","No LDR Only available","No LDR Only available","No LDR Only available","rEX","23-02Rollup"
"Samsrv.dll","Dom_SAMSRV","6.3.9600.20618","0","11-Oct-2022","GDR","5022899","February 14, 2023-KB5022899 (Monthly Rollup)","http://support.microsoft.com/kb/5022899","No LDR Only available","No LDR Only available","No LDR Only available","rEX","23-02Rollup"
"Samlib.dll","Dom_SAMSRV","6.3.9600.20517","0","09-Aug-2022","GDR","5022899","February 14, 2023-KB5022899 (Monthly Rollup)","http://support.microsoft.com/kb/5022899","No LDR Only available","No LDR Only available","No LDR Only available","rEX","23-02Rollup"
"Kdcsvc.dll","Dom_KDCSVC","6.3.9600.20773","0","10-Jan-2023","GDR","5022899","February 14, 2023-KB5022899 (Monthly Rollup)","http://support.microsoft.com/kb/5022899","No LDR Only available","No LDR Only available","No LDR Only available","rEX","23-02Rollup"
"Dfsrs.exe","Dom_DFS-R","6.3.9600.18776","0","20-Jul-2017","GDR","5022899","February 14, 2023-KB5022899 (Monthly Rollup)","http://support.microsoft.com/kb/5022899","No LDR Only available","No LDR Only available","No LDR Only available"," ","23-02Rollup"
"Dfsrress.dll","Dom_DFS-R","6.3.9600.16384","0","22-Aug-2013","GDR","5022899","February 14, 2023-KB5022899 (Monthly Rollup)","http://support.microsoft.com/kb/5022899","No LDR Only available","No LDR Only available","No LDR Only available"," ","23-02Rollup"
"Dfsrro.sys","Dom_DFS-R","6.3.9600.16384","0","10-Aug-2020","GDR","5022899","February 14, 2023-KB5022899 (Monthly Rollup)","http://support.microsoft.com/kb/5022899","No LDR Only available","No LDR Only available","No LDR Only available","rEX","23-02Rollup"
"Microsoft.identityserver.service.dll","Dom_ADFS","6.3.9600.18818","0","08-Sep-2017","GDR","5022899","February 14, 2023-KB5022899 (Monthly Rollup)","http://support.microsoft.com/kb/5022899","No LDR Only available","No LDR Only available","No LDR Only available"," ","23-02Rollup"
"Microsoft.identityserver.webhost.dll","Dom_ADFS","6.3.9600.19590","0","05-Dec-2019","GDR","5022899","February 14, 2023-KB5022899 (Monthly Rollup)","http://support.microsoft.com/kb/5022899","No LDR Only available","No LDR Only available","No LDR Only available"," ","23-02Rollup"
"Microsoft.identityserver.web.dll","Dom_ADFS","6.3.9600.19590","0","05-Dec-2019","GDR","5022899","February 14, 2023-KB5022899 (Monthly Rollup)","http://support.microsoft.com/kb/5022899","No LDR Only available","No LDR Only available","No LDR Only available"," ","23-02Rollup"
"Microsoft.identityserver.dll","Dom_ADFS","6.3.9600.19099","0","17-Jul-2018","GDR","5022899","February 14, 2023-KB5022899 (Monthly Rollup)","http://support.microsoft.com/kb/5022899","No LDR Only available","No LDR Only available","No LDR Only available"," ","23-02Rollup"
"Microsoft.identityserver.proxyservice.exe","Dom_ADFS","6.3.9600.18591","0","08-Feb-2017","GDR","5022899","February 14, 2023-KB5022899 (Monthly Rollup)","http://support.microsoft.com/kb/5022899","No LDR Only available","No LDR Only available","No LDR Only available"," ","23-02Rollup"
"5001403","Win2012R2_21_04_SSU_KB","KBOnlyVersion","0","13-Apr-2021","GDR","5001403","KB5001403: Servicing stack update for Windows 8.1, Windows RT 8.1, and Windows Server 2012 R2: April 13, 2021","http://support.microsoft.com/kb/5001403","No LDR Only available","No LDR Only available","No LDR Only available"," ","No Rollup"
"3123245","All_OS_2012R2_important_KB","KBOnlyVersion","0","14-Apr-2016","GDR","3123245 (v4.0)","Update improves port exhaustion identification in Windows Server 2012 R2","http://support.microsoft.com/kb/3123245","No LDR Only available","No LDR Only available","No LDR Only available"," ","No Rollup"
"2919355","Win2012R2_14_04_rollup_KB"," ","0","24.02.2014","GDR","2919355 (v1.14)","Windows RT 8.1, Windows 8.1, and Windows Server 2012 R2 Update: April 2014","http://support.microsoft.com/kb/2919355","No LDR Only available","No LDR Only available","No LDR Only available"," ","14-04Rollup"
"3000850","Win2012R2_14_11_rollup_KB"," ","0","18.11.2014","GDR","3000850 (v2.0)","November 2014 update rollup for Windows RT 8.1, Windows 8.1, and Windows Server 2012 R2","http://support.microsoft.com/kb/3000850","No LDR Only available","No LDR Only available","No LDR Only available"," ","14-11Rollup"
"3013769","Win2012R2_14_12_rollup_KB"," ","0","10.12.2014","GDR","3013769 (v2.0)","December 2014 update rollup for Windows RT 8.1, Windows 8.1, and Windows Server 2012 R2","http://support.microsoft.com/kb/3013769","No LDR Only available","No LDR Only available","No LDR Only available"," ","14-12Rollup"
"3172614","Win2012R2_16_07_rollup_KB"," ","0","19.07.2016","GDR","3172614 (v1.0)","July 2016 update rollup for Windows RT 8.1, Windows 8.1, and Windows Server 2012 R2","http://support.microsoft.com/kb/3172614","No LDR Only available","No LDR Only available","No LDR Only available"," ","16-07Rollup"
"3179574","Win2012R2_16_08_rollup_KB"," ","0","16.08.2016","GDR","3179574 (v1.0)","August 2016 update rollup for Windows RT 8.1, Windows 8.1, and Windows Server 2012 R2","http://support.microsoft.com/kb/3179574","No LDR Only available","No LDR Only available","No LDR Only available"," ","16-08Rollup"
"5022899","Win2012R2_23-02_B_rollup_KB"," ","0","14-Feb-2023","GDR","5022899","February 14, 2023-KB5022899 (Monthly Rollup)","http://support.microsoft.com/kb/5022899","No LDR Only available","No LDR Only available","No LDR Only available"," ","23-02Rollup"
