"Binary","Component","Version","Prio","Published","Branch","Article","Title","Link","LDROnlyKB","LDROnlyTitle","LDROnlyLink","Comment","RollupInfo"
"Localspl.dll","Print_Spool","6.2.22000.1516","0","02-Feb-2023","GDR","5022836","February 14, 2023-KB5022836 (OS Build 22000.1574)","http://support.microsoft.com/kb/5022836","No LDR Only available","No LDR Only available","No LDR Only available"," ","23-02Rollup"
"Win32spl.dll","Print_Spool","6.2.22000.1281","0","02-Feb-2023","GDR","5022836","February 14, 2023-KB5022836 (OS Build 22000.1574)","http://support.microsoft.com/kb/5022836","No LDR Only available","No LDR Only available","No LDR Only available"," ","23-02Rollup"
"Spoolss.dll","Print_Spool","6.2.22000.613","0","02-Feb-2023","GDR","5022836","February 14, 2023-KB5022836 (OS Build 22000.1574)","http://support.microsoft.com/kb/5022836","No LDR Only available","No LDR Only available","No LDR Only available"," ","23-02Rollup"
"Spoolsv.exe","Print_Spool","6.2.22000.1574","0","31-Jan-2023","GDR","5022836","February 14, 2023-KB5022836 (OS Build 22000.1574)","http://support.microsoft.com/kb/5022836","No LDR Only available","No LDR Only available","No LDR Only available"," ","23-02Rollup"
"Winspool.drv","Print_Spool","6.2.22000.1281","0","02-Feb-2023","GDR","5022836","February 14, 2023-KB5022836 (OS Build 22000.1574)","http://support.microsoft.com/kb/5022836","No LDR Only available","No LDR Only available","No LDR Only available"," ","23-02Rollup"
"Ntprint.exe","Print_App","6.2.22000.653","0","09-Aug-2022","GDR","5022836","February 14, 2023-KB5022836 (OS Build 22000.1574)","http://support.microsoft.com/kb/5022836","No LDR Only available","No LDR Only available","No LDR Only available","rEX","23-02Rollup"
"Printui.dll","Print_App","6.2.22000.1281","0","02-Feb-2023","GDR","5022836","February 14, 2023-KB5022836 (OS Build 22000.1574)","http://support.microsoft.com/kb/5022836","No LDR Only available","No LDR Only available","No LDR Only available"," ","23-02Rollup"
"Printcom.dll","Print_App","6.2.22000.1","0","","RTM","5022836","","","","","","",""
"Printfilterpipelineprxy.dll","Print_App","6.2.22000.1455","0","02-Feb-2023","GDR","5022836","February 14, 2023-KB5022836 (OS Build 22000.1574)","http://support.microsoft.com/kb/5022836","No LDR Only available","No LDR Only available","No LDR Only available"," ","23-02Rollup"
"Printfilterpipelinesvc.exe","Print_App","6.2.22000.1455","0","02-Feb-2023","GDR","5022836","February 14, 2023-KB5022836 (OS Build 22000.1574)","http://support.microsoft.com/kb/5022836","No LDR Only available","No LDR Only available","No LDR Only available"," ","23-02Rollup"
"Printbrm.exe","Print_App","6.2.22000.653","0","02-Feb-2023","GDR","5022836","February 14, 2023-KB5022836 (OS Build 22000.1574)","http://support.microsoft.com/kb/5022836","No LDR Only available","No LDR Only available","No LDR Only available"," ","23-02Rollup"
"splwow64.exe","Print_App","6.2.22000.1516","0","02-Feb-2023","GDR","5022836","February 14, 2023-KB5022836 (OS Build 22000.1574)","http://support.microsoft.com/kb/5022836","No LDR Only available","No LDR Only available","No LDR Only available"," ","23-02Rollup"
"Mxdwdrv.dll","Print_Driver","0.3.22000.1455","1","10-Jan-2023","GDR","5022836","February 14, 2023-KB5022836 (OS Build 22000.1574)","http://support.microsoft.com/kb/5022836","No LDR Only available","No LDR Only available","No LDR Only available","rEX","23-02Rollup"
"Pcl4res.dll","Print_Driver","0.3.5479.0","1","13-Sep-2022","GDR","5022836","February 14, 2023-KB5022836 (OS Build 22000.1574)","http://support.microsoft.com/kb/5022836","No LDR Only available","No LDR Only available","No LDR Only available","rEX","23-02Rollup"
"Pscript5.dll","Print_Driver","0.3.22000.1455","1","10-Jan-2023","GDR","5022836","February 14, 2023-KB5022836 (OS Build 22000.1574)","http://support.microsoft.com/kb/5022836","No LDR Only available","No LDR Only available","No LDR Only available","rEX","23-02Rollup"
"Unidrv.dll","Print_Driver","0.3.22000.1042","1","13-Sep-2022","GDR","5022836","February 14, 2023-KB5022836 (OS Build 22000.1574)","http://support.microsoft.com/kb/5022836","No LDR Only available","No LDR Only available","No LDR Only available","rEX","23-02Rollup"
"Unires.dll","Print_Driver","0.3.22000.1042","1","13-Sep-2022","GDR","5022836","February 14, 2023-KB5022836 (OS Build 22000.1574)","http://support.microsoft.com/kb/5022836","No LDR Only available","No LDR Only available","No LDR Only available","rEX","23-02Rollup"
"Xpssvcs.dll","Print_Driver","0.3.22000.1042","1","13-Sep-2022","GDR","5022836","February 14, 2023-KB5022836 (OS Build 22000.1574)","http://support.microsoft.com/kb/5022836","No LDR Only available","No LDR Only available","No LDR Only available","rEX","23-02Rollup"
"5022836","Win11_23-02_B_rollup_KB"," ","0","14-Feb-2023","GDR","5022836","February 14, 2023-KB5022836 (OS Build 22000.1574)","http://support.microsoft.com/kb/5022836","No LDR Only available","No LDR Only available","No LDR Only available"," ","23-02Rollup"
