"Binary","Component","Version","Prio","Published","Branch","Article","Title","Link","LDROnlyKB","LDROnlyTitle","LDROnlyLink","Comment","RollupInfo"
"Ntoskrnl.exe","Core_Kernel","6.2.22000.1936","0","26-Apr-2023","GDR","5026368","May 9, 2023-KB5026368 (OS Build 22000.1936)","http://support.microsoft.com/kb/5026368","No LDR Only available","No LDR Only available","No LDR Only available"," ","23-05Rollup"
"Ntkrnlpa.exe","Core_Kernel","6.2.22000.1","0","","RTM","5026368","","","","","","",""
"Crashdmp.sys","Core_Kernel","6.2.22000.918","0","27-Apr-2023","GDR","5026368","May 9, 2023-KB5026368 (OS Build 22000.1936)","http://support.microsoft.com/kb/5026368","No LDR Only available","No LDR Only available","No LDR Only available"," ","23-05Rollup"
"Ntdll.dll","Core_Kernel","6.2.22000.1880","0","27-Apr-2023","GDR","5026368","May 9, 2023-KB5026368 (OS Build 22000.1936)","http://support.microsoft.com/kb/5026368","No LDR Only available","No LDR Only available","No LDR Only available"," ","23-05Rollup"
"Hal.dll","Core_Kernel","6.2.22000.1696","0","27-Apr-2023","GDR","5026368","May 9, 2023-KB5026368 (OS Build 22000.1936)","http://support.microsoft.com/kb/5026368","No LDR Only available","No LDR Only available","No LDR Only available"," ","23-05Rollup"
"Fltmgr.sys","Core_Kernel","6.2.22000.1761","0","27-Apr-2023","GDR","5026368","May 9, 2023-KB5026368 (OS Build 22000.1936)","http://support.microsoft.com/kb/5026368","No LDR Only available","No LDR Only available","No LDR Only available"," ","23-05Rollup"
"win32k.sys","Core_Kernel","6.2.22000.1880","0","27-Apr-2023","GDR","5026368","May 9, 2023-KB5026368 (OS Build 22000.1936)","http://support.microsoft.com/kb/5026368","No LDR Only available","No LDR Only available","No LDR Only available"," ","23-05Rollup"
"Ntfs.sys","Core_FileSystem","6.2.22000.1761","0","27-Apr-2023","GDR","5026368","May 9, 2023-KB5026368 (OS Build 22000.1936)","http://support.microsoft.com/kb/5026368","No LDR Only available","No LDR Only available","No LDR Only available"," ","23-05Rollup"
"dedup.sys","Core_FileSystem","6.2.22000.1","0","","RTM","5026368","","","","","","",""
"Msiscsi.sys","Core_DiskSystem","6.2.22000.1936","0","27-Apr-2023","GDR","5026368","May 9, 2023-KB5026368 (OS Build 22000.1936)","http://support.microsoft.com/kb/5026368","No LDR Only available","No LDR Only available","No LDR Only available"," ","23-05Rollup"
"Iscsitgt.dll","Core_DiskSystem","6.2.22000.1","0","","RTM","5026368","","","","","","",""
"Storport.sys","Core_DiskSystem","6.2.22000.1761","0","27-Apr-2023","GDR","5026368","May 9, 2023-KB5026368 (OS Build 22000.1936)","http://support.microsoft.com/kb/5026368","No LDR Only available","No LDR Only available","No LDR Only available"," ","23-05Rollup"
"Repdrvfs.dll","Core_WMI","6.2.22000.593","0","27-Apr-2023","GDR","5026368","May 9, 2023-KB5026368 (OS Build 22000.1936)","http://support.microsoft.com/kb/5026368","No LDR Only available","No LDR Only available","No LDR Only available"," ","23-05Rollup"
"Mpio.sys","Core_MPIO","6.2.22000.1","0","","RTM","5026368","","","","","","",""
"Msdsm.sys","Core_MPIO","6.2.22000.1","0","","RTM","5026368","","","","","","",""
"Vssapi.dll","Core_VSS","6.2.22000.653","1","27-Apr-2023","GDR","5026368","May 9, 2023-KB5026368 (OS Build 22000.1936)","http://support.microsoft.com/kb/5026368","No LDR Only available","No LDR Only available","No LDR Only available"," ","23-05Rollup"
"Vsstrace.dll","Core_VSS","6.2.22000.434","1","27-Apr-2023","GDR","5026368","May 9, 2023-KB5026368 (OS Build 22000.1936)","http://support.microsoft.com/kb/5026368","No LDR Only available","No LDR Only available","No LDR Only available"," ","23-05Rollup"
"vsssvc.exe","Core_VSS","6.2.22000.1","1","","RTM","5026368","","","","","","",""
"Swprv.dll","Core_VSS","6.2.22000.653","1","14-Jun-2022","GDR","5025298","April 25, 2023-KB5025298 (OS Build 22000.1880) Preview","http://support.microsoft.com/kb/5025298","No LDR Only available","No LDR Only available","No LDR Only available","rEX","23-04Rollup"
"spp.dll","Core_VSS","6.2.22000.1641","1","27-Apr-2023","GDR","5026368","May 9, 2023-KB5026368 (OS Build 22000.1936)","http://support.microsoft.com/kb/5026368","No LDR Only available","No LDR Only available","No LDR Only available"," ","23-05Rollup"
"wbengine.exe","Core_VSS","6.2.22000.653","1","27-Apr-2023","GDR","5026368","May 9, 2023-KB5026368 (OS Build 22000.1936)","http://support.microsoft.com/kb/5026368","No LDR Only available","No LDR Only available","No LDR Only available"," ","23-05Rollup"
"blbsrv.dll","Core_VSS","6.2.22000.1","1","","RTM","5026368","","","","","","",""
"pci.sys","Core_Sys","6.2.22000.1641","1","27-Apr-2023","GDR","5026368","May 9, 2023-KB5026368 (OS Build 22000.1936)","http://support.microsoft.com/kb/5026368","No LDR Only available","No LDR Only available","No LDR Only available"," ","23-05Rollup"
"Termdd.sys","Core_Sys","6.2.22000.1","1","","RTM","5026368","","","","","","",""
"Volmgr.sys","Core_Sys","6.2.22000.778","1","27-Apr-2023","GDR","5026368","May 9, 2023-KB5026368 (OS Build 22000.1936)","http://support.microsoft.com/kb/5026368","No LDR Only available","No LDR Only available","No LDR Only available"," ","23-05Rollup"
"Advapi32.dll","Core_Apps","6.2.22000.1880","0","27-Apr-2023","GDR","5026368","May 9, 2023-KB5026368 (OS Build 22000.1936)","http://support.microsoft.com/kb/5026368","No LDR Only available","No LDR Only available","No LDR Only available"," ","23-05Rollup"
"Tzres.dll","Core_TimeZone","6.2.22000.1880","1","27-Apr-2023","GDR","5026368","May 9, 2023-KB5026368 (OS Build 22000.1936)","http://support.microsoft.com/kb/5026368","No LDR Only available","No LDR Only available","No LDR Only available"," ","23-05Rollup"
"Clussvc.exe","Cluster_Core","6.2.22000.1","0","","RTM","5026368","","","","","","",""
"ClusWMI.dll","Cluster_Core","6.2.22000.1","0","","RTM","5026368","","","","","","",""
"Rhs.exe","Cluster_Core","6.2.22000.1","0","","RTM","5026368","","","","","","",""
"Clusres.dll","Cluster_Core","6.2.22000.1","0","","RTM","5026368","","","","","","",""
"Clusres2.dll","Cluster_Core","6.2.22000.1","0","","RTM","5026368","","","","","","",""
"Netft.sys","Cluster_Core","6.2.22000.1","0","","RTM","5026368","","","","","","",""
"Clusauthmgr.dll","Cluster_Core","6.2.22000.1","0","","RTM","5026368","","","","","","",""
"Witness.dll","Cluster_Core","6.2.22000.1","0","","RTM","5026368","","","","","","",""
"Csvflt.sys","Cluster_CSV","6.2.22000.1","0","","RTM","5026368","","","","","","",""
"Csvfs.sys","Cluster_CSV","6.2.22000.1","0","","RTM","5026368","","","","","","",""
"Csvfilter.sys","Cluster_CSV","6.2.22000.1","0","","RTM","5026368","","","","","","",""
"Vhdmp.sys","Cluster_CSV","6.2.22000.1936","0","26-Apr-2023","GDR","5026368","May 9, 2023-KB5026368 (OS Build 22000.1936)","http://support.microsoft.com/kb/5026368","No LDR Only available","No LDR Only available","No LDR Only available"," ","23-05Rollup"
"Svhdxflt.sys","Cluster_CSV","6.2.22000.1","0","","RTM","5026368","","","","","","",""
"Clusdisk.sys","Cluster_Disk","6.2.22000.1","0","","RTM","5026368","","","","","","",""
"Volsnap.sys","Cluster_Volsnap","6.2.22000.1","0","","RTM","5026368","","","","","","",""
"Cprepsrv.exe","Cluster_Validation","6.2.22000.1","1","","RTM","5026368","","","","","","",""
"Failoverclusters.agent.interop.dll","Cluster_Validation","6.2.22000.1","1","","RTM","5026368","","","","","","",""
"Microsoft.failoverclusters.framework.dll","Cluster_Validation","6.2.22000.1","1","","RTM","5026368","","","","","","",""
"Vmswitch.sys","Hyper-V_Net","6.2.22000.1936","1","27-Apr-2023","GDR","5026368","May 9, 2023-KB5026368 (OS Build 22000.1936)","http://support.microsoft.com/kb/5026368","No LDR Only available","No LDR Only available","No LDR Only available"," ","23-05Rollup"
"Mslbfoprovider.sys","Hyper-V_Net","6.2.22000.1","1","","RTM","5026368","","","","","","",""
"Wnv.sys","Hyper-V_Net","6.2.22000.1","1","","RTM","5026368","","","","","","",""
"Vmsntfy.dll","Hyper-V_Net","6.2.22000.1","1","","RTM","5026368","","","","","","",""
"Ndisimplatform.sys","Hyper-V_Net","6.2.22000.1880","1","27-Apr-2023","GDR","5026368","May 9, 2023-KB5026368 (OS Build 22000.1936)","http://support.microsoft.com/kb/5026368","No LDR Only available","No LDR Only available","No LDR Only available"," ","23-05Rollup"
"Vmms.exe","Hyper-V_Net","6.2.22000.1936","1","27-Apr-2023","GDR","5026368","May 9, 2023-KB5026368 (OS Build 22000.1936)","http://support.microsoft.com/kb/5026368","No LDR Only available","No LDR Only available","No LDR Only available"," ","23-05Rollup"
"Winnat.sys","Hyper-V_Net","6.2.22000.653","1","26-Aug-2022","GDR","5025298","April 25, 2023-KB5025298 (OS Build 22000.1880) Preview","http://support.microsoft.com/kb/5025298","No LDR Only available","No LDR Only available","No LDR Only available","rEX","23-04Rollup"
"pvhdparser.sys","Hyper-V_Net","6.2.22000.653","1","27-Apr-2023","GDR","5026368","May 9, 2023-KB5026368 (OS Build 22000.1936)","http://support.microsoft.com/kb/5026368","No LDR Only available","No LDR Only available","No LDR Only available"," ","23-05Rollup"
"Wmisvc.dll","Hyper-V_Net","6.2.22000.1","1","","RTM","5026368","","","","","","",""
"Vmbus.sys","Hyper-V_Net","6.2.22000.918","1","27-Apr-2023","GDR","5026368","May 9, 2023-KB5026368 (OS Build 22000.1936)","http://support.microsoft.com/kb/5026368","No LDR Only available","No LDR Only available","No LDR Only available"," ","23-05Rollup"
"Rasapi32.dll","HNV_Net","6.2.22000.832","1","27-Apr-2023","GDR","5026368","May 9, 2023-KB5026368 (OS Build 22000.1936)","http://support.microsoft.com/kb/5026368","No LDR Only available","No LDR Only available","No LDR Only available"," ","23-05Rollup"
"Mprapi.dll","HNV_Net","6.2.22000.1042","1","27-Apr-2023","GDR","5026368","May 9, 2023-KB5026368 (OS Build 22000.1936)","http://support.microsoft.com/kb/5026368","No LDR Only available","No LDR Only available","No LDR Only available"," ","23-05Rollup"
"Vmwp.exe","Hyper-V_app","6.2.22000.1936","1","27-Apr-2023","GDR","5026368","May 9, 2023-KB5026368 (OS Build 22000.1936)","http://support.microsoft.com/kb/5026368","No LDR Only available","No LDR Only available","No LDR Only available"," ","23-05Rollup"
"Tcpip.sys","Net_Protocol","6.2.22000.1880","0","27-Apr-2023","GDR","5026368","May 9, 2023-KB5026368 (OS Build 22000.1936)","http://support.microsoft.com/kb/5026368","No LDR Only available","No LDR Only available","No LDR Only available"," ","23-05Rollup"
"Afd.sys","Net_Protocol","6.2.22000.1880","0","27-Apr-2023","GDR","5026368","May 9, 2023-KB5026368 (OS Build 22000.1936)","http://support.microsoft.com/kb/5026368","No LDR Only available","No LDR Only available","No LDR Only available"," ","23-05Rollup"
"Netio.sys","Net_Protocol","6.2.22000.1880","0","27-Apr-2023","GDR","5026368","May 9, 2023-KB5026368 (OS Build 22000.1936)","http://support.microsoft.com/kb/5026368","No LDR Only available","No LDR Only available","No LDR Only available"," ","23-05Rollup"
"Ndis.sys","Net_Protocol","6.2.22000.1761","0","27-Apr-2023","GDR","5026368","May 9, 2023-KB5026368 (OS Build 22000.1936)","http://support.microsoft.com/kb/5026368","No LDR Only available","No LDR Only available","No LDR Only available"," ","23-05Rollup"
"Netiohlp.dll","Net_Protocol","6.2.22000.1165","0","27-Apr-2023","GDR","5026368","May 9, 2023-KB5026368 (OS Build 22000.1936)","http://support.microsoft.com/kb/5026368","No LDR Only available","No LDR Only available","No LDR Only available"," ","23-05Rollup"
"Tdx.sys","Net_Protocol","6.2.22000.194","0","27-Apr-2023","GDR","5026368","May 9, 2023-KB5026368 (OS Build 22000.1936)","http://support.microsoft.com/kb/5026368","No LDR Only available","No LDR Only available","No LDR Only available"," ","23-05Rollup"
"Iphlpapi.dll","Net_Protocol","6.2.22000.282","0","27-Apr-2023","GDR","5026368","May 9, 2023-KB5026368 (OS Build 22000.1936)","http://support.microsoft.com/kb/5026368","No LDR Only available","No LDR Only available","No LDR Only available"," ","23-05Rollup"
"srv.sys","Net_SMB_Server","6.2.22000.1165","0","27-Apr-2023","GDR","5026368","May 9, 2023-KB5026368 (OS Build 22000.1936)","http://support.microsoft.com/kb/5026368","No LDR Only available","No LDR Only available","No LDR Only available"," ","23-05Rollup"
"srv2.sys","Net_SMB_Server","6.2.22000.1880","0","27-Apr-2023","GDR","5026368","May 9, 2023-KB5026368 (OS Build 22000.1936)","http://support.microsoft.com/kb/5026368","No LDR Only available","No LDR Only available","No LDR Only available"," ","23-05Rollup"
"srvnet.sys","Net_SMB_Server","6.2.22000.1936","0","26-Apr-2023","GDR","5026368","May 9, 2023-KB5026368 (OS Build 22000.1936)","http://support.microsoft.com/kb/5026368","No LDR Only available","No LDR Only available","No LDR Only available"," ","23-05Rollup"
"Srvsvc.dll","Net_SMB_Server","6.2.22000.1098","0","27-Apr-2023","GDR","5026368","May 9, 2023-KB5026368 (OS Build 22000.1936)","http://support.microsoft.com/kb/5026368","No LDR Only available","No LDR Only available","No LDR Only available"," ","23-05Rollup"
"Mrxsmb.sys","Net_SMB_Client","6.2.22000.1880","0","27-Apr-2023","GDR","5026368","May 9, 2023-KB5026368 (OS Build 22000.1936)","http://support.microsoft.com/kb/5026368","No LDR Only available","No LDR Only available","No LDR Only available"," ","23-05Rollup"
"Mrxsmb10.sys","Net_SMB_Client","6.2.22000.1880","0","27-Apr-2023","GDR","5026368","May 9, 2023-KB5026368 (OS Build 22000.1936)","http://support.microsoft.com/kb/5026368","No LDR Only available","No LDR Only available","No LDR Only available"," ","23-05Rollup"
"Mrxsmb20.sys","Net_SMB_Client","6.2.22000.1880","0","27-Apr-2023","GDR","5026368","May 9, 2023-KB5026368 (OS Build 22000.1936)","http://support.microsoft.com/kb/5026368","No LDR Only available","No LDR Only available","No LDR Only available"," ","23-05Rollup"
"Rdbss.sys","Net_SMB_Client","6.2.22000.1516","0","27-Apr-2023","GDR","5026368","May 9, 2023-KB5026368 (OS Build 22000.1936)","http://support.microsoft.com/kb/5026368","No LDR Only available","No LDR Only available","No LDR Only available"," ","23-05Rollup"
"Netbt.sys","Net_SMB_Client","6.2.22000.1","0","","RTM","5026368","","","","","","",""
"Mup.sys","Net_SMB_Client","6.2.22000.1","0","","RTM","5026368","","","","","","",""
"wkssvc.dll","Net_SMB_Client","6.2.22000.1880","0","27-Apr-2023","GDR","5026368","May 9, 2023-KB5026368 (OS Build 22000.1936)","http://support.microsoft.com/kb/5026368","No LDR Only available","No LDR Only available","No LDR Only available"," ","23-05Rollup"
"Mpr.dll","Net_SMB_Client","6.2.22000.778","0","27-Apr-2023","GDR","5026368","May 9, 2023-KB5026368 (OS Build 22000.1936)","http://support.microsoft.com/kb/5026368","No LDR Only available","No LDR Only available","No LDR Only available"," ","23-05Rollup"
"NtLanman.dll","Net_SMB_Client","6.2.22000.1574","0","27-Apr-2023","GDR","5026368","May 9, 2023-KB5026368 (OS Build 22000.1936)","http://support.microsoft.com/kb/5026368","No LDR Only available","No LDR Only available","No LDR Only available"," ","23-05Rollup"
"5026368","Win11_23-05_B_rollup_KB"," ","0","09-May-2023","GDR","5026368","May 9, 2023-KB5026368 (OS Build 22000.1936)","http://support.microsoft.com/kb/5026368","No LDR Only available","No LDR Only available","No LDR Only available"," ","23-05Rollup"
