"Binary","Component","Version","Prio","Published","Branch","Article","Title","Link","LDROnlyKB","LDROnlyTitle","LDROnlyLink","Comment","RollupInfo"
"Ntoskrnl.exe","Core_Kernel","6.2.20348.288","0","09-Nov-2021","GDR","5007205","November 9, 2021-KB5007205 (OS Build 20348.350)","http://support.microsoft.com/kb/5007205","KB only","KB only","KB only"," ","21-11Rollup"
"Ntkrnlpa.exe","Core_Kernel","6.2.20348.1","0","09-Nov-2021","GDR","5007205","November 9, 2021-KB5007205 (OS Build 20348.350)","http://support.microsoft.com/kb/5007205","KB only","KB only","KB only"," ","21-11Rollup"
"Crashdmp.sys","Core_Kernel","6.2.20348.143","0","09-Nov-2021","GDR","5007205","November 9, 2021-KB5007205 (OS Build 20348.350)","http://support.microsoft.com/kb/5007205","KB only","KB only","KB only"," ","21-11Rollup"
"Ntdll.dll","Core_Kernel","6.2.20348.288","0","09-Nov-2021","GDR","5007205","November 9, 2021-KB5007205 (OS Build 20348.350)","http://support.microsoft.com/kb/5007205","KB only","KB only","KB only"," ","21-11Rollup"
"Hal.dll","Core_Kernel","6.2.20348.143","0","09-Nov-2021","GDR","5007205","November 9, 2021-KB5007205 (OS Build 20348.350)","http://support.microsoft.com/kb/5007205","KB only","KB only","KB only"," ","21-11Rollup"
"Fltmgr.sys","Core_Kernel","6.2.20348.1","0","09-Nov-2021","GDR","5007205","November 9, 2021-KB5007205 (OS Build 20348.350)","http://support.microsoft.com/kb/5007205","KB only","KB only","KB only"," ","21-11Rollup"
"win32k.sys","Core_Kernel","6.2.20348.288","0","09-Nov-2021","GDR","5007205","November 9, 2021-KB5007205 (OS Build 20348.350)","http://support.microsoft.com/kb/5007205","KB only","KB only","KB only"," ","21-11Rollup"
"Ntfs.sys","Core_FileSystem","6.2.20348.261","0","09-Nov-2021","GDR","5007205","November 9, 2021-KB5007205 (OS Build 20348.350)","http://support.microsoft.com/kb/5007205","KB only","KB only","KB only"," ","21-11Rollup"
"dedup.sys","Core_FileSystem","6.2.20348.1","0","09-Nov-2021","GDR","5007205","November 9, 2021-KB5007205 (OS Build 20348.350)","http://support.microsoft.com/kb/5007205","KB only","KB only","KB only"," ","21-11Rollup"
"Msiscsi.sys","Core_DiskSystem","6.2.20348.1","0","09-Nov-2021","GDR","5007205","November 9, 2021-KB5007205 (OS Build 20348.350)","http://support.microsoft.com/kb/5007205","KB only","KB only","KB only"," ","21-11Rollup"
"Iscsitgt.dll","Core_DiskSystem","6.2.20348.1","0","09-Nov-2021","GDR","5007205","November 9, 2021-KB5007205 (OS Build 20348.350)","http://support.microsoft.com/kb/5007205","KB only","KB only","KB only"," ","21-11Rollup"
"Storport.sys","Core_DiskSystem","6.2.20348.288","0","09-Nov-2021","GDR","5007205","November 9, 2021-KB5007205 (OS Build 20348.350)","http://support.microsoft.com/kb/5007205","KB only","KB only","KB only"," ","21-11Rollup"
"Repdrvfs.dll","Core_WMI","6.2.20348.1","0","09-Nov-2021","GDR","5007205","November 9, 2021-KB5007205 (OS Build 20348.350)","http://support.microsoft.com/kb/5007205","KB only","KB only","KB only"," ","21-11Rollup"
"Mpio.sys","Core_MPIO","6.2.20348.1","0","09-Nov-2021","GDR","5007205","November 9, 2021-KB5007205 (OS Build 20348.350)","http://support.microsoft.com/kb/5007205","KB only","KB only","KB only"," ","21-11Rollup"
"Msdsm.sys","Core_MPIO","6.2.20348.1","0","09-Nov-2021","GDR","5007205","November 9, 2021-KB5007205 (OS Build 20348.350)","http://support.microsoft.com/kb/5007205","KB only","KB only","KB only"," ","21-11Rollup"
"Advapi32.dll","Core_Apps","6.2.20348.51","0","09-Nov-2021","GDR","5007205","November 9, 2021-KB5007205 (OS Build 20348.350)","http://support.microsoft.com/kb/5007205","KB only","KB only","KB only"," ","21-11Rollup"
"Vssapi.dll","Core_VSS","6.2.20348.1","1","09-Nov-2021","GDR","5007205","November 9, 2021-KB5007205 (OS Build 20348.350)","http://support.microsoft.com/kb/5007205","KB only","KB only","KB only"," ","21-11Rollup"
"Vsstrace.dll","Core_VSS","6.2.20348.1","1","09-Nov-2021","GDR","5007205","November 9, 2021-KB5007205 (OS Build 20348.350)","http://support.microsoft.com/kb/5007205","KB only","KB only","KB only"," ","21-11Rollup"
"vsssvc.exe","Core_VSS","6.2.20348.1","1","09-Nov-2021","GDR","5007205","November 9, 2021-KB5007205 (OS Build 20348.350)","http://support.microsoft.com/kb/5007205","KB only","KB only","KB only"," ","21-11Rollup"
"Swprv.dll","Core_VSS","6.2.20348.1","1","09-Nov-2021","GDR","5007205","November 9, 2021-KB5007205 (OS Build 20348.350)","http://support.microsoft.com/kb/5007205","KB only","KB only","KB only"," ","21-11Rollup"
"spp.dll","Core_VSS","6.2.20348.1","1","09-Nov-2021","GDR","5007205","November 9, 2021-KB5007205 (OS Build 20348.350)","http://support.microsoft.com/kb/5007205","KB only","KB only","KB only"," ","21-11Rollup"
"wbengine.exe","Core_VSS","6.2.20348.1","1","09-Nov-2021","GDR","5007205","November 9, 2021-KB5007205 (OS Build 20348.350)","http://support.microsoft.com/kb/5007205","KB only","KB only","KB only"," ","21-11Rollup"
"blbsrv.dll","Core_VSS","6.2.20348.1","1","09-Nov-2021","GDR","5007205","November 9, 2021-KB5007205 (OS Build 20348.350)","http://support.microsoft.com/kb/5007205","KB only","KB only","KB only"," ","21-11Rollup"
"Volsnap.sys","Cluster_Volsnap","6.2.20348.1","0","09-Nov-2021","GDR","5007205","November 9, 2021-KB5007205 (OS Build 20348.350)","http://support.microsoft.com/kb/5007205","KB only","KB only","KB only"," ","21-11Rollup"
"pci.sys","Core_Sys","6.2.20348.1","1","09-Nov-2021","GDR","5007205","November 9, 2021-KB5007205 (OS Build 20348.350)","http://support.microsoft.com/kb/5007205","KB only","KB only","KB only"," ","21-11Rollup"
"Termdd.sys","Core_Sys","6.2.20348.1","1","09-Nov-2021","GDR","5007205","November 9, 2021-KB5007205 (OS Build 20348.350)","http://support.microsoft.com/kb/5007205","KB only","KB only","KB only"," ","21-11Rollup"
"Volmgr.sys","Core_Sys","6.2.20348.1","1","09-Nov-2021","GDR","5007205","November 9, 2021-KB5007205 (OS Build 20348.350)","http://support.microsoft.com/kb/5007205","KB only","KB only","KB only"," ","21-11Rollup"
"Crypt32.dll","Dom_CRYPTO","6.2.20348.1","1","09-Nov-2021","GDR","5007205","November 9, 2021-KB5007205 (OS Build 20348.350)","http://support.microsoft.com/kb/5007205","KB only","KB only","KB only"," ","21-11Rollup"
"Cryptsvc.dll","Dom_CRYPTO","6.2.20348.1","1","09-Nov-2021","GDR","5007205","November 9, 2021-KB5007205 (OS Build 20348.350)","http://support.microsoft.com/kb/5007205","KB only","KB only","KB only"," ","21-11Rollup"
"Cryptnet.dll","Dom_CRYPTO","6.2.20348.1","1","09-Nov-2021","GDR","5007205","November 9, 2021-KB5007205 (OS Build 20348.350)","http://support.microsoft.com/kb/5007205","KB only","KB only","KB only"," ","21-11Rollup"
"Wintrust.dll","Dom_CRYPTO","6.2.20348.261","1","09-Nov-2021","GDR","5007205","November 9, 2021-KB5007205 (OS Build 20348.350)","http://support.microsoft.com/kb/5007205","KB only","KB only","KB only"," ","21-11Rollup"
"Cryptdll.dll","Dom_CRYPTO","6.2.20348.1","1","09-Nov-2021","GDR","5007205","November 9, 2021-KB5007205 (OS Build 20348.350)","http://support.microsoft.com/kb/5007205","KB only","KB only","KB only"," ","21-11Rollup"
"Cryptcatsvc.dll","Dom_CRYPTO","6.2.20348.1","1","09-Nov-2021","GDR","5007205","November 9, 2021-KB5007205 (OS Build 20348.350)","http://support.microsoft.com/kb/5007205","KB only","KB only","KB only"," ","21-11Rollup"
"Tzres.dll","Core_TimeZone","6.2.20348.1","1","09-Nov-2021","GDR","5007205","November 9, 2021-KB5007205 (OS Build 20348.350)","http://support.microsoft.com/kb/5007205","KB only","KB only","KB only"," ","21-11Rollup"
"5007205","Win2022_21-11_B_rollup_KB"," ","0","09-Nov-2021","GDR","5007205","November 9, 2021-KB5007205 (OS Build 20348.350)","http://support.microsoft.com/kb/5007205","KB only","KB only","KB only"," ","21-11Rollup"
