"Binary","Component","Version","Prio","Published","Branch","Article","Title","Link","LDROnlyKB","LDROnlyTitle","LDROnlyLink","Comment","RollupInfo"
"Ntoskrnl.exe","Core_Kernel","6.2.19041.1110","0","13-Jul-21","GDR","5004237","July 13, 2021-KB5004237 (OS Builds 19041.1110, 19042.1110, and 19043.1110)","http://support.microsoft.com/kb/5004237","KB only","KB only","KB only"," ","21-07Rollup"
"Ntkrnlpa.exe","Core_Kernel","6.2.19041.1","0","06-May-20","GDR","5004237","July 13, 2021-KB5004237 (OS Builds 19041.1110, 19042.1110, and 19043.1110)","http://support.microsoft.com/kb/5004237","KB only","KB only","KB only"," ","21-07Rollup"
"Crashdmp.sys","Core_Kernel","6.2.19041.1","0","06-May-20","GDR","5004237","July 13, 2021-KB5004237 (OS Builds 19041.1110, 19042.1110, and 19043.1110)","http://support.microsoft.com/kb/5004237","KB only","KB only","KB only"," ","21-07Rollup"
"win32k.sys","Core_Kernel","6.2.19041.1110","0","13-Jul-21","GDR","5004237","July 13, 2021-KB5004237 (OS Builds 19041.1110, 19042.1110, and 19043.1110)","http://support.microsoft.com/kb/5004237","KB only","KB only","KB only"," ","21-07Rollup"
"Rdpshell.exe","RDS_remote_App","6.2.19041.844","0","24-Feb-21","GDR","5004237","July 13, 2021-KB5004237 (OS Builds 19041.1110, 19042.1110, and 19043.1110)","http://support.microsoft.com/kb/5004237","KB only","KB only","KB only"," ","21-07Rollup"
"Rdsdwmdr.dll","RDS_remote_App","6.2.19041.1081","0","21-Jun-21","GDR","5004237","July 13, 2021-KB5004237 (OS Builds 19041.1110, 19042.1110, and 19043.1110)","http://support.microsoft.com/kb/5004237","KB only","KB only","KB only"," ","21-07Rollup"
"Tscfgwmi.dll","RDS_remote_App","6.2.19041.964","0","28-Apr-21","GDR","5004237","July 13, 2021-KB5004237 (OS Builds 19041.1110, 19042.1110, and 19043.1110)","http://support.microsoft.com/kb/5004237","KB only","KB only","KB only"," ","21-07Rollup"
"Audioeng.dll","RDS_devRdr","6.2.19041.1081","1","21-Jun-21","GDR","5004237","July 13, 2021-KB5004237 (OS Builds 19041.1110, 19042.1110, and 19043.1110)","http://support.microsoft.com/kb/5004237","KB only","KB only","KB only"," ","21-07Rollup"
"Audiokse.dll","RDS_devRdr","6.2.19041.1081","1","21-Jun-21","GDR","5004237","July 13, 2021-KB5004237 (OS Builds 19041.1110, 19042.1110, and 19043.1110)","http://support.microsoft.com/kb/5004237","KB only","KB only","KB only"," ","21-07Rollup"
"Audioses.dll","RDS_devRdr","6.2.19041.1023","1","25-May-21","GDR","5004237","July 13, 2021-KB5004237 (OS Builds 19041.1110, 19042.1110, and 19043.1110)","http://support.microsoft.com/kb/5004237","KB only","KB only","KB only"," ","21-07Rollup"
"Audiosrv.dll","RDS_devRdr","6.2.19041.1081","1","21-Jun-21","GDR","5004237","July 13, 2021-KB5004237 (OS Builds 19041.1110, 19042.1110, and 19043.1110)","http://support.microsoft.com/kb/5004237","KB only","KB only","KB only"," ","21-07Rollup"
"Wsepno.dll","RDS_msTsc","7.0.19041.1","1","06-May-20","GDR","5004237","July 13, 2021-KB5004237 (OS Builds 19041.1110, 19042.1110, and 19043.1110)","http://support.microsoft.com/kb/5004237","KB only","KB only","KB only"," ","21-07Rollup"
"Xpsgdiconverter.dll","RDS_msTsc","6.2.19041.1","1","06-May-20","GDR","5004237","July 13, 2021-KB5004237 (OS Builds 19041.1110, 19042.1110, and 19043.1110)","http://support.microsoft.com/kb/5004237","KB only","KB only","KB only"," ","21-07Rollup"
"Vmrdvcore.dll","RDS_vHost","6.2.19041.964","0","28-Apr-21","GDR","5004237","July 13, 2021-KB5004237 (OS Builds 19041.1110, 19042.1110, and 19043.1110)","http://support.microsoft.com/kb/5004237","KB only","KB only","KB only"," ","21-07Rollup"
"Tsvmhasvc.dll","RDS_vHost","6.2.19041.1","0","06-May-20","GDR","5004237","July 13, 2021-KB5004237 (OS Builds 19041.1110, 19042.1110, and 19043.1110)","http://support.microsoft.com/kb/5004237","KB only","KB only","KB only"," ","21-07Rollup"
"Tssdis.exe","RDS_vHost","6.2.19041.1","0","06-May-20","GDR","5004237","July 13, 2021-KB5004237 (OS Builds 19041.1110, 19042.1110, and 19043.1110)","http://support.microsoft.com/kb/5004237","KB only","KB only","KB only"," ","21-07Rollup"
"aaedge.dll","RDS_gateway","6.2.19041.1","1","06-May-20","GDR","5004237","July 13, 2021-KB5004237 (OS Builds 19041.1110, 19042.1110, and 19043.1110)","http://support.microsoft.com/kb/5004237","KB only","KB only","KB only"," ","21-07Rollup"
"lserver.dll","RDS_license","6.2.19041.1","1","06-May-20","GDR","5004237","July 13, 2021-KB5004237 (OS Builds 19041.1110, 19042.1110, and 19043.1110)","http://support.microsoft.com/kb/5004237","KB only","KB only","KB only"," ","21-07Rollup"
"licmgr.exe","RDS_license","6.2.19041.1","1","06-May-20","GDR","5004237","July 13, 2021-KB5004237 (OS Builds 19041.1110, 19042.1110, and 19043.1110)","http://support.microsoft.com/kb/5004237","KB only","KB only","KB only"," ","21-07Rollup"
"dxgkrnl.sys","RDS_host","6.2.19041.1081","1","21-Jun-21","GDR","5004237","July 13, 2021-KB5004237 (OS Builds 19041.1110, 19042.1110, and 19043.1110)","http://support.microsoft.com/kb/5004237","KB only","KB only","KB only"," ","21-07Rollup"
"sessenv.dll","RDS_host","6.2.19041.964","1","28-Apr-21","GDR","5004237","July 13, 2021-KB5004237 (OS Builds 19041.1110, 19042.1110, and 19043.1110)","http://support.microsoft.com/kb/5004237","KB only","KB only","KB only"," ","21-07Rollup"
"Profprov.dll","Dom_ProfProc","6.2.19041.1","1","06-May-20","GDR","5004237","July 13, 2021-KB5004237 (OS Builds 19041.1110, 19042.1110, and 19043.1110)","http://support.microsoft.com/kb/5004237","KB only","KB only","KB only"," ","21-07Rollup"
"Profsvc.dll","Dom_ProfProc","6.2.19041.1023","1","25-May-21","GDR","5004237","July 13, 2021-KB5004237 (OS Builds 19041.1110, 19042.1110, and 19043.1110)","http://support.microsoft.com/kb/5004237","KB only","KB only","KB only"," ","21-07Rollup"
"4598481","Win2016_2004_21-01_SSU_KB"," ","0","12-Jan-2021","GDR","4598481","Servicing stack update for Windows 10, version 2004 and 20H2: January 12, 2021","http://support.microsoft.com/kb/4598481","KB only","KB only","KB Only"," ","No Rollup"
"5004237","Win20162004_21-07_B_rollup_KB"," ","0","13-Jul-2021","GDR","5004237","July 13, 2021-KB5004237 (OS Builds 19041.1110, 19042.1110, and 19043.1110)","http://support.microsoft.com/kb/5004237","KB only","KB only","KB only"," ","21-07Rollup"
