"Binary","Component","Version","Prio","Published","Branch","Article","Title","Link","LDROnlyKB","LDROnlyTitle","LDROnlyLink","Comment","RollupInfo"
"Clussvc.exe","Cluster_Core","6.2.17763.3113","0","18-Jun-2022","GDR","5020438","October 17, 2022-KB5020438 (OS Build 17763.3534) Out-of-band","http://support.microsoft.com/kb/5020438","No LDR Only available","No LDR Only available","No LDR Only available"," ","22-10Rollup"
"ClusWMI.dll","Cluster_Core","6.2.17763.3469","0","09-Sep-2022","GDR","5020438","October 17, 2022-KB5020438 (OS Build 17763.3534) Out-of-band","http://support.microsoft.com/kb/5020438","No LDR Only available","No LDR Only available","No LDR Only available"," ","22-10Rollup"
"Rhs.exe","Cluster_Core","6.2.17763.2213","0","15-Sep-2021","GDR","5020438","October 17, 2022-KB5020438 (OS Build 17763.3534) Out-of-band","http://support.microsoft.com/kb/5020438","No LDR Only available","No LDR Only available","No LDR Only available"," ","22-10Rollup"
"Clusres.dll","Cluster_Core","6.2.17763.3346","0","26-Aug-2022","GDR","5020438","October 17, 2022-KB5020438 (OS Build 17763.3534) Out-of-band","http://support.microsoft.com/kb/5020438","No LDR Only available","No LDR Only available","No LDR Only available","rEX","22-10Rollup"
"Clusres2.dll","Cluster_Core","6.2.17763.2931","0","14-May-2022","GDR","5020438","October 17, 2022-KB5020438 (OS Build 17763.3534) Out-of-band","http://support.microsoft.com/kb/5020438","No LDR Only available","No LDR Only available","No LDR Only available"," ","22-10Rollup"
"Netft.sys","Cluster_Core","6.2.17763.2746","0","08-Mar-2022","GDR","5020438","October 17, 2022-KB5020438 (OS Build 17763.3534) Out-of-band","http://support.microsoft.com/kb/5020438","No LDR Only available","No LDR Only available","No LDR Only available"," ","22-10Rollup"
"Clusauthmgr.dll","Cluster_Core","6.2.17763.1","0","","RTM","5020438","","","","","","",""
"Witness.dll","Cluster_Core","6.2.17763.1","0","","RTM","5020438","","","","","","",""
"Csvflt.sys","Cluster_CSV","6.2.17763.2928","0","04-May-2022","GDR","5020438","October 17, 2022-KB5020438 (OS Build 17763.3534) Out-of-band","http://support.microsoft.com/kb/5020438","No LDR Only available","No LDR Only available","No LDR Only available"," ","22-10Rollup"
"Csvfs.sys","Cluster_CSV","6.2.17763.2928","0","04-May-2022","GDR","5020438","October 17, 2022-KB5020438 (OS Build 17763.3534) Out-of-band","http://support.microsoft.com/kb/5020438","No LDR Only available","No LDR Only available","No LDR Only available"," ","22-10Rollup"
"Csvfilter.sys","Cluster_CSV","6.2.17763.1","0","","RTM","5020438","","","","","","",""
"Vhdmp.sys","Cluster_CSV","6.2.17763.3287","0","05-Aug-2022","GDR","5020438","October 17, 2022-KB5020438 (OS Build 17763.3534) Out-of-band","http://support.microsoft.com/kb/5020438","No LDR Only available","No LDR Only available","No LDR Only available"," ","22-10Rollup"
"Svhdxflt.sys","Cluster_CSV","6.2.17763.2928","0","04-May-2022","GDR","5020438","October 17, 2022-KB5020438 (OS Build 17763.3534) Out-of-band","http://support.microsoft.com/kb/5020438","No LDR Only available","No LDR Only available","No LDR Only available"," ","22-10Rollup"
"Clusdisk.sys","Cluster_Disk","6.2.17763.2928","0","04-May-2022","GDR","5020438","October 17, 2022-KB5020438 (OS Build 17763.3534) Out-of-band","http://support.microsoft.com/kb/5020438","No LDR Only available","No LDR Only available","No LDR Only available"," ","22-10Rollup"
"Volsnap.sys","Cluster_Volsnap","6.2.17763.831","0","03-Oct-2019","GDR","5020438","October 17, 2022-KB5020438 (OS Build 17763.3534) Out-of-band","http://support.microsoft.com/kb/5020438","No LDR Only available","No LDR Only available","No LDR Only available"," ","22-10Rollup"
"Cprepsrv.exe","Cluster_Validation","6.2.17763.2989","1","14-May-2022","GDR","5020438","October 17, 2022-KB5020438 (OS Build 17763.3534) Out-of-band","http://support.microsoft.com/kb/5020438","No LDR Only available","No LDR Only available","No LDR Only available"," ","22-10Rollup"
"Failoverclusters.agent.interop.dll","Cluster_Validation","6.2.17763.1","1","14-Sep-2018","GDR","5020438","October 17, 2022-KB5020438 (OS Build 17763.3534) Out-of-band","http://support.microsoft.com/kb/5020438","No LDR Only available","No LDR Only available","No LDR Only available"," ","22-10Rollup"
"Microsoft.failoverclusters.framework.dll","Cluster_Validation","6.2.17763.1","1","","RTM","5020438","","","","","","",""
"Mpio.sys","Core_MPIO","6.2.17763.1554","0","14-Oct-2020","GDR","5020438","October 17, 2022-KB5020438 (OS Build 17763.3534) Out-of-band","http://support.microsoft.com/kb/5020438","No LDR Only available","No LDR Only available","No LDR Only available"," ","22-10Rollup"
"Msdsm.sys","Core_MPIO","6.2.17763.652","0","14-Jul-2019","GDR","5020438","October 17, 2022-KB5020438 (OS Build 17763.3534) Out-of-band","http://support.microsoft.com/kb/5020438","No LDR Only available","No LDR Only available","No LDR Only available"," ","22-10Rollup"
"Storport.sys","Core_DiskSystem","6.2.17763.3469","0","08-Sep-2022","GDR","5020438","October 17, 2022-KB5020438 (OS Build 17763.3534) Out-of-band","http://support.microsoft.com/kb/5020438","No LDR Only available","No LDR Only available","No LDR Only available"," ","22-10Rollup"
"5005112","Win2016RS5_21_08_SSU_KB"," ","0","08-Jun-2021","GDR","5005112","KB5005112: Servicing stack update for Windows 10, version 1809: August 10, 2021","http://support.microsoft.com/kb/5005112","No LDR Only available","No LDR Only available","No LDR Only available"," ","No Rollup"
"5020438","Win2016RS5_22-10_OOB_rollup_KB"," ","0","18-Oct-2022","GDR","5020438","October 17, 2022-KB5020438 (OS Build 17763.3534) Out-of-band","http://support.microsoft.com/kb/5020438","No LDR Only available","No LDR Only available","No LDR Only available"," ","22-10Rollup"
