"Binary","Component","Version","Prio","Published","Branch","Article","Title","Link","LDROnlyKB","LDROnlyTitle","LDROnlyLink","Comment","RollupInfo"
"Ntoskrnl.exe","Core_Kernel","6.2.18362.2429","0","30-Apr-2022","GDR","5013945","May 10, 2022-KB5013945 (OS Build 18363.2274)","http://support.microsoft.com/kb/5013945","No LDR Only available","No LDR Only available","No LDR Only available"," ","22-05Rollup"
"Crashdmp.sys","Core_Kernel","6.2.18362.693","0","30-Apr-2022","GDR","5013945","May 10, 2022-KB5013945 (OS Build 18363.2274)","http://support.microsoft.com/kb/5013945","No LDR Only available","No LDR Only available","No LDR Only available"," ","22-05Rollup"
"Ntdll.dll","Core_Kernel","6.2.18362.2395","0","30-Apr-2022","GDR","5013945","May 10, 2022-KB5013945 (OS Build 18363.2274)","http://support.microsoft.com/kb/5013945","No LDR Only available","No LDR Only available","No LDR Only available"," ","22-05Rollup"
"Hal.dll","Core_Kernel","6.2.18362.2395","0","30-Apr-2022","GDR","5013945","May 10, 2022-KB5013945 (OS Build 18363.2274)","http://support.microsoft.com/kb/5013945","No LDR Only available","No LDR Only available","No LDR Only available"," ","22-05Rollup"
"Fltmgr.sys","Core_Kernel","6.2.18362.1714","0","29-Apr-2022","GDR","5013945","May 10, 2022-KB5013945 (OS Build 18363.2274)","http://support.microsoft.com/kb/5013945","No LDR Only available","No LDR Only available","No LDR Only available"," ","22-05Rollup"
"win32k.sys","Core_Kernel","6.2.18362.2429","0","30-Apr-2022","GDR","5013945","May 10, 2022-KB5013945 (OS Build 18363.2274)","http://support.microsoft.com/kb/5013945","No LDR Only available","No LDR Only available","No LDR Only available"," ","22-05Rollup"
"Ntfs.sys","Core_FileSystem","6.2.18362.2395","0","30-Apr-2022","GDR","5013945","May 10, 2022-KB5013945 (OS Build 18363.2274)","http://support.microsoft.com/kb/5013945","No LDR Only available","No LDR Only available","No LDR Only available"," ","22-05Rollup"
"Msiscsi.sys","Core_DiskSystem","6.2.18362.1350","0","30-Apr-2022","GDR","5013945","May 10, 2022-KB5013945 (OS Build 18363.2274)","http://support.microsoft.com/kb/5013945","No LDR Only available","No LDR Only available","No LDR Only available"," ","22-05Rollup"
"Storport.sys","Core_DiskSystem","6.2.18362.1977","0","29-Apr-2022","GDR","5013945","May 10, 2022-KB5013945 (OS Build 18363.2274)","http://support.microsoft.com/kb/5013945","No LDR Only available","No LDR Only available","No LDR Only available"," ","22-05Rollup"
"Repdrvfs.dll","Core_WMI","6.2.18362.1766","0","29-Apr-2022","GDR","5013945","May 10, 2022-KB5013945 (OS Build 18363.2274)","http://support.microsoft.com/kb/5013945","No LDR Only available","No LDR Only available","No LDR Only available"," ","22-05Rollup"
"Advapi32.dll","Core_Apps","6.2.18362.2037","0","29-Apr-2022","GDR","5013945","May 10, 2022-KB5013945 (OS Build 18363.2274)","http://support.microsoft.com/kb/5013945","No LDR Only available","No LDR Only available","No LDR Only available"," ","22-05Rollup"
"Vssapi.dll","Core_VSS","6.2.18362.1916","1","30-Apr-2022","GDR","5013945","May 10, 2022-KB5013945 (OS Build 18363.2274)","http://support.microsoft.com/kb/5013945","No LDR Only available","No LDR Only available","No LDR Only available"," ","22-05Rollup"
"Swprv.dll","Core_VSS","6.2.18362.2274","1","29-Apr-2022","GDR","5013945","May 10, 2022-KB5013945 (OS Build 18363.2274)","http://support.microsoft.com/kb/5013945","No LDR Only available","No LDR Only available","No LDR Only available"," ","22-05Rollup"
"spp.dll","Core_VSS","6.2.18362.1316","1","29-Apr-2022","GDR","5013945","May 10, 2022-KB5013945 (OS Build 18363.2274)","http://support.microsoft.com/kb/5013945","No LDR Only available","No LDR Only available","No LDR Only available"," ","22-05Rollup"
"wbengine.exe","Core_VSS","6.2.18362.1316","1","29-Apr-2022","GDR","5013945","May 10, 2022-KB5013945 (OS Build 18363.2274)","http://support.microsoft.com/kb/5013945","No LDR Only available","No LDR Only available","No LDR Only available"," ","22-05Rollup"
"Volsnap.sys","Cluster_Volsnap","6.2.18362.693","0","30-Apr-2022","GDR","5013945","May 10, 2022-KB5013945 (OS Build 18363.2274)","http://support.microsoft.com/kb/5013945","No LDR Only available","No LDR Only available","No LDR Only available"," ","22-05Rollup"
"pci.sys","Core_Sys","6.2.18362.1679","1","29-Apr-2022","GDR","5013945","May 10, 2022-KB5013945 (OS Build 18363.2274)","http://support.microsoft.com/kb/5013945","No LDR Only available","No LDR Only available","No LDR Only available"," ","22-05Rollup"
"Volmgr.sys","Core_Sys","6.2.18362.1500","1","29-Apr-2022","GDR","5013945","May 10, 2022-KB5013945 (OS Build 18363.2274)","http://support.microsoft.com/kb/5013945","No LDR Only available","No LDR Only available","No LDR Only available"," ","22-05Rollup"
"Crypt32.dll","Dom_CRYPTO","6.2.18362.2429","1","30-Apr-2022","GDR","5013945","May 10, 2022-KB5013945 (OS Build 18363.2274)","http://support.microsoft.com/kb/5013945","No LDR Only available","No LDR Only available","No LDR Only available"," ","22-05Rollup"
"Cryptnet.dll","Dom_CRYPTO","6.2.18362.1533","1","29-Apr-2022","GDR","5013945","May 10, 2022-KB5013945 (OS Build 18363.2274)","http://support.microsoft.com/kb/5013945","No LDR Only available","No LDR Only available","No LDR Only available"," ","22-05Rollup"
"Wintrust.dll","Dom_CRYPTO","6.2.18362.2037","1","29-Apr-2022","GDR","5013945","May 10, 2022-KB5013945 (OS Build 18363.2274)","http://support.microsoft.com/kb/5013945","No LDR Only available","No LDR Only available","No LDR Only available"," ","22-05Rollup"
"Cryptdll.dll","Dom_CRYPTO","6.2.18362.113","1","29-Apr-2022","GDR","5013945","May 10, 2022-KB5013945 (OS Build 18363.2274)","http://support.microsoft.com/kb/5013945","No LDR Only available","No LDR Only available","No LDR Only available"," ","22-05Rollup"
"Cryptcatsvc.dll","Dom_CRYPTO","6.2.18362.1082","1","29-Apr-2022","GDR","5013945","May 10, 2022-KB5013945 (OS Build 18363.2274)","http://support.microsoft.com/kb/5013945","No LDR Only available","No LDR Only available","No LDR Only available"," ","22-05Rollup"
"Tzres.dll","Core_TimeZone","6.2.18362.2094","1","29-Apr-2022","GDR","5013945","May 10, 2022-KB5013945 (OS Build 18363.2274)","http://support.microsoft.com/kb/5013945","No LDR Only available","No LDR Only available","No LDR Only available"," ","22-05Rollup"
"5004748","Win2016_1909_21-07_SSU_KB"," ","0","15-Jun-2021","GDR","5004748","KB5004748: Servicing stack update for Windows 10, version 1909: July 13, 2021","http://support.microsoft.com/kb/5004748","No LDR Only available","No LDR Only available","No LDR Only available"," ","No Rollup"
"5013945","Win201619H2_22-05_B_rollup_KB"," ","0","10-May-2022","GDR","5013945","May 10, 2022-KB5013945 (OS Build 18363.2274)","http://support.microsoft.com/kb/5013945","No LDR Only available","No LDR Only available","No LDR Only available"," ","22-05Rollup"
