"Binary","Component","Version","Prio","Published","Branch","Article","Title","Link","LDROnlyKB","LDROnlyTitle","LDROnlyLink","Comment","RollupInfo"
"Netlogon.dll","Dom_NETLOGON","6.2.17763.3887","0","10-Jan-2023","GDR","5022286","January 10, 2023-KB5022286 (OS Build 17763.3887)","http://support.microsoft.com/kb/5022286","No LDR Only available","No LDR Only available","No LDR Only available","rEX","23-02Rollup"
"LogonCli.dll","Dom_NETLOGON","6.2.17763.3532","0","17-Oct-2022","GDR","5022286","January 10, 2023-KB5022286 (OS Build 17763.3887)","http://support.microsoft.com/kb/5022286","No LDR Only available","No LDR Only available","No LDR Only available","rEX","23-02Rollup"
"Winlogon.exe","Dom_WINLOGON","6.2.17763.3232","0","02-Jul-2022","GDR","5022840","February 14, 2023-KB5022840 (OS Build 17763.4010)","http://support.microsoft.com/kb/5022840","No LDR Only available","No LDR Only available","No LDR Only available"," ","23-02Rollup"
"Kerberos.dll","Dom_KERBEROS","6.2.17763.4010","0","02-Feb-2023","GDR","5022840","February 14, 2023-KB5022840 (OS Build 17763.4010)","http://support.microsoft.com/kb/5022840","No LDR Only available","No LDR Only available","No LDR Only available"," ","23-02Rollup"
"Msv1_0.dll","Dom_NTLM","6.2.17763.3887","1","05-Jan-2023","GDR","5022840","February 14, 2023-KB5022840 (OS Build 17763.4010)","http://support.microsoft.com/kb/5022840","No LDR Only available","No LDR Only available","No LDR Only available"," ","23-02Rollup"
"Wldap32.dll","Dom_LDAPClient","6.2.17763.3406","0","08-Sep-2022","GDR","5022840","February 14, 2023-KB5022840 (OS Build 17763.4010)","http://support.microsoft.com/kb/5022840","No LDR Only available","No LDR Only available","No LDR Only available"," ","23-02Rollup"
"Lsass.exe","Dom_LSA","6.2.17763.3532","0","06-Oct-2022","GDR","5022840","February 14, 2023-KB5022840 (OS Build 17763.4010)","http://support.microsoft.com/kb/5022840","No LDR Only available","No LDR Only available","No LDR Only available"," ","23-02Rollup"
"Lsasrv.dll","Dom_LSA","6.2.17763.4010","0","03-Feb-2023","GDR","5022840","February 14, 2023-KB5022840 (OS Build 17763.4010)","http://support.microsoft.com/kb/5022840","No LDR Only available","No LDR Only available","No LDR Only available"," ","23-02Rollup"
"Ksecdd.sys","Dom_LSA","6.2.17763.3532","0","06-Oct-2022","GDR","5022840","February 14, 2023-KB5022840 (OS Build 17763.4010)","http://support.microsoft.com/kb/5022840","No LDR Only available","No LDR Only available","No LDR Only available"," ","23-02Rollup"
"Ksecpkg.sys","Dom_LSA","6.2.17763.3887","0","10-Jan-2023","GDR","5022286","January 10, 2023-KB5022286 (OS Build 17763.3887)","http://support.microsoft.com/kb/5022286","No LDR Only available","No LDR Only available","No LDR Only available","rEX","23-02Rollup"
"Secur32.dll","Dom_LSA","6.2.17763.1","0","14-Sep-2018","GDR","5022840","February 14, 2023-KB5022840 (OS Build 17763.4010)","http://support.microsoft.com/kb/5022840","No LDR Only available","No LDR Only available","No LDR Only available"," ","23-02Rollup"
"Sspicli.dll","Dom_LSA","6.2.17763.3532","0","06-Oct-2022","GDR","5022840","February 14, 2023-KB5022840 (OS Build 17763.4010)","http://support.microsoft.com/kb/5022840","No LDR Only available","No LDR Only available","No LDR Only available"," ","23-02Rollup"
"Sspisrv.dll","Dom_LSA","6.2.17763.1","0","14-Sep-2018","GDR","5022840","February 14, 2023-KB5022840 (OS Build 17763.4010)","http://support.microsoft.com/kb/5022840","No LDR Only available","No LDR Only available","No LDR Only available"," ","23-02Rollup"
"Schannel.dll","Dom_LSA","6.2.17763.4010","0","02-Feb-2023","GDR","5022840","February 14, 2023-KB5022840 (OS Build 17763.4010)","http://support.microsoft.com/kb/5022840","No LDR Only available","No LDR Only available","No LDR Only available"," ","23-02Rollup"
"dpapisvr.dll","Dom_LSA","6.2.17763.1","0","","RTM","5022840","","","","","","",""
"Scesrv.dll","Dom_SecAuditAndConfig","6.2.17763.3532","1","17-Oct-2022","GDR","5022286","January 10, 2023-KB5022286 (OS Build 17763.3887)","http://support.microsoft.com/kb/5022286","No LDR Only available","No LDR Only available","No LDR Only available","rEX","23-02Rollup"
"AclUI.dll","Dom_SecAuditAndConfig","6.2.17763.1","1","26-Apr-2021","GDR","5022840","February 14, 2023-KB5022840 (OS Build 17763.4010)","http://support.microsoft.com/kb/5022840","No LDR Only available","No LDR Only available","No LDR Only available"," ","23-02Rollup"
"Winscard.dll","Dom_SC_Provider","6.2.17763.1790","1","09-Feb-2021","GDR","5022840","February 14, 2023-KB5022840 (OS Build 17763.4010)","http://support.microsoft.com/kb/5022840","No LDR Only available","No LDR Only available","No LDR Only available"," ","23-02Rollup"
"Basecsp.dll","Dom_SC_Provider","6.2.17763.3887","1","06-Jan-2023","GDR","5022840","February 14, 2023-KB5022840 (OS Build 17763.4010)","http://support.microsoft.com/kb/5022840","No LDR Only available","No LDR Only available","No LDR Only available"," ","23-02Rollup"
"Scksp.dll","Dom_SC_Provider","6.2.17763.3887","1","06-Jan-2023","GDR","5022840","February 14, 2023-KB5022840 (OS Build 17763.4010)","http://support.microsoft.com/kb/5022840","No LDR Only available","No LDR Only available","No LDR Only available"," ","23-02Rollup"
"ScardSvr.dll","Dom_SC_Srv","6.2.17763.1790","1","09-Feb-2021","GDR","5022840","February 14, 2023-KB5022840 (OS Build 17763.4010)","http://support.microsoft.com/kb/5022840","No LDR Only available","No LDR Only available","No LDR Only available"," ","23-02Rollup"
"Scfilter.sys","Dom_SC_Srv","6.2.17763.1","1","14-Sep-2018","GDR","5022840","February 14, 2023-KB5022840 (OS Build 17763.4010)","http://support.microsoft.com/kb/5022840","No LDR Only available","No LDR Only available","No LDR Only available"," ","23-02Rollup"
"Certprop.dll","Dom_SC_Srv","6.2.17763.1","1","14-Sep-2018","GDR","5022840","February 14, 2023-KB5022840 (OS Build 17763.4010)","http://support.microsoft.com/kb/5022840","No LDR Only available","No LDR Only available","No LDR Only available"," ","23-02Rollup"
"Crypt32.dll","Dom_CRYPTO","6.2.17763.3650","1","03-Nov-2022","GDR","5022840","February 14, 2023-KB5022840 (OS Build 17763.4010)","http://support.microsoft.com/kb/5022840","No LDR Only available","No LDR Only available","No LDR Only available"," ","23-02Rollup"
"Cryptsvc.dll","Dom_CRYPTO","6.2.17763.1","1","","RTM","5022840","","","","","","",""
"Cryptnet.dll","Dom_CRYPTO","6.2.17763.1911","1","15-Apr-2021","GDR","5022840","February 14, 2023-KB5022840 (OS Build 17763.4010)","http://support.microsoft.com/kb/5022840","No LDR Only available","No LDR Only available","No LDR Only available"," ","23-02Rollup"
"Wintrust.dll","Dom_CRYPTO","6.2.17763.3887","1","10-Jan-2023","GDR","5022286","January 10, 2023-KB5022286 (OS Build 17763.3887)","http://support.microsoft.com/kb/5022286","No LDR Only available","No LDR Only available","No LDR Only available","rEX","23-02Rollup"
"Cryptdll.dll","Dom_CRYPTO","6.2.17763.503","1","11-May-2019","GDR","5022840","February 14, 2023-KB5022840 (OS Build 17763.4010)","http://support.microsoft.com/kb/5022840","No LDR Only available","No LDR Only available","No LDR Only available"," ","23-02Rollup"
"Cryptcatsvc.dll","Dom_CRYPTO","6.2.17763.1457","1","01-Sep-2020","GDR","5022840","February 14, 2023-KB5022840 (OS Build 17763.4010)","http://support.microsoft.com/kb/5022840","No LDR Only available","No LDR Only available","No LDR Only available"," ","23-02Rollup"
"Dimsroam.dll","Dom_DIMS","6.2.17763.1","1","14-Sep-2018","GDR","5022840","February 14, 2023-KB5022840 (OS Build 17763.4010)","http://support.microsoft.com/kb/5022840","No LDR Only available","No LDR Only available","No LDR Only available"," ","23-02Rollup"
"Dimsjob.dll","Dom_DIMS","6.2.17763.1","1","","RTM","5022840","","","","","","",""
"Adprovider.dll","Dom_DIMS","6.2.17763.1697","1","07-Jan-2021","GDR","5022840","February 14, 2023-KB5022840 (OS Build 17763.4010)","http://support.microsoft.com/kb/5022840","No LDR Only available","No LDR Only available","No LDR Only available"," ","23-02Rollup"
"Capiprovider.dll","Dom_DIMS","6.2.17763.3406","1","08-Sep-2022","GDR","5022840","February 14, 2023-KB5022840 (OS Build 17763.4010)","http://support.microsoft.com/kb/5022840","No LDR Only available","No LDR Only available","No LDR Only available"," ","23-02Rollup"
"Cngprovider.dll","Dom_DIMS","6.2.17763.3406","1","08-Sep-2022","GDR","5022840","February 14, 2023-KB5022840 (OS Build 17763.4010)","http://support.microsoft.com/kb/5022840","No LDR Only available","No LDR Only available","No LDR Only available"," ","23-02Rollup"
"Dpapiprovider.dll","Dom_DIMS","6.2.17763.3406","1","08-Sep-2022","GDR","5022840","February 14, 2023-KB5022840 (OS Build 17763.4010)","http://support.microsoft.com/kb/5022840","No LDR Only available","No LDR Only available","No LDR Only available"," ","23-02Rollup"
"Wincredprovider.dll","Dom_DIMS","6.2.17763.1697","1","07-Jan-2021","GDR","5022840","February 14, 2023-KB5022840 (OS Build 17763.4010)","http://support.microsoft.com/kb/5022840","No LDR Only available","No LDR Only available","No LDR Only available"," ","23-02Rollup"
"Gpapi.dll","Dom_GPSVC","6.2.17763.3406","1","08-Sep-2022","GDR","5022840","February 14, 2023-KB5022840 (OS Build 17763.4010)","http://support.microsoft.com/kb/5022840","No LDR Only available","No LDR Only available","No LDR Only available"," ","23-02Rollup"
"Gpsvc.dll","Dom_GPSVC","6.2.17763.3406","1","08-Sep-2022","GDR","5022840","February 14, 2023-KB5022840 (OS Build 17763.4010)","http://support.microsoft.com/kb/5022840","No LDR Only available","No LDR Only available","No LDR Only available"," ","23-02Rollup"
"Gpmgmt.dll","Dom_GPSVC","6.2.17763.3532","1","06-Oct-2022","GDR","5022840","February 14, 2023-KB5022840 (OS Build 17763.4010)","http://support.microsoft.com/kb/5022840","No LDR Only available","No LDR Only available","No LDR Only available"," ","23-02Rollup"
"Gprsop.dll","Dom_GPSVC","6.2.17763.1518","1","30-Sep-2020","GDR","5022840","February 14, 2023-KB5022840 (OS Build 17763.4010)","http://support.microsoft.com/kb/5022840","No LDR Only available","No LDR Only available","No LDR Only available"," ","23-02Rollup"
"Userenv.dll","Dom_GPSVC","6.2.17763.1728","1","08-Jan-2021","GDR","5022840","February 14, 2023-KB5022840 (OS Build 17763.4010)","http://support.microsoft.com/kb/5022840","No LDR Only available","No LDR Only available","No LDR Only available"," ","23-02Rollup"
"Gpprnext.dll","Dom_GPExt","6.2.17763.1","1","","RTM","5022840","","","","","","",""
"Appmgmts.dll","Dom_GPExt","6.2.17763.1518","1","30-Sep-2020","GDR","5022840","February 14, 2023-KB5022840 (OS Build 17763.4010)","http://support.microsoft.com/kb/5022840","No LDR Only available","No LDR Only available","No LDR Only available"," ","23-02Rollup"
"Gpprefcl.dll","Dom_GPP","6.2.17763.3650","1","03-Nov-2022","GDR","5022840","February 14, 2023-KB5022840 (OS Build 17763.4010)","http://support.microsoft.com/kb/5022840","No LDR Only available","No LDR Only available","No LDR Only available"," ","23-02Rollup"
"Gpme.dll","Dom_GPP","6.2.17763.3532","1","06-Oct-2022","GDR","5022840","February 14, 2023-KB5022840 (OS Build 17763.4010)","http://support.microsoft.com/kb/5022840","No LDR Only available","No LDR Only available","No LDR Only available"," ","23-02Rollup"
"Gppref.dll","Dom_GPP","6.2.17763.3532","1","06-Oct-2022","GDR","5022840","February 14, 2023-KB5022840 (OS Build 17763.4010)","http://support.microsoft.com/kb/5022840","No LDR Only available","No LDR Only available","No LDR Only available"," ","23-02Rollup"
"Gpprefbr.dll","Dom_GPP","6.2.17763.3532","1","06-Oct-2022","GDR","5022840","February 14, 2023-KB5022840 (OS Build 17763.4010)","http://support.microsoft.com/kb/5022840","No LDR Only available","No LDR Only available","No LDR Only available"," ","23-02Rollup"
"Gpprefcn.dll","Dom_GPP","6.2.17763.3532","1","06-Oct-2022","GDR","5022840","February 14, 2023-KB5022840 (OS Build 17763.4010)","http://support.microsoft.com/kb/5022840","No LDR Only available","No LDR Only available","No LDR Only available"," ","23-02Rollup"
"Gpregistrybrowser.dll","Dom_GPP","6.2.17763.3532","1","06-Oct-2022","GDR","5022840","February 14, 2023-KB5022840 (OS Build 17763.4010)","http://support.microsoft.com/kb/5022840","No LDR Only available","No LDR Only available","No LDR Only available"," ","23-02Rollup"
"Propshts.dll","Dom_GPP","6.2.17763.3532","1","06-Oct-2022","GDR","5022840","February 14, 2023-KB5022840 (OS Build 17763.4010)","http://support.microsoft.com/kb/5022840","No LDR Only available","No LDR Only available","No LDR Only available"," ","23-02Rollup"
"Repdrvfs.dll","Core_WMI","6.2.17763.2989","0","14-May-2022","GDR","5022840","February 14, 2023-KB5022840 (OS Build 17763.4010)","http://support.microsoft.com/kb/5022840","No LDR Only available","No LDR Only available","No LDR Only available"," ","23-02Rollup"
"Profprov.dll","Dom_ProfProc","6.2.17763.1","1","","RTM","5022840","","","","","","",""
"Profsvc.dll","Dom_ProfProc","6.2.17763.3346","1","23-Aug-2022","GDR","5022286","January 10, 2023-KB5022286 (OS Build 17763.3887)","http://support.microsoft.com/kb/5022286","No LDR Only available","No LDR Only available","No LDR Only available","rEX","23-02Rollup"
"Fdeploy.dll","Dom_FolderRedir","6.2.17763.1","1","","RTM","5022840","","","","","","",""
"Csc.sys","Net_CSC_Offline","6.2.17763.3113","1","18-Jun-2022","GDR","5022840","February 14, 2023-KB5022840 (OS Build 17763.4010)","http://support.microsoft.com/kb/5022840","No LDR Only available","No LDR Only available","No LDR Only available"," ","23-02Rollup"
"Cscapi.dll","Net_CSC_Offline","6.2.17763.404","1","29-Mar-2019","GDR","5022840","February 14, 2023-KB5022840 (OS Build 17763.4010)","http://support.microsoft.com/kb/5022840","No LDR Only available","No LDR Only available","No LDR Only available"," ","23-02Rollup"
"Cscdll.dll","Net_CSC_Offline","6.2.17763.404","1","29-Mar-2019","GDR","5022840","February 14, 2023-KB5022840 (OS Build 17763.4010)","http://support.microsoft.com/kb/5022840","No LDR Only available","No LDR Only available","No LDR Only available"," ","23-02Rollup"
"Cscsvc.dll","Net_CSC_Offline","6.2.17763.1935","1","07-May-2021","GDR","5022840","February 14, 2023-KB5022840 (OS Build 17763.4010)","http://support.microsoft.com/kb/5022840","No LDR Only available","No LDR Only available","No LDR Only available"," ","23-02Rollup"
"Cscmig.dll","Net_CSC_Offline","6.2.17763.3113","1","13-Sep-2022","GDR","5022286","January 10, 2023-KB5022286 (OS Build 17763.3887)","http://support.microsoft.com/kb/5022286","No LDR Only available","No LDR Only available","No LDR Only available","rEX","23-02Rollup"
"Cscui.dll","Net_CSC_Offline","6.2.17763.2989","1","14-May-2022","GDR","5022840","February 14, 2023-KB5022840 (OS Build 17763.4010)","http://support.microsoft.com/kb/5022840","No LDR Only available","No LDR Only available","No LDR Only available"," ","23-02Rollup"
"Esent.dll","Dom_ESENT","6.2.17763.2213","0","15-Sep-2021","GDR","5022840","February 14, 2023-KB5022840 (OS Build 17763.4010)","http://support.microsoft.com/kb/5022840","No LDR Only available","No LDR Only available","No LDR Only available"," ","23-02Rollup"
"Ntdsai.dll","Dom_NTDSAI","6.2.17763.4010","0","03-Feb-2023","GDR","5022840","February 14, 2023-KB5022840 (OS Build 17763.4010)","http://support.microsoft.com/kb/5022840","No LDR Only available","No LDR Only available","No LDR Only available"," ","23-02Rollup"
"Ntdsutil.exe","Dom_NTDSAI","6.2.17763.3887","0","06-Jan-2023","GDR","5022840","February 14, 2023-KB5022840 (OS Build 17763.4010)","http://support.microsoft.com/kb/5022840","No LDR Only available","No LDR Only available","No LDR Only available"," ","23-02Rollup"
"Samsrv.dll","Dom_SAMSRV","6.2.17763.3650","0","08-Nov-2022","GDR","5022286","January 10, 2023-KB5022286 (OS Build 17763.3887)","http://support.microsoft.com/kb/5022286","No LDR Only available","No LDR Only available","No LDR Only available","rEX","23-02Rollup"
"Samlib.dll","Dom_SAMSRV","6.2.17763.3650","0","08-Nov-2022","GDR","5022286","January 10, 2023-KB5022286 (OS Build 17763.3887)","http://support.microsoft.com/kb/5022286","No LDR Only available","No LDR Only available","No LDR Only available","rEX","23-02Rollup"
"Kdcsvc.dll","Dom_KDCSVC","6.2.17763.4010","0","03-Feb-2023","GDR","5022840","February 14, 2023-KB5022840 (OS Build 17763.4010)","http://support.microsoft.com/kb/5022840","No LDR Only available","No LDR Only available","No LDR Only available"," ","23-02Rollup"
"Dfsrs.exe","Dom_DFS-R","6.2.17763.1697","0","07-Jan-2021","GDR","5022840","February 14, 2023-KB5022840 (OS Build 17763.4010)","http://support.microsoft.com/kb/5022840","No LDR Only available","No LDR Only available","No LDR Only available"," ","23-02Rollup"
"Dfsrress.dll","Dom_DFS-R","6.2.17763.1","0","14-Sep-2018","GDR","5022840","February 14, 2023-KB5022840 (OS Build 17763.4010)","http://support.microsoft.com/kb/5022840","No LDR Only available","No LDR Only available","No LDR Only available"," ","23-02Rollup"
"Dfsrro.sys","Dom_DFS-R","6.2.17763.1","0","","RTM","5022840","","","","","","",""
"Microsoft.identityserver.service.dll","Dom_ADFS","6.2.17763.3165","0","28-Jun-2022","GDR","5022840","February 14, 2023-KB5022840 (OS Build 17763.4010)","http://support.microsoft.com/kb/5022840","No LDR Only available","No LDR Only available","No LDR Only available"," ","23-02Rollup"
"Microsoft.identityserver.webhost.dll","Dom_ADFS","6.2.17763.1728","0","09-Jan-2021","GDR","5022840","February 14, 2023-KB5022840 (OS Build 17763.4010)","http://support.microsoft.com/kb/5022840","No LDR Only available","No LDR Only available","No LDR Only available"," ","23-02Rollup"
"Microsoft.identityserver.web.dll","Dom_ADFS","6.2.17763.3650","0","03-Nov-2022","GDR","5022840","February 14, 2023-KB5022840 (OS Build 17763.4010)","http://support.microsoft.com/kb/5022840","No LDR Only available","No LDR Only available","No LDR Only available"," ","23-02Rollup"
"Microsoft.identityserver.dll","Dom_ADFS","6.2.17763.4010","0","03-Feb-2023","GDR","5022840","February 14, 2023-KB5022840 (OS Build 17763.4010)","http://support.microsoft.com/kb/5022840","No LDR Only available","No LDR Only available","No LDR Only available"," ","23-02Rollup"
"Microsoft.identityserver.proxyservice.exe","Dom_ADFS","6.2.17763.1728","0","09-Jan-2021","GDR","5022840","February 14, 2023-KB5022840 (OS Build 17763.4010)","http://support.microsoft.com/kb/5022840","No LDR Only available","No LDR Only available","No LDR Only available"," ","23-02Rollup"
"5005112","Win2016RS5_21_08_SSU_KB"," ","0","08-Jun-2021","GDR","5005112","KB5005112: Servicing stack update for Windows 10, version 1809: August 10, 2021","http://support.microsoft.com/kb/5005112","No LDR Only available","No LDR Only available","No LDR Only available"," ","No Rollup"
"5022840","Win2016RS5_23-02_B_rollup_KB"," ","0","14-Feb-2023","GDR","5022840","February 14, 2023-KB5022840 (OS Build 17763.4010)","http://support.microsoft.com/kb/5022840","No LDR Only available","No LDR Only available","No LDR Only available"," ","23-02Rollup"
