"Binary","Component","Version","Prio","Published","Branch","Article","Title","Link","LDROnlyKB","LDROnlyTitle","LDROnlyLink","Comment","RollupInfo"
"Ntoskrnl.exe","Core_Kernel","6.2.19041.2364","0","01-Dec-2022","GDR","5021233","December 13, 2022-KB5021233 (OS Builds 19042.2364, 19043.2364, 19044.2364, and 19045.2364)","http://support.microsoft.com/kb/5021233","No LDR Only available","No LDR Only available","No LDR Only available"," ","22-12Rollup"
"Ntkrnlpa.exe","Core_Kernel","6.2.19041.1","0","","RTM","5021233","","","","","","",""
"Crashdmp.sys","Core_Kernel","6.2.19041.1949","0","01-Dec-2022","GDR","5021233","December 13, 2022-KB5021233 (OS Builds 19042.2364, 19043.2364, 19044.2364, and 19045.2364)","http://support.microsoft.com/kb/5021233","No LDR Only available","No LDR Only available","No LDR Only available"," ","22-12Rollup"
"Vssapi.dll","Core_VSS","6.2.19041.1320","1","01-Dec-2022","GDR","5021233","December 13, 2022-KB5021233 (OS Builds 19042.2364, 19043.2364, 19044.2364, and 19045.2364)","http://support.microsoft.com/kb/5021233","No LDR Only available","No LDR Only available","No LDR Only available"," ","22-12Rollup"
"Vsstrace.dll","Core_VSS","6.2.19041.546","1","01-Dec-2022","GDR","5021233","December 13, 2022-KB5021233 (OS Builds 19042.2364, 19043.2364, 19044.2364, and 19045.2364)","http://support.microsoft.com/kb/5021233","No LDR Only available","No LDR Only available","No LDR Only available"," ","22-12Rollup"
"vsssvc.exe","Core_VSS","6.2.19041.1","1","","RTM","5021233","","","","","","",""
"Swprv.dll","Core_VSS","6.2.19041.1741","1","01-Dec-2022","GDR","5021233","December 13, 2022-KB5021233 (OS Builds 19042.2364, 19043.2364, 19044.2364, and 19045.2364)","http://support.microsoft.com/kb/5021233","No LDR Only available","No LDR Only available","No LDR Only available"," ","22-12Rollup"
"spp.dll","Core_VSS","6.2.19041.2193","1","01-Dec-2022","GDR","5021233","December 13, 2022-KB5021233 (OS Builds 19042.2364, 19043.2364, 19044.2364, and 19045.2364)","http://support.microsoft.com/kb/5021233","No LDR Only available","No LDR Only available","No LDR Only available"," ","22-12Rollup"
"wbengine.exe","Core_VSS","6.2.19041.746","1","01-Dec-2022","GDR","5021233","December 13, 2022-KB5021233 (OS Builds 19042.2364, 19043.2364, 19044.2364, and 19045.2364)","http://support.microsoft.com/kb/5021233","No LDR Only available","No LDR Only available","No LDR Only available"," ","22-12Rollup"
"blbsrv.dll","Core_VSS","6.2.19041.1","1","","RTM","5021233","","","","","","",""
"Volsnap.sys","Cluster_Volsnap","6.2.19041.488","0","01-Dec-2022","GDR","5021233","December 13, 2022-KB5021233 (OS Builds 19042.2364, 19043.2364, 19044.2364, and 19045.2364)","http://support.microsoft.com/kb/5021233","No LDR Only available","No LDR Only available","No LDR Only available"," ","22-12Rollup"
"pci.sys","Core_Sys","6.2.19041.1949","1","01-Dec-2022","GDR","5021233","December 13, 2022-KB5021233 (OS Builds 19042.2364, 19043.2364, 19044.2364, and 19045.2364)","http://support.microsoft.com/kb/5021233","No LDR Only available","No LDR Only available","No LDR Only available"," ","22-12Rollup"
"Termdd.sys","Core_Sys","6.2.19041.1","1","","RTM","5021233","","","","","","",""
"Volmgr.sys","Core_Sys","6.2.19041.1806","1","01-Dec-2022","GDR","5021233","December 13, 2022-KB5021233 (OS Builds 19042.2364, 19043.2364, 19044.2364, and 19045.2364)","http://support.microsoft.com/kb/5021233","No LDR Only available","No LDR Only available","No LDR Only available"," ","22-12Rollup"
"Crypt32.dll","Dom_CRYPTO","6.2.19041.1889","1","01-Dec-2022","GDR","5021233","December 13, 2022-KB5021233 (OS Builds 19042.2364, 19043.2364, 19044.2364, and 19045.2364)","http://support.microsoft.com/kb/5021233","No LDR Only available","No LDR Only available","No LDR Only available"," ","22-12Rollup"
"Cryptsvc.dll","Dom_CRYPTO","6.2.19041.1","1","","RTM","5021233","","","","","","",""
"Cryptnet.dll","Dom_CRYPTO","6.2.19041.906","1","01-Dec-2022","GDR","5021233","December 13, 2022-KB5021233 (OS Builds 19042.2364, 19043.2364, 19044.2364, and 19045.2364)","http://support.microsoft.com/kb/5021233","No LDR Only available","No LDR Only available","No LDR Only available"," ","22-12Rollup"
"Wintrust.dll","Dom_CRYPTO","6.2.19041.2311","1","01-Dec-2022","GDR","5021233","December 13, 2022-KB5021233 (OS Builds 19042.2364, 19043.2364, 19044.2364, and 19045.2364)","http://support.microsoft.com/kb/5021233","No LDR Only available","No LDR Only available","No LDR Only available"," ","22-12Rollup"
"Cryptdll.dll","Dom_CRYPTO","6.2.19041.546","1","01-Dec-2022","GDR","5021233","December 13, 2022-KB5021233 (OS Builds 19042.2364, 19043.2364, 19044.2364, and 19045.2364)","http://support.microsoft.com/kb/5021233","No LDR Only available","No LDR Only available","No LDR Only available"," ","22-12Rollup"
"Cryptcatsvc.dll","Dom_CRYPTO","6.2.19041.508","1","01-Dec-2022","GDR","5021233","December 13, 2022-KB5021233 (OS Builds 19042.2364, 19043.2364, 19044.2364, and 19045.2364)","http://support.microsoft.com/kb/5021233","No LDR Only available","No LDR Only available","No LDR Only available"," ","22-12Rollup"
"5021233","Win201620H2_22-12_B_rollup_KB"," ","0","13-Dec-2022","GDR","5021233","December 13, 2022-KB5021233 (OS Builds 19042.2364, 19043.2364, 19044.2364, and 19045.2364)","http://support.microsoft.com/kb/5021233","No LDR Only available","No LDR Only available","No LDR Only available"," ","22-12Rollup"
