"Binary","Component","Version","Prio","Published","Branch","Article","Title","Link","LDROnlyKB","LDROnlyTitle","LDROnlyLink","Comment","RollupInfo"
"Ntoskrnl.exe","Core_Kernel","6.2.19041.1415","0","14-Dec-21","GDR","5008212","December 14, 2021-KB5008212 (OS Builds 19041.1415, 19042.1415, 19043.1415, and 19044.1415)","http://support.microsoft.com/kb/5008212","No LDR Only available","No LDR Only available","No LDR Only available"," ","21-12Rollup"
"Vssapi.dll","Core_VSS","6.2.19041.1320","1","7-Nov-2021","GDR","5008212","December 14, 2021-KB5008212 (OS Builds 19041.1415, 19042.1415, 19043.1415, and 19044.1415)","http://support.microsoft.com/kb/5008212","No LDR Only available","No LDR Only available","No LDR Only available"," ","21-12Rollup"
"Vsstrace.dll","Core_VSS","6.2.19041.546","1","7-Nov-2021","GDR","5008212","December 14, 2021-KB5008212 (OS Builds 19041.1415, 19042.1415, 19043.1415, and 19044.1415)","http://support.microsoft.com/kb/5008212","No LDR Only available","No LDR Only available","No LDR Only available"," ","21-12Rollup"
"Swprv.dll","Core_VSS","6.2.19041.1320","1","7-Nov-2021","GDR","5008212","December 14, 2021-KB5008212 (OS Builds 19041.1415, 19042.1415, 19043.1415, and 19044.1415)","http://support.microsoft.com/kb/5008212","No LDR Only available","No LDR Only available","No LDR Only available"," ","21-12Rollup"
"spp.dll","Core_VSS","6.2.19041.746","1","7-Nov-2021","GDR","5008212","December 14, 2021-KB5008212 (OS Builds 19041.1415, 19042.1415, 19043.1415, and 19044.1415)","http://support.microsoft.com/kb/5008212","No LDR Only available","No LDR Only available","No LDR Only available"," ","21-12Rollup"
"wbengine.exe","Core_VSS","6.2.19041.746","1","7-Nov-2021","GDR","5008212","December 14, 2021-KB5008212 (OS Builds 19041.1415, 19042.1415, 19043.1415, and 19044.1415)","http://support.microsoft.com/kb/5008212","No LDR Only available","No LDR Only available","No LDR Only available"," ","21-12Rollup"
"blbsrv.dll","Core_VSS","6.2.19041.746","1","7-Nov-2021","GDR","5008212","December 14, 2021-KB5008212 (OS Builds 19041.1415, 19042.1415, 19043.1415, and 19044.1415)","http://support.microsoft.com/kb/5008212","No LDR Only available","No LDR Only available","No LDR Only available"," ","21-12Rollup"
"Volsnap.sys","Cluster_Volsnap","6.2.19041.488","0","7-Nov-2021","GDR","5008212","December 14, 2021-KB5008212 (OS Builds 19041.1415, 19042.1415, 19043.1415, and 19044.1415)","http://support.microsoft.com/kb/5008212","No LDR Only available","No LDR Only available","No LDR Only available"," ","21-12Rollup"
"pci.sys","Core_Sys","6.2.19041.1387","1","22-Nov-21","GDR","5008212","December 14, 2021-KB5008212 (OS Builds 19041.1415, 19042.1415, 19043.1415, and 19044.1415)","http://support.microsoft.com/kb/5008212","No LDR Only available","No LDR Only available","No LDR Only available"," ","21-12Rollup"
"Volmgr.sys","Core_Sys","6.2.19041.928","1","7-Nov-2021","GDR","5008212","December 14, 2021-KB5008212 (OS Builds 19041.1415, 19042.1415, 19043.1415, and 19044.1415)","http://support.microsoft.com/kb/5008212","No LDR Only available","No LDR Only available","No LDR Only available"," ","21-12Rollup"
"Crypt32.dll","Dom_CRYPTO","6.2.19041.1320","1","7-Nov-2021","GDR","5008212","December 14, 2021-KB5008212 (OS Builds 19041.1415, 19042.1415, 19043.1415, and 19044.1415)","http://support.microsoft.com/kb/5008212","No LDR Only available","No LDR Only available","No LDR Only available"," ","21-12Rollup"
"Cryptnet.dll","Dom_CRYPTO","6.2.19041.906","1","7-Nov-2021","GDR","5008212","December 14, 2021-KB5008212 (OS Builds 19041.1415, 19042.1415, 19043.1415, and 19044.1415)","http://support.microsoft.com/kb/5008212","No LDR Only available","No LDR Only available","No LDR Only available"," ","21-12Rollup"
"Wintrust.dll","Dom_CRYPTO","6.2.19041.1266","1","7-Nov-2021","GDR","5008212","December 14, 2021-KB5008212 (OS Builds 19041.1415, 19042.1415, 19043.1415, and 19044.1415)","http://support.microsoft.com/kb/5008212","No LDR Only available","No LDR Only available","No LDR Only available"," ","21-12Rollup"
"Cryptdll.dll","Dom_CRYPTO","6.2.19041.546","1","7-Nov-2021","GDR","5008212","December 14, 2021-KB5008212 (OS Builds 19041.1415, 19042.1415, 19043.1415, and 19044.1415)","http://support.microsoft.com/kb/5008212","No LDR Only available","No LDR Only available","No LDR Only available"," ","21-12Rollup"
"Cryptcatsvc.dll","Dom_CRYPTO","6.2.19041.508","1","7-Nov-2021","GDR","5008212","December 14, 2021-KB5008212 (OS Builds 19041.1415, 19042.1415, 19043.1415, and 19044.1415)","http://support.microsoft.com/kb/5008212","No LDR Only available","No LDR Only available","No LDR Only available"," ","21-12Rollup"
"5007253","Win20162004_21-11_C_rollup_KB"," ","0","22-Nov-2021","GDR","5007253","November 22, 2021-KB5007253 (OS Builds 19041.1382, 19042.1382, 19043.1382, and 19044.1382) Preview","http://support.microsoft.com/kb/5007253","KB only","KB only","KB only"," ","21-11Rollup"
