"Binary","Component","Version","Prio","Published","Branch","Article","Title","Link","LDROnlyKB","LDROnlyTitle","LDROnlyLink","Comment","RollupInfo"
"Ntoskrnl.exe","Core_Kernel","6.2.22621.1555","0","27-Mar-2023","GDR","5025239","April 11, 2023-KB5025239 (OS Build 22621.1555)","http://support.microsoft.com/kb/5025239","No LDR Only available","No LDR Only available","No LDR Only available"," ","23-04Rollup"
"Ntkrnlpa.exe","Core_Kernel","6.2.22621.1","0","","RTM","5025239","","","","","","",""
"Crashdmp.sys","Core_Kernel","6.2.22621.608","0","28-Mar-2023","GDR","5025239","April 11, 2023-KB5025239 (OS Build 22621.1555)","http://support.microsoft.com/kb/5025239","No LDR Only available","No LDR Only available","No LDR Only available"," ","23-04Rollup"
"Ntfs.sys","Core_FileSystem","6.2.22621.1485","0","28-Mar-2023","GDR","5025239","April 11, 2023-KB5025239 (OS Build 22621.1555)","http://support.microsoft.com/kb/5025239","No LDR Only available","No LDR Only available","No LDR Only available"," ","23-04Rollup"
"dedup.sys","Core_FileSystem","6.2.22621.1","0","","RTM","5025239","","","","","","",""
"Robocopy.exe","Net_Applications","6.2.22621.1344","1","28-Mar-2023","GDR","5025239","April 11, 2023-KB5025239 (OS Build 22621.1555)","http://support.microsoft.com/kb/5025239","No LDR Only available","No LDR Only available","No LDR Only available"," ","23-04Rollup"
"srv.sys","Net_SMB_Server","6.2.22621.1","0","","RTM","5025239","","","","","","",""
"srv2.sys","Net_SMB_Server","6.2.22621.1194","0","28-Mar-2023","GDR","5025239","April 11, 2023-KB5025239 (OS Build 22621.1555)","http://support.microsoft.com/kb/5025239","No LDR Only available","No LDR Only available","No LDR Only available"," ","23-04Rollup"
"srvnet.sys","Net_SMB_Server","6.2.22621.1485","0","14-Mar-2023","GDR","5023778","March 28, 2023-KB5023778 (OS Build 22621.1485) Preview","http://support.microsoft.com/kb/5023778","No LDR Only available","No LDR Only available","No LDR Only available","rEX","23-03Rollup"
"Srvsvc.dll","Net_SMB_Server","6.2.22621.674","0","28-Mar-2023","GDR","5025239","April 11, 2023-KB5025239 (OS Build 22621.1555)","http://support.microsoft.com/kb/5025239","No LDR Only available","No LDR Only available","No LDR Only available"," ","23-04Rollup"
"Mrxsmb.sys","Net_SMB_Client","6.2.22621.1485","0","28-Mar-2023","GDR","5025239","April 11, 2023-KB5025239 (OS Build 22621.1555)","http://support.microsoft.com/kb/5025239","No LDR Only available","No LDR Only available","No LDR Only available"," ","23-04Rollup"
"Mrxsmb10.sys","Net_SMB_Client","6.2.22621.900","0","28-Mar-2023","GDR","5025239","April 11, 2023-KB5025239 (OS Build 22621.1555)","http://support.microsoft.com/kb/5025239","No LDR Only available","No LDR Only available","No LDR Only available"," ","23-04Rollup"
"Mrxsmb20.sys","Net_SMB_Client","6.2.22621.1485","0","28-Mar-2023","GDR","5025239","April 11, 2023-KB5025239 (OS Build 22621.1555)","http://support.microsoft.com/kb/5025239","No LDR Only available","No LDR Only available","No LDR Only available"," ","23-04Rollup"
"Rdbss.sys","Net_SMB_Client","6.2.22621.608","0","28-Mar-2023","GDR","5025239","April 11, 2023-KB5025239 (OS Build 22621.1555)","http://support.microsoft.com/kb/5025239","No LDR Only available","No LDR Only available","No LDR Only available"," ","23-04Rollup"
"Netbt.sys","Net_SMB_Client","6.2.22621.608","0","28-Mar-2023","GDR","5025239","April 11, 2023-KB5025239 (OS Build 22621.1555)","http://support.microsoft.com/kb/5025239","No LDR Only available","No LDR Only available","No LDR Only available"," ","23-04Rollup"
"Mup.sys","Net_SMB_Client","6.2.22621.608","0","28-Mar-2023","GDR","5025239","April 11, 2023-KB5025239 (OS Build 22621.1555)","http://support.microsoft.com/kb/5025239","No LDR Only available","No LDR Only available","No LDR Only available"," ","23-04Rollup"
"wkssvc.dll","Net_SMB_Client","6.2.22621.1194","0","28-Mar-2023","GDR","5025239","April 11, 2023-KB5025239 (OS Build 22621.1555)","http://support.microsoft.com/kb/5025239","No LDR Only available","No LDR Only available","No LDR Only available"," ","23-04Rollup"
"Mpr.dll","Net_SMB_Client","6.2.22621.1","0","","RTM","5025239","","","","","","",""
"NtLanman.dll","Net_SMB_Client","6.2.22621.674","0","28-Mar-2023","GDR","5025239","April 11, 2023-KB5025239 (OS Build 22621.1555)","http://support.microsoft.com/kb/5025239","No LDR Only available","No LDR Only available","No LDR Only available"," ","23-04Rollup"
"Tcpip.sys","Net_Protocol","6.2.22621.1485","0","14-Mar-2023","GDR","5023778","March 28, 2023-KB5023778 (OS Build 22621.1485) Preview","http://support.microsoft.com/kb/5023778","No LDR Only available","No LDR Only available","No LDR Only available","rEX","23-03Rollup"
"Afd.sys","Net_Protocol","6.2.22621.1555","0","27-Mar-2023","GDR","5025239","April 11, 2023-KB5025239 (OS Build 22621.1555)","http://support.microsoft.com/kb/5025239","No LDR Only available","No LDR Only available","No LDR Only available"," ","23-04Rollup"
"Netio.sys","Net_Protocol","6.2.22621.1344","0","28-Mar-2023","GDR","5025239","April 11, 2023-KB5025239 (OS Build 22621.1555)","http://support.microsoft.com/kb/5025239","No LDR Only available","No LDR Only available","No LDR Only available"," ","23-04Rollup"
"Ndis.sys","Net_Protocol","6.2.22621.1194","0","14-Feb-2023","GDR","5023778","March 28, 2023-KB5023778 (OS Build 22621.1485) Preview","http://support.microsoft.com/kb/5023778","No LDR Only available","No LDR Only available","No LDR Only available","rEX","23-03Rollup"
"Netiohlp.dll","Net_Protocol","6.2.22621.674","0","28-Mar-2023","GDR","5025239","April 11, 2023-KB5025239 (OS Build 22621.1555)","http://support.microsoft.com/kb/5025239","No LDR Only available","No LDR Only available","No LDR Only available"," ","23-04Rollup"
"Tdx.sys","Net_Protocol","6.2.22621.608","0","28-Mar-2023","GDR","5025239","April 11, 2023-KB5025239 (OS Build 22621.1555)","http://support.microsoft.com/kb/5025239","No LDR Only available","No LDR Only available","No LDR Only available"," ","23-04Rollup"
"Iphlpapi.dll","Net_Protocol","6.2.22621.1","0","","RTM","5025239","","","","","","",""
"Tunnel.sys","Net_IPv6","6.2.22621.674","1","28-Mar-2023","GDR","5025239","April 11, 2023-KB5025239 (OS Build 22621.1555)","http://support.microsoft.com/kb/5025239","No LDR Only available","No LDR Only available","No LDR Only available"," ","23-04Rollup"
"Dhcpcore6.dll","Net_IPv6","6.2.22621.1344","1","28-Mar-2023","GDR","5025239","April 11, 2023-KB5025239 (OS Build 22621.1555)","http://support.microsoft.com/kb/5025239","No LDR Only available","No LDR Only available","No LDR Only available"," ","23-04Rollup"
"Dhcpcsvc6.dll","Net_IPv6","6.2.22621.1344","1","28-Mar-2023","GDR","5025239","April 11, 2023-KB5025239 (OS Build 22621.1555)","http://support.microsoft.com/kb/5025239","No LDR Only available","No LDR Only available","No LDR Only available"," ","23-04Rollup"
"Nlasvc.dll","Net_NLA","6.2.22621.1","0","","RTM","5025239","","","","","","",""
"Ncsi.dll","Net_NLA","6.2.22621.1344","0","28-Mar-2023","GDR","5025239","April 11, 2023-KB5025239 (OS Build 22621.1555)","http://support.microsoft.com/kb/5025239","No LDR Only available","No LDR Only available","No LDR Only available"," ","23-04Rollup"
"Nlaapi.dll","Net_NLA","6.2.22621.755","0","28-Mar-2023","GDR","5025239","April 11, 2023-KB5025239 (OS Build 22621.1555)","http://support.microsoft.com/kb/5025239","No LDR Only available","No LDR Only available","No LDR Only available"," ","23-04Rollup"
"Msv1_0.dll","Dom_NTLM","6.2.22621.1105","1","10-Jan-2023","GDR","5023778","March 28, 2023-KB5023778 (OS Build 22621.1485) Preview","http://support.microsoft.com/kb/5023778","No LDR Only available","No LDR Only available","No LDR Only available","rEX","23-03Rollup"
"Dns.exe","Net_DNS_Srv","6.2.22621.1","0","","RTM","5025239","","","","","","",""
"Dhcpssvc.dll","Net_DHCP_Srv","6.2.22621.1","0","","RTM","5025239","","","","","","",""
"Dfssvc.exe","Net_DFS-N_Srv","6.2.22621.1","0","","RTM","5025239","","","","","","",""
"Nfssvc.exe","Net_NFS_Srv","6.2.22621.608","0","28-Mar-2023","GDR","5025239","April 11, 2023-KB5025239 (OS Build 22621.1555)","http://support.microsoft.com/kb/5025239","No LDR Only available","No LDR Only available","No LDR Only available"," ","23-04Rollup"
"Nfssvr.sys","Net_NFS_Srv","6.2.22621.608","0","28-Mar-2023","GDR","5025239","April 11, 2023-KB5025239 (OS Build 22621.1555)","http://support.microsoft.com/kb/5025239","No LDR Only available","No LDR Only available","No LDR Only available"," ","23-04Rollup"
"Msnfsflt.sys","Net_NFS_Srv","6.2.22621.608","0","28-Mar-2023","GDR","5025239","April 11, 2023-KB5025239 (OS Build 22621.1555)","http://support.microsoft.com/kb/5025239","No LDR Only available","No LDR Only available","No LDR Only available"," ","23-04Rollup"
"portmap.sys","Net_NFS_Srv","6.2.22621.608","0","28-Mar-2023","GDR","5025239","April 11, 2023-KB5025239 (OS Build 22621.1555)","http://support.microsoft.com/kb/5025239","No LDR Only available","No LDR Only available","No LDR Only available"," ","23-04Rollup"
"rpcxdr.sys","Net_NFS_Srv","6.2.22621.608","0","28-Mar-2023","GDR","5025239","April 11, 2023-KB5025239 (OS Build 22621.1555)","http://support.microsoft.com/kb/5025239","No LDR Only available","No LDR Only available","No LDR Only available"," ","23-04Rollup"
"Nlb.sys","Net_NLB_Srv","6.2.22621.1","0","","RTM","5025239","","","","","","",""
"Csc.sys","Net_CSC_Offline","6.2.22621.1","1","","RTM","5025239","","","","","","",""
"Cscapi.dll","Net_CSC_Offline","6.2.22621.1","1","","RTM","5025239","","","","","","",""
"Cscdll.dll","Net_CSC_Offline","6.2.22621.1","1","","RTM","5025239","","","","","","",""
"Cscsvc.dll","Net_CSC_Offline","6.2.22621.1","1","","RTM","5025239","","","","","","",""
"Cscmig.dll","Net_CSC_Offline","6.2.22621.1","1","","RTM","5025239","","","","","","",""
"Cscui.dll","Net_CSC_Offline","6.2.22621.608","1","28-Mar-2023","GDR","5025239","April 11, 2023-KB5025239 (OS Build 22621.1555)","http://support.microsoft.com/kb/5025239","No LDR Only available","No LDR Only available","No LDR Only available"," ","23-04Rollup"
"Mrxdav.sys","Net_WebDAV","6.2.22621.1","1","","RTM","5025239","","","","","","",""
"Webclnt.dll","Net_WebDAV","6.2.22621.674","1","28-Mar-2023","GDR","5025239","April 11, 2023-KB5025239 (OS Build 22621.1555)","http://support.microsoft.com/kb/5025239","No LDR Only available","No LDR Only available","No LDR Only available"," ","23-04Rollup"
"Davclnt.dll","Net_WebDAV","6.2.22621.1","1","","RTM","5025239","","","","","","",""
"Shell32.dll","Net_WebDAV","6.2.22621.1555","1","28-Mar-2023","GDR","5025239","April 11, 2023-KB5025239 (OS Build 22621.1555)","http://support.microsoft.com/kb/5025239","No LDR Only available","No LDR Only available","No LDR Only available"," ","23-04Rollup"
"Winhttp.dll","Net_WebDAV","6.2.22621.1485","1","28-Mar-2023","GDR","5025239","April 11, 2023-KB5025239 (OS Build 22621.1555)","http://support.microsoft.com/kb/5025239","No LDR Only available","No LDR Only available","No LDR Only available"," ","23-04Rollup"
"Dfsc.sys","Net_DFS-N_Client","6.2.22621.1265","0","28-Mar-2023","GDR","5025239","April 11, 2023-KB5025239 (OS Build 22621.1555)","http://support.microsoft.com/kb/5025239","No LDR Only available","No LDR Only available","No LDR Only available"," ","23-04Rollup"
"Dhcpcore.dll","Net_DHCP_Client","6.2.22621.1344","1","28-Mar-2023","GDR","5025239","April 11, 2023-KB5025239 (OS Build 22621.1555)","http://support.microsoft.com/kb/5025239","No LDR Only available","No LDR Only available","No LDR Only available"," ","23-04Rollup"
"Dhcpcsvc.dll","Net_DHCP_Client","6.2.22621.1344","1","28-Mar-2023","GDR","5025239","April 11, 2023-KB5025239 (OS Build 22621.1555)","http://support.microsoft.com/kb/5025239","No LDR Only available","No LDR Only available","No LDR Only available"," ","23-04Rollup"
"Gpprefcl.dll","Dom_GPP","6.2.22621.1485","1","28-Mar-2023","GDR","5025239","April 11, 2023-KB5025239 (OS Build 22621.1555)","http://support.microsoft.com/kb/5025239","No LDR Only available","No LDR Only available","No LDR Only available"," ","23-04Rollup"
"Gpme.dll","Dom_GPP","6.2.22621.1485","1","28-Mar-2023","GDR","5025239","April 11, 2023-KB5025239 (OS Build 22621.1555)","http://support.microsoft.com/kb/5025239","No LDR Only available","No LDR Only available","No LDR Only available"," ","23-04Rollup"
"Gppref.dll","Dom_GPP","6.2.22621.963","1","10-Jan-2023","GDR","5023778","March 28, 2023-KB5023778 (OS Build 22621.1485) Preview","http://support.microsoft.com/kb/5023778","No LDR Only available","No LDR Only available","No LDR Only available","rEX","23-03Rollup"
"Gpprefbr.dll","Dom_GPP","6.2.22621.1485","1","28-Mar-2023","GDR","5025239","April 11, 2023-KB5025239 (OS Build 22621.1555)","http://support.microsoft.com/kb/5025239","No LDR Only available","No LDR Only available","No LDR Only available"," ","23-04Rollup"
"Gpprefcn.dll","Dom_GPP","6.2.22621.1485","1","28-Mar-2023","GDR","5025239","April 11, 2023-KB5025239 (OS Build 22621.1555)","http://support.microsoft.com/kb/5025239","No LDR Only available","No LDR Only available","No LDR Only available"," ","23-04Rollup"
"Gpregistrybrowser.dll","Dom_GPP","6.2.22621.1485","1","28-Mar-2023","GDR","5025239","April 11, 2023-KB5025239 (OS Build 22621.1555)","http://support.microsoft.com/kb/5025239","No LDR Only available","No LDR Only available","No LDR Only available"," ","23-04Rollup"
"Propshts.dll","Dom_GPP","6.2.22621.1485","1","28-Mar-2023","GDR","5025239","April 11, 2023-KB5025239 (OS Build 22621.1555)","http://support.microsoft.com/kb/5025239","No LDR Only available","No LDR Only available","No LDR Only available"," ","23-04Rollup"
"Profprov.dll","Dom_ProfProc","6.2.22621.1","1","","RTM","5025239","","","","","","",""
"Profsvc.dll","Dom_ProfProc","6.2.22621.1485","1","28-Mar-2023","GDR","5025239","April 11, 2023-KB5025239 (OS Build 22621.1555)","http://support.microsoft.com/kb/5025239","No LDR Only available","No LDR Only available","No LDR Only available"," ","23-04Rollup"
"Kerberos.dll","Dom_KERBEROS","6.2.22621.1555","0","27-Mar-2023","GDR","5025239","April 11, 2023-KB5025239 (OS Build 22621.1555)","http://support.microsoft.com/kb/5025239","No LDR Only available","No LDR Only available","No LDR Only available"," ","23-04Rollup"
"Nfsclnt.exe","Net_NFS_Client","6.2.22621.608","1","28-Mar-2023","GDR","5025239","April 11, 2023-KB5025239 (OS Build 22621.1555)","http://support.microsoft.com/kb/5025239","No LDR Only available","No LDR Only available","No LDR Only available"," ","23-04Rollup"
"Nfsnp.dll","Net_NFS_Client","6.2.22621.1","1","","RTM","5025239","","","","","","",""
"Nfsrdr.sys","Net_NFS_Client","6.2.22621.608","1","28-Mar-2023","GDR","5025239","April 11, 2023-KB5025239 (OS Build 22621.1555)","http://support.microsoft.com/kb/5025239","No LDR Only available","No LDR Only available","No LDR Only available"," ","23-04Rollup"
"Psxdll.dll","Net_Posix","6.2.22621.1","1","","RTM","5025239","","","","","","",""
"Psxdllsvr.dll","Net_Posix","6.2.22621.1","1","","RTM","5025239","","","","","","",""
"Psxss.exe","Net_Posix","6.2.22621.1","1","","RTM","5025239","","","","","","",""
"Posix.exe","Net_Posix","6.2.22621.1","1","","RTM","5025239","","","","","","",""
"dnsapi.dll","Net_DNS_Client","6.2.22621.1485","1","28-Mar-2023","GDR","5025239","April 11, 2023-KB5025239 (OS Build 22621.1555)","http://support.microsoft.com/kb/5025239","No LDR Only available","No LDR Only available","No LDR Only available"," ","23-04Rollup"
"dnsrslvr.dll","Net_DNS_Client","6.2.22621.1485","1","28-Mar-2023","GDR","5025239","April 11, 2023-KB5025239 (OS Build 22621.1555)","http://support.microsoft.com/kb/5025239","No LDR Only available","No LDR Only available","No LDR Only available"," ","23-04Rollup"
"Dnscacheugc.exe","Net_DNS_Client","6.2.22621.1","1","","RTM","5025239","","","","","","",""
"Rpcss.dll","Net_RPC","6.2.22621.1485","1","28-Mar-2023","GDR","5025239","April 11, 2023-KB5025239 (OS Build 22621.1555)","http://support.microsoft.com/kb/5025239","No LDR Only available","No LDR Only available","No LDR Only available"," ","23-04Rollup"
"Rpchttp.dll","Net_RPC","6.2.22621.1413","1","28-Mar-2023","GDR","5025239","April 11, 2023-KB5025239 (OS Build 22621.1555)","http://support.microsoft.com/kb/5025239","No LDR Only available","No LDR Only available","No LDR Only available"," ","23-04Rollup"
"Rpcrt4.dll","Net_RPC","6.2.22621.1555","1","27-Mar-2023","GDR","5025239","April 11, 2023-KB5025239 (OS Build 22621.1555)","http://support.microsoft.com/kb/5025239","No LDR Only available","No LDR Only available","No LDR Only available"," ","23-04Rollup"
"Bfe.dll","Net_Ipsec_BFE","6.2.22621.1105","1","28-Mar-2023","GDR","5025239","April 11, 2023-KB5025239 (OS Build 22621.1555)","http://support.microsoft.com/kb/5025239","No LDR Only available","No LDR Only available","No LDR Only available"," ","23-04Rollup"
"Ikeext.dll","Net_Ipsec_BFE","6.2.22621.1105","1","28-Mar-2023","GDR","5025239","April 11, 2023-KB5025239 (OS Build 22621.1555)","http://support.microsoft.com/kb/5025239","No LDR Only available","No LDR Only available","No LDR Only available"," ","23-04Rollup"
"Fwpuclnt.dll","Net_Ipsec_BFE","6.2.22621.1105","1","10-Jan-2023","GDR","5023778","March 28, 2023-KB5023778 (OS Build 22621.1485) Preview","http://support.microsoft.com/kb/5023778","No LDR Only available","No LDR Only available","No LDR Only available","rEX","23-03Rollup"
"Iphlpsvc.dll","Net_DirectAccess_Client","6.2.22621.1485","1","28-Mar-2023","GDR","5025239","April 11, 2023-KB5025239 (OS Build 22621.1555)","http://support.microsoft.com/kb/5025239","No LDR Only available","No LDR Only available","No LDR Only available"," ","23-04Rollup"
"Iphlpsvcmigplugin.dll","Net_DirectAccess_Client","6.2.22621.1","1","","RTM","5025239","","","","","","",""
"Netcorehc.dll","Net_DirectAccess_Client","6.2.22621.1","1","","RTM","5025239","","","","","","",""
"Daotpcredentialprovider.dll","Net_DirectAccess_Client","6.2.22621.1","1","","RTM","5025239","","","","","","",""
"Rdpcore.dll","Net_DirectAccess_Client","6.2.22621.1","1","","RTM","5025239","","","","","","",""
"Damgmt.dll","Net_DirectAccess_Srv","6.2.22621.1","1","","RTM","5025239","","","","","","",""
"Ramgmtui.exe","Net_DirectAccess_Srv","6.2.22621.1","1","","RTM","5025239","","","","","","",""
"Ramgmtsvc.dll","Net_DirectAccess_Srv","6.2.22621.1","1","","RTM","5025239","","","","","","",""
"Rasclusterres.dll","Net_DirectAccess_Srv","6.2.22621.1","1","","RTM","5025239","","","","","","",""
"Raserverpsprovider.dll","Net_DirectAccess_Srv","6.2.22621.1","1","","RTM","5025239","","","","","","",""
"dot3svc.dll","Net_IEEE802.1x","6.2.22621.608","1","28-Mar-2023","GDR","5025239","April 11, 2023-KB5025239 (OS Build 22621.1555)","http://support.microsoft.com/kb/5025239","No LDR Only available","No LDR Only available","No LDR Only available"," ","23-04Rollup"
"Rastls.dll","Net_IEEE802.1x","6.2.22621.1485","1","28-Mar-2023","GDR","5025239","April 11, 2023-KB5025239 (OS Build 22621.1555)","http://support.microsoft.com/kb/5025239","No LDR Only available","No LDR Only available","No LDR Only available"," ","23-04Rollup"
"wlansvc.dll","Net_WLAN_Client","6.2.22621.900","1","28-Mar-2023","GDR","5025239","April 11, 2023-KB5025239 (OS Build 22621.1555)","http://support.microsoft.com/kb/5025239","No LDR Only available","No LDR Only available","No LDR Only available"," ","23-04Rollup"
"wlanmsm.dll","Net_WLAN_Client","6.2.22621.900","1","28-Mar-2023","GDR","5025239","April 11, 2023-KB5025239 (OS Build 22621.1555)","http://support.microsoft.com/kb/5025239","No LDR Only available","No LDR Only available","No LDR Only available"," ","23-04Rollup"
"wlanapi.dll","Net_WLAN_Client","6.2.22621.900","1","13-Dec-2022","GDR","5023778","March 28, 2023-KB5023778 (OS Build 22621.1485) Preview","http://support.microsoft.com/kb/5023778","No LDR Only available","No LDR Only available","No LDR Only available","rEX","23-03Rollup"
"wlansec.dll","Net_WLAN_Client","6.2.22621.900","1","28-Mar-2023","GDR","5025239","April 11, 2023-KB5025239 (OS Build 22621.1555)","http://support.microsoft.com/kb/5025239","No LDR Only available","No LDR Only available","No LDR Only available"," ","23-04Rollup"
"wlansvcpal.dll","Net_WLAN_Client","6.2.22621.900","1","28-Mar-2023","GDR","5025239","April 11, 2023-KB5025239 (OS Build 22621.1555)","http://support.microsoft.com/kb/5025239","No LDR Only available","No LDR Only available","No LDR Only available"," ","23-04Rollup"
"wlanhlp.dll","Net_WLAN_Client","6.2.22621.900","1","13-Dec-2022","GDR","5023778","March 28, 2023-KB5023778 (OS Build 22621.1485) Preview","http://support.microsoft.com/kb/5023778","No LDR Only available","No LDR Only available","No LDR Only available","rEX","23-03Rollup"
"Netcfgx.dll","Net_Config","6.2.22621.1","1","","RTM","5025239","","","","","","",""
"Rasapi32.dll","HNV_Net","6.2.22621.608","1","28-Mar-2023","GDR","5025239","April 11, 2023-KB5025239 (OS Build 22621.1555)","http://support.microsoft.com/kb/5025239","No LDR Only available","No LDR Only available","No LDR Only available"," ","23-04Rollup"
"Mprapi.dll","HNV_Net","6.2.22621.1","1","","RTM","5025239","","","","","","",""
"WebIo.dll","Net_BranchCache","6.2.22621.1485","1","28-Mar-2023","GDR","5025239","April 11, 2023-KB5025239 (OS Build 22621.1555)","http://support.microsoft.com/kb/5025239","No LDR Only available","No LDR Only available","No LDR Only available"," ","23-04Rollup"
"Smbhash.exe","Net_BranchCache","6.2.22621.1","1","","RTM","5025239","","","","","","",""
"Pacer.sys","Net_QoS","6.2.22621.608","1","28-Mar-2023","GDR","5025239","April 11, 2023-KB5025239 (OS Build 22621.1555)","http://support.microsoft.com/kb/5025239","No LDR Only available","No LDR Only available","No LDR Only available"," ","23-04Rollup"
"Mpsdrv.sys","Net_Firewall","6.2.22621.608","1","28-Mar-2023","GDR","5025239","April 11, 2023-KB5025239 (OS Build 22621.1555)","http://support.microsoft.com/kb/5025239","No LDR Only available","No LDR Only available","No LDR Only available"," ","23-04Rollup"
"MpsSvc.dll","Net_Firewall","6.2.22621.1194","1","28-Mar-2023","GDR","5025239","April 11, 2023-KB5025239 (OS Build 22621.1555)","http://support.microsoft.com/kb/5025239","No LDR Only available","No LDR Only available","No LDR Only available"," ","23-04Rollup"
"qmgr.dll","Net_BiTS","7.8.22621.1","1","30-Sep-2022","GDR","5023778","March 28, 2023-KB5023778 (OS Build 22621.1485) Preview","http://support.microsoft.com/kb/5023778","No LDR Only available","No LDR Only available","No LDR Only available","rEX","23-03Rollup"
"rasmans.dll","Net_VPN","6.2.22621.1194","1","28-Mar-2023","GDR","5025239","April 11, 2023-KB5025239 (OS Build 22621.1555)","http://support.microsoft.com/kb/5025239","No LDR Only available","No LDR Only available","No LDR Only available"," ","23-04Rollup"
"Vmswitch.sys","Hyper-V_Net","6.2.22621.1555","1","27-Mar-2023","GDR","5025239","April 11, 2023-KB5025239 (OS Build 22621.1555)","http://support.microsoft.com/kb/5025239","No LDR Only available","No LDR Only available","No LDR Only available"," ","23-04Rollup"
"Mslbfoprovider.sys","Hyper-V_Net","6.2.22621.1","1","","RTM","5025239","","","","","","",""
"Wnv.sys","Hyper-V_Net","6.2.22621.1","1","","RTM","5025239","","","","","","",""
"Vmsntfy.dll","Hyper-V_Net","6.2.22621.1","1","","RTM","5025239","","","","","","",""
"Ndisimplatform.sys","Hyper-V_Net","6.2.22621.608","1","28-Mar-2023","GDR","5025239","April 11, 2023-KB5025239 (OS Build 22621.1555)","http://support.microsoft.com/kb/5025239","No LDR Only available","No LDR Only available","No LDR Only available"," ","23-04Rollup"
"Vmms.exe","Hyper-V_Net","6.2.22621.1413","1","28-Mar-2023","GDR","5025239","April 11, 2023-KB5025239 (OS Build 22621.1555)","http://support.microsoft.com/kb/5025239","No LDR Only available","No LDR Only available","No LDR Only available"," ","23-04Rollup"
"Winnat.sys","Hyper-V_Net","6.2.22621.1194","1","28-Mar-2023","GDR","5025239","April 11, 2023-KB5025239 (OS Build 22621.1555)","http://support.microsoft.com/kb/5025239","No LDR Only available","No LDR Only available","No LDR Only available"," ","23-04Rollup"
"pvhdparser.sys","Hyper-V_Net","6.2.22621.1","1","","RTM","5025239","","","","","","",""
"Wmisvc.dll","Hyper-V_Net","6.2.22621.1","1","","RTM","5025239","","","","","","",""
"Vmbus.sys","Hyper-V_Net","6.2.22621.1344","1","14-Mar-2023","GDR","5023778","March 28, 2023-KB5023778 (OS Build 22621.1485) Preview","http://support.microsoft.com/kb/5023778","No LDR Only available","No LDR Only available","No LDR Only available","rEX","23-03Rollup"
"WorkFolders.exe","Net_WorkFolders","6.2.22621.608","1","28-Mar-2023","GDR","5025239","April 11, 2023-KB5025239 (OS Build 22621.1555)","http://support.microsoft.com/kb/5025239","No LDR Only available","No LDR Only available","No LDR Only available"," ","23-04Rollup"
"WorkFoldersshell.dll","Net_WorkFolders","6.2.22621.608","1","28-Mar-2023","GDR","5025239","April 11, 2023-KB5025239 (OS Build 22621.1555)","http://support.microsoft.com/kb/5025239","No LDR Only available","No LDR Only available","No LDR Only available"," ","23-04Rollup"
"WorkFolderssvc.dll","Net_WorkFolders","6.2.22621.1344","1","28-Mar-2023","GDR","5025239","April 11, 2023-KB5025239 (OS Build 22621.1555)","http://support.microsoft.com/kb/5025239","No LDR Only available","No LDR Only available","No LDR Only available"," ","23-04Rollup"
"WorkFolderscontrol.dll","Net_WorkFolders","6.2.22621.608","1","28-Mar-2023","GDR","5025239","April 11, 2023-KB5025239 (OS Build 22621.1555)","http://support.microsoft.com/kb/5025239","No LDR Only available","No LDR Only available","No LDR Only available"," ","23-04Rollup"
"WorkFoldersGPExt.dll","Net_WorkFolders","6.2.22621.1","1","","RTM","5025239","","","","","","",""
"Syncsharesvc.dll","Net_WorkFolders","6.2.22621.1","1","","RTM","5025239","","","","","","",""
"Syncsharesrv.dll","Net_WorkFolders","6.2.22621.755","1","28-Mar-2023","GDR","5025239","April 11, 2023-KB5025239 (OS Build 22621.1555)","http://support.microsoft.com/kb/5025239","No LDR Only available","No LDR Only available","No LDR Only available"," ","23-04Rollup"
"Syncsharettlib.dll","Net_WorkFolders","6.2.22621.1","1","","RTM","5025239","","","","","","",""
"Syncsharettsvc.exe","Net_WorkFolders","6.2.22621.1","1","","RTM","5025239","","","","","","",""
"5025239","Win1122H2_23-04_B_rollup_KB"," ","0","11-Apr-2023","GDR","5025239","April 11, 2023-KB5025239 (OS Build 22621.1555)","http://support.microsoft.com/kb/5025239","No LDR Only available","No LDR Only available","No LDR Only available"," ","23-04Rollup"
