"Binary","Component","Version","Prio","Published","Branch","Article","Title","Link","LDROnlyKB","LDROnlyTitle","LDROnlyLink","Comment","RollupInfo"
"Localspl.dll","Print_Spool","6.2.18362.1977","0","7-Dec-2021","GDR","5008206","December 14, 2021-KB5008206 (OS Build 18363.1977)","http://support.microsoft.com/kb/5008206","No LDR Only available","No LDR Only available","No LDR Only available"," ","21-12Rollup"
"Win32spl.dll","Print_Spool","6.2.18362.1977","0","7-Dec-2021","GDR","5008206","December 14, 2021-KB5008206 (OS Build 18363.1977)","http://support.microsoft.com/kb/5008206","No LDR Only available","No LDR Only available","No LDR Only available"," ","21-12Rollup"
"Spoolss.dll","Print_Spool","6.2.18362.1854","0","21-Sep-21","GDR","5008206","December 14, 2021-KB5008206 (OS Build 18363.1977)","http://support.microsoft.com/kb/5008206","No LDR Only available","No LDR Only available","No LDR Only available"," ","21-12Rollup"
"Spoolsv.exe","Print_Spool","6.2.18362.1854","0","21-Sep-21","GDR","5008206","December 14, 2021-KB5008206 (OS Build 18363.1977)","http://support.microsoft.com/kb/5008206","No LDR Only available","No LDR Only available","No LDR Only available"," ","21-12Rollup"
"Winspool.drv","Print_Spool","6.2.18362.1854","0","21-Sep-21","GDR","5008206","December 14, 2021-KB5008206 (OS Build 18363.1977)","http://support.microsoft.com/kb/5008206","No LDR Only available","No LDR Only available","No LDR Only available"," ","21-12Rollup"
"Ntprint.exe","Print_App","6.2.18362.1854","0","21-Sep-21","GDR","5008206","December 14, 2021-KB5008206 (OS Build 18363.1977)","http://support.microsoft.com/kb/5008206","No LDR Only available","No LDR Only available","No LDR Only available"," ","21-12Rollup"
"Printui.dll","Print_App","6.2.18362.1801","0","21-Sep-21","GDR","5008206","December 14, 2021-KB5008206 (OS Build 18363.1977)","http://support.microsoft.com/kb/5008206","No LDR Only available","No LDR Only available","No LDR Only available"," ","21-12Rollup"
"Printfilterpipelineprxy.dll","Print_App","6.2.18362.1440","0","7-Dec-2021","GDR","5008206","December 14, 2021-KB5008206 (OS Build 18363.1977)","http://support.microsoft.com/kb/5008206","No LDR Only available","No LDR Only available","No LDR Only available"," ","21-12Rollup"
"Printfilterpipelinesvc.exe","Print_App","6.2.18362.1440","0","7-Dec-2021","GDR","5008206","December 14, 2021-KB5008206 (OS Build 18363.1977)","http://support.microsoft.com/kb/5008206","No LDR Only available","No LDR Only available","No LDR Only available"," ","21-12Rollup"
"Printbrm.exe","Print_App","6.2.18362.1016","0","7-Dec-2021","GDR","5008206","December 14, 2021-KB5008206 (OS Build 18363.1977)","http://support.microsoft.com/kb/5008206","No LDR Only available","No LDR Only available","No LDR Only available"," ","21-12Rollup"
"splwow64.exe","Print_App","6.2.18362.1977","0","7-Dec-2021","GDR","5008206","December 14, 2021-KB5008206 (OS Build 18363.1977)","http://support.microsoft.com/kb/5008206","No LDR Only available","No LDR Only available","No LDR Only available"," ","21-12Rollup"
"5004748","Win2016_1909_21-07_SSU_KB"," ","0","15-Jun-2021","GDR","5004748","KB5004748: Servicing stack update for Windows 10, version 1909: July 13, 2021","http://support.microsoft.com/kb/5004748","KB only","KB only","KB Only"," ","No Rollup"
"5008206","Win201619H2_21-12_B_rollup_KB"," ","0","14-Dec-2021","GDR","5008206","December 14, 2021-KB5008206 (OS Build 18363.1977)","http://support.microsoft.com/kb/5008206","KB only","KB only","KB only"," ","21-12Rollup"
