"Binary","Component","Version","Prio","Published","Branch","Article","Title","Link","LDROnlyKB","LDROnlyTitle","LDROnlyLink","Comment","RollupInfo"
"Ntoskrnl.exe","Core_Kernel","6.2.19041.2486","0","10-Jan-2023","GDR","5022834","February 14, 2023-KB5022834 (OS Builds 19042.2604, 19044.2604, and 19045.2604)","http://support.microsoft.com/kb/5022834","No LDR Only available","No LDR Only available","No LDR Only available","rEX","23-02Rollup"
"Ntkrnlpa.exe","Core_Kernel","6.2.19045.1","0","","RTM","5022834","","","","","","",""
"Crashdmp.sys","Core_Kernel","6.2.19041.1949","0","31-Jan-2023","GDR","5022834","February 14, 2023-KB5022834 (OS Builds 19042.2604, 19044.2604, and 19045.2604)","http://support.microsoft.com/kb/5022834","No LDR Only available","No LDR Only available","No LDR Only available"," ","23-02Rollup"
"Vssapi.dll","Core_VSS","6.2.19041.1320","1","31-Jan-2023","GDR","5022834","February 14, 2023-KB5022834 (OS Builds 19042.2604, 19044.2604, and 19045.2604)","http://support.microsoft.com/kb/5022834","No LDR Only available","No LDR Only available","No LDR Only available"," ","23-02Rollup"
"Vsstrace.dll","Core_VSS","6.2.19041.546","1","31-Jan-2023","GDR","5022834","February 14, 2023-KB5022834 (OS Builds 19042.2604, 19044.2604, and 19045.2604)","http://support.microsoft.com/kb/5022834","No LDR Only available","No LDR Only available","No LDR Only available"," ","23-02Rollup"
"vsssvc.exe","Core_VSS","6.2.19045.1","1","","RTM","5022834","","","","","","",""
"Swprv.dll","Core_VSS","6.2.19041.1741","1","31-Jan-2023","GDR","5022834","February 14, 2023-KB5022834 (OS Builds 19042.2604, 19044.2604, and 19045.2604)","http://support.microsoft.com/kb/5022834","No LDR Only available","No LDR Only available","No LDR Only available"," ","23-02Rollup"
"spp.dll","Core_VSS","6.2.19041.2193","1","31-Jan-2023","GDR","5022834","February 14, 2023-KB5022834 (OS Builds 19042.2604, 19044.2604, and 19045.2604)","http://support.microsoft.com/kb/5022834","No LDR Only available","No LDR Only available","No LDR Only available"," ","23-02Rollup"
"wbengine.exe","Core_VSS","6.2.19041.746","1","31-Jan-2023","GDR","5022834","February 14, 2023-KB5022834 (OS Builds 19042.2604, 19044.2604, and 19045.2604)","http://support.microsoft.com/kb/5022834","No LDR Only available","No LDR Only available","No LDR Only available"," ","23-02Rollup"
"blbsrv.dll","Core_VSS","6.2.19045.1","1","","RTM","5022834","","","","","","",""
"Volsnap.sys","Cluster_Volsnap","6.2.19041.488","0","31-Jan-2023","GDR","5022834","February 14, 2023-KB5022834 (OS Builds 19042.2604, 19044.2604, and 19045.2604)","http://support.microsoft.com/kb/5022834","No LDR Only available","No LDR Only available","No LDR Only available"," ","23-02Rollup"
"pci.sys","Core_Sys","6.2.19041.1949","1","31-Jan-2023","GDR","5022834","February 14, 2023-KB5022834 (OS Builds 19042.2604, 19044.2604, and 19045.2604)","http://support.microsoft.com/kb/5022834","No LDR Only available","No LDR Only available","No LDR Only available"," ","23-02Rollup"
"Termdd.sys","Core_Sys","6.2.19045.1","1","","RTM","5022834","","","","","","",""
"Volmgr.sys","Core_Sys","6.2.19041.1806","1","31-Jan-2023","GDR","5022834","February 14, 2023-KB5022834 (OS Builds 19042.2604, 19044.2604, and 19045.2604)","http://support.microsoft.com/kb/5022834","No LDR Only available","No LDR Only available","No LDR Only available"," ","23-02Rollup"
"Crypt32.dll","Dom_CRYPTO","6.2.19041.2486","1","31-Jan-2023","GDR","5022834","February 14, 2023-KB5022834 (OS Builds 19042.2604, 19044.2604, and 19045.2604)","http://support.microsoft.com/kb/5022834","No LDR Only available","No LDR Only available","No LDR Only available"," ","23-02Rollup"
"Cryptsvc.dll","Dom_CRYPTO","6.2.19045.1","1","","RTM","5022834","","","","","","",""
"Cryptnet.dll","Dom_CRYPTO","6.2.19041.906","1","31-Jan-2023","GDR","5022834","February 14, 2023-KB5022834 (OS Builds 19042.2604, 19044.2604, and 19045.2604)","http://support.microsoft.com/kb/5022834","No LDR Only available","No LDR Only available","No LDR Only available"," ","23-02Rollup"
"Wintrust.dll","Dom_CRYPTO","6.2.19041.2604","1","31-Jan-2023","GDR","5022834","February 14, 2023-KB5022834 (OS Builds 19042.2604, 19044.2604, and 19045.2604)","http://support.microsoft.com/kb/5022834","No LDR Only available","No LDR Only available","No LDR Only available"," ","23-02Rollup"
"Cryptdll.dll","Dom_CRYPTO","6.2.19041.546","1","31-Jan-2023","GDR","5022834","February 14, 2023-KB5022834 (OS Builds 19042.2604, 19044.2604, and 19045.2604)","http://support.microsoft.com/kb/5022834","No LDR Only available","No LDR Only available","No LDR Only available"," ","23-02Rollup"
"Cryptcatsvc.dll","Dom_CRYPTO","6.2.19041.508","1","31-Jan-2023","GDR","5022834","February 14, 2023-KB5022834 (OS Builds 19042.2604, 19044.2604, and 19045.2604)","http://support.microsoft.com/kb/5022834","No LDR Only available","No LDR Only available","No LDR Only available"," ","23-02Rollup"
"5022834","Win201622H2_23-02_B_rollup_KB"," ","0","14-Feb-2023","GDR","5022834","February 14, 2023-KB5022834 (OS Builds 19042.2604, 19044.2604, and 19045.2604)","http://support.microsoft.com/kb/5022834","No LDR Only available","No LDR Only available","No LDR Only available"," ","23-02Rollup"
