"Binary","Component","Version","Prio","Published","Branch","Article","Title","Link","LDROnlyKB","LDROnlyTitle","LDROnlyLink","Comment","RollupInfo"
"Vmswitch.sys","Hyper-V_Net","6.2.10240.18906","1","8-Apr-2021","GDR","5006675","October 12, 2021-KB5006675 (OS Build 10240.19086)","http://support.microsoft.com/kb/5006675","No LDR Only available","No LDR Only available","No LDR Only available"," ","21-10Rollup"
"Wnv.sys","Hyper-V_Net","6.2.10240.19022","1","31-Jul-2021","GDR","5006675","October 12, 2021-KB5006675 (OS Build 10240.19086)","http://support.microsoft.com/kb/5006675","No LDR Only available","No LDR Only available","No LDR Only available"," ","21-10Rollup"
"Vmsntfy.dll","Hyper-V_Net","6.2.10240.18818","1","7-Jan-2021","GDR","5006675","October 12, 2021-KB5006675 (OS Build 10240.19086)","http://support.microsoft.com/kb/5006675","No LDR Only available","No LDR Only available","No LDR Only available"," ","21-10Rollup"
"Ndisimplatform.sys","Hyper-V_Net","6.2.10240.18818","1","7-Jan-2021","GDR","5006675","October 12, 2021-KB5006675 (OS Build 10240.19086)","http://support.microsoft.com/kb/5006675","No LDR Only available","No LDR Only available","No LDR Only available"," ","21-10Rollup"
"Vmms.exe","Hyper-V_Net","6.2.10240.18967","1","5-Jun-2021","GDR","5006675","October 12, 2021-KB5006675 (OS Build 10240.19086)","http://support.microsoft.com/kb/5006675","No LDR Only available","No LDR Only available","No LDR Only available"," ","21-10Rollup"
"Winnat.sys","Hyper-V_Net","6.2.10240.19086","1","4-Oct-2021","GDR","5006675","October 12, 2021-KB5006675 (OS Build 10240.19086)","http://support.microsoft.com/kb/5006675","No LDR Only available","No LDR Only available","No LDR Only available"," ","21-10Rollup"
"pvhdparser.sys","Hyper-V_Net","6.2.10240.17738","1","1-Jan-2018","GDR","5006675","October 12, 2021-KB5006675 (OS Build 10240.19086)","http://support.microsoft.com/kb/5006675","No LDR Only available","No LDR Only available","No LDR Only available"," ","21-10Rollup"
"Wmisvc.dll","Hyper-V_Net","6.2.10240.18666","1","5-Aug-2020","GDR","5006675","October 12, 2021-KB5006675 (OS Build 10240.19086)","http://support.microsoft.com/kb/5006675","No LDR Only available","No LDR Only available","No LDR Only available"," ","21-10Rollup"
"Vmbus.sys","Hyper-V_Net","6.2.10240.17738","1","1-Jan-2018","GDR","5006675","October 12, 2021-KB5006675 (OS Build 10240.19086)","http://support.microsoft.com/kb/5006675","No LDR Only available","No LDR Only available","No LDR Only available"," ","21-10Rollup"
"Rasapi32.dll","HNV_Net","6.2.10240.18874","1","26-Feb-2021","GDR","5006675","October 12, 2021-KB5006675 (OS Build 10240.19086)","http://support.microsoft.com/kb/5006675","No LDR Only available","No LDR Only available","No LDR Only available"," ","21-10Rollup"
"Mprapi.dll","HNV_Net","6.2.10240.18036","1","24-Oct-2018","GDR","5006675","October 12, 2021-KB5006675 (OS Build 10240.19086)","http://support.microsoft.com/kb/5006675","No LDR Only available","No LDR Only available","No LDR Only available"," ","21-10Rollup"
"Vmwp.exe","Hyper-V_app","6.2.10240.18906","1","8-Apr-2021","GDR","5006675","October 12, 2021-KB5006675 (OS Build 10240.19086)","http://support.microsoft.com/kb/5006675","No LDR Only available","No LDR Only available","No LDR Only available"," ","21-10Rollup"
"5001399","Win2016_21_04_SSU_KB"," ","0","13-Apr-2021","GDR","5001399","KB5001399: Servicing stack update for Windows 10: April 13, 2021","http://support.microsoft.com/kb/5001399","KB only","KB only","KB Only"," ","No Rollup"
"5006675","Win2016_21-10_B_rollup_KB"," ","0","12-Oct-2021","GDR","5006675","October 12, 2021-KB5006675 (OS Build 10240.19086)","http://support.microsoft.com/kb/5006675","KB only","KB only","KB only"," ","21-10Rollup"
