"Binary","Component","Version","Prio","Published","Branch","Article","Title","Link","LDROnlyKB","LDROnlyTitle","LDROnlyLink","Comment","RollupInfo"
"Netlogon.dll","Dom_NETLOGON","6.2.19041.804","0","09-Feb-21","GDR","5005101","September 1, 2021-KB5005101 (OS Builds 19041.1202, 19042.1202, and 19043.1202) Preview","http://support.microsoft.com/kb/5005101","KB only","KB only","KB only"," ","21-08Rollup"
"LogonCli.dll","Dom_NETLOGON","6.2.19041.610","0","29-Oct-20","GDR","5005101","September 1, 2021-KB5005101 (OS Builds 19041.1202, 19042.1202, and 19043.1202) Preview","http://support.microsoft.com/kb/5005101","KB only","KB only","KB only"," ","21-08Rollup"
"Winlogon.exe","Dom_WINLOGON","6.2.19041.1202","0","01-Sep-21","GDR","5005101","September 1, 2021-KB5005101 (OS Builds 19041.1202, 19042.1202, and 19043.1202) Preview","http://support.microsoft.com/kb/5005101","KB only","KB only","KB only"," ","21-08Rollup"
"Kerberos.dll","Dom_KERBEROS","6.2.19041.1202","0","01-Sep-21","GDR","5005101","September 1, 2021-KB5005101 (OS Builds 19041.1202, 19042.1202, and 19043.1202) Preview","http://support.microsoft.com/kb/5005101","KB only","KB only","KB only"," ","21-08Rollup"
"Msv1_0.dll","Dom_NTLM","6.2.19041.1023","1","25-May-21","GDR","5005101","September 1, 2021-KB5005101 (OS Builds 19041.1202, 19042.1202, and 19043.1202) Preview","http://support.microsoft.com/kb/5005101","KB only","KB only","KB only"," ","21-08Rollup"
"Wldap32.dll","Dom_LDAPClient","6.2.19041.546","0","01-Oct-20","GDR","5005101","September 1, 2021-KB5005101 (OS Builds 19041.1202, 19042.1202, and 19043.1202) Preview","http://support.microsoft.com/kb/5005101","KB only","KB only","KB only"," ","21-08Rollup"
"Lsass.exe","Dom_LSA","6.2.19041.906","0","29-Mar-21","GDR","5005101","September 1, 2021-KB5005101 (OS Builds 19041.1202, 19042.1202, and 19043.1202) Preview","http://support.microsoft.com/kb/5005101","KB only","KB only","KB only"," ","21-08Rollup"
"Lsasrv.dll","Dom_LSA","6.2.19041.1202","0","01-Sep-21","GDR","5005101","September 1, 2021-KB5005101 (OS Builds 19041.1202, 19042.1202, and 19043.1202) Preview","http://support.microsoft.com/kb/5005101","KB only","KB only","KB only"," ","21-08Rollup"
"Ksecdd.sys","Dom_LSA","6.2.19041.906","0","29-Mar-21","GDR","5005101","September 1, 2021-KB5005101 (OS Builds 19041.1202, 19042.1202, and 19043.1202) Preview","http://support.microsoft.com/kb/5005101","KB only","KB only","KB only"," ","21-08Rollup"
"Ksecpkg.sys","Dom_LSA","6.2.19041.1202","0","01-Sep-21","GDR","5005101","September 1, 2021-KB5005101 (OS Builds 19041.1202, 19042.1202, and 19043.1202) Preview","http://support.microsoft.com/kb/5005101","KB only","KB only","KB only"," ","21-08Rollup"
"Secur32.dll","Dom_LSA","6.2.19041.546","0","01-Oct-20","GDR","5005101","September 1, 2021-KB5005101 (OS Builds 19041.1202, 19042.1202, and 19043.1202) Preview","http://support.microsoft.com/kb/5005101","KB only","KB only","KB only"," ","21-08Rollup"
"Sspicli.dll","Dom_LSA","6.2.19041.906","0","29-Mar-21","GDR","5005101","September 1, 2021-KB5005101 (OS Builds 19041.1202, 19042.1202, and 19043.1202) Preview","http://support.microsoft.com/kb/5005101","KB only","KB only","KB only"," ","21-08Rollup"
"Sspisrv.dll","Dom_LSA","6.2.19041.906","0","29-Mar-21","GDR","5005101","September 1, 2021-KB5005101 (OS Builds 19041.1202, 19042.1202, and 19043.1202) Preview","http://support.microsoft.com/kb/5005101","KB only","KB only","KB only"," ","21-08Rollup"
"Schannel.dll","Dom_LSA","6.2.19041.789","0","02-Feb-21","GDR","5005101","September 1, 2021-KB5005101 (OS Builds 19041.1202, 19042.1202, and 19043.1202) Preview","http://support.microsoft.com/kb/5005101","KB only","KB only","KB only"," ","21-08Rollup"
"dpapisvr.dll","Dom_LSA","6.2.19041.1","0","06-May-20","GDR","5005101","September 1, 2021-KB5005101 (OS Builds 19041.1202, 19042.1202, and 19043.1202) Preview","http://support.microsoft.com/kb/5005101","KB only","KB only","KB only"," ","21-08Rollup"
"Scesrv.dll","Dom_SecAuditAndConfig","6.2.19041.488","1","06-May-20","GDR","5005101","September 1, 2021-KB5005101 (OS Builds 19041.1202, 19042.1202, and 19043.1202) Preview","http://support.microsoft.com/kb/5005101","KB only","KB only","KB only"," ","21-08Rollup"
"AclUI.dll","Dom_SecAuditAndConfig","6.2.19041.1","1","06-May-20","GDR","5005101","September 1, 2021-KB5005101 (OS Builds 19041.1202, 19042.1202, and 19043.1202) Preview","http://support.microsoft.com/kb/5005101","KB only","KB only","KB only"," ","21-08Rollup"
"Winscard.dll","Dom_SC_Provider","6.2.19041.844","1","24-Feb-21","GDR","5005101","September 1, 2021-KB5005101 (OS Builds 19041.1202, 19042.1202, and 19043.1202) Preview","http://support.microsoft.com/kb/5005101","KB only","KB only","KB only"," ","21-08Rollup"
"Basecsp.dll","Dom_SC_Provider","6.2.19041.1","1","06-May-20","GDR","5005101","September 1, 2021-KB5005101 (OS Builds 19041.1202, 19042.1202, and 19043.1202) Preview","http://support.microsoft.com/kb/5005101","KB only","KB only","KB only"," ","21-08Rollup"
"Scksp.dll","Dom_SC_Provider","6.2.19041.1","1","06-May-20","GDR","5005101","September 1, 2021-KB5005101 (OS Builds 19041.1202, 19042.1202, and 19043.1202) Preview","http://support.microsoft.com/kb/5005101","KB only","KB only","KB only"," ","21-08Rollup"
"ScardSvr.dll","Dom_SC_Srv","6.2.19041.844","1","24-Feb-21","GDR","5005101","September 1, 2021-KB5005101 (OS Builds 19041.1202, 19042.1202, and 19043.1202) Preview","http://support.microsoft.com/kb/5005101","KB only","KB only","KB only"," ","21-08Rollup"
"Scfilter.sys","Dom_SC_Srv","6.2.19041.844","1","24-Feb-21","GDR","5005101","September 1, 2021-KB5005101 (OS Builds 19041.1202, 19042.1202, and 19043.1202) Preview","http://support.microsoft.com/kb/5005101","KB only","KB only","KB only"," ","21-08Rollup"
"Certprop.dll","Dom_SC_Srv","6.2.19041.844","1","24-Feb-21","GDR","5005101","September 1, 2021-KB5005101 (OS Builds 19041.1202, 19042.1202, and 19043.1202) Preview","http://support.microsoft.com/kb/5005101","KB only","KB only","KB only"," ","21-08Rollup"
"Crypt32.dll","Dom_CRYPTO","6.2.19041.1202","1","01-Sep-21","GDR","5005101","September 1, 2021-KB5005101 (OS Builds 19041.1202, 19042.1202, and 19043.1202) Preview","http://support.microsoft.com/kb/5005101","KB only","KB only","KB only"," ","21-08Rollup"
"Cryptsvc.dll","Dom_CRYPTO","6.2.19041.1","1","06-May-20","GDR","5005101","September 1, 2021-KB5005101 (OS Builds 19041.1202, 19042.1202, and 19043.1202) Preview","http://support.microsoft.com/kb/5005101","KB only","KB only","KB only"," ","21-08Rollup"
"Cryptnet.dll","Dom_CRYPTO","6.2.19041.906","1","29-Mar-21","GDR","5005101","September 1, 2021-KB5005101 (OS Builds 19041.1202, 19042.1202, and 19043.1202) Preview","http://support.microsoft.com/kb/5005101","KB only","KB only","KB only"," ","21-08Rollup"
"Wintrust.dll","Dom_CRYPTO","6.2.19041.1202","1","01-Sep-21","GDR","5005101","September 1, 2021-KB5005101 (OS Builds 19041.1202, 19042.1202, and 19043.1202) Preview","http://support.microsoft.com/kb/5005101","KB only","KB only","KB only"," ","21-08Rollup"
"Cryptdll.dll","Dom_CRYPTO","6.2.19041.546","1","01-Oct-20","GDR","5005101","September 1, 2021-KB5005101 (OS Builds 19041.1202, 19042.1202, and 19043.1202) Preview","http://support.microsoft.com/kb/5005101","KB only","KB only","KB only"," ","21-08Rollup"
"Cryptcatsvc.dll","Dom_CRYPTO","6.2.19041.508","1","14-Jul-20","GDR","5005101","September 1, 2021-KB5005101 (OS Builds 19041.1202, 19042.1202, and 19043.1202) Preview","http://support.microsoft.com/kb/5005101","KB only","KB only","KB only"," ","21-08Rollup"
"Dimsroam.dll","Dom_DIMS","6.2.19041.906","1","29-Mar-21","GDR","5005101","September 1, 2021-KB5005101 (OS Builds 19041.1202, 19042.1202, and 19043.1202) Preview","http://support.microsoft.com/kb/5005101","KB only","KB only","KB only"," ","21-08Rollup"
"Dimsjob.dll","Dom_DIMS","6.2.19041.1","1","06-May-20","GDR","5005101","September 1, 2021-KB5005101 (OS Builds 19041.1202, 19042.1202, and 19043.1202) Preview","http://support.microsoft.com/kb/5005101","KB only","KB only","KB only"," ","21-08Rollup"
"Adprovider.dll","Dom_DIMS","6.2.19041.906","1","29-Mar-21","GDR","5005101","September 1, 2021-KB5005101 (OS Builds 19041.1202, 19042.1202, and 19043.1202) Preview","http://support.microsoft.com/kb/5005101","KB only","KB only","KB only"," ","21-08Rollup"
"Capiprovider.dll","Dom_DIMS","6.2.19041.906","1","29-Mar-21","GDR","5005101","September 1, 2021-KB5005101 (OS Builds 19041.1202, 19042.1202, and 19043.1202) Preview","http://support.microsoft.com/kb/5005101","KB only","KB only","KB only"," ","21-08Rollup"
"Cngprovider.dll","Dom_DIMS","6.2.19041.906","1","29-Mar-21","GDR","5005101","September 1, 2021-KB5005101 (OS Builds 19041.1202, 19042.1202, and 19043.1202) Preview","http://support.microsoft.com/kb/5005101","KB only","KB only","KB only"," ","21-08Rollup"
"Dpapiprovider.dll","Dom_DIMS","6.2.19041.906","1","29-Mar-21","GDR","5005101","September 1, 2021-KB5005101 (OS Builds 19041.1202, 19042.1202, and 19043.1202) Preview","http://support.microsoft.com/kb/5005101","KB only","KB only","KB only"," ","21-08Rollup"
"Wincredprovider.dll","Dom_DIMS","6.2.19041.906","1","29-Mar-21","GDR","5005101","September 1, 2021-KB5005101 (OS Builds 19041.1202, 19042.1202, and 19043.1202) Preview","http://support.microsoft.com/kb/5005101","KB only","KB only","KB only"," ","21-08Rollup"
"Gpapi.dll","Dom_GPSVC","6.2.19041.1151","1","29-Jul-21","GDR","5005101","September 1, 2021-KB5005101 (OS Builds 19041.1202, 19042.1202, and 19043.1202) Preview","http://support.microsoft.com/kb/5005101","KB only","KB only","KB only"," ","21-08Rollup"
"Gpsvc.dll","Dom_GPSVC","6.2.19041.1151","1","29-Jul-21","GDR","5005101","September 1, 2021-KB5005101 (OS Builds 19041.1202, 19042.1202, and 19043.1202) Preview","http://support.microsoft.com/kb/5005101","KB only","KB only","KB only"," ","21-08Rollup"
"Gpmgmt.dll","Dom_GPSVC","6.2.19041.746","1","08-Dec-20","GDR","5005101","September 1, 2021-KB5005101 (OS Builds 19041.1202, 19042.1202, and 19043.1202) Preview","http://support.microsoft.com/kb/5005101","KB only","KB only","KB only"," ","21-08Rollup"
"Gprsop.dll","Dom_GPSVC","6.2.19041.572","1","13-Oct-20","GDR","5005101","September 1, 2021-KB5005101 (OS Builds 19041.1202, 19042.1202, and 19043.1202) Preview","http://support.microsoft.com/kb/5005101","KB only","KB only","KB only"," ","21-08Rollup"
"Userenv.dll","Dom_GPSVC","6.2.19041.572","1","13-Oct-20","GDR","5005101","September 1, 2021-KB5005101 (OS Builds 19041.1202, 19042.1202, and 19043.1202) Preview","http://support.microsoft.com/kb/5005101","KB only","KB only","KB only"," ","21-08Rollup"
"Gpprnext.dll","Dom_GPExt","6.2.19041.1","1","06-May-20","GDR","5005101","September 1, 2021-KB5005101 (OS Builds 19041.1202, 19042.1202, and 19043.1202) Preview","http://support.microsoft.com/kb/5005101","KB only","KB only","KB only"," ","21-08Rollup"
"Appmgmts.dll","Dom_GPExt","6.2.19041.572","1","13-Oct-20","GDR","5005101","September 1, 2021-KB5005101 (OS Builds 19041.1202, 19042.1202, and 19043.1202) Preview","http://support.microsoft.com/kb/5005101","KB only","KB only","KB only"," ","21-08Rollup"
"Gpprefcl.dll","Dom_GPP","6.2.19041.388","1","11-Aug-20","GDR","5005101","September 1, 2021-KB5005101 (OS Builds 19041.1202, 19042.1202, and 19043.1202) Preview","http://support.microsoft.com/kb/5005101","KB only","KB only","KB only"," ","21-08Rollup"
"Gpme.dll","Dom_GPP","6.2.19041.572","1","13-Oct-20","GDR","5005101","September 1, 2021-KB5005101 (OS Builds 19041.1202, 19042.1202, and 19043.1202) Preview","http://support.microsoft.com/kb/5005101","KB only","KB only","KB only"," ","21-08Rollup"
"Gppref.dll","Dom_GPP","6.2.19041.746","1","08-Dec-20","GDR","5005101","September 1, 2021-KB5005101 (OS Builds 19041.1202, 19042.1202, and 19043.1202) Preview","http://support.microsoft.com/kb/5005101","KB only","KB only","KB only"," ","21-08Rollup"
"Gpprefbr.dll","Dom_GPP","6.2.19041.746","1","08-Dec-20","GDR","5005101","September 1, 2021-KB5005101 (OS Builds 19041.1202, 19042.1202, and 19043.1202) Preview","http://support.microsoft.com/kb/5005101","KB only","KB only","KB only"," ","21-08Rollup"
"Gpprefcn.dll","Dom_GPP","6.2.19041.746","1","08-Dec-20","GDR","5005101","September 1, 2021-KB5005101 (OS Builds 19041.1202, 19042.1202, and 19043.1202) Preview","http://support.microsoft.com/kb/5005101","KB only","KB only","KB only"," ","21-08Rollup"
"Gpregistrybrowser.dll","Dom_GPP","6.2.19041.746","1","08-Dec-20","GDR","5005101","September 1, 2021-KB5005101 (OS Builds 19041.1202, 19042.1202, and 19043.1202) Preview","http://support.microsoft.com/kb/5005101","KB only","KB only","KB only"," ","21-08Rollup"
"Propshts.dll","Dom_GPP","6.2.19041.1151","1","29-Jul-21","GDR","5005101","September 1, 2021-KB5005101 (OS Builds 19041.1202, 19042.1202, and 19043.1202) Preview","http://support.microsoft.com/kb/5005101","KB only","KB only","KB only"," ","21-08Rollup"
"Repdrvfs.dll","Core_WMI","6.2.19041.1","0","06-May-20","GDR","5005101","September 1, 2021-KB5005101 (OS Builds 19041.1202, 19042.1202, and 19043.1202) Preview","http://support.microsoft.com/kb/5005101","KB only","KB only","KB only"," ","21-08Rollup"
"Profprov.dll","Dom_ProfProc","6.2.19041.1","1","06-May-20","GDR","5005101","September 1, 2021-KB5005101 (OS Builds 19041.1202, 19042.1202, and 19043.1202) Preview","http://support.microsoft.com/kb/5005101","KB only","KB only","KB only"," ","21-08Rollup"
"Profsvc.dll","Dom_ProfProc","6.2.19041.1202","1","01-Sep-21","GDR","5005101","September 1, 2021-KB5005101 (OS Builds 19041.1202, 19042.1202, and 19043.1202) Preview","http://support.microsoft.com/kb/5005101","KB only","KB only","KB only"," ","21-08Rollup"
"Fdeploy.dll","Dom_FolderRedir","6.2.19041.1","1","06-May-20","GDR","5005101","September 1, 2021-KB5005101 (OS Builds 19041.1202, 19042.1202, and 19043.1202) Preview","http://support.microsoft.com/kb/5005101","KB only","KB only","KB only"," ","21-08Rollup"
"Csc.sys","Net_CSC_Offline","6.2.19041.1202","1","01-Sep-21","GDR","5005101","September 1, 2021-KB5005101 (OS Builds 19041.1202, 19042.1202, and 19043.1202) Preview","http://support.microsoft.com/kb/5005101","KB only","KB only","KB only"," ","21-08Rollup"
"Cscapi.dll","Net_CSC_Offline","6.2.19041.546","1","01-Oct-20","GDR","5005101","September 1, 2021-KB5005101 (OS Builds 19041.1202, 19042.1202, and 19043.1202) Preview","http://support.microsoft.com/kb/5005101","KB only","KB only","KB only"," ","21-08Rollup"
"Cscdll.dll","Net_CSC_Offline","6.2.19041.546","1","01-Oct-20","GDR","5005101","September 1, 2021-KB5005101 (OS Builds 19041.1202, 19042.1202, and 19043.1202) Preview","http://support.microsoft.com/kb/5005101","KB only","KB only","KB only"," ","21-08Rollup"
"Cscsvc.dll","Net_CSC_Offline","6.2.19041.985","1","11-Aug-20","GDR","5005101","September 1, 2021-KB5005101 (OS Builds 19041.1202, 19042.1202, and 19043.1202) Preview","http://support.microsoft.com/kb/5005101","KB only","KB only","KB only"," ","21-08Rollup"
"Cscmig.dll","Net_CSC_Offline","6.2.19041.1202","1","01-Sep-21","GDR","5005101","September 1, 2021-KB5005101 (OS Builds 19041.1202, 19042.1202, and 19043.1202) Preview","http://support.microsoft.com/kb/5005101","KB only","KB only","KB only"," ","21-08Rollup"
"Cscui.dll","Net_CSC_Offline","6.2.19041.1","1","06-May-20","GDR","5005101","September 1, 2021-KB5005101 (OS Builds 19041.1202, 19042.1202, and 19043.1202) Preview","http://support.microsoft.com/kb/5005101","KB only","KB only","KB only"," ","21-08Rollup"
"Esent.dll","Dom_ESENT","6.2.19041.1081","0","21-Jun-21","GDR","5005101","September 1, 2021-KB5005101 (OS Builds 19041.1202, 19042.1202, and 19043.1202) Preview","http://support.microsoft.com/kb/5005101","KB only","KB only","KB only"," ","21-08Rollup"
"Ntdsai.dll","Dom_NTDSAI","6.2.19041.1023","0","25-May-21","GDR","5005101","September 1, 2021-KB5005101 (OS Builds 19041.1202, 19042.1202, and 19043.1202) Preview","http://support.microsoft.com/kb/5005101","KB only","KB only","KB only"," ","21-08Rollup"
"Ntdsutil.exe","Dom_NTDSAI","6.2.19041.844","0","24-Feb-21","GDR","5005101","September 1, 2021-KB5005101 (OS Builds 19041.1202, 19042.1202, and 19043.1202) Preview","http://support.microsoft.com/kb/5005101","KB only","KB only","KB only"," ","21-08Rollup"
"Samsrv.dll","Dom_SAMSRV","6.2.19041.1202","0","01-Sep-21","GDR","5005101","September 1, 2021-KB5005101 (OS Builds 19041.1202, 19042.1202, and 19043.1202) Preview","http://support.microsoft.com/kb/5005101","KB only","KB only","KB only"," ","21-08Rollup"
"Samlib.dll","Dom_SAMSRV","6.2.19041.1202","0","01-Sep-21","GDR","5005101","September 1, 2021-KB5005101 (OS Builds 19041.1202, 19042.1202, and 19043.1202) Preview","http://support.microsoft.com/kb/5005101","KB only","KB only","KB only"," ","21-08Rollup"
"Kdcsvc.dll","Dom_KDCSVC","6.2.19041.630","0","01-Oct-20","GDR","5005101","September 1, 2021-KB5005101 (OS Builds 19041.1202, 19042.1202, and 19043.1202) Preview","http://support.microsoft.com/kb/5005101","KB only","KB only","KB only"," ","21-08Rollup"
"Dfsrs.exe","Dom_DFS-R","6.2.19041.630","0","01-Oct-20","GDR","5005101","September 1, 2021-KB5005101 (OS Builds 19041.1202, 19042.1202, and 19043.1202) Preview","http://support.microsoft.com/kb/5005101","KB only","KB only","KB only"," ","21-08Rollup"
"Dfsrress.dll","Dom_DFS-R","6.2.19041.488","0","03-Sep-20","GDR","5005101","September 1, 2021-KB5005101 (OS Builds 19041.1202, 19042.1202, and 19043.1202) Preview","http://support.microsoft.com/kb/5005101","KB only","KB only","KB only"," ","21-08Rollup"
"Dfsrro.sys","Dom_DFS-R","6.2.19041.1","0","06-May-20","GDR","5005101","September 1, 2021-KB5005101 (OS Builds 19041.1202, 19042.1202, and 19043.1202) Preview","http://support.microsoft.com/kb/5005101","KB only","KB only","KB only"," ","21-08Rollup"
"Microsoft.identityserver.service.dll","Dom_ADFS","6.2.19041.1","0","06-May-20","GDR","5005101","September 1, 2021-KB5005101 (OS Builds 19041.1202, 19042.1202, and 19043.1202) Preview","http://support.microsoft.com/kb/5005101","KB only","KB only","KB only"," ","21-08Rollup"
"Microsoft.identityserver.webhost.dll","Dom_ADFS","6.2.19041.1","0","06-May-20","GDR","5005101","September 1, 2021-KB5005101 (OS Builds 19041.1202, 19042.1202, and 19043.1202) Preview","http://support.microsoft.com/kb/5005101","KB only","KB only","KB only"," ","21-08Rollup"
"Microsoft.identityserver.web.dll","Dom_ADFS","6.2.19041.1","0","06-May-20","GDR","5005101","September 1, 2021-KB5005101 (OS Builds 19041.1202, 19042.1202, and 19043.1202) Preview","http://support.microsoft.com/kb/5005101","KB only","KB only","KB only"," ","21-08Rollup"
"Microsoft.identityserver.dll","Dom_ADFS","6.2.19041.1","0","06-May-20","GDR","5005101","September 1, 2021-KB5005101 (OS Builds 19041.1202, 19042.1202, and 19043.1202) Preview","http://support.microsoft.com/kb/5005101","KB only","KB only","KB only"," ","21-08Rollup"
"Microsoft.identityserver.proxyservice.exe","Dom_ADFS","6.2.19041.1","0","06-May-20","GDR","5005101","September 1, 2021-KB5005101 (OS Builds 19041.1202, 19042.1202, and 19043.1202) Preview","http://support.microsoft.com/kb/5005101","KB only","KB only","KB only"," ","21-08Rollup"
"5005101","Win201621H1_21-08_C_rollup_KB"," ","0","01-Sep-2021","GDR","5005101","September 1, 2021-KB5005101 (OS Builds 19041.1202, 19042.1202, and 19043.1202) Preview","http://support.microsoft.com/kb/5005101","KB only","KB only","KB only"," ","21-08Rollup"
