"Binary","Component","Version","Prio","Published","Branch","Article","Title","Link","LDROnlyKB","LDROnlyTitle","LDROnlyLink","Comment","RollupInfo"
"Netlogon.dll","Dom_NETLOGON","6.2.22000.918","0","13-Oct-2022","GDR","5020387","October 17, 2022-KB5020387 (OS Build 22000.1100) Out-of-band)","http://support.microsoft.com/kb/5020387","No LDR Only available","No LDR Only available","No LDR Only available"," ","22-10Rollup"
"LogonCli.dll","Dom_NETLOGON","6.2.22000.1098","0","13-Oct-2022","GDR","5020387","October 17, 2022-KB5020387 (OS Build 22000.1100) Out-of-band)","http://support.microsoft.com/kb/5020387","No LDR Only available","No LDR Only available","No LDR Only available"," ","22-10Rollup"
"Winlogon.exe","Dom_WINLOGON","6.2.22000.1042","0","13-Oct-2022","GDR","5020387","October 17, 2022-KB5020387 (OS Build 22000.1100) Out-of-band)","http://support.microsoft.com/kb/5020387","No LDR Only available","No LDR Only available","No LDR Only available"," ","22-10Rollup"
"Kerberos.dll","Dom_KERBEROS","6.2.22000.1042","0","13-Oct-2022","GDR","5020387","October 17, 2022-KB5020387 (OS Build 22000.1100) Out-of-band)","http://support.microsoft.com/kb/5020387","No LDR Only available","No LDR Only available","No LDR Only available"," ","22-10Rollup"
"Msv1_0.dll","Dom_NTLM","6.2.22000.1042","1","13-Oct-2022","GDR","5020387","October 17, 2022-KB5020387 (OS Build 22000.1100) Out-of-band)","http://support.microsoft.com/kb/5020387","No LDR Only available","No LDR Only available","No LDR Only available"," ","22-10Rollup"
"Wldap32.dll","Dom_LDAPClient","6.2.22000.978","0","13-Oct-2022","GDR","5020387","October 17, 2022-KB5020387 (OS Build 22000.1100) Out-of-band)","http://support.microsoft.com/kb/5020387","No LDR Only available","No LDR Only available","No LDR Only available"," ","22-10Rollup"
"Lsass.exe","Dom_LSA","6.2.22000.1098","0","13-Oct-2022","GDR","5020387","October 17, 2022-KB5020387 (OS Build 22000.1100) Out-of-band)","http://support.microsoft.com/kb/5020387","No LDR Only available","No LDR Only available","No LDR Only available"," ","22-10Rollup"
"Lsasrv.dll","Dom_LSA","6.2.22000.1098","0","13-Oct-2022","GDR","5020387","October 17, 2022-KB5020387 (OS Build 22000.1100) Out-of-band)","http://support.microsoft.com/kb/5020387","No LDR Only available","No LDR Only available","No LDR Only available"," ","22-10Rollup"
"Ksecdd.sys","Dom_LSA","6.2.22000.1098","0","13-Oct-2022","GDR","5020387","October 17, 2022-KB5020387 (OS Build 22000.1100) Out-of-band)","http://support.microsoft.com/kb/5020387","No LDR Only available","No LDR Only available","No LDR Only available"," ","22-10Rollup"
"Ksecpkg.sys","Dom_LSA","6.2.22000.1098","0","13-Oct-2022","GDR","5020387","October 17, 2022-KB5020387 (OS Build 22000.1100) Out-of-band)","http://support.microsoft.com/kb/5020387","No LDR Only available","No LDR Only available","No LDR Only available"," ","22-10Rollup"
"Secur32.dll","Dom_LSA","6.2.22000.675","0","13-Oct-2022","GDR","5020387","October 17, 2022-KB5020387 (OS Build 22000.1100) Out-of-band)","http://support.microsoft.com/kb/5020387","No LDR Only available","No LDR Only available","No LDR Only available"," ","22-10Rollup"
"Sspicli.dll","Dom_LSA","6.2.22000.1098","0","13-Oct-2022","GDR","5020387","October 17, 2022-KB5020387 (OS Build 22000.1100) Out-of-band)","http://support.microsoft.com/kb/5020387","No LDR Only available","No LDR Only available","No LDR Only available"," ","22-10Rollup"
"Sspisrv.dll","Dom_LSA","6.2.22000.1098","0","13-Oct-2022","GDR","5020387","October 17, 2022-KB5020387 (OS Build 22000.1100) Out-of-band)","http://support.microsoft.com/kb/5020387","No LDR Only available","No LDR Only available","No LDR Only available"," ","22-10Rollup"
"Schannel.dll","Dom_LSA","6.2.22000.1100","0","12-Oct-2022","GDR","5020387","October 17, 2022-KB5020387 (OS Build 22000.1100) Out-of-band)","http://support.microsoft.com/kb/5020387","No LDR Only available","No LDR Only available","No LDR Only available"," ","22-10Rollup"
"dpapisvr.dll","Dom_LSA","6.2.22000.1","0","","RTM","5020387","","","","","","",""
"Scesrv.dll","Dom_SecAuditAndConfig","6.2.22000.1098","1","13-Oct-2022","GDR","5020387","October 17, 2022-KB5020387 (OS Build 22000.1100) Out-of-band)","http://support.microsoft.com/kb/5020387","No LDR Only available","No LDR Only available","No LDR Only available"," ","22-10Rollup"
"AclUI.dll","Dom_SecAuditAndConfig","6.2.22000.1098","1","13-Oct-2022","GDR","5020387","October 17, 2022-KB5020387 (OS Build 22000.1100) Out-of-band)","http://support.microsoft.com/kb/5020387","No LDR Only available","No LDR Only available","No LDR Only available"," ","22-10Rollup"
"Winscard.dll","Dom_SC_Provider","6.2.22000.708","1","13-Oct-2022","GDR","5020387","October 17, 2022-KB5020387 (OS Build 22000.1100) Out-of-band)","http://support.microsoft.com/kb/5020387","No LDR Only available","No LDR Only available","No LDR Only available"," ","22-10Rollup"
"Basecsp.dll","Dom_SC_Provider","6.2.22000.653","1","13-Oct-2022","GDR","5020387","October 17, 2022-KB5020387 (OS Build 22000.1100) Out-of-band)","http://support.microsoft.com/kb/5020387","No LDR Only available","No LDR Only available","No LDR Only available"," ","22-10Rollup"
"Scksp.dll","Dom_SC_Provider","6.2.22000.653","1","13-Oct-2022","GDR","5020387","October 17, 2022-KB5020387 (OS Build 22000.1100) Out-of-band)","http://support.microsoft.com/kb/5020387","No LDR Only available","No LDR Only available","No LDR Only available"," ","22-10Rollup"
"ScardSvr.dll","Dom_SC_Srv","6.2.22000.493","1","13-Oct-2022","GDR","5020387","October 17, 2022-KB5020387 (OS Build 22000.1100) Out-of-band)","http://support.microsoft.com/kb/5020387","No LDR Only available","No LDR Only available","No LDR Only available"," ","22-10Rollup"
"Scfilter.sys","Dom_SC_Srv","6.2.22000.653","1","13-Oct-2022","GDR","5020387","October 17, 2022-KB5020387 (OS Build 22000.1100) Out-of-band)","http://support.microsoft.com/kb/5020387","No LDR Only available","No LDR Only available","No LDR Only available"," ","22-10Rollup"
"Certprop.dll","Dom_SC_Srv","6.2.22000.41","1","13-Oct-2022","GDR","5020387","October 17, 2022-KB5020387 (OS Build 22000.1100) Out-of-band)","http://support.microsoft.com/kb/5020387","No LDR Only available","No LDR Only available","No LDR Only available"," ","22-10Rollup"
"Crypt32.dll","Dom_CRYPTO","6.2.22000.1098","1","13-Oct-2022","GDR","5020387","October 17, 2022-KB5020387 (OS Build 22000.1100) Out-of-band)","http://support.microsoft.com/kb/5020387","No LDR Only available","No LDR Only available","No LDR Only available"," ","22-10Rollup"
"Cryptsvc.dll","Dom_CRYPTO","6.2.22000.832","1","13-Oct-2022","GDR","5020387","October 17, 2022-KB5020387 (OS Build 22000.1100) Out-of-band)","http://support.microsoft.com/kb/5020387","No LDR Only available","No LDR Only available","No LDR Only available"," ","22-10Rollup"
"Cryptnet.dll","Dom_CRYPTO","6.2.22000.1098","1","13-Oct-2022","GDR","5020387","October 17, 2022-KB5020387 (OS Build 22000.1100) Out-of-band)","http://support.microsoft.com/kb/5020387","No LDR Only available","No LDR Only available","No LDR Only available"," ","22-10Rollup"
"Wintrust.dll","Dom_CRYPTO","6.2.22000.1098","1","13-Oct-2022","GDR","5020387","October 17, 2022-KB5020387 (OS Build 22000.1100) Out-of-band)","http://support.microsoft.com/kb/5020387","No LDR Only available","No LDR Only available","No LDR Only available"," ","22-10Rollup"
"Cryptdll.dll","Dom_CRYPTO","6.2.22000.653","1","13-Oct-2022","GDR","5020387","October 17, 2022-KB5020387 (OS Build 22000.1100) Out-of-band)","http://support.microsoft.com/kb/5020387","No LDR Only available","No LDR Only available","No LDR Only available"," ","22-10Rollup"
"Cryptcatsvc.dll","Dom_CRYPTO","6.2.22000.1098","1","13-Oct-2022","GDR","5020387","October 17, 2022-KB5020387 (OS Build 22000.1100) Out-of-band)","http://support.microsoft.com/kb/5020387","No LDR Only available","No LDR Only available","No LDR Only available"," ","22-10Rollup"
"Dimsroam.dll","Dom_DIMS","6.2.22000.978","1","13-Oct-2022","GDR","5020387","October 17, 2022-KB5020387 (OS Build 22000.1100) Out-of-band)","http://support.microsoft.com/kb/5020387","No LDR Only available","No LDR Only available","No LDR Only available"," ","22-10Rollup"
"Dimsjob.dll","Dom_DIMS","6.2.22000.176","1","13-Oct-2022","GDR","5020387","October 17, 2022-KB5020387 (OS Build 22000.1100) Out-of-band)","http://support.microsoft.com/kb/5020387","No LDR Only available","No LDR Only available","No LDR Only available"," ","22-10Rollup"
"Adprovider.dll","Dom_DIMS","6.2.22000.978","1","13-Oct-2022","GDR","5020387","October 17, 2022-KB5020387 (OS Build 22000.1100) Out-of-band)","http://support.microsoft.com/kb/5020387","No LDR Only available","No LDR Only available","No LDR Only available"," ","22-10Rollup"
"Capiprovider.dll","Dom_DIMS","6.2.22000.978","1","13-Oct-2022","GDR","5020387","October 17, 2022-KB5020387 (OS Build 22000.1100) Out-of-band)","http://support.microsoft.com/kb/5020387","No LDR Only available","No LDR Only available","No LDR Only available"," ","22-10Rollup"
"Cngprovider.dll","Dom_DIMS","6.2.22000.978","1","13-Oct-2022","GDR","5020387","October 17, 2022-KB5020387 (OS Build 22000.1100) Out-of-band)","http://support.microsoft.com/kb/5020387","No LDR Only available","No LDR Only available","No LDR Only available"," ","22-10Rollup"
"Dpapiprovider.dll","Dom_DIMS","6.2.22000.978","1","13-Oct-2022","GDR","5020387","October 17, 2022-KB5020387 (OS Build 22000.1100) Out-of-band)","http://support.microsoft.com/kb/5020387","No LDR Only available","No LDR Only available","No LDR Only available"," ","22-10Rollup"
"Wincredprovider.dll","Dom_DIMS","6.2.22000.978","1","13-Oct-2022","GDR","5020387","October 17, 2022-KB5020387 (OS Build 22000.1100) Out-of-band)","http://support.microsoft.com/kb/5020387","No LDR Only available","No LDR Only available","No LDR Only available"," ","22-10Rollup"
"Gpapi.dll","Dom_GPSVC","6.2.22000.978","1","13-Sep-2022","GDR","5020387","October 17, 2022-KB5020387 (OS Build 22000.1100) Out-of-band)","http://support.microsoft.com/kb/5020387","No LDR Only available","No LDR Only available","No LDR Only available","rEX","22-10Rollup"
"Gpsvc.dll","Dom_GPSVC","6.2.22000.978","1","13-Oct-2022","GDR","5020387","October 17, 2022-KB5020387 (OS Build 22000.1100) Out-of-band)","http://support.microsoft.com/kb/5020387","No LDR Only available","No LDR Only available","No LDR Only available"," ","22-10Rollup"
"Gpmgmt.dll","Dom_GPSVC","6.2.22000.1","1","","RTM","5020387","","","","","","",""
"Gprsop.dll","Dom_GPSVC","6.2.22000.1","1","","RTM","5020387","","","","","","",""
"Userenv.dll","Dom_GPSVC","6.2.22000.832","1","13-Oct-2022","GDR","5020387","October 17, 2022-KB5020387 (OS Build 22000.1100) Out-of-band)","http://support.microsoft.com/kb/5020387","No LDR Only available","No LDR Only available","No LDR Only available"," ","22-10Rollup"
"Gpprnext.dll","Dom_GPExt","6.2.22000.653","1","13-Oct-2022","GDR","5020387","October 17, 2022-KB5020387 (OS Build 22000.1100) Out-of-band)","http://support.microsoft.com/kb/5020387","No LDR Only available","No LDR Only available","No LDR Only available"," ","22-10Rollup"
"Appmgmts.dll","Dom_GPExt","6.2.22000.653","1","13-Oct-2022","GDR","5020387","October 17, 2022-KB5020387 (OS Build 22000.1100) Out-of-band)","http://support.microsoft.com/kb/5020387","No LDR Only available","No LDR Only available","No LDR Only available"," ","22-10Rollup"
"Gpprefcl.dll","Dom_GPP","6.2.22000.1098","1","13-Oct-2022","GDR","5020387","October 17, 2022-KB5020387 (OS Build 22000.1100) Out-of-band)","http://support.microsoft.com/kb/5020387","No LDR Only available","No LDR Only available","No LDR Only available"," ","22-10Rollup"
"Gpme.dll","Dom_GPP","6.2.22000.1042","1","13-Oct-2022","GDR","5020387","October 17, 2022-KB5020387 (OS Build 22000.1100) Out-of-band)","http://support.microsoft.com/kb/5020387","No LDR Only available","No LDR Only available","No LDR Only available"," ","22-10Rollup"
"Gppref.dll","Dom_GPP","6.2.22000.1098","1","13-Oct-2022","GDR","5020387","October 17, 2022-KB5020387 (OS Build 22000.1100) Out-of-band)","http://support.microsoft.com/kb/5020387","No LDR Only available","No LDR Only available","No LDR Only available"," ","22-10Rollup"
"Gpprefbr.dll","Dom_GPP","6.2.22000.1042","1","13-Oct-2022","GDR","5020387","October 17, 2022-KB5020387 (OS Build 22000.1100) Out-of-band)","http://support.microsoft.com/kb/5020387","No LDR Only available","No LDR Only available","No LDR Only available"," ","22-10Rollup"
"Gpprefcn.dll","Dom_GPP","6.2.22000.1042","1","13-Oct-2022","GDR","5020387","October 17, 2022-KB5020387 (OS Build 22000.1100) Out-of-band)","http://support.microsoft.com/kb/5020387","No LDR Only available","No LDR Only available","No LDR Only available"," ","22-10Rollup"
"Gpregistrybrowser.dll","Dom_GPP","6.2.22000.1042","1","13-Oct-2022","GDR","5020387","October 17, 2022-KB5020387 (OS Build 22000.1100) Out-of-band)","http://support.microsoft.com/kb/5020387","No LDR Only available","No LDR Only available","No LDR Only available"," ","22-10Rollup"
"Propshts.dll","Dom_GPP","6.2.22000.1098","1","13-Oct-2022","GDR","5020387","October 17, 2022-KB5020387 (OS Build 22000.1100) Out-of-band)","http://support.microsoft.com/kb/5020387","No LDR Only available","No LDR Only available","No LDR Only available"," ","22-10Rollup"
"Repdrvfs.dll","Core_WMI","6.2.22000.593","0","13-Oct-2022","GDR","5020387","October 17, 2022-KB5020387 (OS Build 22000.1100) Out-of-band)","http://support.microsoft.com/kb/5020387","No LDR Only available","No LDR Only available","No LDR Only available"," ","22-10Rollup"
"Profprov.dll","Dom_ProfProc","6.2.22000.653","1","13-Oct-2022","GDR","5020387","October 17, 2022-KB5020387 (OS Build 22000.1100) Out-of-band)","http://support.microsoft.com/kb/5020387","No LDR Only available","No LDR Only available","No LDR Only available"," ","22-10Rollup"
"Profsvc.dll","Dom_ProfProc","6.2.22000.1042","1","13-Oct-2022","GDR","5020387","October 17, 2022-KB5020387 (OS Build 22000.1100) Out-of-band)","http://support.microsoft.com/kb/5020387","No LDR Only available","No LDR Only available","No LDR Only available"," ","22-10Rollup"
"Fdeploy.dll","Dom_FolderRedir","6.2.22000.653","1","13-Oct-2022","GDR","5020387","October 17, 2022-KB5020387 (OS Build 22000.1100) Out-of-band)","http://support.microsoft.com/kb/5020387","No LDR Only available","No LDR Only available","No LDR Only available"," ","22-10Rollup"
"Csc.sys","Net_CSC_Offline","6.2.22000.918","1","13-Oct-2022","GDR","5020387","October 17, 2022-KB5020387 (OS Build 22000.1100) Out-of-band)","http://support.microsoft.com/kb/5020387","No LDR Only available","No LDR Only available","No LDR Only available"," ","22-10Rollup"
"Cscapi.dll","Net_CSC_Offline","6.2.22000.51","1","13-Oct-2022","GDR","5020387","October 17, 2022-KB5020387 (OS Build 22000.1100) Out-of-band)","http://support.microsoft.com/kb/5020387","No LDR Only available","No LDR Only available","No LDR Only available"," ","22-10Rollup"
"Cscdll.dll","Net_CSC_Offline","6.2.22000.51","1","13-Oct-2022","GDR","5020387","October 17, 2022-KB5020387 (OS Build 22000.1100) Out-of-band)","http://support.microsoft.com/kb/5020387","No LDR Only available","No LDR Only available","No LDR Only available"," ","22-10Rollup"
"Cscsvc.dll","Net_CSC_Offline","6.2.22000.1042","1","13-Oct-2022","GDR","5020387","October 17, 2022-KB5020387 (OS Build 22000.1100) Out-of-band)","http://support.microsoft.com/kb/5020387","No LDR Only available","No LDR Only available","No LDR Only available"," ","22-10Rollup"
"Cscmig.dll","Net_CSC_Offline","6.2.22000.918","1","13-Oct-2022","GDR","5020387","October 17, 2022-KB5020387 (OS Build 22000.1100) Out-of-band)","http://support.microsoft.com/kb/5020387","No LDR Only available","No LDR Only available","No LDR Only available"," ","22-10Rollup"
"Cscui.dll","Net_CSC_Offline","6.2.22000.51","1","13-Oct-2022","GDR","5020387","October 17, 2022-KB5020387 (OS Build 22000.1100) Out-of-band)","http://support.microsoft.com/kb/5020387","No LDR Only available","No LDR Only available","No LDR Only available"," ","22-10Rollup"
"Esent.dll","Dom_ESENT","6.2.22000.918","0","13-Oct-2022","GDR","5020387","October 17, 2022-KB5020387 (OS Build 22000.1100) Out-of-band)","http://support.microsoft.com/kb/5020387","No LDR Only available","No LDR Only available","No LDR Only available"," ","22-10Rollup"
"Ntdsai.dll","Dom_NTDSAI","6.2.22000.1098","0","13-Oct-2022","GDR","5020387","October 17, 2022-KB5020387 (OS Build 22000.1100) Out-of-band)","http://support.microsoft.com/kb/5020387","No LDR Only available","No LDR Only available","No LDR Only available"," ","22-10Rollup"
"Ntdsutil.exe","Dom_NTDSAI","6.2.22000.653","0","13-Oct-2022","GDR","5020387","October 17, 2022-KB5020387 (OS Build 22000.1100) Out-of-band)","http://support.microsoft.com/kb/5020387","No LDR Only available","No LDR Only available","No LDR Only available"," ","22-10Rollup"
"Samsrv.dll","Dom_SAMSRV","6.2.22000.1098","0","13-Oct-2022","GDR","5020387","October 17, 2022-KB5020387 (OS Build 22000.1100) Out-of-band)","http://support.microsoft.com/kb/5020387","No LDR Only available","No LDR Only available","No LDR Only available"," ","22-10Rollup"
"Samlib.dll","Dom_SAMSRV","6.2.22000.1098","0","13-Oct-2022","GDR","5020387","October 17, 2022-KB5020387 (OS Build 22000.1100) Out-of-band)","http://support.microsoft.com/kb/5020387","No LDR Only available","No LDR Only available","No LDR Only available"," ","22-10Rollup"
"Kdcsvc.dll","Dom_KDCSVC","6.2.22000.1","0","","RTM","5020387","","","","","","",""
"Dfsrs.exe","Dom_DFS-R","6.2.22000.1","0","","RTM","5020387","","","","","","",""
"Dfsrress.dll","Dom_DFS-R","6.2.22000.1","0","","RTM","5020387","","","","","","",""
"Dfsrro.sys","Dom_DFS-R","6.2.22000.1","0","","RTM","5020387","","","","","","",""
"Microsoft.identityserver.service.dll","Dom_ADFS","6.2.22000.1","0","","RTM","5020387","","","","","","",""
"Microsoft.identityserver.webhost.dll","Dom_ADFS","6.2.22000.1","0","","RTM","5020387","","","","","","",""
"Microsoft.identityserver.web.dll","Dom_ADFS","6.2.22000.1","0","","RTM","5020387","","","","","","",""
"Microsoft.identityserver.dll","Dom_ADFS","6.2.22000.1","0","","RTM","5020387","","","","","","",""
"Microsoft.identityserver.proxyservice.exe","Dom_ADFS","6.2.22000.1","0","","RTM","5020387","","","","","","",""
"5020387","Win11_22-10_B_rollup_KB"," ","0","18-Oct-2022","GDR","5020387","October 17, 2022-KB5020387 (OS Build 22000.1100) Out-of-band)","http://support.microsoft.com/kb/5020387","No LDR Only available","No LDR Only available","No LDR Only available"," ","22-10Rollup"
