"Binary","Component","Version","Prio","Published","Branch","Article","Title","Link","LDROnlyKB","LDROnlyTitle","LDROnlyLink","Comment","RollupInfo"
"Localspl.dll","Print_Spool","6.2.17763.4131","0","09-Mar-2023","GDR","5023702","March 14, 2023-KB5023702 (OS Build 17763.4131)","http://support.microsoft.com/kb/5023702","No LDR Only available","No LDR Only available","No LDR Only available"," ","23-03Rollup"
"Win32spl.dll","Print_Spool","6.2.17763.3113","0","18-Jun-2022","GDR","5023702","March 14, 2023-KB5023702 (OS Build 17763.4131)","http://support.microsoft.com/kb/5023702","No LDR Only available","No LDR Only available","No LDR Only available"," ","23-03Rollup"
"Spoolss.dll","Print_Spool","6.2.17763.2803","0","02-Apr-2022","GDR","5023702","March 14, 2023-KB5023702 (OS Build 17763.4131)","http://support.microsoft.com/kb/5023702","No LDR Only available","No LDR Only available","No LDR Only available"," ","23-03Rollup"
"Spoolsv.exe","Print_Spool","6.2.17763.4131","0","09-Mar-2023","GDR","5023702","March 14, 2023-KB5023702 (OS Build 17763.4131)","http://support.microsoft.com/kb/5023702","No LDR Only available","No LDR Only available","No LDR Only available"," ","23-03Rollup"
"Winspool.drv","Print_Spool","6.2.17763.4131","0","09-Mar-2023","GDR","5023702","March 14, 2023-KB5023702 (OS Build 17763.4131)","http://support.microsoft.com/kb/5023702","No LDR Only available","No LDR Only available","No LDR Only available"," ","23-03Rollup"
"Ntprint.exe","Print_App","6.2.17763.2237","0","05-Oct-2021","GDR","5023702","March 14, 2023-KB5023702 (OS Build 17763.4131)","http://support.microsoft.com/kb/5023702","No LDR Only available","No LDR Only available","No LDR Only available"," ","23-03Rollup"
"Printui.dll","Print_App","6.2.17763.2183","0","11-Sep-2021","GDR","5023702","March 14, 2023-KB5023702 (OS Build 17763.4131)","http://support.microsoft.com/kb/5023702","No LDR Only available","No LDR Only available","No LDR Only available"," ","23-03Rollup"
"Printcom.dll","Print_App","6.2.17763.1","0","","RTM","5023702","","","","","","",""
"Printfilterpipelineprxy.dll","Print_App","6.2.17763.3887","0","06-Jan-2023","GDR","5023702","March 14, 2023-KB5023702 (OS Build 17763.4131)","http://support.microsoft.com/kb/5023702","No LDR Only available","No LDR Only available","No LDR Only available"," ","23-03Rollup"
"Printfilterpipelinesvc.exe","Print_App","6.2.17763.3887","0","06-Jan-2023","GDR","5023702","March 14, 2023-KB5023702 (OS Build 17763.4131)","http://support.microsoft.com/kb/5023702","No LDR Only available","No LDR Only available","No LDR Only available"," ","23-03Rollup"
"Printbrm.exe","Print_App","6.2.17763.1","0","14-Sep-2018","GDR","5023702","March 14, 2023-KB5023702 (OS Build 17763.4131)","http://support.microsoft.com/kb/5023702","No LDR Only available","No LDR Only available","No LDR Only available"," ","23-03Rollup"
"splwow64.exe","Print_App","6.2.17763.4131","0","09-Mar-2023","GDR","5023702","March 14, 2023-KB5023702 (OS Build 17763.4131)","http://support.microsoft.com/kb/5023702","No LDR Only available","No LDR Only available","No LDR Only available"," ","23-03Rollup"
"Mxdwdrv.dll","Print_Driver","0.3.17763.4010","1","14-Feb-2023","GDR","5023702","March 14, 2023-KB5023702 (OS Build 17763.4131)","http://support.microsoft.com/kb/5023702","No LDR Only available","No LDR Only available","No LDR Only available","rEX","23-03Rollup"
"Pcl4res.dll","Print_Driver","0.3.5479.0","1","13-Sep-2022","GDR","5023702","March 14, 2023-KB5023702 (OS Build 17763.4131)","http://support.microsoft.com/kb/5023702","No LDR Only available","No LDR Only available","No LDR Only available","rEX","23-03Rollup"
"Pscript5.dll","Print_Driver","0.3.17763.4010","1","14-Feb-2023","GDR","5023702","March 14, 2023-KB5023702 (OS Build 17763.4131)","http://support.microsoft.com/kb/5023702","No LDR Only available","No LDR Only available","No LDR Only available","rEX","23-03Rollup"
"Unidrv.dll","Print_Driver","0.3.17763.3287","1","13-Sep-2022","GDR","5023702","March 14, 2023-KB5023702 (OS Build 17763.4131)","http://support.microsoft.com/kb/5023702","No LDR Only available","No LDR Only available","No LDR Only available","rEX","23-03Rollup"
"Unires.dll","Print_Driver","0.3.17763.3287","1","13-Sep-2022","GDR","5023702","March 14, 2023-KB5023702 (OS Build 17763.4131)","http://support.microsoft.com/kb/5023702","No LDR Only available","No LDR Only available","No LDR Only available","rEX","23-03Rollup"
"Xpssvcs.dll","Print_Driver","0.3.17763.3287","1","13-Sep-2022","GDR","5023702","March 14, 2023-KB5023702 (OS Build 17763.4131)","http://support.microsoft.com/kb/5023702","No LDR Only available","No LDR Only available","No LDR Only available","rEX","23-03Rollup"
"5005112","Win2016RS5_21_08_SSU_KB"," ","0","08-Jun-2021","GDR","5005112","KB5005112: Servicing stack update for Windows 10, version 1809: August 10, 2021","http://support.microsoft.com/kb/5005112","No LDR Only available","No LDR Only available","No LDR Only available"," ","No Rollup"
"5023702","Win2016RS5_23-03_B_rollup_KB"," ","0","14-Mar-2023","GDR","5023702","March 14, 2023-KB5023702 (OS Build 17763.4131)","http://support.microsoft.com/kb/5023702","No LDR Only available","No LDR Only available","No LDR Only available"," ","23-03Rollup"
