"Binary","Component","Version","Prio","Published","Branch","Article","Title","Link","LDROnlyKB","LDROnlyTitle","LDROnlyLink","Comment","RollupInfo"
"Ntoskrnl.exe","Core_Kernel","6.2.19041.3086","0","13-Jun-2023","GDR","5027293","June 27, 2023-KB5027293 (OS Build 19045.3155) Preview","http://support.microsoft.com/kb/5027293","No LDR Only available","No LDR Only available","No LDR Only available","rEX","23-06Rollup"
"Ntkrnlpa.exe","Core_Kernel","6.2.19041.1","0","","RTM","5027293","","","","","","",""
"Crashdmp.sys","Core_Kernel","6.2.19041.1949","0","17-Jun-2023","GDR","5027293","June 27, 2023-KB5027293 (OS Build 19045.3155) Preview","http://support.microsoft.com/kb/5027293","No LDR Only available","No LDR Only available","No LDR Only available"," ","23-06Rollup"
"Vssapi.dll","Core_VSS","6.2.19041.1320","1","17-Jun-2023","GDR","5027293","June 27, 2023-KB5027293 (OS Build 19045.3155) Preview","http://support.microsoft.com/kb/5027293","No LDR Only available","No LDR Only available","No LDR Only available"," ","23-06Rollup"
"Vsstrace.dll","Core_VSS","6.2.19041.546","1","17-Jun-2023","GDR","5027293","June 27, 2023-KB5027293 (OS Build 19045.3155) Preview","http://support.microsoft.com/kb/5027293","No LDR Only available","No LDR Only available","No LDR Only available"," ","23-06Rollup"
"vsssvc.exe","Core_VSS","6.2.19041.1","1","","RTM","5027293","","","","","","",""
"Swprv.dll","Core_VSS","6.2.19041.1741","1","17-Jun-2023","GDR","5027293","June 27, 2023-KB5027293 (OS Build 19045.3155) Preview","http://support.microsoft.com/kb/5027293","No LDR Only available","No LDR Only available","No LDR Only available"," ","23-06Rollup"
"spp.dll","Core_VSS","6.2.19041.2673","1","17-Jun-2023","GDR","5027293","June 27, 2023-KB5027293 (OS Build 19045.3155) Preview","http://support.microsoft.com/kb/5027293","No LDR Only available","No LDR Only available","No LDR Only available"," ","23-06Rollup"
"wbengine.exe","Core_VSS","6.2.19041.746","1","17-Jun-2023","GDR","5027293","June 27, 2023-KB5027293 (OS Build 19045.3155) Preview","http://support.microsoft.com/kb/5027293","No LDR Only available","No LDR Only available","No LDR Only available"," ","23-06Rollup"
"blbsrv.dll","Core_VSS","6.2.19041.1","1","","RTM","5027293","","","","","","",""
"Volsnap.sys","Cluster_Volsnap","6.2.19041.488","0","17-Jun-2023","GDR","5027293","June 27, 2023-KB5027293 (OS Build 19045.3155) Preview","http://support.microsoft.com/kb/5027293","No LDR Only available","No LDR Only available","No LDR Only available"," ","23-06Rollup"
"pci.sys","Core_Sys","6.2.19041.3086","1","13-Jun-2023","GDR","5027293","June 27, 2023-KB5027293 (OS Build 19045.3155) Preview","http://support.microsoft.com/kb/5027293","No LDR Only available","No LDR Only available","No LDR Only available","rEX","23-06Rollup"
"Termdd.sys","Core_Sys","6.2.19041.1","1","","RTM","5027293","","","","","","",""
"Volmgr.sys","Core_Sys","6.2.19041.1806","1","17-Jun-2023","GDR","5027293","June 27, 2023-KB5027293 (OS Build 19045.3155) Preview","http://support.microsoft.com/kb/5027293","No LDR Only available","No LDR Only available","No LDR Only available"," ","23-06Rollup"
"Crypt32.dll","Dom_CRYPTO","6.2.19041.3086","1","13-Jun-2023","GDR","5027293","June 27, 2023-KB5027293 (OS Build 19045.3155) Preview","http://support.microsoft.com/kb/5027293","No LDR Only available","No LDR Only available","No LDR Only available","rEX","23-06Rollup"
"Cryptsvc.dll","Dom_CRYPTO","6.2.19041.1","1","","RTM","5027293","","","","","","",""
"Cryptnet.dll","Dom_CRYPTO","6.2.19041.906","1","17-Jun-2023","GDR","5027293","June 27, 2023-KB5027293 (OS Build 19045.3155) Preview","http://support.microsoft.com/kb/5027293","No LDR Only available","No LDR Only available","No LDR Only available"," ","23-06Rollup"
"Wintrust.dll","Dom_CRYPTO","6.2.19041.2913","1","17-Jun-2023","GDR","5027293","June 27, 2023-KB5027293 (OS Build 19045.3155) Preview","http://support.microsoft.com/kb/5027293","No LDR Only available","No LDR Only available","No LDR Only available"," ","23-06Rollup"
"Cryptdll.dll","Dom_CRYPTO","6.2.19041.546","1","17-Jun-2023","GDR","5027293","June 27, 2023-KB5027293 (OS Build 19045.3155) Preview","http://support.microsoft.com/kb/5027293","No LDR Only available","No LDR Only available","No LDR Only available"," ","23-06Rollup"
"Cryptcatsvc.dll","Dom_CRYPTO","6.2.19041.508","1","17-Jun-2023","GDR","5027293","June 27, 2023-KB5027293 (OS Build 19045.3155) Preview","http://support.microsoft.com/kb/5027293","No LDR Only available","No LDR Only available","No LDR Only available"," ","23-06Rollup"
"5027293","Win201622H2_23-06_D_rollup_KB"," ","0","27-Jun-2023","GDR","5027293","June 27, 2023-KB5027293 (OS Build 19045.3155) Preview","http://support.microsoft.com/kb/5027293","No LDR Only available","No LDR Only available","No LDR Only available"," ","23-06Rollup"
