"Binary","Component","Version","Prio","Published","Branch","Article","Title","Link","LDROnlyKB","LDROnlyTitle","LDROnlyLink","Comment","RollupInfo"
"Ntoskrnl.exe","Core_Kernel","6.2.18362.2429","0","30-Apr-2022","GDR","5013945","May 10, 2022-KB5013945 (OS Build 18363.2274)","http://support.microsoft.com/kb/5013945","No LDR Only available","No LDR Only available","No LDR Only available"," ","22-05Rollup"
"Crashdmp.sys","Core_Kernel","6.2.18362.693","0","30-Apr-2022","GDR","5013945","May 10, 2022-KB5013945 (OS Build 18363.2274)","http://support.microsoft.com/kb/5013945","No LDR Only available","No LDR Only available","No LDR Only available"," ","22-05Rollup"
"Ntfs.sys","Core_FileSystem","6.2.18362.2395","0","30-Apr-2022","GDR","5013945","May 10, 2022-KB5013945 (OS Build 18363.2274)","http://support.microsoft.com/kb/5013945","No LDR Only available","No LDR Only available","No LDR Only available"," ","22-05Rollup"
"Robocopy.exe","Net_Applications","6.2.18362.2274","1","29-Apr-2022","GDR","5013945","May 10, 2022-KB5013945 (OS Build 18363.2274)","http://support.microsoft.com/kb/5013945","No LDR Only available","No LDR Only available","No LDR Only available"," ","22-05Rollup"
"srv.sys","Net_SMB_Server","6.2.18362.1679","0","29-Apr-2022","GDR","5013945","May 10, 2022-KB5013945 (OS Build 18363.2274)","http://support.microsoft.com/kb/5013945","No LDR Only available","No LDR Only available","No LDR Only available"," ","22-05Rollup"
"srv2.sys","Net_SMB_Server","6.2.18362.1766","0","29-Apr-2022","GDR","5013945","May 10, 2022-KB5013945 (OS Build 18363.2274)","http://support.microsoft.com/kb/5013945","No LDR Only available","No LDR Only available","No LDR Only available"," ","22-05Rollup"
"srvnet.sys","Net_SMB_Server","6.2.18362.2274","0","30-Apr-2022","GDR","5013945","May 10, 2022-KB5013945 (OS Build 18363.2274)","http://support.microsoft.com/kb/5013945","No LDR Only available","No LDR Only available","No LDR Only available"," ","22-05Rollup"
"Srvsvc.dll","Net_SMB_Server","6.2.18362.2274","0","30-Apr-2022","GDR","5013945","May 10, 2022-KB5013945 (OS Build 18363.2274)","http://support.microsoft.com/kb/5013945","No LDR Only available","No LDR Only available","No LDR Only available"," ","22-05Rollup"
"Mrxsmb.sys","Net_SMB_Client","6.2.18362.2212","0","30-Apr-2022","GDR","5013945","May 10, 2022-KB5013945 (OS Build 18363.2274)","http://support.microsoft.com/kb/5013945","No LDR Only available","No LDR Only available","No LDR Only available"," ","22-05Rollup"
"Mrxsmb10.sys","Net_SMB_Client","6.2.18362.2212","0","30-Apr-2022","GDR","5013945","May 10, 2022-KB5013945 (OS Build 18363.2274)","http://support.microsoft.com/kb/5013945","No LDR Only available","No LDR Only available","No LDR Only available"," ","22-05Rollup"
"Mrxsmb20.sys","Net_SMB_Client","6.2.18362.2212","0","22-Mar-22","GDR","5013945","May 10, 2022-KB5013945 (OS Build 18363.2274)","http://support.microsoft.com/kb/5013945","No LDR Only available","No LDR Only available","No LDR Only available"," ","22-05Rollup"
"Rdbss.sys","Net_SMB_Client","6.2.18362.1801","0","21-Sep-21","GDR","5013945","May 10, 2022-KB5013945 (OS Build 18363.2274)","http://support.microsoft.com/kb/5013945","No LDR Only available","No LDR Only available","No LDR Only available"," ","22-05Rollup"
"Netbt.sys","Net_SMB_Client","6.2.18362.1139","0","30-Apr-2022","GDR","5013945","May 10, 2022-KB5013945 (OS Build 18363.2274)","http://support.microsoft.com/kb/5013945","No LDR Only available","No LDR Only available","No LDR Only available"," ","22-05Rollup"
"Mup.sys","Net_SMB_Client","6.2.18362.1379","0","11-Feb-21","GDR","5013945","May 10, 2022-KB5013945 (OS Build 18363.2274)","http://support.microsoft.com/kb/5013945","No LDR Only available","No LDR Only available","No LDR Only available"," ","22-05Rollup"
"wkssvc.dll","Net_SMB_Client","6.2.18362.2037","0","30-Apr-2022","GDR","5013945","May 10, 2022-KB5013945 (OS Build 18363.2274)","http://support.microsoft.com/kb/5013945","No LDR Only available","No LDR Only available","No LDR Only available"," ","22-05Rollup"
"NtLanman.dll","Net_SMB_Client","6.2.18362.1379","0","30-Apr-2022","GDR","5013945","May 10, 2022-KB5013945 (OS Build 18363.2274)","http://support.microsoft.com/kb/5013945","No LDR Only available","No LDR Only available","No LDR Only available"," ","22-05Rollup"
"Tcpip.sys","Net_Protocol","6.2.18362.1977","0","30-Apr-2022","GDR","5013945","May 10, 2022-KB5013945 (OS Build 18363.2274)","http://support.microsoft.com/kb/5013945","No LDR Only available","No LDR Only available","No LDR Only available"," ","22-05Rollup"
"Afd.sys","Net_Protocol","6.2.18362.2344","0","30-Apr-2022","GDR","5013945","May 10, 2022-KB5013945 (OS Build 18363.2274)","http://support.microsoft.com/kb/5013945","No LDR Only available","No LDR Only available","No LDR Only available"," ","22-05Rollup"
"Netio.sys","Net_Protocol","6.2.18362.1832","0","30-Apr-2022","GDR","5013945","May 10, 2022-KB5013945 (OS Build 18363.2274)","http://support.microsoft.com/kb/5013945","No LDR Only available","No LDR Only available","No LDR Only available"," ","22-05Rollup"
"Ndis.sys","Net_Protocol","6.2.18362.1533","0","29-Apr-2022","GDR","5013945","May 10, 2022-KB5013945 (OS Build 18363.2274)","http://support.microsoft.com/kb/5013945","No LDR Only available","No LDR Only available","No LDR Only available"," ","22-05Rollup"
"Tdx.sys","Net_Protocol","6.2.18362.1801","0","21-Sep-21","GDR","5013945","May 10, 2022-KB5013945 (OS Build 18363.2274)","http://support.microsoft.com/kb/5013945","No LDR Only available","No LDR Only available","No LDR Only available"," ","22-05Rollup"
"Iphlpapi.dll","Net_Protocol","6.2.18362.1832","0","30-Apr-2022","GDR","5013945","May 10, 2022-KB5013945 (OS Build 18363.2274)","http://support.microsoft.com/kb/5013945","No LDR Only available","No LDR Only available","No LDR Only available"," ","22-05Rollup"
"Tunnel.sys","Net_IPv6","6.2.18362.476","1","29-Apr-2022","GDR","5013945","May 10, 2022-KB5013945 (OS Build 18363.2274)","http://support.microsoft.com/kb/5013945","No LDR Only available","No LDR Only available","No LDR Only available"," ","22-05Rollup"
"Dhcpcore6.dll","Net_IPv6","6.2.18362.1171","1","29-Apr-2022","GDR","5013945","May 10, 2022-KB5013945 (OS Build 18363.2274)","http://support.microsoft.com/kb/5013945","No LDR Only available","No LDR Only available","No LDR Only available"," ","22-05Rollup"
"Dhcpcsvc6.dll","Net_IPv6","6.2.18362.1171","1","29-Apr-2022","GDR","5013945","May 10, 2022-KB5013945 (OS Build 18363.2274)","http://support.microsoft.com/kb/5013945","No LDR Only available","No LDR Only available","No LDR Only available"," ","22-05Rollup"
"Nlasvc.dll","Net_NLA","6.2.18362.1714","0","29-Apr-2022","GDR","5013945","May 10, 2022-KB5013945 (OS Build 18363.2274)","http://support.microsoft.com/kb/5013945","No LDR Only available","No LDR Only available","No LDR Only available"," ","22-05Rollup"
"Ncsi.dll","Net_NLA","6.2.18362.1714","0","30-Apr-2022","GDR","5013945","May 10, 2022-KB5013945 (OS Build 18363.2274)","http://support.microsoft.com/kb/5013945","No LDR Only available","No LDR Only available","No LDR Only available"," ","22-05Rollup"
"Nlaapi.dll","Net_NLA","6.2.18362.1714","0","30-Apr-2022","GDR","5013945","May 10, 2022-KB5013945 (OS Build 18363.2274)","http://support.microsoft.com/kb/5013945","No LDR Only available","No LDR Only available","No LDR Only available"," ","22-05Rollup"
"Msv1_0.dll","Dom_NTLM","6.2.18362.2429","1","30-Apr-2022","GDR","5013945","May 10, 2022-KB5013945 (OS Build 18363.2274)","http://support.microsoft.com/kb/5013945","No LDR Only available","No LDR Only available","No LDR Only available"," ","22-05Rollup"
"rpcxdr.sys","Net_NFS_Srv","6.2.18362.2212","0","29-Apr-2022","GDR","5013945","May 10, 2022-KB5013945 (OS Build 18363.2274)","http://support.microsoft.com/kb/5013945","No LDR Only available","No LDR Only available","No LDR Only available"," ","22-05Rollup"
"Csc.sys","Net_CSC_Offline","6.2.18362.1766","1","29-Apr-2022","GDR","5013945","May 10, 2022-KB5013945 (OS Build 18363.2274)","http://support.microsoft.com/kb/5013945","No LDR Only available","No LDR Only available","No LDR Only available"," ","22-05Rollup"
"Cscsvc.dll","Net_CSC_Offline","6.2.18362.1556","1","29-Apr-2022","GDR","5013945","May 10, 2022-KB5013945 (OS Build 18363.2274)","http://support.microsoft.com/kb/5013945","No LDR Only available","No LDR Only available","No LDR Only available"," ","22-05Rollup"
"Cscmig.dll","Net_CSC_Offline","6.2.18362.1766","1","14-Dec-21","GDR","5013945","May 10, 2022-KB5013945 (OS Build 18363.2274)","http://support.microsoft.com/kb/5013945","No LDR Only available","No LDR Only available","No LDR Only available"," ","22-05Rollup"
"Cscui.dll","Net_CSC_Offline","6.2.18362.628","1","29-Apr-2022","GDR","5013945","May 10, 2022-KB5013945 (OS Build 18363.2274)","http://support.microsoft.com/kb/5013945","No LDR Only available","No LDR Only available","No LDR Only available"," ","22-05Rollup"
"Mrxdav.sys","Net_WebDAV","6.2.18362.1832","1","29-Apr-2022","GDR","5013945","May 10, 2022-KB5013945 (OS Build 18363.2274)","http://support.microsoft.com/kb/5013945","No LDR Only available","No LDR Only available","No LDR Only available"," ","22-05Rollup"
"Webclnt.dll","Net_WebDAV","6.2.18362.1832","1","29-Apr-2022","GDR","5013945","May 10, 2022-KB5013945 (OS Build 18363.2274)","http://support.microsoft.com/kb/5013945","No LDR Only available","No LDR Only available","No LDR Only available"," ","22-05Rollup"
"Shell32.dll","Net_WebDAV","6.2.18362.2274","1","29-Apr-2022","GDR","5013945","May 10, 2022-KB5013945 (OS Build 18363.2274)","http://support.microsoft.com/kb/5013945","No LDR Only available","No LDR Only available","No LDR Only available"," ","22-05Rollup"
"Winhttp.dll","Net_WebDAV","6.2.18362.1645","1","30-Apr-2022","GDR","5013945","May 10, 2022-KB5013945 (OS Build 18363.2274)","http://support.microsoft.com/kb/5013945","No LDR Only available","No LDR Only available","No LDR Only available"," ","22-05Rollup"
"Dfsc.sys","Net_DFS-N_Client","6.2.18362.1379","0","30-Apr-2022","GDR","5013945","May 10, 2022-KB5013945 (OS Build 18363.2274)","http://support.microsoft.com/kb/5013945","No LDR Only available","No LDR Only available","No LDR Only available"," ","22-05Rollup"
"Dhcpcore.dll","Net_DHCP_Client","6.2.18362.1171","1","29-Apr-2022","GDR","5013945","May 10, 2022-KB5013945 (OS Build 18363.2274)","http://support.microsoft.com/kb/5013945","No LDR Only available","No LDR Only available","No LDR Only available"," ","22-05Rollup"
"Dhcpcsvc.dll","Net_DHCP_Client","6.2.18362.1171","1","29-Apr-2022","GDR","5013945","May 10, 2022-KB5013945 (OS Build 18363.2274)","http://support.microsoft.com/kb/5013945","No LDR Only available","No LDR Only available","No LDR Only available"," ","22-05Rollup"
"Gpprefcl.dll","Dom_GPP","6.2.18362.959","1","29-Apr-2022","GDR","5013945","May 10, 2022-KB5013945 (OS Build 18363.2274)","http://support.microsoft.com/kb/5013945","No LDR Only available","No LDR Only available","No LDR Only available"," ","22-05Rollup"
"Gpme.dll","Dom_GPP","6.2.18362.1139","1","29-Apr-2022","GDR","5013945","May 10, 2022-KB5013945 (OS Build 18363.2274)","http://support.microsoft.com/kb/5013945","No LDR Only available","No LDR Only available","No LDR Only available"," ","22-05Rollup"
"Gppref.dll","Dom_GPP","6.2.18362.1316","1","29-Apr-2022","GDR","5013945","May 10, 2022-KB5013945 (OS Build 18363.2274)","http://support.microsoft.com/kb/5013945","No LDR Only available","No LDR Only available","No LDR Only available"," ","22-05Rollup"
"Gpprefbr.dll","Dom_GPP","6.2.18362.1316","1","30-Apr-2022","GDR","5013945","May 10, 2022-KB5013945 (OS Build 18363.2274)","http://support.microsoft.com/kb/5013945","No LDR Only available","No LDR Only available","No LDR Only available"," ","22-05Rollup"
"Gpprefcn.dll","Dom_GPP","6.2.18362.1316","1","29-Apr-2022","GDR","5013945","May 10, 2022-KB5013945 (OS Build 18363.2274)","http://support.microsoft.com/kb/5013945","No LDR Only available","No LDR Only available","No LDR Only available"," ","22-05Rollup"
"Gpregistrybrowser.dll","Dom_GPP","6.2.18362.1316","1","30-Apr-2022","GDR","5013945","May 10, 2022-KB5013945 (OS Build 18363.2274)","http://support.microsoft.com/kb/5013945","No LDR Only available","No LDR Only available","No LDR Only available"," ","22-05Rollup"
"Propshts.dll","Dom_GPP","6.2.18362.1316","1","29-Apr-2022","GDR","5013945","May 10, 2022-KB5013945 (OS Build 18363.2274)","http://support.microsoft.com/kb/5013945","No LDR Only available","No LDR Only available","No LDR Only available"," ","22-05Rollup"
"Profsvc.dll","Dom_ProfProc","6.2.18362.2037","1","29-Apr-2022","GDR","5013945","May 10, 2022-KB5013945 (OS Build 18363.2274)","http://support.microsoft.com/kb/5013945","No LDR Only available","No LDR Only available","No LDR Only available"," ","22-05Rollup"
"Kerberos.dll","Dom_KERBEROS","6.2.18362.2429","0","30-Apr-2022","GDR","5013945","May 10, 2022-KB5013945 (OS Build 18363.2274)","http://support.microsoft.com/kb/5013945","No LDR Only available","No LDR Only available","No LDR Only available"," ","22-05Rollup"
"Nfsclnt.exe","Net_NFS_Client","6.2.18362.1714","1","29-Apr-2022","GDR","5013945","May 10, 2022-KB5013945 (OS Build 18363.2274)","http://support.microsoft.com/kb/5013945","No LDR Only available","No LDR Only available","No LDR Only available"," ","22-05Rollup"
"Nfsrdr.sys","Net_NFS_Client","6.2.18362.1714","1","30-Apr-2022","GDR","5013945","May 10, 2022-KB5013945 (OS Build 18363.2274)","http://support.microsoft.com/kb/5013945","No LDR Only available","No LDR Only available","No LDR Only available"," ","22-05Rollup"
"dnsapi.dll","Net_DNS_Client","6.2.18362.2158","1","29-Apr-2022","GDR","5013945","May 10, 2022-KB5013945 (OS Build 18363.2274)","http://support.microsoft.com/kb/5013945","No LDR Only available","No LDR Only available","No LDR Only available"," ","22-05Rollup"
"dnsrslvr.dll","Net_DNS_Client","6.2.18362.2158","1","29-Apr-2022","GDR","5013945","May 10, 2022-KB5013945 (OS Build 18363.2274)","http://support.microsoft.com/kb/5013945","No LDR Only available","No LDR Only available","No LDR Only available"," ","22-05Rollup"
"Dnscacheugc.exe","Net_DNS_Client","6.2.18362.1139","1","30-Apr-2022","GDR","5013945","May 10, 2022-KB5013945 (OS Build 18363.2274)","http://support.microsoft.com/kb/5013945","No LDR Only available","No LDR Only available","No LDR Only available"," ","22-05Rollup"
"Rpcss.dll","Net_RPC","6.2.18362.2344","1","30-Apr-2022","GDR","5013945","May 10, 2022-KB5013945 (OS Build 18363.2274)","http://support.microsoft.com/kb/5013945","No LDR Only available","No LDR Only available","No LDR Only available"," ","22-05Rollup"
"Rpcrt4.dll","Net_RPC","6.2.18362.2274","1","30-Apr-2022","GDR","5013945","May 10, 2022-KB5013945 (OS Build 18363.2274)","http://support.microsoft.com/kb/5013945","No LDR Only available","No LDR Only available","No LDR Only available"," ","22-05Rollup"
"Bfe.dll","Net_Ipsec_BFE","6.2.18362.2158","1","29-Apr-2022","GDR","5013945","May 10, 2022-KB5013945 (OS Build 18363.2274)","http://support.microsoft.com/kb/5013945","No LDR Only available","No LDR Only available","No LDR Only available"," ","22-05Rollup"
"Ikeext.dll","Net_Ipsec_BFE","6.2.18362.2158","1","29-Apr-2022","GDR","5013945","May 10, 2022-KB5013945 (OS Build 18363.2274)","http://support.microsoft.com/kb/5013945","No LDR Only available","No LDR Only available","No LDR Only available"," ","22-05Rollup"
"Fwpuclnt.dll","Net_Ipsec_BFE","6.2.18362.2158","1","22-Mar-22","GDR","5013945","May 10, 2022-KB5013945 (OS Build 18363.2274)","http://support.microsoft.com/kb/5013945","No LDR Only available","No LDR Only available","No LDR Only available"," ","22-05Rollup"
"Iphlpsvc.dll","Net_DirectAccess_Client","6.2.18362.1977","1","14-Dec-21","GDR","5013945","May 10, 2022-KB5013945 (OS Build 18363.2274)","http://support.microsoft.com/kb/5013945","No LDR Only available","No LDR Only available","No LDR Only available"," ","22-05Rollup"
"Netcorehc.dll","Net_DirectAccess_Client","6.2.18362.1316","1","30-Apr-2022","GDR","5013945","May 10, 2022-KB5013945 (OS Build 18363.2274)","http://support.microsoft.com/kb/5013945","No LDR Only available","No LDR Only available","No LDR Only available"," ","22-05Rollup"
"Rdpcore.dll","Net_DirectAccess_Client","6.2.18362.1316","1","30-Apr-2022","GDR","5013945","May 10, 2022-KB5013945 (OS Build 18363.2274)","http://support.microsoft.com/kb/5013945","No LDR Only available","No LDR Only available","No LDR Only available"," ","22-05Rollup"
"dot3svc.dll","Net_IEEE802.1x","6.2.18362.1645","1","29-Apr-2022","GDR","5013945","May 10, 2022-KB5013945 (OS Build 18363.2274)","http://support.microsoft.com/kb/5013945","No LDR Only available","No LDR Only available","No LDR Only available"," ","22-05Rollup"
"Rastls.dll","Net_IEEE802.1x","6.2.18362.2037","1","29-Apr-2022","GDR","5013945","May 10, 2022-KB5013945 (OS Build 18363.2274)","http://support.microsoft.com/kb/5013945","No LDR Only available","No LDR Only available","No LDR Only available"," ","22-05Rollup"
"wlansvc.dll","Net_WLAN_Client","6.2.18362.2274","1","29-Apr-2022","GDR","5013945","May 10, 2022-KB5013945 (OS Build 18363.2274)","http://support.microsoft.com/kb/5013945","No LDR Only available","No LDR Only available","No LDR Only available"," ","22-05Rollup"
"wlanmsm.dll","Net_WLAN_Client","6.2.18362.2274","1","29-Apr-2022","GDR","5013945","May 10, 2022-KB5013945 (OS Build 18363.2274)","http://support.microsoft.com/kb/5013945","No LDR Only available","No LDR Only available","No LDR Only available"," ","22-05Rollup"
"wlanapi.dll","Net_WLAN_Client","6.2.18362.2274","1","30-Apr-2022","GDR","5013945","May 10, 2022-KB5013945 (OS Build 18363.2274)","http://support.microsoft.com/kb/5013945","No LDR Only available","No LDR Only available","No LDR Only available"," ","22-05Rollup"
"wlansec.dll","Net_WLAN_Client","6.2.18362.2274","1","29-Apr-2022","GDR","5013945","May 10, 2022-KB5013945 (OS Build 18363.2274)","http://support.microsoft.com/kb/5013945","No LDR Only available","No LDR Only available","No LDR Only available"," ","22-05Rollup"
"wlansvcpal.dll","Net_WLAN_Client","6.2.18362.2274","1","29-Apr-2022","GDR","5013945","May 10, 2022-KB5013945 (OS Build 18363.2274)","http://support.microsoft.com/kb/5013945","No LDR Only available","No LDR Only available","No LDR Only available"," ","22-05Rollup"
"wlanhlp.dll","Net_WLAN_Client","6.2.18362.2274","1","30-Apr-2022","GDR","5013945","May 10, 2022-KB5013945 (OS Build 18363.2274)","http://support.microsoft.com/kb/5013945","No LDR Only available","No LDR Only available","No LDR Only available"," ","22-05Rollup"
"Netcfgx.dll","Net_Config","6.2.18362.1316","1","29-Apr-2022","GDR","5013945","May 10, 2022-KB5013945 (OS Build 18363.2274)","http://support.microsoft.com/kb/5013945","No LDR Only available","No LDR Only available","No LDR Only available"," ","22-05Rollup"
"Rasapi32.dll","HNV_Net","6.2.18362.1474","1","29-Apr-2022","GDR","5013945","May 10, 2022-KB5013945 (OS Build 18363.2274)","http://support.microsoft.com/kb/5013945","No LDR Only available","No LDR Only available","No LDR Only available"," ","22-05Rollup"
"WebIo.dll","Net_BranchCache","6.2.18362.628","1","30-Apr-2022","GDR","5013945","May 10, 2022-KB5013945 (OS Build 18363.2274)","http://support.microsoft.com/kb/5013945","No LDR Only available","No LDR Only available","No LDR Only available"," ","22-05Rollup"
"MpsSvc.dll","Net_Firewall","6.2.18362.1854","1","29-Apr-2022","GDR","5013945","May 10, 2022-KB5013945 (OS Build 18363.2274)","http://support.microsoft.com/kb/5013945","No LDR Only available","No LDR Only available","No LDR Only available"," ","22-05Rollup"
"qmgr.dll","Net_BiTS","7.8.18362.1316","1","30-Apr-2022","GDR","5013945","May 10, 2022-KB5013945 (OS Build 18363.2274)","http://support.microsoft.com/kb/5013945","No LDR Only available","No LDR Only available","No LDR Only available"," ","22-05Rollup"
"Vmswitch.sys","Hyper-V_Net","6.2.18362.2274","1","29-Apr-2022","GDR","5013945","May 10, 2022-KB5013945 (OS Build 18363.2274)","http://support.microsoft.com/kb/5013945","No LDR Only available","No LDR Only available","No LDR Only available"," ","22-05Rollup"
"Ndisimplatform.sys","Hyper-V_Net","6.2.18362.693","1","29-Apr-2022","GDR","5013945","May 10, 2022-KB5013945 (OS Build 18363.2274)","http://support.microsoft.com/kb/5013945","No LDR Only available","No LDR Only available","No LDR Only available"," ","22-05Rollup"
"Vmms.exe","Hyper-V_Net","6.2.18362.1500","1","30-Apr-2022","GDR","5013945","May 10, 2022-KB5013945 (OS Build 18363.2274)","http://support.microsoft.com/kb/5013945","No LDR Only available","No LDR Only available","No LDR Only available"," ","22-05Rollup"
"Winnat.sys","Hyper-V_Net","6.2.18362.1854","1","29-Apr-2022","GDR","5013945","May 10, 2022-KB5013945 (OS Build 18363.2274)","http://support.microsoft.com/kb/5013945","No LDR Only available","No LDR Only available","No LDR Only available"," ","22-05Rollup"
"Wmisvc.dll","Hyper-V_Net","6.2.18362.1411","1","30-Apr-2022","GDR","5013945","May 10, 2022-KB5013945 (OS Build 18363.2274)","http://support.microsoft.com/kb/5013945","No LDR Only available","No LDR Only available","No LDR Only available"," ","22-05Rollup"
"Vmbus.sys","Hyper-V_Net","6.2.18362.2037","1","29-Apr-2022","GDR","5013945","May 10, 2022-KB5013945 (OS Build 18363.2274)","http://support.microsoft.com/kb/5013945","No LDR Only available","No LDR Only available","No LDR Only available"," ","22-05Rollup"
"WorkFolders.exe","Net_WorkFolders","6.2.18362.2212","1","30-Apr-2022","GDR","5013945","May 10, 2022-KB5013945 (OS Build 18363.2274)","http://support.microsoft.com/kb/5013945","No LDR Only available","No LDR Only available","No LDR Only available"," ","22-05Rollup"
"WorkFoldersshell.dll","Net_WorkFolders","6.2.18362.2212","1","29-Apr-2022","GDR","5013945","May 10, 2022-KB5013945 (OS Build 18363.2274)","http://support.microsoft.com/kb/5013945","No LDR Only available","No LDR Only available","No LDR Only available"," ","22-05Rollup"
"WorkFolderssvc.dll","Net_WorkFolders","6.2.18362.2212","1","29-Apr-2022","GDR","5013945","May 10, 2022-KB5013945 (OS Build 18363.2274)","http://support.microsoft.com/kb/5013945","No LDR Only available","No LDR Only available","No LDR Only available"," ","22-05Rollup"
"WorkFolderscontrol.dll","Net_WorkFolders","6.2.18362.2212","1","30-Apr-2022","GDR","5013945","May 10, 2022-KB5013945 (OS Build 18363.2274)","http://support.microsoft.com/kb/5013945","No LDR Only available","No LDR Only available","No LDR Only available"," ","22-05Rollup"
"5004748","Win2016_1909_21-07_SSU_KB"," ","0","15-Jun-2021","GDR","5004748","KB5004748: Servicing stack update for Windows 10, version 1909: July 13, 2021","http://support.microsoft.com/kb/5004748","No LDR Only available","No LDR Only available","No LDR Only available"," ","No Rollup"
"5013945","Win201619H2_22-05_B_rollup_KB"," ","0","10-May-2022","GDR","5013945","May 10, 2022-KB5013945 (OS Build 18363.2274)","http://support.microsoft.com/kb/5013945","No LDR Only available","No LDR Only available","No LDR Only available"," ","22-05Rollup"
