"Binary","Component","Version","Prio","Published","Branch","Article","Title","Link","LDROnlyKB","LDROnlyTitle","LDROnlyLink","Comment","RollupInfo"
"Robocopy.exe","Net_Applications","6.2.22000.1516","1","02-Feb-2023","GDR","5022836","February 14, 2023-KB5022836 (OS Build 22000.1574)","http://support.microsoft.com/kb/5022836","No LDR Only available","No LDR Only available","No LDR Only available"," ","23-02Rollup"
"srv.sys","Net_SMB_Server","6.2.22000.1165","0","02-Feb-2023","GDR","5022836","February 14, 2023-KB5022836 (OS Build 22000.1574)","http://support.microsoft.com/kb/5022836","No LDR Only available","No LDR Only available","No LDR Only available"," ","23-02Rollup"
"srv2.sys","Net_SMB_Server","6.2.22000.1516","0","02-Feb-2023","GDR","5022836","February 14, 2023-KB5022836 (OS Build 22000.1574)","http://support.microsoft.com/kb/5022836","No LDR Only available","No LDR Only available","No LDR Only available"," ","23-02Rollup"
"srvnet.sys","Net_SMB_Server","6.2.22000.1165","0","02-Feb-2023","GDR","5022836","February 14, 2023-KB5022836 (OS Build 22000.1574)","http://support.microsoft.com/kb/5022836","No LDR Only available","No LDR Only available","No LDR Only available"," ","23-02Rollup"
"Srvsvc.dll","Net_SMB_Server","6.2.22000.1219","0","02-Feb-2023","GDR","5022836","February 14, 2023-KB5022836 (OS Build 22000.1574)","http://support.microsoft.com/kb/5022836","No LDR Only available","No LDR Only available","No LDR Only available"," ","23-02Rollup"
"Mrxsmb.sys","Net_SMB_Client","6.2.22000.1516","0","02-Feb-2023","GDR","5022836","February 14, 2023-KB5022836 (OS Build 22000.1574)","http://support.microsoft.com/kb/5022836","No LDR Only available","No LDR Only available","No LDR Only available"," ","23-02Rollup"
"Mrxsmb10.sys","Net_SMB_Client","6.2.22000.1516","0","02-Feb-2023","GDR","5022836","February 14, 2023-KB5022836 (OS Build 22000.1574)","http://support.microsoft.com/kb/5022836","No LDR Only available","No LDR Only available","No LDR Only available"," ","23-02Rollup"
"Mrxsmb20.sys","Net_SMB_Client","6.2.22000.1516","0","02-Feb-2023","GDR","5022836","February 14, 2023-KB5022836 (OS Build 22000.1574)","http://support.microsoft.com/kb/5022836","No LDR Only available","No LDR Only available","No LDR Only available"," ","23-02Rollup"
"Rdbss.sys","Net_SMB_Client","6.2.22000.1516","0","02-Feb-2023","GDR","5022836","February 14, 2023-KB5022836 (OS Build 22000.1574)","http://support.microsoft.com/kb/5022836","No LDR Only available","No LDR Only available","No LDR Only available"," ","23-02Rollup"
"Netbt.sys","Net_SMB_Client","6.2.22000.1","0","","RTM","5022836","","","","","","",""
"Mup.sys","Net_SMB_Client","6.2.22000.1","0","","RTM","5022836","","","","","","",""
"wkssvc.dll","Net_SMB_Client","6.2.22000.1516","0","02-Feb-2023","GDR","5022836","February 14, 2023-KB5022836 (OS Build 22000.1574)","http://support.microsoft.com/kb/5022836","No LDR Only available","No LDR Only available","No LDR Only available"," ","23-02Rollup"
"Mpr.dll","Net_SMB_Client","6.2.22000.778","0","02-Feb-2023","GDR","5022836","February 14, 2023-KB5022836 (OS Build 22000.1574)","http://support.microsoft.com/kb/5022836","No LDR Only available","No LDR Only available","No LDR Only available"," ","23-02Rollup"
"NtLanman.dll","Net_SMB_Client","6.2.22000.1574","0","30-Jan-2023","GDR","5022836","February 14, 2023-KB5022836 (OS Build 22000.1574)","http://support.microsoft.com/kb/5022836","No LDR Only available","No LDR Only available","No LDR Only available"," ","23-02Rollup"
"Tcpip.sys","Net_Protocol","6.2.22000.1574","0","30-Jan-2023","GDR","5022836","February 14, 2023-KB5022836 (OS Build 22000.1574)","http://support.microsoft.com/kb/5022836","No LDR Only available","No LDR Only available","No LDR Only available"," ","23-02Rollup"
"Afd.sys","Net_Protocol","6.2.22000.1455","0","02-Feb-2023","GDR","5022836","February 14, 2023-KB5022836 (OS Build 22000.1574)","http://support.microsoft.com/kb/5022836","No LDR Only available","No LDR Only available","No LDR Only available"," ","23-02Rollup"
"Netio.sys","Net_Protocol","6.2.22000.1516","0","02-Feb-2023","GDR","5022836","February 14, 2023-KB5022836 (OS Build 22000.1574)","http://support.microsoft.com/kb/5022836","No LDR Only available","No LDR Only available","No LDR Only available"," ","23-02Rollup"
"Ndis.sys","Net_Protocol","6.2.22000.1281","0","02-Feb-2023","GDR","5022836","February 14, 2023-KB5022836 (OS Build 22000.1574)","http://support.microsoft.com/kb/5022836","No LDR Only available","No LDR Only available","No LDR Only available"," ","23-02Rollup"
"Netiohlp.dll","Net_Protocol","6.2.22000.1165","0","02-Feb-2023","GDR","5022836","February 14, 2023-KB5022836 (OS Build 22000.1574)","http://support.microsoft.com/kb/5022836","No LDR Only available","No LDR Only available","No LDR Only available"," ","23-02Rollup"
"Tdx.sys","Net_Protocol","6.2.22000.194","0","02-Feb-2023","GDR","5022836","February 14, 2023-KB5022836 (OS Build 22000.1574)","http://support.microsoft.com/kb/5022836","No LDR Only available","No LDR Only available","No LDR Only available"," ","23-02Rollup"
"Iphlpapi.dll","Net_Protocol","6.2.22000.282","0","02-Feb-2023","GDR","5022836","February 14, 2023-KB5022836 (OS Build 22000.1574)","http://support.microsoft.com/kb/5022836","No LDR Only available","No LDR Only available","No LDR Only available"," ","23-02Rollup"
"Tunnel.sys","Net_IPv6","6.2.22000.1165","1","02-Feb-2023","GDR","5022836","February 14, 2023-KB5022836 (OS Build 22000.1574)","http://support.microsoft.com/kb/5022836","No LDR Only available","No LDR Only available","No LDR Only available"," ","23-02Rollup"
"Dhcpcore6.dll","Net_IPv6","6.2.22000.1098","1","02-Feb-2023","GDR","5022836","February 14, 2023-KB5022836 (OS Build 22000.1574)","http://support.microsoft.com/kb/5022836","No LDR Only available","No LDR Only available","No LDR Only available"," ","23-02Rollup"
"Dhcpcsvc6.dll","Net_IPv6","6.2.22000.1098","1","02-Feb-2023","GDR","5022836","February 14, 2023-KB5022836 (OS Build 22000.1574)","http://support.microsoft.com/kb/5022836","No LDR Only available","No LDR Only available","No LDR Only available"," ","23-02Rollup"
"Nlasvc.dll","Net_NLA","6.2.22000.1","0","","RTM","5022836","","","","","","",""
"Ncsi.dll","Net_NLA","6.2.22000.1281","0","02-Feb-2023","GDR","5022836","February 14, 2023-KB5022836 (OS Build 22000.1574)","http://support.microsoft.com/kb/5022836","No LDR Only available","No LDR Only available","No LDR Only available"," ","23-02Rollup"
"Nlaapi.dll","Net_NLA","6.2.22000.1281","0","13-Dec-2022","GDR","5022836","February 14, 2023-KB5022836 (OS Build 22000.1574)","http://support.microsoft.com/kb/5022836","No LDR Only available","No LDR Only available","No LDR Only available","rEX","23-02Rollup"
"Dns.exe","Net_DNS_Srv","6.2.22000.1","0","","RTM","5022836","","","","","","",""
"Dhcpssvc.dll","Net_DHCP_Srv","6.2.22000.1","0","","RTM","5022836","","","","","","",""
"Dfssvc.exe","Net_DFS-N_Srv","6.2.22000.1","0","","RTM","5022836","","","","","","",""
"Nfssvc.exe","Net_NFS_Srv","6.2.22000.1","0","","RTM","5022836","","","","","","",""
"Nfssvr.sys","Net_NFS_Srv","6.2.22000.1","0","","RTM","5022836","","","","","","",""
"Msnfsflt.sys","Net_NFS_Srv","6.2.22000.1","0","","RTM","5022836","","","","","","",""
"portmap.sys","Net_NFS_Srv","6.2.22000.1","0","","RTM","5022836","","","","","","",""
"rpcxdr.sys","Net_NFS_Srv","6.2.22000.795","0","02-Feb-2023","GDR","5022836","February 14, 2023-KB5022836 (OS Build 22000.1574)","http://support.microsoft.com/kb/5022836","No LDR Only available","No LDR Only available","No LDR Only available"," ","23-02Rollup"
"Nlb.sys","Net_NLB_Srv","6.2.22000.1","0","","RTM","5022836","","","","","","",""
"Csc.sys","Net_CSC_Offline","6.2.22000.918","1","02-Feb-2023","GDR","5022836","February 14, 2023-KB5022836 (OS Build 22000.1574)","http://support.microsoft.com/kb/5022836","No LDR Only available","No LDR Only available","No LDR Only available"," ","23-02Rollup"
"Cscapi.dll","Net_CSC_Offline","6.2.22000.51","1","02-Feb-2023","GDR","5022836","February 14, 2023-KB5022836 (OS Build 22000.1574)","http://support.microsoft.com/kb/5022836","No LDR Only available","No LDR Only available","No LDR Only available"," ","23-02Rollup"
"Cscdll.dll","Net_CSC_Offline","6.2.22000.51","1","02-Feb-2023","GDR","5022836","February 14, 2023-KB5022836 (OS Build 22000.1574)","http://support.microsoft.com/kb/5022836","No LDR Only available","No LDR Only available","No LDR Only available"," ","23-02Rollup"
"Cscsvc.dll","Net_CSC_Offline","6.2.22000.1042","1","02-Feb-2023","GDR","5022836","February 14, 2023-KB5022836 (OS Build 22000.1574)","http://support.microsoft.com/kb/5022836","No LDR Only available","No LDR Only available","No LDR Only available"," ","23-02Rollup"
"Cscmig.dll","Net_CSC_Offline","6.2.22000.918","1","02-Feb-2023","GDR","5022836","February 14, 2023-KB5022836 (OS Build 22000.1574)","http://support.microsoft.com/kb/5022836","No LDR Only available","No LDR Only available","No LDR Only available"," ","23-02Rollup"
"Cscui.dll","Net_CSC_Offline","6.2.22000.51","1","02-Feb-2023","GDR","5022836","February 14, 2023-KB5022836 (OS Build 22000.1574)","http://support.microsoft.com/kb/5022836","No LDR Only available","No LDR Only available","No LDR Only available"," ","23-02Rollup"
"Mrxdav.sys","Net_WebDAV","6.2.22000.653","1","09-Aug-2022","GDR","5022836","February 14, 2023-KB5022836 (OS Build 22000.1574)","http://support.microsoft.com/kb/5022836","No LDR Only available","No LDR Only available","No LDR Only available","rEX","23-02Rollup"
"Webclnt.dll","Net_WebDAV","6.2.22000.653","1","13-Sep-2022","GDR","5022836","February 14, 2023-KB5022836 (OS Build 22000.1574)","http://support.microsoft.com/kb/5022836","No LDR Only available","No LDR Only available","No LDR Only available","rEX","23-02Rollup"
"Davclnt.dll","Net_WebDAV","6.2.22000.1516","1","02-Feb-2023","GDR","5022836","February 14, 2023-KB5022836 (OS Build 22000.1574)","http://support.microsoft.com/kb/5022836","No LDR Only available","No LDR Only available","No LDR Only available"," ","23-02Rollup"
"Shell32.dll","Net_WebDAV","6.2.22000.1516","1","02-Feb-2023","GDR","5022836","February 14, 2023-KB5022836 (OS Build 22000.1574)","http://support.microsoft.com/kb/5022836","No LDR Only available","No LDR Only available","No LDR Only available"," ","23-02Rollup"
"Winhttp.dll","Net_WebDAV","6.2.22000.1165","1","02-Feb-2023","GDR","5022836","February 14, 2023-KB5022836 (OS Build 22000.1574)","http://support.microsoft.com/kb/5022836","No LDR Only available","No LDR Only available","No LDR Only available"," ","23-02Rollup"
"Dfsc.sys","Net_DFS-N_Client","6.2.22000.1574","0","30-Jan-2023","GDR","5022836","February 14, 2023-KB5022836 (OS Build 22000.1574)","http://support.microsoft.com/kb/5022836","No LDR Only available","No LDR Only available","No LDR Only available"," ","23-02Rollup"
"Dhcpcore.dll","Net_DHCP_Client","6.2.22000.1098","1","02-Feb-2023","GDR","5022836","February 14, 2023-KB5022836 (OS Build 22000.1574)","http://support.microsoft.com/kb/5022836","No LDR Only available","No LDR Only available","No LDR Only available"," ","23-02Rollup"
"Dhcpcsvc.dll","Net_DHCP_Client","6.2.22000.1098","1","02-Feb-2023","GDR","5022836","February 14, 2023-KB5022836 (OS Build 22000.1574)","http://support.microsoft.com/kb/5022836","No LDR Only available","No LDR Only available","No LDR Only available"," ","23-02Rollup"
"Nfsclnt.exe","Net_NFS_Client","6.2.22000.653","1","02-Feb-2023","GDR","5022836","February 14, 2023-KB5022836 (OS Build 22000.1574)","http://support.microsoft.com/kb/5022836","No LDR Only available","No LDR Only available","No LDR Only available"," ","23-02Rollup"
"Nfsnp.dll","Net_NFS_Client","6.2.22000.653","1","02-Feb-2023","GDR","5022836","February 14, 2023-KB5022836 (OS Build 22000.1574)","http://support.microsoft.com/kb/5022836","No LDR Only available","No LDR Only available","No LDR Only available"," ","23-02Rollup"
"Nfsrdr.sys","Net_NFS_Client","6.2.22000.653","1","02-Feb-2023","GDR","5022836","February 14, 2023-KB5022836 (OS Build 22000.1574)","http://support.microsoft.com/kb/5022836","No LDR Only available","No LDR Only available","No LDR Only available"," ","23-02Rollup"
"Psxdll.dll","Net_Posix","6.2.22000.1","1","","RTM","5022836","","","","","","",""
"Psxdllsvr.dll","Net_Posix","6.2.22000.1","1","","RTM","5022836","","","","","","",""
"Psxss.exe","Net_Posix","6.2.22000.1","1","","RTM","5022836","","","","","","",""
"Posix.exe","Net_Posix","6.2.22000.1","1","","RTM","5022836","","","","","","",""
"dnsapi.dll","Net_DNS_Client","6.2.22000.1516","1","02-Feb-2023","GDR","5022836","February 14, 2023-KB5022836 (OS Build 22000.1574)","http://support.microsoft.com/kb/5022836","No LDR Only available","No LDR Only available","No LDR Only available"," ","23-02Rollup"
"dnsrslvr.dll","Net_DNS_Client","6.2.22000.1516","1","02-Feb-2023","GDR","5022836","February 14, 2023-KB5022836 (OS Build 22000.1574)","http://support.microsoft.com/kb/5022836","No LDR Only available","No LDR Only available","No LDR Only available"," ","23-02Rollup"
"Dnscacheugc.exe","Net_DNS_Client","6.2.22000.653","1","02-Feb-2023","GDR","5022836","February 14, 2023-KB5022836 (OS Build 22000.1574)","http://support.microsoft.com/kb/5022836","No LDR Only available","No LDR Only available","No LDR Only available"," ","23-02Rollup"
"Rpcss.dll","Net_RPC","6.2.22000.1574","1","30-Jan-2023","GDR","5022836","February 14, 2023-KB5022836 (OS Build 22000.1574)","http://support.microsoft.com/kb/5022836","No LDR Only available","No LDR Only available","No LDR Only available"," ","23-02Rollup"
"Rpchttp.dll","Net_RPC","6.2.22000.653","1","02-Feb-2023","GDR","5022836","February 14, 2023-KB5022836 (OS Build 22000.1574)","http://support.microsoft.com/kb/5022836","No LDR Only available","No LDR Only available","No LDR Only available"," ","23-02Rollup"
"Rpcrt4.dll","Net_RPC","6.2.22000.1455","1","02-Feb-2023","GDR","5022836","February 14, 2023-KB5022836 (OS Build 22000.1574)","http://support.microsoft.com/kb/5022836","No LDR Only available","No LDR Only available","No LDR Only available"," ","23-02Rollup"
"Bfe.dll","Net_Ipsec_BFE","6.2.22000.1455","1","02-Feb-2023","GDR","5022836","February 14, 2023-KB5022836 (OS Build 22000.1574)","http://support.microsoft.com/kb/5022836","No LDR Only available","No LDR Only available","No LDR Only available"," ","23-02Rollup"
"Ikeext.dll","Net_Ipsec_BFE","6.2.22000.1574","1","30-Jan-2023","GDR","5022836","February 14, 2023-KB5022836 (OS Build 22000.1574)","http://support.microsoft.com/kb/5022836","No LDR Only available","No LDR Only available","No LDR Only available"," ","23-02Rollup"
"Fwpuclnt.dll","Net_Ipsec_BFE","6.2.22000.1455","1","10-Jan-2023","GDR","5022836","February 14, 2023-KB5022836 (OS Build 22000.1574)","http://support.microsoft.com/kb/5022836","No LDR Only available","No LDR Only available","No LDR Only available","rEX","23-02Rollup"
"Iphlpsvc.dll","Net_DirectAccess_Client","6.2.22000.918","1","02-Feb-2023","GDR","5022836","February 14, 2023-KB5022836 (OS Build 22000.1574)","http://support.microsoft.com/kb/5022836","No LDR Only available","No LDR Only available","No LDR Only available"," ","23-02Rollup"
"Iphlpsvcmigplugin.dll","Net_DirectAccess_Client","6.2.22000.1","1","","RTM","5022836","","","","","","",""
"Netcorehc.dll","Net_DirectAccess_Client","6.2.22000.653","1","02-Feb-2023","GDR","5022836","February 14, 2023-KB5022836 (OS Build 22000.1574)","http://support.microsoft.com/kb/5022836","No LDR Only available","No LDR Only available","No LDR Only available"," ","23-02Rollup"
"Daotpcredentialprovider.dll","Net_DirectAccess_Client","6.2.22000.653","1","02-Feb-2023","GDR","5022836","February 14, 2023-KB5022836 (OS Build 22000.1574)","http://support.microsoft.com/kb/5022836","No LDR Only available","No LDR Only available","No LDR Only available"," ","23-02Rollup"
"Rdpcore.dll","Net_DirectAccess_Client","6.2.22000.1","1","","RTM","5022836","","","","","","",""
"Damgmt.dll","Net_DirectAccess_Srv","6.2.22000.1","1","","RTM","5022836","","","","","","",""
"Ramgmtui.exe","Net_DirectAccess_Srv","6.2.22000.1","1","","RTM","5022836","","","","","","",""
"Ramgmtsvc.dll","Net_DirectAccess_Srv","6.2.22000.1","1","","RTM","5022836","","","","","","",""
"Rasclusterres.dll","Net_DirectAccess_Srv","6.2.22000.1","1","","RTM","5022836","","","","","","",""
"Raserverpsprovider.dll","Net_DirectAccess_Srv","6.2.22000.1","1","","RTM","5022836","","","","","","",""
"dot3svc.dll","Net_IEEE802.1x","6.2.22000.918","1","02-Feb-2023","GDR","5022836","February 14, 2023-KB5022836 (OS Build 22000.1574)","http://support.microsoft.com/kb/5022836","No LDR Only available","No LDR Only available","No LDR Only available"," ","23-02Rollup"
"Rastls.dll","Net_IEEE802.1x","6.2.22000.1574","1","30-Jan-2023","GDR","5022836","February 14, 2023-KB5022836 (OS Build 22000.1574)","http://support.microsoft.com/kb/5022836","No LDR Only available","No LDR Only available","No LDR Only available"," ","23-02Rollup"
"wlansvc.dll","Net_WLAN_Client","6.2.22000.1516","1","02-Feb-2023","GDR","5022836","February 14, 2023-KB5022836 (OS Build 22000.1574)","http://support.microsoft.com/kb/5022836","No LDR Only available","No LDR Only available","No LDR Only available"," ","23-02Rollup"
"wlanmsm.dll","Net_WLAN_Client","6.2.22000.1516","1","02-Feb-2023","GDR","5022836","February 14, 2023-KB5022836 (OS Build 22000.1574)","http://support.microsoft.com/kb/5022836","No LDR Only available","No LDR Only available","No LDR Only available"," ","23-02Rollup"
"wlanapi.dll","Net_WLAN_Client","6.2.22000.1165","1","08-Nov-2022","GDR","5022836","February 14, 2023-KB5022836 (OS Build 22000.1574)","http://support.microsoft.com/kb/5022836","No LDR Only available","No LDR Only available","No LDR Only available","rEX","23-02Rollup"
"wlansec.dll","Net_WLAN_Client","6.2.22000.1516","1","02-Feb-2023","GDR","5022836","February 14, 2023-KB5022836 (OS Build 22000.1574)","http://support.microsoft.com/kb/5022836","No LDR Only available","No LDR Only available","No LDR Only available"," ","23-02Rollup"
"wlansvcpal.dll","Net_WLAN_Client","6.2.22000.1516","1","02-Feb-2023","GDR","5022836","February 14, 2023-KB5022836 (OS Build 22000.1574)","http://support.microsoft.com/kb/5022836","No LDR Only available","No LDR Only available","No LDR Only available"," ","23-02Rollup"
"wlanhlp.dll","Net_WLAN_Client","6.2.22000.1165","1","08-Nov-2022","GDR","5022836","February 14, 2023-KB5022836 (OS Build 22000.1574)","http://support.microsoft.com/kb/5022836","No LDR Only available","No LDR Only available","No LDR Only available","rEX","23-02Rollup"
"Netcfgx.dll","Net_Config","6.2.22000.653","1","02-Feb-2023","GDR","5022836","February 14, 2023-KB5022836 (OS Build 22000.1574)","http://support.microsoft.com/kb/5022836","No LDR Only available","No LDR Only available","No LDR Only available"," ","23-02Rollup"
"WorkFolders.exe","Net_WorkFolders","6.2.22000.613","1","02-Feb-2023","GDR","5022836","February 14, 2023-KB5022836 (OS Build 22000.1574)","http://support.microsoft.com/kb/5022836","No LDR Only available","No LDR Only available","No LDR Only available"," ","23-02Rollup"
"WorkFoldersshell.dll","Net_WorkFolders","6.2.22000.613","1","02-Feb-2023","GDR","5022836","February 14, 2023-KB5022836 (OS Build 22000.1574)","http://support.microsoft.com/kb/5022836","No LDR Only available","No LDR Only available","No LDR Only available"," ","23-02Rollup"
"WorkFolderssvc.dll","Net_WorkFolders","6.2.22000.613","1","02-Feb-2023","GDR","5022836","February 14, 2023-KB5022836 (OS Build 22000.1574)","http://support.microsoft.com/kb/5022836","No LDR Only available","No LDR Only available","No LDR Only available"," ","23-02Rollup"
"WorkFolderscontrol.dll","Net_WorkFolders","6.2.22000.613","1","02-Feb-2023","GDR","5022836","February 14, 2023-KB5022836 (OS Build 22000.1574)","http://support.microsoft.com/kb/5022836","No LDR Only available","No LDR Only available","No LDR Only available"," ","23-02Rollup"
"WorkFoldersGPExt.dll","Net_WorkFolders","6.2.22000.1","1","","RTM","5022836","","","","","","",""
"Syncsharesvc.dll","Net_WorkFolders","6.2.22000.1","1","","RTM","5022836","","","","","","",""
"Syncsharesrv.dll","Net_WorkFolders","6.2.22000.1","1","","RTM","5022836","","","","","","",""
"Syncsharettlib.dll","Net_WorkFolders","6.2.22000.1","1","","RTM","5022836","","","","","","",""
"Syncsharettsvc.exe","Net_WorkFolders","6.2.22000.1","1","","RTM","5022836","","","","","","",""
"WebIo.dll","Net_BranchCache","6.2.22000.832","1","02-Feb-2023","GDR","5022836","February 14, 2023-KB5022836 (OS Build 22000.1574)","http://support.microsoft.com/kb/5022836","No LDR Only available","No LDR Only available","No LDR Only available"," ","23-02Rollup"
"Smbhash.exe","Net_BranchCache","6.2.22000.1","1","","RTM","5022836","","","","","","",""
"Pacer.sys","Net_QoS","6.2.22000.1","1","","RTM","5022836","","","","","","",""
"Mpsdrv.sys","Net_Firewall","6.2.22000.1","1","","RTM","5022836","","","","","","",""
"MpsSvc.dll","Net_Firewall","6.2.22000.1281","1","02-Feb-2023","GDR","5022836","February 14, 2023-KB5022836 (OS Build 22000.1574)","http://support.microsoft.com/kb/5022836","No LDR Only available","No LDR Only available","No LDR Only available"," ","23-02Rollup"
"qmgr.dll","Net_BiTS","7.8.22000.1096","1","13-Dec-2022","GDR","5022836","February 14, 2023-KB5022836 (OS Build 22000.1574)","http://support.microsoft.com/kb/5022836","No LDR Only available","No LDR Only available","No LDR Only available","rEX","23-02Rollup"
"rasmans.dll","Net_VPN","6.2.22000.1165","1","02-Feb-2023","GDR","5022836","February 14, 2023-KB5022836 (OS Build 22000.1574)","http://support.microsoft.com/kb/5022836","No LDR Only available","No LDR Only available","No LDR Only available"," ","23-02Rollup"
"Netlogon.dll","Dom_NETLOGON","6.2.22000.1455","0","02-Feb-2023","GDR","5022836","February 14, 2023-KB5022836 (OS Build 22000.1574)","http://support.microsoft.com/kb/5022836","No LDR Only available","No LDR Only available","No LDR Only available"," ","23-02Rollup"
"LogonCli.dll","Dom_NETLOGON","6.2.22000.1165","0","02-Feb-2023","GDR","5022836","February 14, 2023-KB5022836 (OS Build 22000.1574)","http://support.microsoft.com/kb/5022836","No LDR Only available","No LDR Only available","No LDR Only available"," ","23-02Rollup"
"Winlogon.exe","Dom_WINLOGON","6.2.22000.1042","0","02-Feb-2023","GDR","5022836","February 14, 2023-KB5022836 (OS Build 22000.1574)","http://support.microsoft.com/kb/5022836","No LDR Only available","No LDR Only available","No LDR Only available"," ","23-02Rollup"
"Kerberos.dll","Dom_KERBEROS","6.2.22000.1574","0","30-Jan-2023","GDR","5022836","February 14, 2023-KB5022836 (OS Build 22000.1574)","http://support.microsoft.com/kb/5022836","No LDR Only available","No LDR Only available","No LDR Only available"," ","23-02Rollup"
"Msv1_0.dll","Dom_NTLM","6.2.22000.1455","1","02-Feb-2023","GDR","5022836","February 14, 2023-KB5022836 (OS Build 22000.1574)","http://support.microsoft.com/kb/5022836","No LDR Only available","No LDR Only available","No LDR Only available"," ","23-02Rollup"
"Wldap32.dll","Dom_LDAPClient","6.2.22000.1455","0","02-Feb-2023","GDR","5022836","February 14, 2023-KB5022836 (OS Build 22000.1574)","http://support.microsoft.com/kb/5022836","No LDR Only available","No LDR Only available","No LDR Only available"," ","23-02Rollup"
"Lsass.exe","Dom_LSA","6.2.22000.1098","0","02-Feb-2023","GDR","5022836","February 14, 2023-KB5022836 (OS Build 22000.1574)","http://support.microsoft.com/kb/5022836","No LDR Only available","No LDR Only available","No LDR Only available"," ","23-02Rollup"
"Lsasrv.dll","Dom_LSA","6.2.22000.1574","0","30-Jan-2023","GDR","5022836","February 14, 2023-KB5022836 (OS Build 22000.1574)","http://support.microsoft.com/kb/5022836","No LDR Only available","No LDR Only available","No LDR Only available"," ","23-02Rollup"
"Ksecdd.sys","Dom_LSA","6.2.22000.1098","0","02-Feb-2023","GDR","5022836","February 14, 2023-KB5022836 (OS Build 22000.1574)","http://support.microsoft.com/kb/5022836","No LDR Only available","No LDR Only available","No LDR Only available"," ","23-02Rollup"
"Ksecpkg.sys","Dom_LSA","6.2.22000.1516","0","02-Feb-2023","GDR","5022836","February 14, 2023-KB5022836 (OS Build 22000.1574)","http://support.microsoft.com/kb/5022836","No LDR Only available","No LDR Only available","No LDR Only available"," ","23-02Rollup"
"Secur32.dll","Dom_LSA","6.2.22000.675","0","02-Feb-2023","GDR","5022836","February 14, 2023-KB5022836 (OS Build 22000.1574)","http://support.microsoft.com/kb/5022836","No LDR Only available","No LDR Only available","No LDR Only available"," ","23-02Rollup"
"Sspicli.dll","Dom_LSA","6.2.22000.1098","0","02-Feb-2023","GDR","5022836","February 14, 2023-KB5022836 (OS Build 22000.1574)","http://support.microsoft.com/kb/5022836","No LDR Only available","No LDR Only available","No LDR Only available"," ","23-02Rollup"
"Sspisrv.dll","Dom_LSA","6.2.22000.1098","0","02-Feb-2023","GDR","5022836","February 14, 2023-KB5022836 (OS Build 22000.1574)","http://support.microsoft.com/kb/5022836","No LDR Only available","No LDR Only available","No LDR Only available"," ","23-02Rollup"
"Schannel.dll","Dom_LSA","6.2.22000.1574","0","30-Jan-2023","GDR","5022836","February 14, 2023-KB5022836 (OS Build 22000.1574)","http://support.microsoft.com/kb/5022836","No LDR Only available","No LDR Only available","No LDR Only available"," ","23-02Rollup"
"dpapisvr.dll","Dom_LSA","6.2.22000.1","0","","RTM","5022836","","","","","","",""
"Scesrv.dll","Dom_SecAuditAndConfig","6.2.22000.1098","1","02-Feb-2023","GDR","5022836","February 14, 2023-KB5022836 (OS Build 22000.1574)","http://support.microsoft.com/kb/5022836","No LDR Only available","No LDR Only available","No LDR Only available"," ","23-02Rollup"
"AclUI.dll","Dom_SecAuditAndConfig","6.2.22000.1574","1","31-Jan-2023","GDR","5022836","February 14, 2023-KB5022836 (OS Build 22000.1574)","http://support.microsoft.com/kb/5022836","No LDR Only available","No LDR Only available","No LDR Only available"," ","23-02Rollup"
"Winscard.dll","Dom_SC_Provider","6.2.22000.1455","1","02-Feb-2023","GDR","5022836","February 14, 2023-KB5022836 (OS Build 22000.1574)","http://support.microsoft.com/kb/5022836","No LDR Only available","No LDR Only available","No LDR Only available"," ","23-02Rollup"
"Basecsp.dll","Dom_SC_Provider","6.2.22000.653","1","02-Feb-2023","GDR","5022836","February 14, 2023-KB5022836 (OS Build 22000.1574)","http://support.microsoft.com/kb/5022836","No LDR Only available","No LDR Only available","No LDR Only available"," ","23-02Rollup"
"Scksp.dll","Dom_SC_Provider","6.2.22000.1455","1","02-Feb-2023","GDR","5022836","February 14, 2023-KB5022836 (OS Build 22000.1574)","http://support.microsoft.com/kb/5022836","No LDR Only available","No LDR Only available","No LDR Only available"," ","23-02Rollup"
"ScardSvr.dll","Dom_SC_Srv","6.2.22000.1455","1","02-Feb-2023","GDR","5022836","February 14, 2023-KB5022836 (OS Build 22000.1574)","http://support.microsoft.com/kb/5022836","No LDR Only available","No LDR Only available","No LDR Only available"," ","23-02Rollup"
"Scfilter.sys","Dom_SC_Srv","6.2.22000.653","1","02-Feb-2023","GDR","5022836","February 14, 2023-KB5022836 (OS Build 22000.1574)","http://support.microsoft.com/kb/5022836","No LDR Only available","No LDR Only available","No LDR Only available"," ","23-02Rollup"
"Certprop.dll","Dom_SC_Srv","6.2.22000.41","1","02-Feb-2023","GDR","5022836","February 14, 2023-KB5022836 (OS Build 22000.1574)","http://support.microsoft.com/kb/5022836","No LDR Only available","No LDR Only available","No LDR Only available"," ","23-02Rollup"
"Crypt32.dll","Dom_CRYPTO","6.2.22000.1098","1","02-Feb-2023","GDR","5022836","February 14, 2023-KB5022836 (OS Build 22000.1574)","http://support.microsoft.com/kb/5022836","No LDR Only available","No LDR Only available","No LDR Only available"," ","23-02Rollup"
"Cryptsvc.dll","Dom_CRYPTO","6.2.22000.1516","1","02-Feb-2023","GDR","5022836","February 14, 2023-KB5022836 (OS Build 22000.1574)","http://support.microsoft.com/kb/5022836","No LDR Only available","No LDR Only available","No LDR Only available"," ","23-02Rollup"
"Cryptnet.dll","Dom_CRYPTO","6.2.22000.1455","1","02-Feb-2023","GDR","5022836","February 14, 2023-KB5022836 (OS Build 22000.1574)","http://support.microsoft.com/kb/5022836","No LDR Only available","No LDR Only available","No LDR Only available"," ","23-02Rollup"
"Wintrust.dll","Dom_CRYPTO","6.2.22000.1516","1","02-Feb-2023","GDR","5022836","February 14, 2023-KB5022836 (OS Build 22000.1574)","http://support.microsoft.com/kb/5022836","No LDR Only available","No LDR Only available","No LDR Only available"," ","23-02Rollup"
"Cryptdll.dll","Dom_CRYPTO","6.2.22000.653","1","02-Feb-2023","GDR","5022836","February 14, 2023-KB5022836 (OS Build 22000.1574)","http://support.microsoft.com/kb/5022836","No LDR Only available","No LDR Only available","No LDR Only available"," ","23-02Rollup"
"Cryptcatsvc.dll","Dom_CRYPTO","6.2.22000.1574","1","30-Jan-2023","GDR","5022836","February 14, 2023-KB5022836 (OS Build 22000.1574)","http://support.microsoft.com/kb/5022836","No LDR Only available","No LDR Only available","No LDR Only available"," ","23-02Rollup"
"Dimsroam.dll","Dom_DIMS","6.2.22000.978","1","02-Feb-2023","GDR","5022836","February 14, 2023-KB5022836 (OS Build 22000.1574)","http://support.microsoft.com/kb/5022836","No LDR Only available","No LDR Only available","No LDR Only available"," ","23-02Rollup"
"Dimsjob.dll","Dom_DIMS","6.2.22000.176","1","02-Feb-2023","GDR","5022836","February 14, 2023-KB5022836 (OS Build 22000.1574)","http://support.microsoft.com/kb/5022836","No LDR Only available","No LDR Only available","No LDR Only available"," ","23-02Rollup"
"Adprovider.dll","Dom_DIMS","6.2.22000.978","1","02-Feb-2023","GDR","5022836","February 14, 2023-KB5022836 (OS Build 22000.1574)","http://support.microsoft.com/kb/5022836","No LDR Only available","No LDR Only available","No LDR Only available"," ","23-02Rollup"
"Capiprovider.dll","Dom_DIMS","6.2.22000.978","1","02-Feb-2023","GDR","5022836","February 14, 2023-KB5022836 (OS Build 22000.1574)","http://support.microsoft.com/kb/5022836","No LDR Only available","No LDR Only available","No LDR Only available"," ","23-02Rollup"
"Cngprovider.dll","Dom_DIMS","6.2.22000.978","1","02-Feb-2023","GDR","5022836","February 14, 2023-KB5022836 (OS Build 22000.1574)","http://support.microsoft.com/kb/5022836","No LDR Only available","No LDR Only available","No LDR Only available"," ","23-02Rollup"
"Dpapiprovider.dll","Dom_DIMS","6.2.22000.978","1","02-Feb-2023","GDR","5022836","February 14, 2023-KB5022836 (OS Build 22000.1574)","http://support.microsoft.com/kb/5022836","No LDR Only available","No LDR Only available","No LDR Only available"," ","23-02Rollup"
"Wincredprovider.dll","Dom_DIMS","6.2.22000.978","1","02-Feb-2023","GDR","5022836","February 14, 2023-KB5022836 (OS Build 22000.1574)","http://support.microsoft.com/kb/5022836","No LDR Only available","No LDR Only available","No LDR Only available"," ","23-02Rollup"
"Gpapi.dll","Dom_GPSVC","6.2.22000.978","1","13-Sep-2022","GDR","5022836","February 14, 2023-KB5022836 (OS Build 22000.1574)","http://support.microsoft.com/kb/5022836","No LDR Only available","No LDR Only available","No LDR Only available","rEX","23-02Rollup"
"Gpsvc.dll","Dom_GPSVC","6.2.22000.978","1","02-Feb-2023","GDR","5022836","February 14, 2023-KB5022836 (OS Build 22000.1574)","http://support.microsoft.com/kb/5022836","No LDR Only available","No LDR Only available","No LDR Only available"," ","23-02Rollup"
"Gpmgmt.dll","Dom_GPSVC","6.2.22000.1","1","","RTM","5022836","","","","","","",""
"Gprsop.dll","Dom_GPSVC","6.2.22000.1","1","","RTM","5022836","","","","","","",""
"Userenv.dll","Dom_GPSVC","6.2.22000.832","1","02-Feb-2023","GDR","5022836","February 14, 2023-KB5022836 (OS Build 22000.1574)","http://support.microsoft.com/kb/5022836","No LDR Only available","No LDR Only available","No LDR Only available"," ","23-02Rollup"
"Gpprnext.dll","Dom_GPExt","6.2.22000.653","1","02-Feb-2023","GDR","5022836","February 14, 2023-KB5022836 (OS Build 22000.1574)","http://support.microsoft.com/kb/5022836","No LDR Only available","No LDR Only available","No LDR Only available"," ","23-02Rollup"
"Appmgmts.dll","Dom_GPExt","6.2.22000.653","1","02-Feb-2023","GDR","5022836","February 14, 2023-KB5022836 (OS Build 22000.1574)","http://support.microsoft.com/kb/5022836","No LDR Only available","No LDR Only available","No LDR Only available"," ","23-02Rollup"
"Gpprefcl.dll","Dom_GPP","6.2.22000.1219","1","02-Feb-2023","GDR","5022836","February 14, 2023-KB5022836 (OS Build 22000.1574)","http://support.microsoft.com/kb/5022836","No LDR Only available","No LDR Only available","No LDR Only available"," ","23-02Rollup"
"Gpme.dll","Dom_GPP","6.2.22000.1042","1","02-Feb-2023","GDR","5022836","February 14, 2023-KB5022836 (OS Build 22000.1574)","http://support.microsoft.com/kb/5022836","No LDR Only available","No LDR Only available","No LDR Only available"," ","23-02Rollup"
"Gppref.dll","Dom_GPP","6.2.22000.1574","1","31-Jan-2023","GDR","5022836","February 14, 2023-KB5022836 (OS Build 22000.1574)","http://support.microsoft.com/kb/5022836","No LDR Only available","No LDR Only available","No LDR Only available"," ","23-02Rollup"
"Gpprefbr.dll","Dom_GPP","6.2.22000.1281","1","02-Feb-2023","GDR","5022836","February 14, 2023-KB5022836 (OS Build 22000.1574)","http://support.microsoft.com/kb/5022836","No LDR Only available","No LDR Only available","No LDR Only available"," ","23-02Rollup"
"Gpprefcn.dll","Dom_GPP","6.2.22000.1042","1","02-Feb-2023","GDR","5022836","February 14, 2023-KB5022836 (OS Build 22000.1574)","http://support.microsoft.com/kb/5022836","No LDR Only available","No LDR Only available","No LDR Only available"," ","23-02Rollup"
"Gpregistrybrowser.dll","Dom_GPP","6.2.22000.1042","1","02-Feb-2023","GDR","5022836","February 14, 2023-KB5022836 (OS Build 22000.1574)","http://support.microsoft.com/kb/5022836","No LDR Only available","No LDR Only available","No LDR Only available"," ","23-02Rollup"
"Propshts.dll","Dom_GPP","6.2.22000.1098","1","02-Feb-2023","GDR","5022836","February 14, 2023-KB5022836 (OS Build 22000.1574)","http://support.microsoft.com/kb/5022836","No LDR Only available","No LDR Only available","No LDR Only available"," ","23-02Rollup"
"Profprov.dll","Dom_ProfProc","6.2.22000.653","1","02-Feb-2023","GDR","5022836","February 14, 2023-KB5022836 (OS Build 22000.1574)","http://support.microsoft.com/kb/5022836","No LDR Only available","No LDR Only available","No LDR Only available"," ","23-02Rollup"
"Profsvc.dll","Dom_ProfProc","6.2.22000.1042","1","02-Feb-2023","GDR","5022836","February 14, 2023-KB5022836 (OS Build 22000.1574)","http://support.microsoft.com/kb/5022836","No LDR Only available","No LDR Only available","No LDR Only available"," ","23-02Rollup"
"Fdeploy.dll","Dom_FolderRedir","6.2.22000.653","1","02-Feb-2023","GDR","5022836","February 14, 2023-KB5022836 (OS Build 22000.1574)","http://support.microsoft.com/kb/5022836","No LDR Only available","No LDR Only available","No LDR Only available"," ","23-02Rollup"
"Esent.dll","Dom_ESENT","6.2.22000.1165","0","02-Feb-2023","GDR","5022836","February 14, 2023-KB5022836 (OS Build 22000.1574)","http://support.microsoft.com/kb/5022836","No LDR Only available","No LDR Only available","No LDR Only available"," ","23-02Rollup"
"Ntdsai.dll","Dom_NTDSAI","6.2.22000.1574","0","31-Jan-2023","GDR","5022836","February 14, 2023-KB5022836 (OS Build 22000.1574)","http://support.microsoft.com/kb/5022836","No LDR Only available","No LDR Only available","No LDR Only available"," ","23-02Rollup"
"Ntdsutil.exe","Dom_NTDSAI","6.2.22000.1455","0","02-Feb-2023","GDR","5022836","February 14, 2023-KB5022836 (OS Build 22000.1574)","http://support.microsoft.com/kb/5022836","No LDR Only available","No LDR Only available","No LDR Only available"," ","23-02Rollup"
"Samsrv.dll","Dom_SAMSRV","6.2.22000.1281","0","02-Feb-2023","GDR","5022836","February 14, 2023-KB5022836 (OS Build 22000.1574)","http://support.microsoft.com/kb/5022836","No LDR Only available","No LDR Only available","No LDR Only available"," ","23-02Rollup"
"Samlib.dll","Dom_SAMSRV","6.2.22000.1281","0","13-Dec-2022","GDR","5022836","February 14, 2023-KB5022836 (OS Build 22000.1574)","http://support.microsoft.com/kb/5022836","No LDR Only available","No LDR Only available","No LDR Only available","rEX","23-02Rollup"
"Kdcsvc.dll","Dom_KDCSVC","6.2.22000.1","0","","RTM","5022836","","","","","","",""
"Dfsrs.exe","Dom_DFS-R","6.2.22000.1","0","","RTM","5022836","","","","","","",""
"Dfsrress.dll","Dom_DFS-R","6.2.22000.1","0","","RTM","5022836","","","","","","",""
"Dfsrro.sys","Dom_DFS-R","6.2.22000.1","0","","RTM","5022836","","","","","","",""
"Microsoft.identityserver.service.dll","Dom_ADFS","6.2.22000.1","0","","RTM","5022836","","","","","","",""
"Microsoft.identityserver.webhost.dll","Dom_ADFS","6.2.22000.1","0","","RTM","5022836","","","","","","",""
"Microsoft.identityserver.web.dll","Dom_ADFS","6.2.22000.1","0","","RTM","5022836","","","","","","",""
"Microsoft.identityserver.dll","Dom_ADFS","6.2.22000.1","0","","RTM","5022836","","","","","","",""
"Microsoft.identityserver.proxyservice.exe","Dom_ADFS","6.2.22000.1","0","","RTM","5022836","","","","","","",""
"Clussvc.exe","Cluster_Core","6.2.22000.1","0","","RTM","5022836","","","","","","",""
"ClusWMI.dll","Cluster_Core","6.2.22000.1","0","","RTM","5022836","","","","","","",""
"Rhs.exe","Cluster_Core","6.2.22000.1","0","","RTM","5022836","","","","","","",""
"Clusres.dll","Cluster_Core","6.2.22000.1","0","","RTM","5022836","","","","","","",""
"Clusres2.dll","Cluster_Core","6.2.22000.1","0","","RTM","5022836","","","","","","",""
"Netft.sys","Cluster_Core","6.2.22000.1","0","","RTM","5022836","","","","","","",""
"Clusauthmgr.dll","Cluster_Core","6.2.22000.1","0","","RTM","5022836","","","","","","",""
"Witness.dll","Cluster_Core","6.2.22000.1","0","","RTM","5022836","","","","","","",""
"Csvflt.sys","Cluster_CSV","6.2.22000.1","0","","RTM","5022836","","","","","","",""
"Csvfs.sys","Cluster_CSV","6.2.22000.1","0","","RTM","5022836","","","","","","",""
"Csvfilter.sys","Cluster_CSV","6.2.22000.1","0","","RTM","5022836","","","","","","",""
"Vhdmp.sys","Cluster_CSV","6.2.22000.856","0","02-Feb-2023","GDR","5022836","February 14, 2023-KB5022836 (OS Build 22000.1574)","http://support.microsoft.com/kb/5022836","No LDR Only available","No LDR Only available","No LDR Only available"," ","23-02Rollup"
"Svhdxflt.sys","Cluster_CSV","6.2.22000.1","0","","RTM","5022836","","","","","","",""
"Clusdisk.sys","Cluster_Disk","6.2.22000.1","0","","RTM","5022836","","","","","","",""
"Volsnap.sys","Cluster_Volsnap","6.2.22000.1","0","","RTM","5022836","","","","","","",""
"Cprepsrv.exe","Cluster_Validation","6.2.22000.1","1","","RTM","5022836","","","","","","",""
"Failoverclusters.agent.interop.dll","Cluster_Validation","6.2.22000.1","1","","RTM","5022836","","","","","","",""
"Microsoft.failoverclusters.framework.dll","Cluster_Validation","6.2.22000.1","1","","RTM","5022836","","","","","","",""
"Ntoskrnl.exe","Core_Kernel","6.2.22000.1574","0","30-Jan-2023","GDR","5022836","February 14, 2023-KB5022836 (OS Build 22000.1574)","http://support.microsoft.com/kb/5022836","No LDR Only available","No LDR Only available","No LDR Only available"," ","23-02Rollup"
"Ntkrnlpa.exe","Core_Kernel","6.2.22000.1","0","","RTM","5022836","","","","","","",""
"Crashdmp.sys","Core_Kernel","6.2.22000.918","0","02-Feb-2023","GDR","5022836","February 14, 2023-KB5022836 (OS Build 22000.1574)","http://support.microsoft.com/kb/5022836","No LDR Only available","No LDR Only available","No LDR Only available"," ","23-02Rollup"
"Ntdll.dll","Core_Kernel","6.2.22000.918","0","02-Feb-2023","GDR","5022836","February 14, 2023-KB5022836 (OS Build 22000.1574)","http://support.microsoft.com/kb/5022836","No LDR Only available","No LDR Only available","No LDR Only available"," ","23-02Rollup"
"Hal.dll","Core_Kernel","6.2.22000.1219","0","02-Feb-2023","GDR","5022836","February 14, 2023-KB5022836 (OS Build 22000.1574)","http://support.microsoft.com/kb/5022836","No LDR Only available","No LDR Only available","No LDR Only available"," ","23-02Rollup"
"Fltmgr.sys","Core_Kernel","6.2.22000.1281","0","02-Feb-2023","GDR","5022836","February 14, 2023-KB5022836 (OS Build 22000.1574)","http://support.microsoft.com/kb/5022836","No LDR Only available","No LDR Only available","No LDR Only available"," ","23-02Rollup"
"win32k.sys","Core_Kernel","6.2.22000.1574","0","30-Jan-2023","GDR","5022836","February 14, 2023-KB5022836 (OS Build 22000.1574)","http://support.microsoft.com/kb/5022836","No LDR Only available","No LDR Only available","No LDR Only available"," ","23-02Rollup"
"Ntfs.sys","Core_FileSystem","6.2.22000.1281","0","02-Feb-2023","GDR","5022836","February 14, 2023-KB5022836 (OS Build 22000.1574)","http://support.microsoft.com/kb/5022836","No LDR Only available","No LDR Only available","No LDR Only available"," ","23-02Rollup"
"dedup.sys","Core_FileSystem","6.2.22000.1","0","","RTM","5022836","","","","","","",""
"Msiscsi.sys","Core_DiskSystem","6.2.22000.653","0","02-Feb-2023","GDR","5022836","February 14, 2023-KB5022836 (OS Build 22000.1574)","http://support.microsoft.com/kb/5022836","No LDR Only available","No LDR Only available","No LDR Only available"," ","23-02Rollup"
"Iscsitgt.dll","Core_DiskSystem","6.2.22000.1","0","","RTM","5022836","","","","","","",""
"Storport.sys","Core_DiskSystem","6.2.22000.1281","0","02-Feb-2023","GDR","5022836","February 14, 2023-KB5022836 (OS Build 22000.1574)","http://support.microsoft.com/kb/5022836","No LDR Only available","No LDR Only available","No LDR Only available"," ","23-02Rollup"
"Repdrvfs.dll","Core_WMI","6.2.22000.593","0","02-Feb-2023","GDR","5022836","February 14, 2023-KB5022836 (OS Build 22000.1574)","http://support.microsoft.com/kb/5022836","No LDR Only available","No LDR Only available","No LDR Only available"," ","23-02Rollup"
"Mpio.sys","Core_MPIO","6.2.22000.1","0","","RTM","5022836","","","","","","",""
"Msdsm.sys","Core_MPIO","6.2.22000.1","0","","RTM","5022836","","","","","","",""
"Advapi32.dll","Core_Apps","6.2.22000.1098","0","02-Feb-2023","GDR","5022836","February 14, 2023-KB5022836 (OS Build 22000.1574)","http://support.microsoft.com/kb/5022836","No LDR Only available","No LDR Only available","No LDR Only available"," ","23-02Rollup"
"Vssapi.dll","Core_VSS","6.2.22000.653","1","02-Feb-2023","GDR","5022836","February 14, 2023-KB5022836 (OS Build 22000.1574)","http://support.microsoft.com/kb/5022836","No LDR Only available","No LDR Only available","No LDR Only available"," ","23-02Rollup"
"Vsstrace.dll","Core_VSS","6.2.22000.434","1","02-Feb-2023","GDR","5022836","February 14, 2023-KB5022836 (OS Build 22000.1574)","http://support.microsoft.com/kb/5022836","No LDR Only available","No LDR Only available","No LDR Only available"," ","23-02Rollup"
"vsssvc.exe","Core_VSS","6.2.22000.1","1","","RTM","5022836","","","","","","",""
"Swprv.dll","Core_VSS","6.2.22000.653","1","14-Jun-2022","GDR","5022836","February 14, 2023-KB5022836 (OS Build 22000.1574)","http://support.microsoft.com/kb/5022836","No LDR Only available","No LDR Only available","No LDR Only available","rEX","23-02Rollup"
"spp.dll","Core_VSS","6.2.22000.1165","1","02-Feb-2023","GDR","5022836","February 14, 2023-KB5022836 (OS Build 22000.1574)","http://support.microsoft.com/kb/5022836","No LDR Only available","No LDR Only available","No LDR Only available"," ","23-02Rollup"
"wbengine.exe","Core_VSS","6.2.22000.653","1","02-Feb-2023","GDR","5022836","February 14, 2023-KB5022836 (OS Build 22000.1574)","http://support.microsoft.com/kb/5022836","No LDR Only available","No LDR Only available","No LDR Only available"," ","23-02Rollup"
"blbsrv.dll","Core_VSS","6.2.22000.1","1","","RTM","5022836","","","","","","",""
"pci.sys","Core_Sys","6.2.22000.1281","1","02-Feb-2023","GDR","5022836","February 14, 2023-KB5022836 (OS Build 22000.1574)","http://support.microsoft.com/kb/5022836","No LDR Only available","No LDR Only available","No LDR Only available"," ","23-02Rollup"
"Termdd.sys","Core_Sys","6.2.22000.1","1","","RTM","5022836","","","","","","",""
"Volmgr.sys","Core_Sys","6.2.22000.778","1","02-Feb-2023","GDR","5022836","February 14, 2023-KB5022836 (OS Build 22000.1574)","http://support.microsoft.com/kb/5022836","No LDR Only available","No LDR Only available","No LDR Only available"," ","23-02Rollup"
"Tzres.dll","Core_TimeZone","6.2.22000.1281","1","02-Feb-2023","GDR","5022836","February 14, 2023-KB5022836 (OS Build 22000.1574)","http://support.microsoft.com/kb/5022836","No LDR Only available","No LDR Only available","No LDR Only available"," ","23-02Rollup"
"Vmswitch.sys","Hyper-V_Net","6.2.22000.1574","1","31-Jan-2023","GDR","5022836","February 14, 2023-KB5022836 (OS Build 22000.1574)","http://support.microsoft.com/kb/5022836","No LDR Only available","No LDR Only available","No LDR Only available"," ","23-02Rollup"
"Mslbfoprovider.sys","Hyper-V_Net","6.2.22000.1","1","","RTM","5022836","","","","","","",""
"Wnv.sys","Hyper-V_Net","6.2.22000.1","1","","RTM","5022836","","","","","","",""
"Vmsntfy.dll","Hyper-V_Net","6.2.22000.1","1","","RTM","5022836","","","","","","",""
"Ndisimplatform.sys","Hyper-V_Net","6.2.22000.653","1","02-Feb-2023","GDR","5022836","February 14, 2023-KB5022836 (OS Build 22000.1574)","http://support.microsoft.com/kb/5022836","No LDR Only available","No LDR Only available","No LDR Only available"," ","23-02Rollup"
"Vmms.exe","Hyper-V_Net","6.2.22000.1574","1","31-Jan-2023","GDR","5022836","February 14, 2023-KB5022836 (OS Build 22000.1574)","http://support.microsoft.com/kb/5022836","No LDR Only available","No LDR Only available","No LDR Only available"," ","23-02Rollup"
"Winnat.sys","Hyper-V_Net","6.2.22000.653","1","26-Aug-2022","GDR","5022836","February 14, 2023-KB5022836 (OS Build 22000.1574)","http://support.microsoft.com/kb/5022836","No LDR Only available","No LDR Only available","No LDR Only available","rEX","23-02Rollup"
"pvhdparser.sys","Hyper-V_Net","6.2.22000.653","1","02-Feb-2023","GDR","5022836","February 14, 2023-KB5022836 (OS Build 22000.1574)","http://support.microsoft.com/kb/5022836","No LDR Only available","No LDR Only available","No LDR Only available"," ","23-02Rollup"
"Wmisvc.dll","Hyper-V_Net","6.2.22000.1","1","","RTM","5022836","","","","","","",""
"Vmbus.sys","Hyper-V_Net","6.2.22000.918","1","02-Feb-2023","GDR","5022836","February 14, 2023-KB5022836 (OS Build 22000.1574)","http://support.microsoft.com/kb/5022836","No LDR Only available","No LDR Only available","No LDR Only available"," ","23-02Rollup"
"Rasapi32.dll","HNV_Net","6.2.22000.832","1","02-Feb-2023","GDR","5022836","February 14, 2023-KB5022836 (OS Build 22000.1574)","http://support.microsoft.com/kb/5022836","No LDR Only available","No LDR Only available","No LDR Only available"," ","23-02Rollup"
"Mprapi.dll","HNV_Net","6.2.22000.1042","1","02-Feb-2023","GDR","5022836","February 14, 2023-KB5022836 (OS Build 22000.1574)","http://support.microsoft.com/kb/5022836","No LDR Only available","No LDR Only available","No LDR Only available"," ","23-02Rollup"
"Vmwp.exe","Hyper-V_app","6.2.22000.1219","1","02-Feb-2023","GDR","5022836","February 14, 2023-KB5022836 (OS Build 22000.1574)","http://support.microsoft.com/kb/5022836","No LDR Only available","No LDR Only available","No LDR Only available"," ","23-02Rollup"
"Rdpshell.exe","RDS_remote_App","6.2.22000.675","0","02-Feb-2023","GDR","5022836","February 14, 2023-KB5022836 (OS Build 22000.1574)","http://support.microsoft.com/kb/5022836","No LDR Only available","No LDR Only available","No LDR Only available"," ","23-02Rollup"
"Rdsdwmdr.dll","RDS_remote_App","6.2.22000.1042","0","02-Feb-2023","GDR","5022836","February 14, 2023-KB5022836 (OS Build 22000.1574)","http://support.microsoft.com/kb/5022836","No LDR Only available","No LDR Only available","No LDR Only available"," ","23-02Rollup"
"Tscfgwmi.dll","RDS_remote_App","6.2.22000.653","0","02-Feb-2023","GDR","5022836","February 14, 2023-KB5022836 (OS Build 22000.1574)","http://support.microsoft.com/kb/5022836","No LDR Only available","No LDR Only available","No LDR Only available"," ","23-02Rollup"
"Audioeng.dll","RDS_devRdr","6.2.22000.1281","1","02-Feb-2023","GDR","5022836","February 14, 2023-KB5022836 (OS Build 22000.1574)","http://support.microsoft.com/kb/5022836","No LDR Only available","No LDR Only available","No LDR Only available"," ","23-02Rollup"
"Audiokse.dll","RDS_devRdr","6.2.22000.1281","1","13-Dec-2022","GDR","5022836","February 14, 2023-KB5022836 (OS Build 22000.1574)","http://support.microsoft.com/kb/5022836","No LDR Only available","No LDR Only available","No LDR Only available","rEX","23-02Rollup"
"Audioses.dll","RDS_devRdr","6.2.22000.1574","1","30-Jan-2023","GDR","5022836","February 14, 2023-KB5022836 (OS Build 22000.1574)","http://support.microsoft.com/kb/5022836","No LDR Only available","No LDR Only available","No LDR Only available"," ","23-02Rollup"
"Audiosrv.dll","RDS_devRdr","6.2.22000.1574","1","30-Jan-2023","GDR","5022836","February 14, 2023-KB5022836 (OS Build 22000.1574)","http://support.microsoft.com/kb/5022836","No LDR Only available","No LDR Only available","No LDR Only available"," ","23-02Rollup"
"Wsepno.dll","RDS_msTsc","7.0.22000.653","1","02-Feb-2023","GDR","5022836","February 14, 2023-KB5022836 (OS Build 22000.1574)","http://support.microsoft.com/kb/5022836","No LDR Only available","No LDR Only available","No LDR Only available"," ","23-02Rollup"
"Xpsgdiconverter.dll","RDS_msTsc","6.2.22000.1042","1","02-Feb-2023","GDR","5022836","February 14, 2023-KB5022836 (OS Build 22000.1574)","http://support.microsoft.com/kb/5022836","No LDR Only available","No LDR Only available","No LDR Only available"," ","23-02Rollup"
"Vmrdvcore.dll","RDS_vHost","6.2.22000.1","0","","RTM","5022836","","","","","","",""
"Tsvmhasvc.dll","RDS_vHost","6.2.22000.1","0","","RTM","5022836","","","","","","",""
"Tssdis.exe","RDS_vHost","6.2.22000.1","0","","RTM","5022836","","","","","","",""
"aaedge.dll","RDS_gateway","6.2.22000.1","1","","RTM","5022836","","","","","","",""
"lserver.dll","RDS_license","6.2.22000.1","1","","RTM","5022836","","","","","","",""
"licmgr.exe","RDS_license","6.2.22000.653","1","02-Feb-2023","GDR","5022836","February 14, 2023-KB5022836 (OS Build 22000.1574)","http://support.microsoft.com/kb/5022836","No LDR Only available","No LDR Only available","No LDR Only available"," ","23-02Rollup"
"dxgkrnl.sys","RDS_host","6.2.22000.1574","1","30-Jan-2023","GDR","5022836","February 14, 2023-KB5022836 (OS Build 22000.1574)","http://support.microsoft.com/kb/5022836","No LDR Only available","No LDR Only available","No LDR Only available"," ","23-02Rollup"
"sessenv.dll","RDS_host","6.2.22000.1042","1","02-Feb-2023","GDR","5022836","February 14, 2023-KB5022836 (OS Build 22000.1574)","http://support.microsoft.com/kb/5022836","No LDR Only available","No LDR Only available","No LDR Only available"," ","23-02Rollup"
"Localspl.dll","Print_Spool","6.2.22000.1516","0","02-Feb-2023","GDR","5022836","February 14, 2023-KB5022836 (OS Build 22000.1574)","http://support.microsoft.com/kb/5022836","No LDR Only available","No LDR Only available","No LDR Only available"," ","23-02Rollup"
"Win32spl.dll","Print_Spool","6.2.22000.1281","0","02-Feb-2023","GDR","5022836","February 14, 2023-KB5022836 (OS Build 22000.1574)","http://support.microsoft.com/kb/5022836","No LDR Only available","No LDR Only available","No LDR Only available"," ","23-02Rollup"
"Spoolss.dll","Print_Spool","6.2.22000.613","0","02-Feb-2023","GDR","5022836","February 14, 2023-KB5022836 (OS Build 22000.1574)","http://support.microsoft.com/kb/5022836","No LDR Only available","No LDR Only available","No LDR Only available"," ","23-02Rollup"
"Spoolsv.exe","Print_Spool","6.2.22000.1574","0","31-Jan-2023","GDR","5022836","February 14, 2023-KB5022836 (OS Build 22000.1574)","http://support.microsoft.com/kb/5022836","No LDR Only available","No LDR Only available","No LDR Only available"," ","23-02Rollup"
"Winspool.drv","Print_Spool","6.2.22000.1281","0","02-Feb-2023","GDR","5022836","February 14, 2023-KB5022836 (OS Build 22000.1574)","http://support.microsoft.com/kb/5022836","No LDR Only available","No LDR Only available","No LDR Only available"," ","23-02Rollup"
"Ntprint.exe","Print_App","6.2.22000.653","0","09-Aug-2022","GDR","5022836","February 14, 2023-KB5022836 (OS Build 22000.1574)","http://support.microsoft.com/kb/5022836","No LDR Only available","No LDR Only available","No LDR Only available","rEX","23-02Rollup"
"Printui.dll","Print_App","6.2.22000.1281","0","02-Feb-2023","GDR","5022836","February 14, 2023-KB5022836 (OS Build 22000.1574)","http://support.microsoft.com/kb/5022836","No LDR Only available","No LDR Only available","No LDR Only available"," ","23-02Rollup"
"Printcom.dll","Print_App","6.2.22000.1","0","","RTM","5022836","","","","","","",""
"Printfilterpipelineprxy.dll","Print_App","6.2.22000.1455","0","02-Feb-2023","GDR","5022836","February 14, 2023-KB5022836 (OS Build 22000.1574)","http://support.microsoft.com/kb/5022836","No LDR Only available","No LDR Only available","No LDR Only available"," ","23-02Rollup"
"Printfilterpipelinesvc.exe","Print_App","6.2.22000.1455","0","02-Feb-2023","GDR","5022836","February 14, 2023-KB5022836 (OS Build 22000.1574)","http://support.microsoft.com/kb/5022836","No LDR Only available","No LDR Only available","No LDR Only available"," ","23-02Rollup"
"Printbrm.exe","Print_App","6.2.22000.653","0","02-Feb-2023","GDR","5022836","February 14, 2023-KB5022836 (OS Build 22000.1574)","http://support.microsoft.com/kb/5022836","No LDR Only available","No LDR Only available","No LDR Only available"," ","23-02Rollup"
"splwow64.exe","Print_App","6.2.22000.1516","0","02-Feb-2023","GDR","5022836","February 14, 2023-KB5022836 (OS Build 22000.1574)","http://support.microsoft.com/kb/5022836","No LDR Only available","No LDR Only available","No LDR Only available"," ","23-02Rollup"
"Mxdwdrv.dll","Print_Driver","0.3.22000.1455","1","10-Jan-2023","GDR","5022836","February 14, 2023-KB5022836 (OS Build 22000.1574)","http://support.microsoft.com/kb/5022836","No LDR Only available","No LDR Only available","No LDR Only available","rEX","23-02Rollup"
"Pcl4res.dll","Print_Driver","0.3.5479.0","1","13-Sep-2022","GDR","5022836","February 14, 2023-KB5022836 (OS Build 22000.1574)","http://support.microsoft.com/kb/5022836","No LDR Only available","No LDR Only available","No LDR Only available","rEX","23-02Rollup"
"Pscript5.dll","Print_Driver","0.3.22000.1455","1","10-Jan-2023","GDR","5022836","February 14, 2023-KB5022836 (OS Build 22000.1574)","http://support.microsoft.com/kb/5022836","No LDR Only available","No LDR Only available","No LDR Only available","rEX","23-02Rollup"
"Unidrv.dll","Print_Driver","0.3.22000.1042","1","13-Sep-2022","GDR","5022836","February 14, 2023-KB5022836 (OS Build 22000.1574)","http://support.microsoft.com/kb/5022836","No LDR Only available","No LDR Only available","No LDR Only available","rEX","23-02Rollup"
"Unires.dll","Print_Driver","0.3.22000.1042","1","13-Sep-2022","GDR","5022836","February 14, 2023-KB5022836 (OS Build 22000.1574)","http://support.microsoft.com/kb/5022836","No LDR Only available","No LDR Only available","No LDR Only available","rEX","23-02Rollup"
"Xpssvcs.dll","Print_Driver","0.3.22000.1042","1","13-Sep-2022","GDR","5022836","February 14, 2023-KB5022836 (OS Build 22000.1574)","http://support.microsoft.com/kb/5022836","No LDR Only available","No LDR Only available","No LDR Only available","rEX","23-02Rollup"
"Mshtml.dll","IE_Client","11.0.22000.1574","0","31-Jan-2023","GDR","5022836","February 14, 2023-KB5022836 (OS Build 22000.1574)","http://support.microsoft.com/kb/5022836","No LDR Only available","No LDR Only available","No LDR Only available"," ","23-02Rollup"
