"Binary","Component","Version","Prio","Published","Branch","Article","Title","Link","LDROnlyKB","LDROnlyTitle","LDROnlyLink","Comment","RollupInfo"
"Ntoskrnl.exe","Core_Kernel","6.2.22000.1880","0","14-Apr-2023","GDR","5025298","April 25, 2023-KB5025298 (OS Build 22000.1880) Preview","http://support.microsoft.com/kb/5025298","No LDR Only available","No LDR Only available","No LDR Only available"," ","23-04Rollup"
"Ntkrnlpa.exe","Core_Kernel","6.2.22000.1","0","","RTM","5025298","","","","","","",""
"Crashdmp.sys","Core_Kernel","6.2.22000.918","0","15-Apr-2023","GDR","5025298","April 25, 2023-KB5025298 (OS Build 22000.1880) Preview","http://support.microsoft.com/kb/5025298","No LDR Only available","No LDR Only available","No LDR Only available"," ","23-04Rollup"
"Ntfs.sys","Core_FileSystem","6.2.22000.1761","0","15-Apr-2023","GDR","5025298","April 25, 2023-KB5025298 (OS Build 22000.1880) Preview","http://support.microsoft.com/kb/5025298","No LDR Only available","No LDR Only available","No LDR Only available"," ","23-04Rollup"
"dedup.sys","Core_FileSystem","6.2.22000.1","0","","RTM","5025298","","","","","","",""
"Robocopy.exe","Net_Applications","6.2.22000.1516","1","15-Apr-2023","GDR","5025298","April 25, 2023-KB5025298 (OS Build 22000.1880) Preview","http://support.microsoft.com/kb/5025298","No LDR Only available","No LDR Only available","No LDR Only available"," ","23-04Rollup"
"srv.sys","Net_SMB_Server","6.2.22000.1165","0","15-Apr-2023","GDR","5025298","April 25, 2023-KB5025298 (OS Build 22000.1880) Preview","http://support.microsoft.com/kb/5025298","No LDR Only available","No LDR Only available","No LDR Only available"," ","23-04Rollup"
"srv2.sys","Net_SMB_Server","6.2.22000.1880","0","14-Apr-2023","GDR","5025298","April 25, 2023-KB5025298 (OS Build 22000.1880) Preview","http://support.microsoft.com/kb/5025298","No LDR Only available","No LDR Only available","No LDR Only available"," ","23-04Rollup"
"srvnet.sys","Net_SMB_Server","6.2.22000.1880","0","14-Apr-2023","GDR","5025298","April 25, 2023-KB5025298 (OS Build 22000.1880) Preview","http://support.microsoft.com/kb/5025298","No LDR Only available","No LDR Only available","No LDR Only available"," ","23-04Rollup"
"Srvsvc.dll","Net_SMB_Server","6.2.22000.1098","0","15-Apr-2023","GDR","5025298","April 25, 2023-KB5025298 (OS Build 22000.1880) Preview","http://support.microsoft.com/kb/5025298","No LDR Only available","No LDR Only available","No LDR Only available"," ","23-04Rollup"
"Mrxsmb.sys","Net_SMB_Client","6.2.22000.1880","0","14-Apr-2023","GDR","5025298","April 25, 2023-KB5025298 (OS Build 22000.1880) Preview","http://support.microsoft.com/kb/5025298","No LDR Only available","No LDR Only available","No LDR Only available"," ","23-04Rollup"
"Mrxsmb10.sys","Net_SMB_Client","6.2.22000.1880","0","15-Apr-2023","GDR","5025298","April 25, 2023-KB5025298 (OS Build 22000.1880) Preview","http://support.microsoft.com/kb/5025298","No LDR Only available","No LDR Only available","No LDR Only available"," ","23-04Rollup"
"Mrxsmb20.sys","Net_SMB_Client","6.2.22000.1880","0","14-Apr-2023","GDR","5025298","April 25, 2023-KB5025298 (OS Build 22000.1880) Preview","http://support.microsoft.com/kb/5025298","No LDR Only available","No LDR Only available","No LDR Only available"," ","23-04Rollup"
"Rdbss.sys","Net_SMB_Client","6.2.22000.1516","0","15-Apr-2023","GDR","5025298","April 25, 2023-KB5025298 (OS Build 22000.1880) Preview","http://support.microsoft.com/kb/5025298","No LDR Only available","No LDR Only available","No LDR Only available"," ","23-04Rollup"
"Netbt.sys","Net_SMB_Client","6.2.22000.1","0","","RTM","5025298","","","","","","",""
"Mup.sys","Net_SMB_Client","6.2.22000.1","0","","RTM","5025298","","","","","","",""
"wkssvc.dll","Net_SMB_Client","6.2.22000.1880","0","14-Apr-2023","GDR","5025298","April 25, 2023-KB5025298 (OS Build 22000.1880) Preview","http://support.microsoft.com/kb/5025298","No LDR Only available","No LDR Only available","No LDR Only available"," ","23-04Rollup"
"Mpr.dll","Net_SMB_Client","6.2.22000.778","0","15-Apr-2023","GDR","5025298","April 25, 2023-KB5025298 (OS Build 22000.1880) Preview","http://support.microsoft.com/kb/5025298","No LDR Only available","No LDR Only available","No LDR Only available"," ","23-04Rollup"
"NtLanman.dll","Net_SMB_Client","6.2.22000.1574","0","15-Apr-2023","GDR","5025298","April 25, 2023-KB5025298 (OS Build 22000.1880) Preview","http://support.microsoft.com/kb/5025298","No LDR Only available","No LDR Only available","No LDR Only available"," ","23-04Rollup"
"Tcpip.sys","Net_Protocol","6.2.22000.1880","0","14-Apr-2023","GDR","5025298","April 25, 2023-KB5025298 (OS Build 22000.1880) Preview","http://support.microsoft.com/kb/5025298","No LDR Only available","No LDR Only available","No LDR Only available"," ","23-04Rollup"
"Afd.sys","Net_Protocol","6.2.22000.1880","0","14-Apr-2023","GDR","5025298","April 25, 2023-KB5025298 (OS Build 22000.1880) Preview","http://support.microsoft.com/kb/5025298","No LDR Only available","No LDR Only available","No LDR Only available"," ","23-04Rollup"
"Netio.sys","Net_Protocol","6.2.22000.1880","0","14-Apr-2023","GDR","5025298","April 25, 2023-KB5025298 (OS Build 22000.1880) Preview","http://support.microsoft.com/kb/5025298","No LDR Only available","No LDR Only available","No LDR Only available"," ","23-04Rollup"
"Ndis.sys","Net_Protocol","6.2.22000.1761","0","15-Apr-2023","GDR","5025298","April 25, 2023-KB5025298 (OS Build 22000.1880) Preview","http://support.microsoft.com/kb/5025298","No LDR Only available","No LDR Only available","No LDR Only available"," ","23-04Rollup"
"Netiohlp.dll","Net_Protocol","6.2.22000.1165","0","15-Apr-2023","GDR","5025298","April 25, 2023-KB5025298 (OS Build 22000.1880) Preview","http://support.microsoft.com/kb/5025298","No LDR Only available","No LDR Only available","No LDR Only available"," ","23-04Rollup"
"Tdx.sys","Net_Protocol","6.2.22000.194","0","15-Apr-2023","GDR","5025298","April 25, 2023-KB5025298 (OS Build 22000.1880) Preview","http://support.microsoft.com/kb/5025298","No LDR Only available","No LDR Only available","No LDR Only available"," ","23-04Rollup"
"Iphlpapi.dll","Net_Protocol","6.2.22000.282","0","15-Apr-2023","GDR","5025298","April 25, 2023-KB5025298 (OS Build 22000.1880) Preview","http://support.microsoft.com/kb/5025298","No LDR Only available","No LDR Only available","No LDR Only available"," ","23-04Rollup"
"Tunnel.sys","Net_IPv6","6.2.22000.1165","1","15-Apr-2023","GDR","5025298","April 25, 2023-KB5025298 (OS Build 22000.1880) Preview","http://support.microsoft.com/kb/5025298","No LDR Only available","No LDR Only available","No LDR Only available"," ","23-04Rollup"
"Dhcpcore6.dll","Net_IPv6","6.2.22000.1641","1","15-Apr-2023","GDR","5025298","April 25, 2023-KB5025298 (OS Build 22000.1880) Preview","http://support.microsoft.com/kb/5025298","No LDR Only available","No LDR Only available","No LDR Only available"," ","23-04Rollup"
"Dhcpcsvc6.dll","Net_IPv6","6.2.22000.1641","1","15-Apr-2023","GDR","5025298","April 25, 2023-KB5025298 (OS Build 22000.1880) Preview","http://support.microsoft.com/kb/5025298","No LDR Only available","No LDR Only available","No LDR Only available"," ","23-04Rollup"
"Nlasvc.dll","Net_NLA","6.2.22000.1","0","","RTM","5025298","","","","","","",""
"Ncsi.dll","Net_NLA","6.2.22000.1880","0","14-Apr-2023","GDR","5025298","April 25, 2023-KB5025298 (OS Build 22000.1880) Preview","http://support.microsoft.com/kb/5025298","No LDR Only available","No LDR Only available","No LDR Only available"," ","23-04Rollup"
"Nlaapi.dll","Net_NLA","6.2.22000.1281","0","13-Dec-2022","GDR","5025298","April 25, 2023-KB5025298 (OS Build 22000.1880) Preview","http://support.microsoft.com/kb/5025298","No LDR Only available","No LDR Only available","No LDR Only available","rEX","23-04Rollup"
"Msv1_0.dll","Dom_NTLM","6.2.22000.1455","1","15-Apr-2023","GDR","5025298","April 25, 2023-KB5025298 (OS Build 22000.1880) Preview","http://support.microsoft.com/kb/5025298","No LDR Only available","No LDR Only available","No LDR Only available"," ","23-04Rollup"
"Dns.exe","Net_DNS_Srv","6.2.22000.1","0","","RTM","5025298","","","","","","",""
"Dhcpssvc.dll","Net_DHCP_Srv","6.2.22000.1","0","","RTM","5025298","","","","","","",""
"Dfssvc.exe","Net_DFS-N_Srv","6.2.22000.1","0","","RTM","5025298","","","","","","",""
"Nfssvc.exe","Net_NFS_Srv","6.2.22000.1","0","","RTM","5025298","","","","","","",""
"Nfssvr.sys","Net_NFS_Srv","6.2.22000.1","0","","RTM","5025298","","","","","","",""
"Msnfsflt.sys","Net_NFS_Srv","6.2.22000.1","0","","RTM","5025298","","","","","","",""
"portmap.sys","Net_NFS_Srv","6.2.22000.1","0","","RTM","5025298","","","","","","",""
"rpcxdr.sys","Net_NFS_Srv","6.2.22000.795","0","15-Apr-2023","GDR","5025298","April 25, 2023-KB5025298 (OS Build 22000.1880) Preview","http://support.microsoft.com/kb/5025298","No LDR Only available","No LDR Only available","No LDR Only available"," ","23-04Rollup"
"Nlb.sys","Net_NLB_Srv","6.2.22000.1","0","","RTM","5025298","","","","","","",""
"Csc.sys","Net_CSC_Offline","6.2.22000.918","1","15-Apr-2023","GDR","5025298","April 25, 2023-KB5025298 (OS Build 22000.1880) Preview","http://support.microsoft.com/kb/5025298","No LDR Only available","No LDR Only available","No LDR Only available"," ","23-04Rollup"
"Cscapi.dll","Net_CSC_Offline","6.2.22000.1","1","","RTM","5025298","","","","","","",""
"Cscdll.dll","Net_CSC_Offline","6.2.22000.1","1","","RTM","5025298","","","","","","",""
"Cscsvc.dll","Net_CSC_Offline","6.2.22000.1042","1","15-Apr-2023","GDR","5025298","April 25, 2023-KB5025298 (OS Build 22000.1880) Preview","http://support.microsoft.com/kb/5025298","No LDR Only available","No LDR Only available","No LDR Only available"," ","23-04Rollup"
"Cscmig.dll","Net_CSC_Offline","6.2.22000.918","1","15-Apr-2023","GDR","5025298","April 25, 2023-KB5025298 (OS Build 22000.1880) Preview","http://support.microsoft.com/kb/5025298","No LDR Only available","No LDR Only available","No LDR Only available"," ","23-04Rollup"
"Cscui.dll","Net_CSC_Offline","6.2.22000.1","1","","RTM","5025298","","","","","","",""
"Mrxdav.sys","Net_WebDAV","6.2.22000.653","1","09-Aug-2022","GDR","5025298","April 25, 2023-KB5025298 (OS Build 22000.1880) Preview","http://support.microsoft.com/kb/5025298","No LDR Only available","No LDR Only available","No LDR Only available","rEX","23-04Rollup"
"Webclnt.dll","Net_WebDAV","6.2.22000.653","1","13-Sep-2022","GDR","5025298","April 25, 2023-KB5025298 (OS Build 22000.1880) Preview","http://support.microsoft.com/kb/5025298","No LDR Only available","No LDR Only available","No LDR Only available","rEX","23-04Rollup"
"Davclnt.dll","Net_WebDAV","6.2.22000.1","1","","RTM","5025298","","","","","","",""
"Shell32.dll","Net_WebDAV","6.2.22000.1761","1","15-Apr-2023","GDR","5025298","April 25, 2023-KB5025298 (OS Build 22000.1880) Preview","http://support.microsoft.com/kb/5025298","No LDR Only available","No LDR Only available","No LDR Only available"," ","23-04Rollup"
"Winhttp.dll","Net_WebDAV","6.2.22000.1880","1","14-Apr-2023","GDR","5025298","April 25, 2023-KB5025298 (OS Build 22000.1880) Preview","http://support.microsoft.com/kb/5025298","No LDR Only available","No LDR Only available","No LDR Only available"," ","23-04Rollup"
"Dfsc.sys","Net_DFS-N_Client","6.2.22000.1574","0","15-Apr-2023","GDR","5025298","April 25, 2023-KB5025298 (OS Build 22000.1880) Preview","http://support.microsoft.com/kb/5025298","No LDR Only available","No LDR Only available","No LDR Only available"," ","23-04Rollup"
"Dhcpcore.dll","Net_DHCP_Client","6.2.22000.1641","1","15-Apr-2023","GDR","5025298","April 25, 2023-KB5025298 (OS Build 22000.1880) Preview","http://support.microsoft.com/kb/5025298","No LDR Only available","No LDR Only available","No LDR Only available"," ","23-04Rollup"
"Dhcpcsvc.dll","Net_DHCP_Client","6.2.22000.1641","1","15-Apr-2023","GDR","5025298","April 25, 2023-KB5025298 (OS Build 22000.1880) Preview","http://support.microsoft.com/kb/5025298","No LDR Only available","No LDR Only available","No LDR Only available"," ","23-04Rollup"
"Gpprefcl.dll","Dom_GPP","6.2.22000.1761","1","15-Apr-2023","GDR","5025298","April 25, 2023-KB5025298 (OS Build 22000.1880) Preview","http://support.microsoft.com/kb/5025298","No LDR Only available","No LDR Only available","No LDR Only available"," ","23-04Rollup"
"Gpme.dll","Dom_GPP","6.2.22000.1042","1","15-Apr-2023","GDR","5025298","April 25, 2023-KB5025298 (OS Build 22000.1880) Preview","http://support.microsoft.com/kb/5025298","No LDR Only available","No LDR Only available","No LDR Only available"," ","23-04Rollup"
"Gppref.dll","Dom_GPP","6.2.22000.1880","1","15-Apr-2023","GDR","5025298","April 25, 2023-KB5025298 (OS Build 22000.1880) Preview","http://support.microsoft.com/kb/5025298","No LDR Only available","No LDR Only available","No LDR Only available"," ","23-04Rollup"
"Gpprefbr.dll","Dom_GPP","6.2.22000.1761","1","15-Apr-2023","GDR","5025298","April 25, 2023-KB5025298 (OS Build 22000.1880) Preview","http://support.microsoft.com/kb/5025298","No LDR Only available","No LDR Only available","No LDR Only available"," ","23-04Rollup"
"Gpprefcn.dll","Dom_GPP","6.2.22000.1042","1","15-Apr-2023","GDR","5025298","April 25, 2023-KB5025298 (OS Build 22000.1880) Preview","http://support.microsoft.com/kb/5025298","No LDR Only available","No LDR Only available","No LDR Only available"," ","23-04Rollup"
"Gpregistrybrowser.dll","Dom_GPP","6.2.22000.1042","1","15-Apr-2023","GDR","5025298","April 25, 2023-KB5025298 (OS Build 22000.1880) Preview","http://support.microsoft.com/kb/5025298","No LDR Only available","No LDR Only available","No LDR Only available"," ","23-04Rollup"
"Propshts.dll","Dom_GPP","6.2.22000.1761","1","15-Apr-2023","GDR","5025298","April 25, 2023-KB5025298 (OS Build 22000.1880) Preview","http://support.microsoft.com/kb/5025298","No LDR Only available","No LDR Only available","No LDR Only available"," ","23-04Rollup"
"Profprov.dll","Dom_ProfProc","6.2.22000.653","1","15-Apr-2023","GDR","5025298","April 25, 2023-KB5025298 (OS Build 22000.1880) Preview","http://support.microsoft.com/kb/5025298","No LDR Only available","No LDR Only available","No LDR Only available"," ","23-04Rollup"
"Profsvc.dll","Dom_ProfProc","6.2.22000.1880","1","14-Apr-2023","GDR","5025298","April 25, 2023-KB5025298 (OS Build 22000.1880) Preview","http://support.microsoft.com/kb/5025298","No LDR Only available","No LDR Only available","No LDR Only available"," ","23-04Rollup"
"Kerberos.dll","Dom_KERBEROS","6.2.22000.1880","0","14-Apr-2023","GDR","5025298","April 25, 2023-KB5025298 (OS Build 22000.1880) Preview","http://support.microsoft.com/kb/5025298","No LDR Only available","No LDR Only available","No LDR Only available"," ","23-04Rollup"
"Nfsclnt.exe","Net_NFS_Client","6.2.22000.653","1","15-Apr-2023","GDR","5025298","April 25, 2023-KB5025298 (OS Build 22000.1880) Preview","http://support.microsoft.com/kb/5025298","No LDR Only available","No LDR Only available","No LDR Only available"," ","23-04Rollup"
"Nfsnp.dll","Net_NFS_Client","6.2.22000.653","1","15-Apr-2023","GDR","5025298","April 25, 2023-KB5025298 (OS Build 22000.1880) Preview","http://support.microsoft.com/kb/5025298","No LDR Only available","No LDR Only available","No LDR Only available"," ","23-04Rollup"
"Nfsrdr.sys","Net_NFS_Client","6.2.22000.653","1","15-Apr-2023","GDR","5025298","April 25, 2023-KB5025298 (OS Build 22000.1880) Preview","http://support.microsoft.com/kb/5025298","No LDR Only available","No LDR Only available","No LDR Only available"," ","23-04Rollup"
"Psxdll.dll","Net_Posix","6.2.22000.1","1","","RTM","5025298","","","","","","",""
"Psxdllsvr.dll","Net_Posix","6.2.22000.1","1","","RTM","5025298","","","","","","",""
"Psxss.exe","Net_Posix","6.2.22000.1","1","","RTM","5025298","","","","","","",""
"Posix.exe","Net_Posix","6.2.22000.1","1","","RTM","5025298","","","","","","",""
"dnsapi.dll","Net_DNS_Client","6.2.22000.1516","1","15-Apr-2023","GDR","5025298","April 25, 2023-KB5025298 (OS Build 22000.1880) Preview","http://support.microsoft.com/kb/5025298","No LDR Only available","No LDR Only available","No LDR Only available"," ","23-04Rollup"
"dnsrslvr.dll","Net_DNS_Client","6.2.22000.1516","1","15-Apr-2023","GDR","5025298","April 25, 2023-KB5025298 (OS Build 22000.1880) Preview","http://support.microsoft.com/kb/5025298","No LDR Only available","No LDR Only available","No LDR Only available"," ","23-04Rollup"
"Dnscacheugc.exe","Net_DNS_Client","6.2.22000.653","1","15-Apr-2023","GDR","5025298","April 25, 2023-KB5025298 (OS Build 22000.1880) Preview","http://support.microsoft.com/kb/5025298","No LDR Only available","No LDR Only available","No LDR Only available"," ","23-04Rollup"
"Rpcss.dll","Net_RPC","6.2.22000.1761","1","15-Apr-2023","GDR","5025298","April 25, 2023-KB5025298 (OS Build 22000.1880) Preview","http://support.microsoft.com/kb/5025298","No LDR Only available","No LDR Only available","No LDR Only available"," ","23-04Rollup"
"Rpchttp.dll","Net_RPC","6.2.22000.1696","1","15-Apr-2023","GDR","5025298","April 25, 2023-KB5025298 (OS Build 22000.1880) Preview","http://support.microsoft.com/kb/5025298","No LDR Only available","No LDR Only available","No LDR Only available"," ","23-04Rollup"
"Rpcrt4.dll","Net_RPC","6.2.22000.1817","1","15-Apr-2023","GDR","5025298","April 25, 2023-KB5025298 (OS Build 22000.1880) Preview","http://support.microsoft.com/kb/5025298","No LDR Only available","No LDR Only available","No LDR Only available"," ","23-04Rollup"
"Bfe.dll","Net_Ipsec_BFE","6.2.22000.1880","1","14-Apr-2023","GDR","5025298","April 25, 2023-KB5025298 (OS Build 22000.1880) Preview","http://support.microsoft.com/kb/5025298","No LDR Only available","No LDR Only available","No LDR Only available"," ","23-04Rollup"
"Ikeext.dll","Net_Ipsec_BFE","6.2.22000.1880","1","14-Apr-2023","GDR","5025298","April 25, 2023-KB5025298 (OS Build 22000.1880) Preview","http://support.microsoft.com/kb/5025298","No LDR Only available","No LDR Only available","No LDR Only available"," ","23-04Rollup"
"Fwpuclnt.dll","Net_Ipsec_BFE","6.2.22000.1455","1","10-Jan-2023","GDR","5025298","April 25, 2023-KB5025298 (OS Build 22000.1880) Preview","http://support.microsoft.com/kb/5025298","No LDR Only available","No LDR Only available","No LDR Only available","rEX","23-04Rollup"
"Iphlpsvc.dll","Net_DirectAccess_Client","6.2.22000.918","1","15-Apr-2023","GDR","5025298","April 25, 2023-KB5025298 (OS Build 22000.1880) Preview","http://support.microsoft.com/kb/5025298","No LDR Only available","No LDR Only available","No LDR Only available"," ","23-04Rollup"
"Iphlpsvcmigplugin.dll","Net_DirectAccess_Client","6.2.22000.1","1","","RTM","5025298","","","","","","",""
"Netcorehc.dll","Net_DirectAccess_Client","6.2.22000.653","1","15-Apr-2023","GDR","5025298","April 25, 2023-KB5025298 (OS Build 22000.1880) Preview","http://support.microsoft.com/kb/5025298","No LDR Only available","No LDR Only available","No LDR Only available"," ","23-04Rollup"
"Daotpcredentialprovider.dll","Net_DirectAccess_Client","6.2.22000.653","1","15-Apr-2023","GDR","5025298","April 25, 2023-KB5025298 (OS Build 22000.1880) Preview","http://support.microsoft.com/kb/5025298","No LDR Only available","No LDR Only available","No LDR Only available"," ","23-04Rollup"
"Rdpcore.dll","Net_DirectAccess_Client","6.2.22000.1","1","","RTM","5025298","","","","","","",""
"Damgmt.dll","Net_DirectAccess_Srv","6.2.22000.1","1","","RTM","5025298","","","","","","",""
"Ramgmtui.exe","Net_DirectAccess_Srv","6.2.22000.1","1","","RTM","5025298","","","","","","",""
"Ramgmtsvc.dll","Net_DirectAccess_Srv","6.2.22000.1","1","","RTM","5025298","","","","","","",""
"Rasclusterres.dll","Net_DirectAccess_Srv","6.2.22000.1","1","","RTM","5025298","","","","","","",""
"Raserverpsprovider.dll","Net_DirectAccess_Srv","6.2.22000.1","1","","RTM","5025298","","","","","","",""
"dot3svc.dll","Net_IEEE802.1x","6.2.22000.918","1","15-Apr-2023","GDR","5025298","April 25, 2023-KB5025298 (OS Build 22000.1880) Preview","http://support.microsoft.com/kb/5025298","No LDR Only available","No LDR Only available","No LDR Only available"," ","23-04Rollup"
"Rastls.dll","Net_IEEE802.1x","6.2.22000.1880","1","14-Apr-2023","GDR","5025298","April 25, 2023-KB5025298 (OS Build 22000.1880) Preview","http://support.microsoft.com/kb/5025298","No LDR Only available","No LDR Only available","No LDR Only available"," ","23-04Rollup"
"wlansvc.dll","Net_WLAN_Client","6.2.22000.1641","1","15-Apr-2023","GDR","5025298","April 25, 2023-KB5025298 (OS Build 22000.1880) Preview","http://support.microsoft.com/kb/5025298","No LDR Only available","No LDR Only available","No LDR Only available"," ","23-04Rollup"
"wlanmsm.dll","Net_WLAN_Client","6.2.22000.1641","1","15-Apr-2023","GDR","5025298","April 25, 2023-KB5025298 (OS Build 22000.1880) Preview","http://support.microsoft.com/kb/5025298","No LDR Only available","No LDR Only available","No LDR Only available"," ","23-04Rollup"
"wlanapi.dll","Net_WLAN_Client","6.2.22000.1641","1","11-Apr-2023","GDR","5025298","April 25, 2023-KB5025298 (OS Build 22000.1880) Preview","http://support.microsoft.com/kb/5025298","No LDR Only available","No LDR Only available","No LDR Only available","rEX","23-04Rollup"
"wlansec.dll","Net_WLAN_Client","6.2.22000.1641","1","15-Apr-2023","GDR","5025298","April 25, 2023-KB5025298 (OS Build 22000.1880) Preview","http://support.microsoft.com/kb/5025298","No LDR Only available","No LDR Only available","No LDR Only available"," ","23-04Rollup"
"wlansvcpal.dll","Net_WLAN_Client","6.2.22000.1641","1","15-Apr-2023","GDR","5025298","April 25, 2023-KB5025298 (OS Build 22000.1880) Preview","http://support.microsoft.com/kb/5025298","No LDR Only available","No LDR Only available","No LDR Only available"," ","23-04Rollup"
"wlanhlp.dll","Net_WLAN_Client","6.2.22000.1641","1","11-Apr-2023","GDR","5025298","April 25, 2023-KB5025298 (OS Build 22000.1880) Preview","http://support.microsoft.com/kb/5025298","No LDR Only available","No LDR Only available","No LDR Only available","rEX","23-04Rollup"
"Netcfgx.dll","Net_Config","6.2.22000.653","1","15-Apr-2023","GDR","5025298","April 25, 2023-KB5025298 (OS Build 22000.1880) Preview","http://support.microsoft.com/kb/5025298","No LDR Only available","No LDR Only available","No LDR Only available"," ","23-04Rollup"
"Rasapi32.dll","HNV_Net","6.2.22000.832","1","15-Apr-2023","GDR","5025298","April 25, 2023-KB5025298 (OS Build 22000.1880) Preview","http://support.microsoft.com/kb/5025298","No LDR Only available","No LDR Only available","No LDR Only available"," ","23-04Rollup"
"Mprapi.dll","HNV_Net","6.2.22000.1042","1","15-Apr-2023","GDR","5025298","April 25, 2023-KB5025298 (OS Build 22000.1880) Preview","http://support.microsoft.com/kb/5025298","No LDR Only available","No LDR Only available","No LDR Only available"," ","23-04Rollup"
"WebIo.dll","Net_BranchCache","6.2.22000.1880","1","14-Apr-2023","GDR","5025298","April 25, 2023-KB5025298 (OS Build 22000.1880) Preview","http://support.microsoft.com/kb/5025298","No LDR Only available","No LDR Only available","No LDR Only available"," ","23-04Rollup"
"Smbhash.exe","Net_BranchCache","6.2.22000.1","1","","RTM","5025298","","","","","","",""
"Pacer.sys","Net_QoS","6.2.22000.1","1","","RTM","5025298","","","","","","",""
"Mpsdrv.sys","Net_Firewall","6.2.22000.1","1","","RTM","5025298","","","","","","",""
"MpsSvc.dll","Net_Firewall","6.2.22000.1880","1","14-Apr-2023","GDR","5025298","April 25, 2023-KB5025298 (OS Build 22000.1880) Preview","http://support.microsoft.com/kb/5025298","No LDR Only available","No LDR Only available","No LDR Only available"," ","23-04Rollup"
"qmgr.dll","Net_BiTS","7.8.22000.1096","1","13-Dec-2022","GDR","5025298","April 25, 2023-KB5025298 (OS Build 22000.1880) Preview","http://support.microsoft.com/kb/5025298","No LDR Only available","No LDR Only available","No LDR Only available","rEX","23-04Rollup"
"rasmans.dll","Net_VPN","6.2.22000.1165","1","15-Apr-2023","GDR","5025298","April 25, 2023-KB5025298 (OS Build 22000.1880) Preview","http://support.microsoft.com/kb/5025298","No LDR Only available","No LDR Only available","No LDR Only available"," ","23-04Rollup"
"Vmswitch.sys","Hyper-V_Net","6.2.22000.1880","1","14-Apr-2023","GDR","5025298","April 25, 2023-KB5025298 (OS Build 22000.1880) Preview","http://support.microsoft.com/kb/5025298","No LDR Only available","No LDR Only available","No LDR Only available"," ","23-04Rollup"
"Mslbfoprovider.sys","Hyper-V_Net","6.2.22000.1","1","","RTM","5025298","","","","","","",""
"Wnv.sys","Hyper-V_Net","6.2.22000.1","1","","RTM","5025298","","","","","","",""
"Vmsntfy.dll","Hyper-V_Net","6.2.22000.1","1","","RTM","5025298","","","","","","",""
"Ndisimplatform.sys","Hyper-V_Net","6.2.22000.1880","1","15-Apr-2023","GDR","5025298","April 25, 2023-KB5025298 (OS Build 22000.1880) Preview","http://support.microsoft.com/kb/5025298","No LDR Only available","No LDR Only available","No LDR Only available"," ","23-04Rollup"
"Vmms.exe","Hyper-V_Net","6.2.22000.1880","1","15-Apr-2023","GDR","5025298","April 25, 2023-KB5025298 (OS Build 22000.1880) Preview","http://support.microsoft.com/kb/5025298","No LDR Only available","No LDR Only available","No LDR Only available"," ","23-04Rollup"
"Winnat.sys","Hyper-V_Net","6.2.22000.653","1","26-Aug-2022","GDR","5025298","April 25, 2023-KB5025298 (OS Build 22000.1880) Preview","http://support.microsoft.com/kb/5025298","No LDR Only available","No LDR Only available","No LDR Only available","rEX","23-04Rollup"
"pvhdparser.sys","Hyper-V_Net","6.2.22000.653","1","15-Apr-2023","GDR","5025298","April 25, 2023-KB5025298 (OS Build 22000.1880) Preview","http://support.microsoft.com/kb/5025298","No LDR Only available","No LDR Only available","No LDR Only available"," ","23-04Rollup"
"Wmisvc.dll","Hyper-V_Net","6.2.22000.1","1","","RTM","5025298","","","","","","",""
"Vmbus.sys","Hyper-V_Net","6.2.22000.918","1","15-Apr-2023","GDR","5025298","April 25, 2023-KB5025298 (OS Build 22000.1880) Preview","http://support.microsoft.com/kb/5025298","No LDR Only available","No LDR Only available","No LDR Only available"," ","23-04Rollup"
"WorkFolders.exe","Net_WorkFolders","6.2.22000.613","1","15-Apr-2023","GDR","5025298","April 25, 2023-KB5025298 (OS Build 22000.1880) Preview","http://support.microsoft.com/kb/5025298","No LDR Only available","No LDR Only available","No LDR Only available"," ","23-04Rollup"
"WorkFoldersshell.dll","Net_WorkFolders","6.2.22000.613","1","15-Apr-2023","GDR","5025298","April 25, 2023-KB5025298 (OS Build 22000.1880) Preview","http://support.microsoft.com/kb/5025298","No LDR Only available","No LDR Only available","No LDR Only available"," ","23-04Rollup"
"WorkFolderssvc.dll","Net_WorkFolders","6.2.22000.613","1","15-Apr-2023","GDR","5025298","April 25, 2023-KB5025298 (OS Build 22000.1880) Preview","http://support.microsoft.com/kb/5025298","No LDR Only available","No LDR Only available","No LDR Only available"," ","23-04Rollup"
"WorkFolderscontrol.dll","Net_WorkFolders","6.2.22000.613","1","15-Apr-2023","GDR","5025298","April 25, 2023-KB5025298 (OS Build 22000.1880) Preview","http://support.microsoft.com/kb/5025298","No LDR Only available","No LDR Only available","No LDR Only available"," ","23-04Rollup"
"WorkFoldersGPExt.dll","Net_WorkFolders","6.2.22000.1","1","","RTM","5025298","","","","","","",""
"Syncsharesvc.dll","Net_WorkFolders","6.2.22000.1","1","","RTM","5025298","","","","","","",""
"Syncsharesrv.dll","Net_WorkFolders","6.2.22000.1","1","","RTM","5025298","","","","","","",""
"Syncsharettlib.dll","Net_WorkFolders","6.2.22000.1","1","","RTM","5025298","","","","","","",""
"Syncsharettsvc.exe","Net_WorkFolders","6.2.22000.1","1","","RTM","5025298","","","","","","",""
"5025298","Win11_23-04_C_rollup_KB"," ","0","25-Apr-2023","GDR","5025298","April 25, 2023-KB5025298 (OS Build 22000.1880) Preview","http://support.microsoft.com/kb/5025298","No LDR Only available","No LDR Only available","No LDR Only available"," ","23-04Rollup"
