"Binary","Component","Version","Prio","Published","Branch","Article","Title","Link","LDROnlyKB","LDROnlyTitle","LDROnlyLink","Comment","RollupInfo"
"Robocopy.exe","Net_Applications","6.2.9200.16908","1","11-Oct-2022","GDR","5023756","March 14, 2023-KB5023756 (Monthly Rollup)","http://support.microsoft.com/kb/5023756","No LDR Only available","No LDR Only available","No LDR Only available","rEX","23-03Rollup"
"srv.sys","Net_SMB_Server","6.2.9200.24111","0","09-Jan-2023","GDR","5023756","March 14, 2023-KB5023756 (Monthly Rollup)","http://support.microsoft.com/kb/5023756","No LDR Only available","No LDR Only available","No LDR Only available"," ","23-03Rollup"
"srv2.sys","Net_SMB_Server","6.2.9200.24111","0","09-Jan-2023","GDR","5023756","March 14, 2023-KB5023756 (Monthly Rollup)","http://support.microsoft.com/kb/5023756","No LDR Only available","No LDR Only available","No LDR Only available"," ","23-03Rollup"
"srvnet.sys","Net_SMB_Server","6.2.9200.23730","0","09-May-2022","GDR","5023756","March 14, 2023-KB5023756 (Monthly Rollup)","http://support.microsoft.com/kb/5023756","No LDR Only available","No LDR Only available","No LDR Only available"," ","23-03Rollup"
"Srvsvc.dll","Net_SMB_Server","6.2.9200.23907","0","18-Oct-2022","GDR","5023756","March 14, 2023-KB5023756 (Monthly Rollup)","http://support.microsoft.com/kb/5023756","No LDR Only available","No LDR Only available","No LDR Only available","rEX","23-03Rollup"
"Mrxsmb.sys","Net_SMB_Client","6.2.9200.24115","0","25-Jan-2023","GDR","5023756","March 14, 2023-KB5023756 (Monthly Rollup)","http://support.microsoft.com/kb/5023756","No LDR Only available","No LDR Only available","No LDR Only available"," ","23-03Rollup"
"Mrxsmb10.sys","Net_SMB_Client","6.2.9200.24115","0","25-Jan-2023","GDR","5023756","March 14, 2023-KB5023756 (Monthly Rollup)","http://support.microsoft.com/kb/5023756","No LDR Only available","No LDR Only available","No LDR Only available"," ","23-03Rollup"
"Mrxsmb20.sys","Net_SMB_Client","6.2.9200.24115","0","25-Jan-2023","GDR","5023756","March 14, 2023-KB5023756 (Monthly Rollup)","http://support.microsoft.com/kb/5023756","No LDR Only available","No LDR Only available","No LDR Only available"," ","23-03Rollup"
"Rdbss.sys","Net_SMB_Client","6.2.9200.23452","0","05-Aug-2021","GDR","5023756","March 14, 2023-KB5023756 (Monthly Rollup)","http://support.microsoft.com/kb/5023756","No LDR Only available","No LDR Only available","No LDR Only available"," ","23-03Rollup"
"Netbt.sys","Net_SMB_Client","6.2.9200.23171","0","09-Sep-2020","GDR","5023756","March 14, 2023-KB5023756 (Monthly Rollup)","http://support.microsoft.com/kb/5023756","No LDR Only available","No LDR Only available","No LDR Only available"," ","23-03Rollup"
"Mup.sys","Net_SMB_Client","6.2.9200.17225","0","11-Oct-2022","GDR","5023756","March 14, 2023-KB5023756 (Monthly Rollup)","http://support.microsoft.com/kb/5023756","No LDR Only available","No LDR Only available","No LDR Only available","rEX","23-03Rollup"
"wkssvc.dll","Net_SMB_Client","6.2.9200.23907","0","18-Oct-2022","GDR","5023756","March 14, 2023-KB5023756 (Monthly Rollup)","http://support.microsoft.com/kb/5023756","No LDR Only available","No LDR Only available","No LDR Only available","rEX","23-03Rollup"
"Mpr.dll","Net_SMB_Client","6.2.9200.16384","0","11-Oct-2022","GDR","5023756","March 14, 2023-KB5023756 (Monthly Rollup)","http://support.microsoft.com/kb/5023756","No LDR Only available","No LDR Only available","No LDR Only available","rEX","23-03Rollup"
"NtLanman.dll","Net_SMB_Client","6.2.9200.16384","0","11-Oct-2022","GDR","5023756","March 14, 2023-KB5023756 (Monthly Rollup)","http://support.microsoft.com/kb/5023756","No LDR Only available","No LDR Only available","No LDR Only available","rEX","23-03Rollup"
"Tcpip.sys","Net_Protocol","6.2.9200.23906","0","18-Oct-2022","GDR","5023756","March 14, 2023-KB5023756 (Monthly Rollup)","http://support.microsoft.com/kb/5023756","No LDR Only available","No LDR Only available","No LDR Only available","rEX","23-03Rollup"
"Afd.sys","Net_Protocol","6.2.9200.23725","0","27-Apr-2022","GDR","5023756","March 14, 2023-KB5023756 (Monthly Rollup)","http://support.microsoft.com/kb/5023756","No LDR Only available","No LDR Only available","No LDR Only available","rEX","23-03Rollup"
"Netio.sys","Net_Protocol","6.2.9200.23408","0","30-Jun-2021","GDR","5023756","March 14, 2023-KB5023756 (Monthly Rollup)","http://support.microsoft.com/kb/5023756","No LDR Only available","No LDR Only available","No LDR Only available"," ","23-03Rollup"
"Ndis.sys","Net_Protocol","6.2.9200.23192","0","08-Oct-2020","GDR","5023756","March 14, 2023-KB5023756 (Monthly Rollup)","http://support.microsoft.com/kb/5023756","No LDR Only available","No LDR Only available","No LDR Only available"," ","23-03Rollup"
"Netiohlp.dll","Net_Protocol","6.2.9200.16384","0","11-Oct-2022","GDR","5023756","March 14, 2023-KB5023756 (Monthly Rollup)","http://support.microsoft.com/kb/5023756","No LDR Only available","No LDR Only available","No LDR Only available","rEX","23-03Rollup"
"Tdx.sys","Net_Protocol","6.2.9200.23452","0","05-Aug-2021","GDR","5023756","March 14, 2023-KB5023756 (Monthly Rollup)","http://support.microsoft.com/kb/5023756","No LDR Only available","No LDR Only available","No LDR Only available"," ","23-03Rollup"
"Iphlpapi.dll","Net_Protocol","6.2.9200.16420","0","11-Oct-2022","GDR","5023756","March 14, 2023-KB5023756 (Monthly Rollup)","http://support.microsoft.com/kb/5023756","No LDR Only available","No LDR Only available","No LDR Only available","rEX","23-03Rollup"
"Tunnel.sys","Net_IPv6","6.2.9200.16384","1","11-Oct-2022","GDR","5023756","March 14, 2023-KB5023756 (Monthly Rollup)","http://support.microsoft.com/kb/5023756","No LDR Only available","No LDR Only available","No LDR Only available","rEX","23-03Rollup"
"Dhcpcore6.dll","Net_IPv6","6.2.9200.23144","1","14-Aug-2020","GDR","5023756","March 14, 2023-KB5023756 (Monthly Rollup)","http://support.microsoft.com/kb/5023756","No LDR Only available","No LDR Only available","No LDR Only available"," ","23-03Rollup"
"Dhcpcsvc6.dll","Net_IPv6","6.2.9200.23144","1","14-Aug-2020","GDR","5023756","March 14, 2023-KB5023756 (Monthly Rollup)","http://support.microsoft.com/kb/5023756","No LDR Only available","No LDR Only available","No LDR Only available"," ","23-03Rollup"
"Nlasvc.dll","Net_NLA","6.2.9200.23093","0","08-Jun-2020","GDR","5023756","March 14, 2023-KB5023756 (Monthly Rollup)","http://support.microsoft.com/kb/5023756","No LDR Only available","No LDR Only available","No LDR Only available"," ","23-03Rollup"
"Ncsi.dll","Net_NLA","6.2.9200.23093","0","08-Jun-2020","GDR","5023756","March 14, 2023-KB5023756 (Monthly Rollup)","http://support.microsoft.com/kb/5023756","No LDR Only available","No LDR Only available","No LDR Only available"," ","23-03Rollup"
"Nlaapi.dll","Net_NLA","6.2.9200.22376","0","22-Feb-2018","GDR","5023756","March 14, 2023-KB5023756 (Monthly Rollup)","http://support.microsoft.com/kb/5023756","No LDR Only available","No LDR Only available","No LDR Only available"," ","23-03Rollup"
"Dns.exe","Net_DNS_Srv","6.2.9200.24163","0","13-Feb-2023","GDR","5023756","March 14, 2023-KB5023756 (Monthly Rollup)","http://support.microsoft.com/kb/5023756","No LDR Only available","No LDR Only available","No LDR Only available"," ","23-03Rollup"
"Dhcpssvc.dll","Net_DHCP_Srv","6.2.9200.22835","0","11-Jul-2019","GDR","5023756","March 14, 2023-KB5023756 (Monthly Rollup)","http://support.microsoft.com/kb/5023756","No LDR Only available","No LDR Only available","No LDR Only available"," ","23-03Rollup"
"Dfssvc.exe","Net_DFS-N_Srv","6.2.9200.21968","0","22-Aug-2016","GDR","5023756","March 14, 2023-KB5023756 (Monthly Rollup)","http://support.microsoft.com/kb/5023756","No LDR Only available","No LDR Only available","No LDR Only available"," ","23-03Rollup"
"Nfssvc.exe","Net_NFS_Srv","6.2.9200.16384","0","25-Jul-2012","GDR","5023756","March 14, 2023-KB5023756 (Monthly Rollup)","http://support.microsoft.com/kb/5023756","No LDR Only available","No LDR Only available","No LDR Only available"," ","23-03Rollup"
"Nfssvr.sys","Net_NFS_Srv","6.2.9200.23765","0","13-Jun-2022","GDR","5023756","March 14, 2023-KB5023756 (Monthly Rollup)","http://support.microsoft.com/kb/5023756","No LDR Only available","No LDR Only available","No LDR Only available"," ","23-03Rollup"
"Msnfsflt.sys","Net_NFS_Srv","6.2.9200.16384","0","25-Jul-2012","GDR","5023756","March 14, 2023-KB5023756 (Monthly Rollup)","http://support.microsoft.com/kb/5023756","No LDR Only available","No LDR Only available","No LDR Only available"," ","23-03Rollup"
"portmap.sys","Net_NFS_Srv","6.2.9200.23861","0","09-Aug-2022","GDR","5023756","March 14, 2023-KB5023756 (Monthly Rollup)","http://support.microsoft.com/kb/5023756","No LDR Only available","No LDR Only available","No LDR Only available"," ","23-03Rollup"
"rpcxdr.sys","Net_NFS_Srv","6.2.9200.23765","0","13-Jun-2022","GDR","5023756","March 14, 2023-KB5023756 (Monthly Rollup)","http://support.microsoft.com/kb/5023756","No LDR Only available","No LDR Only available","No LDR Only available"," ","23-03Rollup"
"Nlb.sys","Net_NLB_Srv","6.2.9200.1","0","08-Nov-2022","GDR","5023756","March 14, 2023-KB5023756 (Monthly Rollup)","http://support.microsoft.com/kb/5023756","No LDR Only available","No LDR Only available","No LDR Only available"," ","23-03Rollup"
"Csc.sys","Net_CSC_Offline","6.2.9200.22508","1","28-Jun-2018","GDR","5023756","March 14, 2023-KB5023756 (Monthly Rollup)","http://support.microsoft.com/kb/5023756","No LDR Only available","No LDR Only available","No LDR Only available"," ","23-03Rollup"
"Cscapi.dll","Net_CSC_Offline","6.2.9200.16384","1","11-Oct-2022","GDR","5023756","March 14, 2023-KB5023756 (Monthly Rollup)","http://support.microsoft.com/kb/5023756","No LDR Only available","No LDR Only available","No LDR Only available","rEX","23-03Rollup"
"Cscdll.dll","Net_CSC_Offline","6.2.9200.16384","1","11-Oct-2022","GDR","5023756","March 14, 2023-KB5023756 (Monthly Rollup)","http://support.microsoft.com/kb/5023756","No LDR Only available","No LDR Only available","No LDR Only available","rEX","23-03Rollup"
"Cscsvc.dll","Net_CSC_Offline","6.2.9200.23346","1","13-Apr-2021","GDR","5023756","March 14, 2023-KB5023756 (Monthly Rollup)","http://support.microsoft.com/kb/5023756","No LDR Only available","No LDR Only available","No LDR Only available"," ","23-03Rollup"
"Cscmig.dll","Net_CSC_Offline","6.2.9200.20521","1","19-Sep-2012","GDR","5023756","March 14, 2023-KB5023756 (Monthly Rollup)","http://support.microsoft.com/kb/5023756","No LDR Only available","No LDR Only available","No LDR Only available"," ","23-03Rollup"
"Cscui.dll","Net_CSC_Offline","6.2.9200.16384","1","11-Oct-2022","GDR","5023756","March 14, 2023-KB5023756 (Monthly Rollup)","http://support.microsoft.com/kb/5023756","No LDR Only available","No LDR Only available","No LDR Only available","rEX","23-03Rollup"
"Mrxdav.sys","Net_WebDAV","6.2.9200.21976","1","07-Sep-2016","GDR","5023756","March 14, 2023-KB5023756 (Monthly Rollup)","http://support.microsoft.com/kb/5023756","No LDR Only available","No LDR Only available","No LDR Only available"," ","23-03Rollup"
"webclnt.dll","Net_WebDAV","6.2.9200.21538","1","01.07.2015","LDRGDR","3076949 (v1.0)","MS15-089: Vulnerability in WebDAV could allow security feature bypass: August 11, 2015","http://support.microsoft.com/kb/3076949","2732597 (v1.0)","0x80070091 error when you perform a drag-and-drop operation to replace a folder in a WebDAV shared folder in Windows","http://support.microsoft.com/kb/2732597","rEX","No Rollup"
"davclnt.dll","Net_WebDAV","6.2.9200.21538","1","01.07.2015","LDRGDR","3076949 (v1.0)","MS15-089: Vulnerability in WebDAV could allow security feature bypass: August 11, 2015","http://support.microsoft.com/kb/3076949","No LDR Only available","No LDR Only available","No LDR Only available","rEX","No Rollup"
"Shell32.dll","Net_WebDAV","6.2.9200.23914","1","18-Oct-2022","GDR","5023756","March 14, 2023-KB5023756 (Monthly Rollup)","http://support.microsoft.com/kb/5023756","No LDR Only available","No LDR Only available","No LDR Only available","rEX","23-03Rollup"
"Winhttp.dll","Net_WebDAV","6.2.9200.22661","1","01-Jan-2019","GDR","5023756","March 14, 2023-KB5023756 (Monthly Rollup)","http://support.microsoft.com/kb/5023756","No LDR Only available","No LDR Only available","No LDR Only available"," ","23-03Rollup"
"Dfsc.sys","Net_DFS-N_Client","6.2.9200.24114","0","16-Jan-2023","GDR","5023756","March 14, 2023-KB5023756 (Monthly Rollup)","http://support.microsoft.com/kb/5023756","No LDR Only available","No LDR Only available","No LDR Only available"," ","23-03Rollup"
"Dhcpcore.dll","Net_DHCP_Client","6.2.9200.23144","1","14-Aug-2020","GDR","5023756","March 14, 2023-KB5023756 (Monthly Rollup)","http://support.microsoft.com/kb/5023756","No LDR Only available","No LDR Only available","No LDR Only available"," ","23-03Rollup"
"Dhcpcsvc.dll","Net_DHCP_Client","6.2.9200.23144","1","14-Aug-2020","GDR","5023756","March 14, 2023-KB5023756 (Monthly Rollup)","http://support.microsoft.com/kb/5023756","No LDR Only available","No LDR Only available","No LDR Only available"," ","23-03Rollup"
"Nfsclnt.exe","Net_NFS_Client","6.2.9200.1","1","08-Nov-2022","GDR","5023756","March 14, 2023-KB5023756 (Monthly Rollup)","http://support.microsoft.com/kb/5023756","No LDR Only available","No LDR Only available","No LDR Only available"," ","23-03Rollup"
"Nfsnp.dll","Net_NFS_Client","6.2.9200.1","1","08-Nov-2022","GDR","5023756","March 14, 2023-KB5023756 (Monthly Rollup)","http://support.microsoft.com/kb/5023756","No LDR Only available","No LDR Only available","No LDR Only available"," ","23-03Rollup"
"Nfsrdr.sys","Net_NFS_Client","6.2.9200.1","1","08-Nov-2022","GDR","5023756","March 14, 2023-KB5023756 (Monthly Rollup)","http://support.microsoft.com/kb/5023756","No LDR Only available","No LDR Only available","No LDR Only available"," ","23-03Rollup"
"Psxdll.dll","Net_Posix","6.2.9200.1","1","08-Nov-2022","GDR","5023756","March 14, 2023-KB5023756 (Monthly Rollup)","http://support.microsoft.com/kb/5023756","No LDR Only available","No LDR Only available","No LDR Only available"," ","23-03Rollup"
"Psxdllsvr.dll","Net_Posix","6.2.9200.1","1","08-Nov-2022","GDR","5023756","March 14, 2023-KB5023756 (Monthly Rollup)","http://support.microsoft.com/kb/5023756","No LDR Only available","No LDR Only available","No LDR Only available"," ","23-03Rollup"
"Psxss.exe","Net_Posix","6.2.9200.1","1","08-Nov-2022","GDR","5023756","March 14, 2023-KB5023756 (Monthly Rollup)","http://support.microsoft.com/kb/5023756","No LDR Only available","No LDR Only available","No LDR Only available"," ","23-03Rollup"
"Posix.exe","Net_Posix","6.2.9200.1","1","08-Nov-2022","GDR","5023756","March 14, 2023-KB5023756 (Monthly Rollup)","http://support.microsoft.com/kb/5023756","No LDR Only available","No LDR Only available","No LDR Only available"," ","23-03Rollup"
"dnsapi.dll","Net_DNS_Client","6.2.9200.23324","1","14-Mar-2021","GDR","5023756","March 14, 2023-KB5023756 (Monthly Rollup)","http://support.microsoft.com/kb/5023756","No LDR Only available","No LDR Only available","No LDR Only available"," ","23-03Rollup"
"dnsrslvr.dll","Net_DNS_Client","6.2.9200.23115","1","12-Jul-2020","GDR","5023756","March 14, 2023-KB5023756 (Monthly Rollup)","http://support.microsoft.com/kb/5023756","No LDR Only available","No LDR Only available","No LDR Only available"," ","23-03Rollup"
"Dnscacheugc.exe","Net_DNS_Client","6.2.9200.16384","1","11-Oct-2022","GDR","5023756","March 14, 2023-KB5023756 (Monthly Rollup)","http://support.microsoft.com/kb/5023756","No LDR Only available","No LDR Only available","No LDR Only available","rEX","23-03Rollup"
"Rpcss.dll","Net_RPC","6.2.9200.24069","1","10-Jan-2023","GDR","5023756","March 14, 2023-KB5023756 (Monthly Rollup)","http://support.microsoft.com/kb/5023756","No LDR Only available","No LDR Only available","No LDR Only available","rEX","23-03Rollup"
"Rpchttp.dll","Net_RPC","6.2.9200.17103","1","11-Oct-2022","GDR","5023756","March 14, 2023-KB5023756 (Monthly Rollup)","http://support.microsoft.com/kb/5023756","No LDR Only available","No LDR Only available","No LDR Only available","rEX","23-03Rollup"
"Rpcrt4.dll","Net_RPC","6.2.9200.24075","1","10-Jan-2023","GDR","5023756","March 14, 2023-KB5023756 (Monthly Rollup)","http://support.microsoft.com/kb/5023756","No LDR Only available","No LDR Only available","No LDR Only available","rEX","23-03Rollup"
"Bfe.dll","Net_Ipsec_BFE","6.2.9200.23514","1","25-Oct-2021","GDR","5023756","March 14, 2023-KB5023756 (Monthly Rollup)","http://support.microsoft.com/kb/5023756","No LDR Only available","No LDR Only available","No LDR Only available"," ","23-03Rollup"
"Ikeext.dll","Net_Ipsec_BFE","6.2.9200.24070","1","10-Jan-2023","GDR","5023756","March 14, 2023-KB5023756 (Monthly Rollup)","http://support.microsoft.com/kb/5023756","No LDR Only available","No LDR Only available","No LDR Only available","rEX","23-03Rollup"
"Fwpuclnt.dll","Net_Ipsec_BFE","6.2.9200.23514","1","25-Oct-2021","GDR","5023756","March 14, 2023-KB5023756 (Monthly Rollup)","http://support.microsoft.com/kb/5023756","No LDR Only available","No LDR Only available","No LDR Only available"," ","23-03Rollup"
"Iphlpsvc.dll","Net_DirectAccess_Client","6.2.9200.22898","1","04-Oct-2019","GDR","5023756","March 14, 2023-KB5023756 (Monthly Rollup)","http://support.microsoft.com/kb/5023756","No LDR Only available","No LDR Only available","No LDR Only available"," ","23-03Rollup"
"Iphlpsvcmigplugin.dll","Net_DirectAccess_Client","6.2.9200.20604","1","14-Jun-2022","GDR","5023756","March 14, 2023-KB5023756 (Monthly Rollup)","http://support.microsoft.com/kb/5023756","No LDR Only available","No LDR Only available","No LDR Only available","rEX","23-03Rollup"
"Netcorehc.dll","Net_DirectAccess_Client","6.2.9200.16384","1","11-Oct-2022","GDR","5023756","March 14, 2023-KB5023756 (Monthly Rollup)","http://support.microsoft.com/kb/5023756","No LDR Only available","No LDR Only available","No LDR Only available","rEX","23-03Rollup"
"Daotpcredentialprovider.dll","Net_DirectAccess_Client","6.2.9200.1","1","08-Nov-2022","GDR","5023756","March 14, 2023-KB5023756 (Monthly Rollup)","http://support.microsoft.com/kb/5023756","No LDR Only available","No LDR Only available","No LDR Only available"," ","23-03Rollup"
"Rdpcore.dll","Net_DirectAccess_Client","6.2.9200.23509","1","11-Oct-2021","GDR","5023756","March 14, 2023-KB5023756 (Monthly Rollup)","http://support.microsoft.com/kb/5023756","No LDR Only available","No LDR Only available","No LDR Only available"," ","23-03Rollup"
"Damgmt.dll","Net_DirectAccess_Srv","6.2.9200.1","1","08-Nov-2022","GDR","5023756","March 14, 2023-KB5023756 (Monthly Rollup)","http://support.microsoft.com/kb/5023756","No LDR Only available","No LDR Only available","No LDR Only available"," ","23-03Rollup"
"Ramgmtui.exe","Net_DirectAccess_Srv","6.2.9200.1","1","08-Nov-2022","GDR","5023756","March 14, 2023-KB5023756 (Monthly Rollup)","http://support.microsoft.com/kb/5023756","No LDR Only available","No LDR Only available","No LDR Only available"," ","23-03Rollup"
"Ramgmtsvc.dll","Net_DirectAccess_Srv","6.2.9200.1","1","08-Nov-2022","GDR","5023756","March 14, 2023-KB5023756 (Monthly Rollup)","http://support.microsoft.com/kb/5023756","No LDR Only available","No LDR Only available","No LDR Only available"," ","23-03Rollup"
"Rasclusterres.dll","Net_DirectAccess_Srv","6.2.9200.1","1","08-Nov-2022","GDR","5023756","March 14, 2023-KB5023756 (Monthly Rollup)","http://support.microsoft.com/kb/5023756","No LDR Only available","No LDR Only available","No LDR Only available"," ","23-03Rollup"
"Raserverpsprovider.dll","Net_DirectAccess_Srv","6.2.9200.1","1","08-Nov-2022","GDR","5023756","March 14, 2023-KB5023756 (Monthly Rollup)","http://support.microsoft.com/kb/5023756","No LDR Only available","No LDR Only available","No LDR Only available"," ","23-03Rollup"
"dot3svc.dll","Net_IEEE802.1x","6.2.9200.16384","1","11-Oct-2022","GDR","5023756","March 14, 2023-KB5023756 (Monthly Rollup)","http://support.microsoft.com/kb/5023756","No LDR Only available","No LDR Only available","No LDR Only available","rEX","23-03Rollup"
"Rastls.dll","Net_IEEE802.1x","6.2.9200.17103","1","11-Oct-2022","GDR","5023756","March 14, 2023-KB5023756 (Monthly Rollup)","http://support.microsoft.com/kb/5023756","No LDR Only available","No LDR Only available","No LDR Only available","rEX","23-03Rollup"
"wlansvc.dll","Net_WLAN_Client","6.2.9200.23913","1","12-Sep-2022","GDR","5023756","March 14, 2023-KB5023756 (Monthly Rollup)","http://support.microsoft.com/kb/5023756","No LDR Only available","No LDR Only available","No LDR Only available"," ","23-03Rollup"
"wlanmsm.dll","Net_WLAN_Client","6.2.9200.23707","1","13-Apr-2022","GDR","5023756","March 14, 2023-KB5023756 (Monthly Rollup)","http://support.microsoft.com/kb/5023756","No LDR Only available","No LDR Only available","No LDR Only available"," ","23-03Rollup"
"wlanapi.dll","Net_WLAN_Client","6.2.9200.23453","1","06-Aug-2021","GDR","5023756","March 14, 2023-KB5023756 (Monthly Rollup)","http://support.microsoft.com/kb/5023756","No LDR Only available","No LDR Only available","No LDR Only available"," ","23-03Rollup"
"wlansec.dll","Net_WLAN_Client","6.2.9200.23707","1","13-Apr-2022","GDR","5023756","March 14, 2023-KB5023756 (Monthly Rollup)","http://support.microsoft.com/kb/5023756","No LDR Only available","No LDR Only available","No LDR Only available"," ","23-03Rollup"
"wlansvcpal.dll","Net_WLAN_Client","6.2.9200.1","1","08-Nov-2022","GDR","5023756","March 14, 2023-KB5023756 (Monthly Rollup)","http://support.microsoft.com/kb/5023756","No LDR Only available","No LDR Only available","No LDR Only available"," ","23-03Rollup"
"wlanhlp.dll","Net_WLAN_Client","6.2.9200.20555","1","05-Nov-2012","GDR","5023756","March 14, 2023-KB5023756 (Monthly Rollup)","http://support.microsoft.com/kb/5023756","No LDR Only available","No LDR Only available","No LDR Only available"," ","23-03Rollup"
"Netcfgx.dll","Net_Config","6.2.9200.23213","1","14-Jun-2022","GDR","5023756","March 14, 2023-KB5023756 (Monthly Rollup)","http://support.microsoft.com/kb/5023756","No LDR Only available","No LDR Only available","No LDR Only available","rEX","23-03Rollup"
"WorkFolders.exe","Net_WorkFolders","6.2.9200.1","1","08-Nov-2022","GDR","5023756","March 14, 2023-KB5023756 (Monthly Rollup)","http://support.microsoft.com/kb/5023756","No LDR Only available","No LDR Only available","No LDR Only available"," ","23-03Rollup"
"WorkFoldersshell.dll","Net_WorkFolders","6.2.9200.1","1","08-Nov-2022","GDR","5023756","March 14, 2023-KB5023756 (Monthly Rollup)","http://support.microsoft.com/kb/5023756","No LDR Only available","No LDR Only available","No LDR Only available"," ","23-03Rollup"
"WorkFolderssvc.dll","Net_WorkFolders","6.2.9200.1","1","08-Nov-2022","GDR","5023756","March 14, 2023-KB5023756 (Monthly Rollup)","http://support.microsoft.com/kb/5023756","No LDR Only available","No LDR Only available","No LDR Only available"," ","23-03Rollup"
"WorkFolderscontrol.dll","Net_WorkFolders","6.2.9200.1","1","08-Nov-2022","GDR","5023756","March 14, 2023-KB5023756 (Monthly Rollup)","http://support.microsoft.com/kb/5023756","No LDR Only available","No LDR Only available","No LDR Only available"," ","23-03Rollup"
"WorkFoldersGPExt.dll","Net_WorkFolders","6.2.9200.1","1","08-Nov-2022","GDR","5023756","March 14, 2023-KB5023756 (Monthly Rollup)","http://support.microsoft.com/kb/5023756","No LDR Only available","No LDR Only available","No LDR Only available"," ","23-03Rollup"
"Syncsharesvc.dll","Net_WorkFolders","6.2.9200.1","1","08-Nov-2022","GDR","5023756","March 14, 2023-KB5023756 (Monthly Rollup)","http://support.microsoft.com/kb/5023756","No LDR Only available","No LDR Only available","No LDR Only available"," ","23-03Rollup"
"Syncsharesrv.dll","Net_WorkFolders","6.2.9200.1","1","08-Nov-2022","GDR","5023756","March 14, 2023-KB5023756 (Monthly Rollup)","http://support.microsoft.com/kb/5023756","No LDR Only available","No LDR Only available","No LDR Only available"," ","23-03Rollup"
"Syncsharettlib.dll","Net_WorkFolders","6.2.9200.1","1","08-Nov-2022","GDR","5023756","March 14, 2023-KB5023756 (Monthly Rollup)","http://support.microsoft.com/kb/5023756","No LDR Only available","No LDR Only available","No LDR Only available"," ","23-03Rollup"
"Syncsharettsvc.exe","Net_WorkFolders","6.2.9200.1","1","08-Nov-2022","GDR","5023756","March 14, 2023-KB5023756 (Monthly Rollup)","http://support.microsoft.com/kb/5023756","No LDR Only available","No LDR Only available","No LDR Only available"," ","23-03Rollup"
"webio.dll","Net_BranchCache","6.2.9200.21797","1","08.03.2016","LDR","3140245 (v1.0)","A new registry key enables TLS 1.1 and TLS 1.2 to default secure protocols in WinHTTP in Windows","http://support.microsoft.com/kb/3140245","3140245 (v1.0)","A new registry key enables TLS 1.1 and TLS 1.2 to default secure protocols in WinHTTP in Windows","http://support.microsoft.com/kb/3140245","rEX","No Rollup"
"Smbhash.exe","Net_BranchCache","6.2.9200.1","1","08-Nov-2022","GDR","5023756","March 14, 2023-KB5023756 (Monthly Rollup)","http://support.microsoft.com/kb/5023756","No LDR Only available","No LDR Only available","No LDR Only available"," ","23-03Rollup"
"Pacer.sys","Net_QoS","6.2.9200.16384","1","11-Oct-2022","GDR","5023756","March 14, 2023-KB5023756 (Monthly Rollup)","http://support.microsoft.com/kb/5023756","No LDR Only available","No LDR Only available","No LDR Only available","rEX","23-03Rollup"
"Mpsdrv.sys","Net_Firewall","6.2.9200.22544","1","09-Aug-2018","GDR","5023756","March 14, 2023-KB5023756 (Monthly Rollup)","http://support.microsoft.com/kb/5023756","No LDR Only available","No LDR Only available","No LDR Only available"," ","23-03Rollup"
"MpsSvc.dll","Net_Firewall","6.2.9200.22376","1","23-Feb-2018","GDR","5023756","March 14, 2023-KB5023756 (Monthly Rollup)","http://support.microsoft.com/kb/5023756","No LDR Only available","No LDR Only available","No LDR Only available"," ","23-03Rollup"
"qmgr.dll","Net_BiTS","7.6.9200.23054","1","05-May-2020","GDR","5023756","March 14, 2023-KB5023756 (Monthly Rollup)","http://support.microsoft.com/kb/5023756","No LDR Only available","No LDR Only available","No LDR Only available"," ","23-03Rollup"
"rasmans.dll","Net_VPN","6.2.9200.23701","1","04-Apr-2022","GDR","5023756","March 14, 2023-KB5023756 (Monthly Rollup)","http://support.microsoft.com/kb/5023756","No LDR Only available","No LDR Only available","No LDR Only available"," ","23-03Rollup"
"Netlogon.dll","Dom_NETLOGON","6.2.9200.24075","0","10-Jan-2023","GDR","5023756","March 14, 2023-KB5023756 (Monthly Rollup)","http://support.microsoft.com/kb/5023756","No LDR Only available","No LDR Only available","No LDR Only available","rEX","23-03Rollup"
"LogonCli.dll","Dom_NETLOGON","6.2.9200.23708","0","13-Apr-2022","GDR","5023756","March 14, 2023-KB5023756 (Monthly Rollup)","http://support.microsoft.com/kb/5023756","No LDR Only available","No LDR Only available","No LDR Only available"," ","23-03Rollup"
"Winlogon.exe","Dom_WINLOGON","6.2.9200.24115","0","25-Jan-2023","GDR","5023756","March 14, 2023-KB5023756 (Monthly Rollup)","http://support.microsoft.com/kb/5023756","No LDR Only available","No LDR Only available","No LDR Only available"," ","23-03Rollup"
"Kerberos.dll","Dom_KERBEROS","6.2.9200.23967","0","08-Nov-2022","GDR","5023756","March 14, 2023-KB5023756 (Monthly Rollup)","http://support.microsoft.com/kb/5023756","No LDR Only available","No LDR Only available","No LDR Only available","rEX","23-03Rollup"
"Msv1_0.dll","Dom_NTLM","6.2.9200.24075","1","10-Jan-2023","GDR","5023756","March 14, 2023-KB5023756 (Monthly Rollup)","http://support.microsoft.com/kb/5023756","No LDR Only available","No LDR Only available","No LDR Only available","rEX","23-03Rollup"
"Wldap32.dll","Dom_LDAPClient","6.2.9200.23863","0","11-Oct-2022","GDR","5023756","March 14, 2023-KB5023756 (Monthly Rollup)","http://support.microsoft.com/kb/5023756","No LDR Only available","No LDR Only available","No LDR Only available","rEX","23-03Rollup"
"Lsass.exe","Dom_LSA","6.2.9200.24115","0","25-Jan-2023","GDR","5023756","March 14, 2023-KB5023756 (Monthly Rollup)","http://support.microsoft.com/kb/5023756","No LDR Only available","No LDR Only available","No LDR Only available"," ","23-03Rollup"
"Lsasrv.dll","Dom_LSA","6.2.9200.24075","0","10-Jan-2023","GDR","5023756","March 14, 2023-KB5023756 (Monthly Rollup)","http://support.microsoft.com/kb/5023756","No LDR Only available","No LDR Only available","No LDR Only available","rEX","23-03Rollup"
"Ksecdd.sys","Dom_LSA","6.2.9200.23919","0","18-Oct-2022","GDR","5023756","March 14, 2023-KB5023756 (Monthly Rollup)","http://support.microsoft.com/kb/5023756","No LDR Only available","No LDR Only available","No LDR Only available","rEX","23-03Rollup"
"Ksecpkg.sys","Dom_LSA","6.2.9200.24115","0","25-Jan-2023","GDR","5023756","March 14, 2023-KB5023756 (Monthly Rollup)","http://support.microsoft.com/kb/5023756","No LDR Only available","No LDR Only available","No LDR Only available"," ","23-03Rollup"
"Secur32.dll","Dom_LSA","6.2.9200.16384","0","11-Oct-2022","GDR","5023756","March 14, 2023-KB5023756 (Monthly Rollup)","http://support.microsoft.com/kb/5023756","No LDR Only available","No LDR Only available","No LDR Only available","rEX","23-03Rollup"
"Sspicli.dll","Dom_LSA","6.2.9200.23919","0","18-Oct-2022","GDR","5023756","March 14, 2023-KB5023756 (Monthly Rollup)","http://support.microsoft.com/kb/5023756","No LDR Only available","No LDR Only available","No LDR Only available","rEX","23-03Rollup"
"Sspisrv.dll","Dom_LSA","6.2.9200.24115","0","25-Jan-2023","GDR","5023756","March 14, 2023-KB5023756 (Monthly Rollup)","http://support.microsoft.com/kb/5023756","No LDR Only available","No LDR Only available","No LDR Only available"," ","23-03Rollup"
"Schannel.dll","Dom_LSA","6.2.9200.23922","0","08-Nov-2022","GDR","5023756","March 14, 2023-KB5023756 (Monthly Rollup)","http://support.microsoft.com/kb/5023756","No LDR Only available","No LDR Only available","No LDR Only available","rEX","23-03Rollup"
"dpapisvr.dll","Dom_LSA","6.2.9200.1","0","08-Nov-2022","GDR","5023756","March 14, 2023-KB5023756 (Monthly Rollup)","http://support.microsoft.com/kb/5023756","No LDR Only available","No LDR Only available","No LDR Only available"," ","23-03Rollup"
"Scesrv.dll","Dom_SecAuditAndConfig","6.2.9200.23907","1","18-Oct-2022","GDR","5023756","March 14, 2023-KB5023756 (Monthly Rollup)","http://support.microsoft.com/kb/5023756","No LDR Only available","No LDR Only available","No LDR Only available","rEX","23-03Rollup"
"AclUI.dll","Dom_SecAuditAndConfig","6.2.9200.16384","1","11-Oct-2022","GDR","5023756","March 14, 2023-KB5023756 (Monthly Rollup)","http://support.microsoft.com/kb/5023756","No LDR Only available","No LDR Only available","No LDR Only available","rEX","23-03Rollup"
"Winscard.dll","Dom_SC_Provider","6.2.9200.22396","1","04-Mar-2018","GDR","5023756","March 14, 2023-KB5023756 (Monthly Rollup)","http://support.microsoft.com/kb/5023756","No LDR Only available","No LDR Only available","No LDR Only available"," ","23-03Rollup"
"Basecsp.dll","Dom_SC_Provider","6.2.9200.22398","1","06-Mar-2018","GDR","5023756","March 14, 2023-KB5023756 (Monthly Rollup)","http://support.microsoft.com/kb/5023756","No LDR Only available","No LDR Only available","No LDR Only available"," ","23-03Rollup"
"Scksp.dll","Dom_SC_Provider","6.2.9200.22398","1","06-Mar-2018","GDR","5023756","March 14, 2023-KB5023756 (Monthly Rollup)","http://support.microsoft.com/kb/5023756","No LDR Only available","No LDR Only available","No LDR Only available"," ","23-03Rollup"
"ScardSvr.dll","Dom_SC_Srv","6.2.9200.16384","1","25-Jul-2012","GDR","5023756","March 14, 2023-KB5023756 (Monthly Rollup)","http://support.microsoft.com/kb/5023756","No LDR Only available","No LDR Only available","No LDR Only available"," ","23-03Rollup"
"Scfilter.sys","Dom_SC_Srv","6.2.9200.22331","1","07-Dec-2017","GDR","5023756","March 14, 2023-KB5023756 (Monthly Rollup)","http://support.microsoft.com/kb/5023756","No LDR Only available","No LDR Only available","No LDR Only available"," ","23-03Rollup"
"Certprop.dll","Dom_SC_Srv","6.2.9200.22331","1","07-Dec-2017","GDR","5023756","March 14, 2023-KB5023756 (Monthly Rollup)","http://support.microsoft.com/kb/5023756","No LDR Only available","No LDR Only available","No LDR Only available"," ","23-03Rollup"
"Crypt32.dll","Dom_CRYPTO","6.2.9200.23809","1","05-Jul-2022","GDR","5023756","March 14, 2023-KB5023756 (Monthly Rollup)","http://support.microsoft.com/kb/5023756","No LDR Only available","No LDR Only available","No LDR Only available"," ","23-03Rollup"
"Cryptsvc.dll","Dom_CRYPTO","6.2.9200.16666","1","11-Oct-2022","GDR","5023756","March 14, 2023-KB5023756 (Monthly Rollup)","http://support.microsoft.com/kb/5023756","No LDR Only available","No LDR Only available","No LDR Only available","rEX","23-03Rollup"
"Cryptnet.dll","Dom_CRYPTO","6.2.9200.16592","1","11-Oct-2022","GDR","5023756","March 14, 2023-KB5023756 (Monthly Rollup)","http://support.microsoft.com/kb/5023756","No LDR Only available","No LDR Only available","No LDR Only available","rEX","23-03Rollup"
"Wintrust.dll","Dom_CRYPTO","6.2.9200.23711","1","27-Apr-2022","GDR","5023756","March 14, 2023-KB5023756 (Monthly Rollup)","http://support.microsoft.com/kb/5023756","No LDR Only available","No LDR Only available","No LDR Only available"," ","23-03Rollup"
"Cryptdll.dll","Dom_CRYPTO","6.2.9200.22739","1","04-Apr-2019","GDR","5023756","March 14, 2023-KB5023756 (Monthly Rollup)","http://support.microsoft.com/kb/5023756","No LDR Only available","No LDR Only available","No LDR Only available"," ","23-03Rollup"
"Cryptcatsvc.dll","Dom_CRYPTO","6.2.9200.23144","1","14-Aug-2020","GDR","5023756","March 14, 2023-KB5023756 (Monthly Rollup)","http://support.microsoft.com/kb/5023756","No LDR Only available","No LDR Only available","No LDR Only available"," ","23-03Rollup"
"Dimsroam.dll","Dom_DIMS","6.2.9200.23862","1","10-Aug-2022","GDR","5023756","March 14, 2023-KB5023756 (Monthly Rollup)","http://support.microsoft.com/kb/5023756","No LDR Only available","No LDR Only available","No LDR Only available"," ","23-03Rollup"
"Dimsjob.dll","Dom_DIMS","6.2.9200.16384","1","11-Oct-2022","GDR","5023756","March 14, 2023-KB5023756 (Monthly Rollup)","http://support.microsoft.com/kb/5023756","No LDR Only available","No LDR Only available","No LDR Only available","rEX","23-03Rollup"
"Adprovider.dll","Dom_DIMS","6.2.9200.23862","1","10-Aug-2022","GDR","5023756","March 14, 2023-KB5023756 (Monthly Rollup)","http://support.microsoft.com/kb/5023756","No LDR Only available","No LDR Only available","No LDR Only available"," ","23-03Rollup"
"Capiprovider.dll","Dom_DIMS","6.2.9200.23862","1","10-Aug-2022","GDR","5023756","March 14, 2023-KB5023756 (Monthly Rollup)","http://support.microsoft.com/kb/5023756","No LDR Only available","No LDR Only available","No LDR Only available"," ","23-03Rollup"
"Cngprovider.dll","Dom_DIMS","6.2.9200.23862","1","10-Aug-2022","GDR","5023756","March 14, 2023-KB5023756 (Monthly Rollup)","http://support.microsoft.com/kb/5023756","No LDR Only available","No LDR Only available","No LDR Only available"," ","23-03Rollup"
"Dpapiprovider.dll","Dom_DIMS","6.2.9200.23862","1","10-Aug-2022","GDR","5023756","March 14, 2023-KB5023756 (Monthly Rollup)","http://support.microsoft.com/kb/5023756","No LDR Only available","No LDR Only available","No LDR Only available"," ","23-03Rollup"
"Wincredprovider.dll","Dom_DIMS","6.2.9200.23862","1","10-Aug-2022","GDR","5023756","March 14, 2023-KB5023756 (Monthly Rollup)","http://support.microsoft.com/kb/5023756","No LDR Only available","No LDR Only available","No LDR Only available"," ","23-03Rollup"
"Gpapi.dll","Dom_GPSVC","6.2.9200.23865","1","06-Sep-2022","GDR","5023756","March 14, 2023-KB5023756 (Monthly Rollup)","http://support.microsoft.com/kb/5023756","No LDR Only available","No LDR Only available","No LDR Only available"," ","23-03Rollup"
"Gpsvc.dll","Dom_GPSVC","6.2.9200.23865","1","06-Sep-2022","GDR","5023756","March 14, 2023-KB5023756 (Monthly Rollup)","http://support.microsoft.com/kb/5023756","No LDR Only available","No LDR Only available","No LDR Only available"," ","23-03Rollup"
"Gpmgmt.dll","Dom_GPSVC","6.2.9200.16518","1","18-Oct-2022","GDR","5023756","March 14, 2023-KB5023756 (Monthly Rollup)","http://support.microsoft.com/kb/5023756","No LDR Only available","No LDR Only available","No LDR Only available","rEX","23-03Rollup"
"Gprsop.dll","Dom_GPSVC","6.2.9200.16384","1","18-Oct-2022","GDR","5023756","March 14, 2023-KB5023756 (Monthly Rollup)","http://support.microsoft.com/kb/5023756","No LDR Only available","No LDR Only available","No LDR Only available","rEX","23-03Rollup"
"Userenv.dll","Dom_GPSVC","6.2.9200.23176","1","28-Sep-2020","GDR","5023756","March 14, 2023-KB5023756 (Monthly Rollup)","http://support.microsoft.com/kb/5023756","No LDR Only available","No LDR Only available","No LDR Only available"," ","23-03Rollup"
"Gpprnext.dll","Dom_GPExt","6.2.9200.16384","1","11-Oct-2022","GDR","5023756","March 14, 2023-KB5023756 (Monthly Rollup)","http://support.microsoft.com/kb/5023756","No LDR Only available","No LDR Only available","No LDR Only available","rEX","23-03Rollup"
"Appmgmts.dll","Dom_GPExt","6.2.9200.16384","1","11-Oct-2022","GDR","5023756","March 14, 2023-KB5023756 (Monthly Rollup)","http://support.microsoft.com/kb/5023756","No LDR Only available","No LDR Only available","No LDR Only available","rEX","23-03Rollup"
"Gpprefcl.dll","Dom_GPP","6.2.9200.23963","1","08-Nov-2022","GDR","5023756","March 14, 2023-KB5023756 (Monthly Rollup)","http://support.microsoft.com/kb/5023756","No LDR Only available","No LDR Only available","No LDR Only available","rEX","23-03Rollup"
"Gpme.dll","Dom_GPP","6.2.9200.23176","1","28-Sep-2020","GDR","5023756","March 14, 2023-KB5023756 (Monthly Rollup)","http://support.microsoft.com/kb/5023756","No LDR Only available","No LDR Only available","No LDR Only available"," ","23-03Rollup"
"Gppref.dll","Dom_GPP","6.2.9200.23176","1","28-Sep-2020","GDR","5023756","March 14, 2023-KB5023756 (Monthly Rollup)","http://support.microsoft.com/kb/5023756","No LDR Only available","No LDR Only available","No LDR Only available"," ","23-03Rollup"
"Gpprefbr.dll","Dom_GPP","6.2.9200.23176","1","28-Sep-2020","GDR","5023756","March 14, 2023-KB5023756 (Monthly Rollup)","http://support.microsoft.com/kb/5023756","No LDR Only available","No LDR Only available","No LDR Only available"," ","23-03Rollup"
"Gpprefcn.dll","Dom_GPP","6.2.9200.23176","1","28-Sep-2020","GDR","5023756","March 14, 2023-KB5023756 (Monthly Rollup)","http://support.microsoft.com/kb/5023756","No LDR Only available","No LDR Only available","No LDR Only available"," ","23-03Rollup"
"Gpregistrybrowser.dll","Dom_GPP","6.2.9200.23176","1","28-Sep-2020","GDR","5023756","March 14, 2023-KB5023756 (Monthly Rollup)","http://support.microsoft.com/kb/5023756","No LDR Only available","No LDR Only available","No LDR Only available"," ","23-03Rollup"
"Propshts.dll","Dom_GPP","6.2.9200.23176","1","28-Sep-2020","GDR","5023756","March 14, 2023-KB5023756 (Monthly Rollup)","http://support.microsoft.com/kb/5023756","No LDR Only available","No LDR Only available","No LDR Only available"," ","23-03Rollup"
"Profprov.dll","Dom_ProfProc","6.2.9200.16384","1","11-Oct-2022","GDR","5023756","March 14, 2023-KB5023756 (Monthly Rollup)","http://support.microsoft.com/kb/5023756","No LDR Only available","No LDR Only available","No LDR Only available","rEX","23-03Rollup"
"Profsvc.dll","Dom_ProfProc","6.2.9200.23176","1","28-Sep-2020","GDR","5023756","March 14, 2023-KB5023756 (Monthly Rollup)","http://support.microsoft.com/kb/5023756","No LDR Only available","No LDR Only available","No LDR Only available"," ","23-03Rollup"
"Fdeploy.dll","Dom_FolderRedir","6.2.9200.16384","1","11-Oct-2022","GDR","5023756","March 14, 2023-KB5023756 (Monthly Rollup)","http://support.microsoft.com/kb/5023756","No LDR Only available","No LDR Only available","No LDR Only available","rEX","23-03Rollup"
"Esent.dll","Dom_ESENT","6.2.9200.21919","0","06-Jul-2016","LDR","3179575 (v1.0)","August 2016 update rollup for Windows Server 2012","http://support.microsoft.com/kb/3179575","No LDR Only available","No LDR Only available","No LDR Only available","rEX","16-08Rollup"
"Ntdsai.dll","Dom_NTDSAI","6.2.9200.24073","0","10-Jan-2023","GDR","5023756","March 14, 2023-KB5023756 (Monthly Rollup)","http://support.microsoft.com/kb/5023756","No LDR Only available","No LDR Only available","No LDR Only available","rEX","23-03Rollup"
"Ntdsutil.exe","Dom_NTDSAI","6.2.9200.16384","0","18-Oct-2022","GDR","5023756","March 14, 2023-KB5023756 (Monthly Rollup)","http://support.microsoft.com/kb/5023756","No LDR Only available","No LDR Only available","No LDR Only available","rEX","23-03Rollup"
"Samsrv.dll","Dom_SAMSRV","6.2.9200.23913","0","18-Oct-2022","GDR","5023756","March 14, 2023-KB5023756 (Monthly Rollup)","http://support.microsoft.com/kb/5023756","No LDR Only available","No LDR Only available","No LDR Only available","rEX","23-03Rollup"
"Samlib.dll","Dom_SAMSRV","6.2.9200.23407","0","25-Jun-2021","GDR","5023756","March 14, 2023-KB5023756 (Monthly Rollup)","http://support.microsoft.com/kb/5023756","No LDR Only available","No LDR Only available","No LDR Only available"," ","23-03Rollup"
"Kdcsvc.dll","Dom_KDCSVC","6.2.9200.24073","0","10-Jan-2023","GDR","5023756","March 14, 2023-KB5023756 (Monthly Rollup)","http://support.microsoft.com/kb/5023756","No LDR Only available","No LDR Only available","No LDR Only available","rEX","23-03Rollup"
"Dfsrs.exe","Dom_DFS-R","6.2.9200.21394","0","08-Nov-2022","GDR","5023756","March 14, 2023-KB5023756 (Monthly Rollup)","http://support.microsoft.com/kb/5023756","No LDR Only available","No LDR Only available","No LDR Only available","rEX","23-03Rollup"
"Dfsrress.dll","Dom_DFS-R","6.2.9200.16384","0","18-Oct-2022","GDR","5023756","March 14, 2023-KB5023756 (Monthly Rollup)","http://support.microsoft.com/kb/5023756","No LDR Only available","No LDR Only available","No LDR Only available","rEX","23-03Rollup"
"Dfsrro.sys","Dom_DFS-R","6.2.9200.16384","0","18-Oct-2022","GDR","5023756","March 14, 2023-KB5023756 (Monthly Rollup)","http://support.microsoft.com/kb/5023756","No LDR Only available","No LDR Only available","No LDR Only available","rEX","23-03Rollup"
"Microsoft.identityserver.service.dll","Dom_ADFS","6.2.9200.22085","0","08-Feb-2017","GDR","5023756","March 14, 2023-KB5023756 (Monthly Rollup)","http://support.microsoft.com/kb/5023756","No LDR Only available","No LDR Only available","No LDR Only available"," ","23-03Rollup"
"Microsoft.identityserver.webhost.dll","Dom_ADFS","6.2.9200.1","0","08-Nov-2022","GDR","5023756","March 14, 2023-KB5023756 (Monthly Rollup)","http://support.microsoft.com/kb/5023756","No LDR Only available","No LDR Only available","No LDR Only available"," ","23-03Rollup"
"Microsoft.identityserver.web.dll","Dom_ADFS","6.2.9200.1","0","08-Nov-2022","GDR","5023756","March 14, 2023-KB5023756 (Monthly Rollup)","http://support.microsoft.com/kb/5023756","No LDR Only available","No LDR Only available","No LDR Only available"," ","23-03Rollup"
"Microsoft.identityserver.dll","Dom_ADFS","6.2.9200.22085","0","08-Feb-2017","GDR","5023756","March 14, 2023-KB5023756 (Monthly Rollup)","http://support.microsoft.com/kb/5023756","No LDR Only available","No LDR Only available","No LDR Only available"," ","23-03Rollup"
"Microsoft.identityserver.proxyservice.exe","Dom_ADFS","6.2.9200.1","0","08-Nov-2022","GDR","5023756","March 14, 2023-KB5023756 (Monthly Rollup)","http://support.microsoft.com/kb/5023756","No LDR Only available","No LDR Only available","No LDR Only available"," ","23-03Rollup"
"Clussvc.exe","Cluster_Core","6.2.9200.23703","0","06-Apr-2022","GDR","5023756","March 14, 2023-KB5023756 (Monthly Rollup)","http://support.microsoft.com/kb/5023756","No LDR Only available","No LDR Only available","No LDR Only available"," ","23-03Rollup"
"cluswmi.dll","Cluster_Core","6.2.9200.20971","0","20.02.2014","LDRGDR","2935616 (v1.0)","High memory usage by the Wmiprvse.exe process in a Windows Server 2012 cluster","http://support.microsoft.com/kb/2935616","2878635 (v3.0)","Update is available that improves the resiliency of the cloud service provider in Windows Server 2012: December 2013","http://support.microsoft.com/kb/2878635","rEX","14-04Rollup"
"Rhs.exe","Cluster_Core","6.2.9200.16384","0","11-Oct-2022","GDR","5023756","March 14, 2023-KB5023756 (Monthly Rollup)","http://support.microsoft.com/kb/5023756","No LDR Only available","No LDR Only available","No LDR Only available","rEX","23-03Rollup"
"clusres.dll","Cluster_Core","6.2.9200.21029","0","26.04.2014","LDRGDR","2963861 (v1.0)","Access denied when you try to lock a volume in maintenance mode in Windows Server 2012 R2 or Windows Server 2012","http://support.microsoft.com/kb/2963861","2878224 (v1.0)","FIX: SODA File Server Clone failed. Error=0x80070057"" error when a failover of the virtual machines starts on a Windows Server 2012-based Hyper-V failover cluster""","http://support.microsoft.com/kb/2878224","rEX","14-06Rollup"
"Clusres2.dll","Cluster_Core","6.2.9200.1","0","08-Nov-2022","GDR","5023756","March 14, 2023-KB5023756 (Monthly Rollup)","http://support.microsoft.com/kb/5023756","No LDR Only available","No LDR Only available","No LDR Only available"," ","23-03Rollup"
"Netft.sys","Cluster_Core","6.2.9200.16384","0","11-Oct-2022","GDR","5023756","March 14, 2023-KB5023756 (Monthly Rollup)","http://support.microsoft.com/kb/5023756","No LDR Only available","No LDR Only available","No LDR Only available","rEX","23-03Rollup"
"Clusauthmgr.dll","Cluster_Core","6.2.9200.16384","0","11-Oct-2022","GDR","5023756","March 14, 2023-KB5023756 (Monthly Rollup)","http://support.microsoft.com/kb/5023756","No LDR Only available","No LDR Only available","No LDR Only available","rEX","23-03Rollup"
"witness.dll","Cluster_Core","6.2.9200.20712","0","09.08.2013","LDRGDR","2878635 (v1.0)","Update is available that improves the resiliency of the cloud service provider in Windows Server 2012: December 2013","http://support.microsoft.com/kb/2878635","2848727 (v1.0)","Move-SmbWitnessClient PowerShell command fails in Windows Server 2012","http://support.microsoft.com/kb/2848727","rEX","No Rollup"
"Csvflt.sys","Cluster_CSV","6.2.9200.23674","0","16-Mar-2022","GDR","5023756","March 14, 2023-KB5023756 (Monthly Rollup)","http://support.microsoft.com/kb/5023756","No LDR Only available","No LDR Only available","No LDR Only available"," ","23-03Rollup"
"Csvfs.sys","Cluster_CSV","6.2.9200.23674","0","16-Mar-2022","GDR","5023756","March 14, 2023-KB5023756 (Monthly Rollup)","http://support.microsoft.com/kb/5023756","No LDR Only available","No LDR Only available","No LDR Only available"," ","23-03Rollup"
"Csvfilter.sys","Cluster_CSV","6.2.9200.1","0","08-Nov-2022","GDR","5023756","March 14, 2023-KB5023756 (Monthly Rollup)","http://support.microsoft.com/kb/5023756","No LDR Only available","No LDR Only available","No LDR Only available"," ","23-03Rollup"
"Vhdmp.sys","Cluster_CSV","6.2.9200.22786","0","23-May-2019","GDR","5023756","March 14, 2023-KB5023756 (Monthly Rollup)","http://support.microsoft.com/kb/5023756","No LDR Only available","No LDR Only available","No LDR Only available"," ","23-03Rollup"
"Svhdxflt.sys","Cluster_CSV","6.2.9200.1","0","08-Nov-2022","GDR","5023756","March 14, 2023-KB5023756 (Monthly Rollup)","http://support.microsoft.com/kb/5023756","No LDR Only available","No LDR Only available","No LDR Only available"," ","23-03Rollup"
"Clusdisk.sys","Cluster_Disk","6.2.9200.23703","0","06-Apr-2022","GDR","5023756","March 14, 2023-KB5023756 (Monthly Rollup)","http://support.microsoft.com/kb/5023756","No LDR Only available","No LDR Only available","No LDR Only available"," ","23-03Rollup"
"Volsnap.sys","Cluster_Volsnap","6.2.9200.17047","0","11-Oct-2022","GDR","5023756","March 14, 2023-KB5023756 (Monthly Rollup)","http://support.microsoft.com/kb/5023756","No LDR Only available","No LDR Only available","No LDR Only available","rEX","23-03Rollup"
"Cprepsrv.exe","Cluster_Validation","6.2.9200.16384","1","11-Oct-2022","GDR","5023756","March 14, 2023-KB5023756 (Monthly Rollup)","http://support.microsoft.com/kb/5023756","No LDR Only available","No LDR Only available","No LDR Only available","rEX","23-03Rollup"
"Failoverclusters.agent.interop.dll","Cluster_Validation","6.2.9200.16384","1","11-Oct-2022","GDR","5023756","March 14, 2023-KB5023756 (Monthly Rollup)","http://support.microsoft.com/kb/5023756","No LDR Only available","No LDR Only available","No LDR Only available","rEX","23-03Rollup"
"Microsoft.failoverclusters.framework.dll","Cluster_Validation","6.2.9200.16503","1","11-Oct-2022","GDR","5023756","March 14, 2023-KB5023756 (Monthly Rollup)","http://support.microsoft.com/kb/5023756","No LDR Only available","No LDR Only available","No LDR Only available","rEX","23-03Rollup"
"Ntoskrnl.exe","Core_Kernel","6.2.9200.24075","0","10-Jan-2023","GDR","5023756","March 14, 2023-KB5023756 (Monthly Rollup)","http://support.microsoft.com/kb/5023756","No LDR Only available","No LDR Only available","No LDR Only available","rEX","23-03Rollup"
"Ntkrnlpa.exe","Core_Kernel","6.2.9200.1","0","08-Nov-2022","GDR","5023756","March 14, 2023-KB5023756 (Monthly Rollup)","http://support.microsoft.com/kb/5023756","No LDR Only available","No LDR Only available","No LDR Only available"," ","23-03Rollup"
"Crashdmp.sys","Core_Kernel","6.2.9200.16703","0","11-Oct-2022","GDR","5023756","March 14, 2023-KB5023756 (Monthly Rollup)","http://support.microsoft.com/kb/5023756","No LDR Only available","No LDR Only available","No LDR Only available","rEX","23-03Rollup"
"Ntdll.dll","Core_Kernel","6.2.9200.24011","0","13-Dec-2022","GDR","5023756","March 14, 2023-KB5023756 (Monthly Rollup)","http://support.microsoft.com/kb/5023756","No LDR Only available","No LDR Only available","No LDR Only available","rEX","23-03Rollup"
"Hal.dll","Core_Kernel","6.2.9200.23376","0","24-May-2021","GDR","5023756","March 14, 2023-KB5023756 (Monthly Rollup)","http://support.microsoft.com/kb/5023756","No LDR Only available","No LDR Only available","No LDR Only available","rEX","23-03Rollup"
"Fltmgr.sys","Core_Kernel","6.2.9200.23373","0","12-May-2021","GDR","5023756","March 14, 2023-KB5023756 (Monthly Rollup)","http://support.microsoft.com/kb/5023756","No LDR Only available","No LDR Only available","No LDR Only available"," ","23-03Rollup"
"win32k.sys","Core_Kernel","6.2.9200.24074","0","10-Jan-2023","GDR","5023756","March 14, 2023-KB5023756 (Monthly Rollup)","http://support.microsoft.com/kb/5023756","No LDR Only available","No LDR Only available","No LDR Only available","rEX","23-03Rollup"
"Ntfs.sys","Core_FileSystem","6.2.9200.24075","0","10-Jan-2023","GDR","5023756","March 14, 2023-KB5023756 (Monthly Rollup)","http://support.microsoft.com/kb/5023756","No LDR Only available","No LDR Only available","No LDR Only available","rEX","23-03Rollup"
"dedup.sys","Core_FileSystem","6.2.9200.16384","0","14-Feb-2023","GDR","5023756","March 14, 2023-KB5023756 (Monthly Rollup)","http://support.microsoft.com/kb/5023756","No LDR Only available","No LDR Only available","No LDR Only available","rEX","23-03Rollup"
"msiscsi.sys","Core_DiskSystem","6.2.9200.21687","0","09.11.2015","LDR","3102997 (v1.0)","Data is corrupted after iSCSI sessions or paths recover in Windows Server 2012 R2 or Windows Server 2012","http://support.microsoft.com/kb/3102997","3102997 (v1.0)","Data is corrupted after iSCSI sessions or paths recover in Windows Server 2012 R2 or Windows Server 2012","http://support.microsoft.com/kb/3102997","rEX","No Rollup"
"Iscsitgt.dll","Core_DiskSystem","6.2.9200.23246","0","07-Dec-2020","GDR","5023756","March 14, 2023-KB5023756 (Monthly Rollup)","http://support.microsoft.com/kb/5023756","No LDR Only available","No LDR Only available","No LDR Only available"," ","23-03Rollup"
"Storport.sys","Core_DiskSystem","6.2.9200.23486","0","15-Sep-2021","GDR","5023756","March 14, 2023-KB5023756 (Monthly Rollup)","http://support.microsoft.com/kb/5023756","No LDR Only available","No LDR Only available","No LDR Only available"," ","23-03Rollup"
"Repdrvfs.dll","Core_WMI","6.2.9200.23013","0","11-Mar-2020","GDR","5023756","March 14, 2023-KB5023756 (Monthly Rollup)","http://support.microsoft.com/kb/5023756","No LDR Only available","No LDR Only available","No LDR Only available"," ","23-03Rollup"
"Mpio.sys","Core_MPIO","6.2.9200.17071","0","18-Oct-2022","GDR","5023756","March 14, 2023-KB5023756 (Monthly Rollup)","http://support.microsoft.com/kb/5023756","No LDR Only available","No LDR Only available","No LDR Only available","rEX","23-03Rollup"
"msdsm.sys","Core_MPIO","6.2.9200.21474","0","06.05.2015","LDRGDR","3046101 (v3.0)","Server may freeze during startup when ALUA-capable storage is used in Windows Server 2012 R2 or Windows Server 2012","http://support.microsoft.com/kb/3046101","2821052 (v1.0)","""0x000000D1"" Stop error when you open the MPIO snap-in on a computer that is running Windows Server 2012","http://support.microsoft.com/kb/2821052","rEX","No Rollup"
"Advapi32.dll","Core_Apps","6.2.9200.23919","0","18-Oct-2022","GDR","5023756","March 14, 2023-KB5023756 (Monthly Rollup)","http://support.microsoft.com/kb/5023756","No LDR Only available","No LDR Only available","No LDR Only available","rEX","23-03Rollup"
"vssapi.dll","Core_VSS","6.2.9200.21257","1","10.10.2014","LDR","2996928 (v2.0)","Backup task fails with a time-out error in Window","http://support.microsoft.com/kb/2996928","2996928 (v2.0)","Backup task fails with a time-out error in Window","http://support.microsoft.com/kb/2996928","rEX","No Rollup"
"vsstrace.dll","Core_VSS","6.2.9200.20521","1","23.09.2012","LDR","2756872 (v1.0)","Windows 8 Client and Windows Server 2012 General Availability Cumulative Update","http://support.microsoft.com/kb/2756872","No LDR Only available","No LDR Only available","No LDR Only available","rEX","12-10Rollup"
"vsssvc.exe","Core_VSS","6.2.9200.1","1","08-Nov-2022","GDR","5023756","March 14, 2023-KB5023756 (Monthly Rollup)","http://support.microsoft.com/kb/5023756","No LDR Only available","No LDR Only available","No LDR Only available"," ","23-03Rollup"
"Swprv.dll","Core_VSS","6.2.9200.16384","1","11-Oct-2022","GDR","5023756","March 14, 2023-KB5023756 (Monthly Rollup)","http://support.microsoft.com/kb/5023756","No LDR Only available","No LDR Only available","No LDR Only available","rEX","23-03Rollup"
"spp.dll","Core_VSS","6.2.9200.16384","1","18-Oct-2022","GDR","5023756","March 14, 2023-KB5023756 (Monthly Rollup)","http://support.microsoft.com/kb/5023756","No LDR Only available","No LDR Only available","No LDR Only available","rEX","23-03Rollup"
"wbengine.exe","Core_VSS","6.2.9200.23031","1","04-Apr-2020","GDR","5023756","March 14, 2023-KB5023756 (Monthly Rollup)","http://support.microsoft.com/kb/5023756","No LDR Only available","No LDR Only available","No LDR Only available"," ","23-03Rollup"
"blbsrv.dll","Core_VSS","6.2.9200.16384","1","18-Oct-2022","GDR","5023756","March 14, 2023-KB5023756 (Monthly Rollup)","http://support.microsoft.com/kb/5023756","No LDR Only available","No LDR Only available","No LDR Only available","rEX","23-03Rollup"
"pci.sys","Core_Sys","6.2.9200.22372","1","12-Feb-2018","GDR","5023756","March 14, 2023-KB5023756 (Monthly Rollup)","http://support.microsoft.com/kb/5023756","No LDR Only available","No LDR Only available","No LDR Only available"," ","23-03Rollup"
"Termdd.sys","Core_Sys","6.2.9200.1","1","08-Nov-2022","GDR","5023756","March 14, 2023-KB5023756 (Monthly Rollup)","http://support.microsoft.com/kb/5023756","No LDR Only available","No LDR Only available","No LDR Only available"," ","23-03Rollup"
"Volmgr.sys","Core_Sys","6.2.9200.23580","1","22-Dec-2021","GDR","5023756","March 14, 2023-KB5023756 (Monthly Rollup)","http://support.microsoft.com/kb/5023756","No LDR Only available","No LDR Only available","No LDR Only available"," ","23-03Rollup"
"Tzres.dll","Core_TimeZone","6.2.9200.20583","1","12-Dec-2012","GDR","5023756","March 14, 2023-KB5023756 (Monthly Rollup)","http://support.microsoft.com/kb/5023756","No LDR Only available","No LDR Only available","No LDR Only available"," ","23-03Rollup"
"Vmswitch.sys","Hyper-V_Net","6.2.9200.23767","1","17-Jun-2022","GDR","5023756","March 14, 2023-KB5023756 (Monthly Rollup)","http://support.microsoft.com/kb/5023756","No LDR Only available","No LDR Only available","No LDR Only available","rEX","23-03Rollup"
"mslbfoprovider.sys","Hyper-V_Net","6.2.9200.20764","1","03.08.2013","LDRGDR","2862768 (v1.3)","Windows RT, Windows 8, and Windows Server 2012 update rollup: August 2013","http://support.microsoft.com/kb/2862768","No LDR Only available","No LDR Only available","No LDR Only available","rEX","13-08Rollup"
"Wnv.sys","Hyper-V_Net","6.2.9200.1","1","08-Nov-2022","GDR","5023756","March 14, 2023-KB5023756 (Monthly Rollup)","http://support.microsoft.com/kb/5023756","No LDR Only available","No LDR Only available","No LDR Only available"," ","23-03Rollup"
"Vmsntfy.dll","Hyper-V_Net","6.2.9200.23274","1","18-Jan-2021","GDR","5023756","March 14, 2023-KB5023756 (Monthly Rollup)","http://support.microsoft.com/kb/5023756","No LDR Only available","No LDR Only available","No LDR Only available"," ","23-03Rollup"
"Ndisimplatform.sys","Hyper-V_Net","6.2.9200.16384","1","11-Oct-2022","GDR","5023756","March 14, 2023-KB5023756 (Monthly Rollup)","http://support.microsoft.com/kb/5023756","No LDR Only available","No LDR Only available","No LDR Only available","rEX","23-03Rollup"
"Vmms.exe","Hyper-V_Net","6.2.9200.24012","1","09-Nov-2022","GDR","5023756","March 14, 2023-KB5023756 (Monthly Rollup)","http://support.microsoft.com/kb/5023756","No LDR Only available","No LDR Only available","No LDR Only available"," ","23-03Rollup"
"Winnat.sys","Hyper-V_Net","6.2.9200.23483","1","10-Sep-2021","GDR","5023756","March 14, 2023-KB5023756 (Monthly Rollup)","http://support.microsoft.com/kb/5023756","No LDR Only available","No LDR Only available","No LDR Only available"," ","23-03Rollup"
"pvhdparser.sys","Hyper-V_Net","6.2.9200.1","1","08-Nov-2022","GDR","5023756","March 14, 2023-KB5023756 (Monthly Rollup)","http://support.microsoft.com/kb/5023756","No LDR Only available","No LDR Only available","No LDR Only available"," ","23-03Rollup"
"Wmisvc.dll","Hyper-V_Net","6.2.9200.23115","1","12-Jul-2020","GDR","5023756","March 14, 2023-KB5023756 (Monthly Rollup)","http://support.microsoft.com/kb/5023756","No LDR Only available","No LDR Only available","No LDR Only available"," ","23-03Rollup"
"Vmbus.sys","Hyper-V_Net","6.3.9600.18398","1","10-Jan-2023","GDR","5023756","March 14, 2023-KB5023756 (Monthly Rollup)","http://support.microsoft.com/kb/5023756","No LDR Only available","No LDR Only available","No LDR Only available","rEX","23-03Rollup"
"Rasapi32.dll","HNV_Net","6.2.9200.23294","1","05-Feb-2021","GDR","5023756","March 14, 2023-KB5023756 (Monthly Rollup)","http://support.microsoft.com/kb/5023756","No LDR Only available","No LDR Only available","No LDR Only available"," ","23-03Rollup"
"Mprapi.dll","HNV_Net","6.2.9200.16384","1","11-Oct-2022","GDR","5023756","March 14, 2023-KB5023756 (Monthly Rollup)","http://support.microsoft.com/kb/5023756","No LDR Only available","No LDR Only available","No LDR Only available","rEX","23-03Rollup"
"Vmwp.exe","Hyper-V_app","6.2.9200.23571","1","08-Dec-2021","GDR","5023756","March 14, 2023-KB5023756 (Monthly Rollup)","http://support.microsoft.com/kb/5023756","No LDR Only available","No LDR Only available","No LDR Only available"," ","23-03Rollup"
"Rdpshell.exe","RDS_remote_App","6.2.9200.16548","0","11-Oct-2022","GDR","5023756","March 14, 2023-KB5023756 (Monthly Rollup)","http://support.microsoft.com/kb/5023756","No LDR Only available","No LDR Only available","No LDR Only available","rEX","23-03Rollup"
"Rdsdwmdr.dll","RDS_remote_App","6.2.9200.16384","0","25-Jul-2012","GDR","5023756","March 14, 2023-KB5023756 (Monthly Rollup)","http://support.microsoft.com/kb/5023756","No LDR Only available","No LDR Only available","No LDR Only available"," ","23-03Rollup"
"Tscfgwmi.dll","RDS_remote_App","6.2.9200.16384","0","11-Oct-2022","GDR","5023756","March 14, 2023-KB5023756 (Monthly Rollup)","http://support.microsoft.com/kb/5023756","No LDR Only available","No LDR Only available","No LDR Only available","rEX","23-03Rollup"
"Audioeng.dll","RDS_devRdr","6.2.9200.22461","1","14-May-2018","GDR","5023756","March 14, 2023-KB5023756 (Monthly Rollup)","http://support.microsoft.com/kb/5023756","No LDR Only available","No LDR Only available","No LDR Only available"," ","23-03Rollup"
"Audiokse.dll","RDS_devRdr","6.2.9200.21708","1","04-Dec-2015","GDR","5023756","March 14, 2023-KB5023756 (Monthly Rollup)","http://support.microsoft.com/kb/5023756","No LDR Only available","No LDR Only available","No LDR Only available"," ","23-03Rollup"
"Audioses.dll","RDS_devRdr","6.2.9200.22461","1","14-May-2018","GDR","5023756","March 14, 2023-KB5023756 (Monthly Rollup)","http://support.microsoft.com/kb/5023756","No LDR Only available","No LDR Only available","No LDR Only available"," ","23-03Rollup"
"Audiosrv.dll","RDS_devRdr","6.2.9200.22796","1","08-Jun-2019","GDR","5023756","March 14, 2023-KB5023756 (Monthly Rollup)","http://support.microsoft.com/kb/5023756","No LDR Only available","No LDR Only available","No LDR Only available"," ","23-03Rollup"
"Wsepno.dll","RDS_msTsc","6.2.9200.1","1","08-Nov-2022","GDR","5023756","March 14, 2023-KB5023756 (Monthly Rollup)","http://support.microsoft.com/kb/5023756","No LDR Only available","No LDR Only available","No LDR Only available"," ","23-03Rollup"
"Xpsgdiconverter.dll","RDS_msTsc","6.2.9200.1","1","08-Nov-2022","GDR","5023756","March 14, 2023-KB5023756 (Monthly Rollup)","http://support.microsoft.com/kb/5023756","No LDR Only available","No LDR Only available","No LDR Only available"," ","23-03Rollup"
"Vmrdvcore.dll","RDS_vHost","6.2.9200.16384","0","11-Oct-2022","GDR","5023756","March 14, 2023-KB5023756 (Monthly Rollup)","http://support.microsoft.com/kb/5023756","No LDR Only available","No LDR Only available","No LDR Only available","rEX","23-03Rollup"
"Tsvmhasvc.dll","RDS_vHost","6.2.9200.22943","0","05-Dec-2019","GDR","5023756","March 14, 2023-KB5023756 (Monthly Rollup)","http://support.microsoft.com/kb/5023756","No LDR Only available","No LDR Only available","No LDR Only available"," ","23-03Rollup"
"Tssdis.exe","RDS_vHost","6.2.9200.1","0","08-Nov-2022","GDR","5023756","March 14, 2023-KB5023756 (Monthly Rollup)","http://support.microsoft.com/kb/5023756","No LDR Only available","No LDR Only available","No LDR Only available"," ","23-03Rollup"
"aaedge.dll","RDS_gateway","6.2.9200.23104","1","30-Jun-2020","GDR","5023756","March 14, 2023-KB5023756 (Monthly Rollup)","http://support.microsoft.com/kb/5023756","No LDR Only available","No LDR Only available","No LDR Only available"," ","23-03Rollup"
"lserver.dll","RDS_license","6.2.9200.21188","1","11.08.2014","LDR","2984005 (v1.2)","September 2014 update rollup for Windows RT, Windows 8, and Windows Server 2012","http://support.microsoft.com/kb/2984005","No LDR Only available","No LDR Only available","No LDR Only available","rEX","14-09Rollup"
"licmgr.exe","RDS_license","6.2.9200.16384","1","10-Jan-2023","GDR","5023756","March 14, 2023-KB5023756 (Monthly Rollup)","http://support.microsoft.com/kb/5023756","No LDR Only available","No LDR Only available","No LDR Only available","rEX","23-03Rollup"
"dxgkrnl.sys","RDS_host","6.2.9200.22972","1","11-Jan-2020","GDR","5023756","March 14, 2023-KB5023756 (Monthly Rollup)","http://support.microsoft.com/kb/5023756","No LDR Only available","No LDR Only available","No LDR Only available"," ","23-03Rollup"
"sessenv.dll","RDS_host","6.2.9200.21456","1","13.04.2015","LDR","3044757 (v2.0)","Profile attributes are not copied to UPD at logon in Windows Server 2012","http://support.microsoft.com/kb/3044757","3044757 (v2.0)","Profile attributes are not copied to UPD at logon in Windows Server 2012","http://support.microsoft.com/kb/3044757","rEX","No Rollup"
"Localspl.dll","Print_Spool","6.2.9200.24069","0","10-Jan-2023","GDR","5023756","March 14, 2023-KB5023756 (Monthly Rollup)","http://support.microsoft.com/kb/5023756","No LDR Only available","No LDR Only available","No LDR Only available","rEX","23-03Rollup"
"Win32spl.dll","Print_Spool","6.2.9200.23672","0","09-Mar-2022","GDR","5023756","March 14, 2023-KB5023756 (Monthly Rollup)","http://support.microsoft.com/kb/5023756","No LDR Only available","No LDR Only available","No LDR Only available"," ","23-03Rollup"
"Spoolss.dll","Print_Spool","6.2.9200.23489","0","01-Oct-2021","GDR","5023756","March 14, 2023-KB5023756 (Monthly Rollup)","http://support.microsoft.com/kb/5023756","No LDR Only available","No LDR Only available","No LDR Only available"," ","23-03Rollup"
"Spoolsv.exe","Print_Spool","6.2.9200.24069","0","10-Jan-2023","GDR","5023756","March 14, 2023-KB5023756 (Monthly Rollup)","http://support.microsoft.com/kb/5023756","No LDR Only available","No LDR Only available","No LDR Only available","rEX","23-03Rollup"
"Winspool.drv","Print_Spool","6.2.9200.23966","0","08-Nov-2022","GDR","5023756","March 14, 2023-KB5023756 (Monthly Rollup)","http://support.microsoft.com/kb/5023756","No LDR Only available","No LDR Only available","No LDR Only available","rEX","23-03Rollup"
"Ntprint.exe","Print_App","6.2.9200.23489","0","01-Oct-2021","GDR","5023756","March 14, 2023-KB5023756 (Monthly Rollup)","http://support.microsoft.com/kb/5023756","No LDR Only available","No LDR Only available","No LDR Only available"," ","23-03Rollup"
"Printui.dll","Print_App","6.2.9200.23459","0","01-Sep-2021","GDR","5023756","March 14, 2023-KB5023756 (Monthly Rollup)","http://support.microsoft.com/kb/5023756","No LDR Only available","No LDR Only available","No LDR Only available"," ","23-03Rollup"
"Printcom.dll","Print_App","6.2.9200.1","0","08-Nov-2022","GDR","5023756","March 14, 2023-KB5023756 (Monthly Rollup)","http://support.microsoft.com/kb/5023756","No LDR Only available","No LDR Only available","No LDR Only available"," ","23-03Rollup"
"Printfilterpipelineprxy.dll","Print_App","6.2.9200.23255","0","07-Jan-2021","GDR","5023756","March 14, 2023-KB5023756 (Monthly Rollup)","http://support.microsoft.com/kb/5023756","No LDR Only available","No LDR Only available","No LDR Only available"," ","23-03Rollup"
"Printfilterpipelinesvc.exe","Print_App","6.2.9200.24069","0","10-Jan-2023","GDR","5023756","March 14, 2023-KB5023756 (Monthly Rollup)","http://support.microsoft.com/kb/5023756","No LDR Only available","No LDR Only available","No LDR Only available","rEX","23-03Rollup"
"Printbrm.exe","Print_App","6.2.9200.16384","0","25-Jul-2012","GDR","5023756","March 14, 2023-KB5023756 (Monthly Rollup)","http://support.microsoft.com/kb/5023756","No LDR Only available","No LDR Only available","No LDR Only available"," ","23-03Rollup"
"splwow64.exe","Print_App","6.2.9200.23672","0","09-Mar-2022","GDR","5023756","March 14, 2023-KB5023756 (Monthly Rollup)","http://support.microsoft.com/kb/5023756","No LDR Only available","No LDR Only available","No LDR Only available"," ","23-03Rollup"
"Mxdwdrv.dll","Print_Driver","0.3.9600.19697","1","13-Sep-2022","GDR","5023756","March 14, 2023-KB5023756 (Monthly Rollup)","http://support.microsoft.com/kb/5023756","No LDR Only available","No LDR Only available","No LDR Only available","rEX","23-03Rollup"
"Pcl4res.dll","Print_Driver","0.3.5479.0","1","13-Sep-2022","GDR","5023756","March 14, 2023-KB5023756 (Monthly Rollup)","http://support.microsoft.com/kb/5023756","No LDR Only available","No LDR Only available","No LDR Only available","rEX","23-03Rollup"
"Pscript5.dll","Print_Driver","0.3.9600.20509","1","11-Oct-2022","GDR","5023756","March 14, 2023-KB5023756 (Monthly Rollup)","http://support.microsoft.com/kb/5023756","No LDR Only available","No LDR Only available","No LDR Only available","rEX","23-03Rollup"
"Unidrv.dll","Print_Driver","0.3.9600.19697","1","13-Sep-2022","GDR","5023756","March 14, 2023-KB5023756 (Monthly Rollup)","http://support.microsoft.com/kb/5023756","No LDR Only available","No LDR Only available","No LDR Only available","rEX","23-03Rollup"
"Unires.dll","Print_Driver","0.3.9600.19697","1","13-Sep-2022","GDR","5023756","March 14, 2023-KB5023756 (Monthly Rollup)","http://support.microsoft.com/kb/5023756","No LDR Only available","No LDR Only available","No LDR Only available","rEX","23-03Rollup"
"xpssvcs.dll","Print_Driver","6.3.9600.16384","1","03.05.2014","LDR","2958997 (v2.0)","EUDC fonts cannot be printed correctly by using an XPS print driver in Windows","http://support.microsoft.com/kb/2958997","2958997 (v2.0)","EUDC fonts cannot be printed correctly by using an XPS print driver in Windows","http://support.microsoft.com/kb/2958997","rEX","No Rollup"
"Mshtml.dll","IE_Client","11.0.9600.20671","0","10-Jan-2023","GDR","5023756","March 14, 2023-KB5023756 (Monthly Rollup)","http://support.microsoft.com/kb/5023756","No LDR Only available","No LDR Only available","No LDR Only available","rEX","23-03Rollup"
