"Binary","Component","Version","Prio","Published","Branch","Article","Title","Link","LDROnlyKB","LDROnlyTitle","LDROnlyLink","Comment","RollupInfo"
"Ntoskrnl.exe","Core_Kernel","6.2.19041.2364","0","01-Dec-2022","GDR","5021233","December 13, 2022-KB5021233 (OS Builds 19042.2364, 19043.2364, 19044.2364, and 19045.2364)","http://support.microsoft.com/kb/5021233","No LDR Only available","No LDR Only available","No LDR Only available"," ","22-12Rollup"
"Ntkrnlpa.exe","Core_Kernel","6.2.19041.1","0","","RTM","5021233","","","","","","",""
"Crashdmp.sys","Core_Kernel","6.2.19041.1949","0","01-Dec-2022","GDR","5021233","December 13, 2022-KB5021233 (OS Builds 19042.2364, 19043.2364, 19044.2364, and 19045.2364)","http://support.microsoft.com/kb/5021233","No LDR Only available","No LDR Only available","No LDR Only available"," ","22-12Rollup"
"win32k.sys","Core_Kernel","6.2.19041.2364","0","01-Dec-2022","GDR","5021233","December 13, 2022-KB5021233 (OS Builds 19042.2364, 19043.2364, 19044.2364, and 19045.2364)","http://support.microsoft.com/kb/5021233","No LDR Only available","No LDR Only available","No LDR Only available"," ","22-12Rollup"
"Rdpshell.exe","RDS_remote_App","6.2.19041.1682","0","01-Dec-2022","GDR","5021233","December 13, 2022-KB5021233 (OS Builds 19042.2364, 19043.2364, 19044.2364, and 19045.2364)","http://support.microsoft.com/kb/5021233","No LDR Only available","No LDR Only available","No LDR Only available"," ","22-12Rollup"
"Rdsdwmdr.dll","RDS_remote_App","6.2.19041.2075","0","01-Dec-2022","GDR","5021233","December 13, 2022-KB5021233 (OS Builds 19042.2364, 19043.2364, 19044.2364, and 19045.2364)","http://support.microsoft.com/kb/5021233","No LDR Only available","No LDR Only available","No LDR Only available"," ","22-12Rollup"
"Tscfgwmi.dll","RDS_remote_App","6.2.19041.964","0","01-Dec-2022","GDR","5021233","December 13, 2022-KB5021233 (OS Builds 19042.2364, 19043.2364, 19044.2364, and 19045.2364)","http://support.microsoft.com/kb/5021233","No LDR Only available","No LDR Only available","No LDR Only available"," ","22-12Rollup"
"Audioeng.dll","RDS_devRdr","6.2.19041.1865","1","13-Sep-2022","GDR","5021233","December 13, 2022-KB5021233 (OS Builds 19042.2364, 19043.2364, 19044.2364, and 19045.2364)","http://support.microsoft.com/kb/5021233","No LDR Only available","No LDR Only available","No LDR Only available","rEX","22-12Rollup"
"Audiokse.dll","RDS_devRdr","6.2.19041.1865","1","09-Aug-2022","GDR","5021233","December 13, 2022-KB5021233 (OS Builds 19042.2364, 19043.2364, 19044.2364, and 19045.2364)","http://support.microsoft.com/kb/5021233","No LDR Only available","No LDR Only available","No LDR Only available","rEX","22-12Rollup"
"Audioses.dll","RDS_devRdr","6.2.19041.2364","1","13-Dec-2022","GDR","5021233","December 13, 2022-KB5021233 (OS Builds 19042.2364, 19043.2364, 19044.2364, and 19045.2364)","http://support.microsoft.com/kb/5021233","No LDR Only available","No LDR Only available","No LDR Only available","rEX","22-12Rollup"
"Audiosrv.dll","RDS_devRdr","6.2.19041.1865","1","01-Dec-2022","GDR","5021233","December 13, 2022-KB5021233 (OS Builds 19042.2364, 19043.2364, 19044.2364, and 19045.2364)","http://support.microsoft.com/kb/5021233","No LDR Only available","No LDR Only available","No LDR Only available"," ","22-12Rollup"
"Wsepno.dll","RDS_msTsc","7.0.19041.1","1","13-Sep-2022","GDR","5021233","December 13, 2022-KB5021233 (OS Builds 19042.2364, 19043.2364, 19044.2364, and 19045.2364)","http://support.microsoft.com/kb/5021233","No LDR Only available","No LDR Only available","No LDR Only available","rEX","22-12Rollup"
"Xpsgdiconverter.dll","RDS_msTsc","6.2.19041.1806","1","01-Dec-2022","GDR","5021233","December 13, 2022-KB5021233 (OS Builds 19042.2364, 19043.2364, 19044.2364, and 19045.2364)","http://support.microsoft.com/kb/5021233","No LDR Only available","No LDR Only available","No LDR Only available"," ","22-12Rollup"
"Vmrdvcore.dll","RDS_vHost","6.2.19041.964","0","01-Dec-2022","GDR","5021233","December 13, 2022-KB5021233 (OS Builds 19042.2364, 19043.2364, 19044.2364, and 19045.2364)","http://support.microsoft.com/kb/5021233","No LDR Only available","No LDR Only available","No LDR Only available"," ","22-12Rollup"
"Tsvmhasvc.dll","RDS_vHost","6.2.19041.1","0","","RTM","5021233","","","","","","",""
"Tssdis.exe","RDS_vHost","6.2.19041.1","0","","RTM","5021233","","","","","","",""
"aaedge.dll","RDS_gateway","6.2.19041.1","1","","RTM","5021233","","","","","","",""
"lserver.dll","RDS_license","6.2.19041.1","1","","RTM","5021233","","","","","","",""
"licmgr.exe","RDS_license","6.2.19041.1","1","","RTM","5021233","","","","","","",""
"dxgkrnl.sys","RDS_host","6.2.19041.2311","1","01-Dec-2022","GDR","5021233","December 13, 2022-KB5021233 (OS Builds 19042.2364, 19043.2364, 19044.2364, and 19045.2364)","http://support.microsoft.com/kb/5021233","No LDR Only available","No LDR Only available","No LDR Only available"," ","22-12Rollup"
"sessenv.dll","RDS_host","6.2.19041.2075","1","01-Dec-2022","GDR","5021233","December 13, 2022-KB5021233 (OS Builds 19042.2364, 19043.2364, 19044.2364, and 19045.2364)","http://support.microsoft.com/kb/5021233","No LDR Only available","No LDR Only available","No LDR Only available"," ","22-12Rollup"
"Profprov.dll","Dom_ProfProc","6.2.19041.1","1","","RTM","5021233","","","","","","",""
"Profsvc.dll","Dom_ProfProc","6.2.19041.2075","1","01-Dec-2022","GDR","5021233","December 13, 2022-KB5021233 (OS Builds 19042.2364, 19043.2364, 19044.2364, and 19045.2364)","http://support.microsoft.com/kb/5021233","No LDR Only available","No LDR Only available","No LDR Only available"," ","22-12Rollup"
"5021233","Win201620H2_22-12_B_rollup_KB"," ","0","13-Dec-2022","GDR","5021233","December 13, 2022-KB5021233 (OS Builds 19042.2364, 19043.2364, 19044.2364, and 19045.2364)","http://support.microsoft.com/kb/5021233","No LDR Only available","No LDR Only available","No LDR Only available"," ","22-12Rollup"
