"Binary","Component","Version","Prio","Published","Branch","Article","Title","Link","LDROnlyKB","LDROnlyTitle","LDROnlyLink","Comment","RollupInfo"
"Ntoskrnl.exe","Core_Kernel","6.2.22000.434","0","4-Jan-2022","GDR","5009566","January 11, 2022-KB5009566 (OS Build 22000.434)","http://support.microsoft.com/kb/5009566","No LDR Only available","No LDR Only available","No LDR Only available"," ","22-01Rollup"
"Crashdmp.sys","Core_Kernel","6.2.22000.282","0","6-Oct-2021","GDR","5009566","January 11, 2022-KB5009566 (OS Build 22000.434)","http://support.microsoft.com/kb/5009566","No LDR Only available","No LDR Only available","No LDR Only available"," ","22-01Rollup"
"Vssapi.dll","Core_VSS","6.2.22000.434","1","5-Jan-2022","GDR","5009566","January 11, 2022-KB5009566 (OS Build 22000.434)","http://support.microsoft.com/kb/5009566","No LDR Only available","No LDR Only available","No LDR Only available"," ","22-01Rollup"
"Vsstrace.dll","Core_VSS","6.2.22000.434","1","5-Jan-2022","GDR","5009566","January 11, 2022-KB5009566 (OS Build 22000.434)","http://support.microsoft.com/kb/5009566","No LDR Only available","No LDR Only available","No LDR Only available"," ","22-01Rollup"
"Swprv.dll","Core_VSS","6.2.22000.282","1","7-Oct-2021","GDR","5009566","January 11, 2022-KB5009566 (OS Build 22000.434)","http://support.microsoft.com/kb/5009566","No LDR Only available","No LDR Only available","No LDR Only available"," ","22-01Rollup"
"spp.dll","Core_VSS","6.2.22000.51","1","18-Jun-2021","GDR","5009566","January 11, 2022-KB5009566 (OS Build 22000.434)","http://support.microsoft.com/kb/5009566","No LDR Only available","No LDR Only available","No LDR Only available"," ","22-01Rollup"
"pci.sys","Core_Sys","6.2.22000.348","1","16-Nov-2021","GDR","5009566","January 11, 2022-KB5009566 (OS Build 22000.434)","http://support.microsoft.com/kb/5009566","No LDR Only available","No LDR Only available","No LDR Only available"," ","22-01Rollup"
"Volmgr.sys","Core_Sys","6.2.22000.348","1","16-Nov-2021","GDR","5009566","January 11, 2022-KB5009566 (OS Build 22000.434)","http://support.microsoft.com/kb/5009566","No LDR Only available","No LDR Only available","No LDR Only available"," ","22-01Rollup"
"Crypt32.dll","Dom_CRYPTO","6.2.22000.348","1","16-Nov-2021","GDR","5009566","January 11, 2022-KB5009566 (OS Build 22000.434)","http://support.microsoft.com/kb/5009566","No LDR Only available","No LDR Only available","No LDR Only available"," ","22-01Rollup"
"Cryptsvc.dll","Dom_CRYPTO","6.2.22000.434","1","4-Jan-2022","GDR","5009566","January 11, 2022-KB5009566 (OS Build 22000.434)","http://support.microsoft.com/kb/5009566","No LDR Only available","No LDR Only available","No LDR Only available"," ","22-01Rollup"
"Cryptnet.dll","Dom_CRYPTO","6.2.22000.434","1","4-Jan-2022","GDR","5009566","January 11, 2022-KB5009566 (OS Build 22000.434)","http://support.microsoft.com/kb/5009566","No LDR Only available","No LDR Only available","No LDR Only available"," ","22-01Rollup"
"Wintrust.dll","Dom_CRYPTO","6.2.22000.434","1","4-Jan-2022","GDR","5009566","January 11, 2022-KB5009566 (OS Build 22000.434)","http://support.microsoft.com/kb/5009566","No LDR Only available","No LDR Only available","No LDR Only available"," ","22-01Rollup"
"Cryptdll.dll","Dom_CRYPTO","6.2.22000.282","1","6-Oct-2021","GDR","5009566","January 11, 2022-KB5009566 (OS Build 22000.434)","http://support.microsoft.com/kb/5009566","No LDR Only available","No LDR Only available","No LDR Only available"," ","22-01Rollup"
"Cryptcatsvc.dll","Dom_CRYPTO","6.2.22000.376","1","6-Dec-2021","GDR","5009566","January 11, 2022-KB5009566 (OS Build 22000.434)","http://support.microsoft.com/kb/5009566","No LDR Only available","No LDR Only available","No LDR Only available"," ","22-01Rollup"
"5009566","WinWin11_22-01_B_rollup_KB"," ","0","11-Jan-2022","GDR","5009566","January 11, 2022-KB5009566 (OS Build 22000.434)","http://support.microsoft.com/kb/5009566","KB only","KB only","KB only"," ","22-01Rollup"
